source,split,type,path,detail
asmitha__dataset,train,invalid_label_columns,asmitha/dataset/train/labels/db13_jpg.rf.1dff360597716460805191256ec4e3b6.txt,line 1: expected 5 columns got 11
asmitha__dataset,train,invalid_label_columns,asmitha/dataset/train/labels/db13_jpg.rf.1dff360597716460805191256ec4e3b6.txt,line 2: expected 5 columns got 11
asmitha__dataset,train,invalid_label_columns,asmitha/dataset/train/labels/db13_jpg.rf.1dff360597716460805191256ec4e3b6.txt,line 3: expected 5 columns got 11
asmitha__dataset,train,invalid_label_columns,asmitha/dataset/train/labels/db13_jpg.rf.1dff360597716460805191256ec4e3b6.txt,line 4: expected 5 columns got 11
asmitha__dataset,train,invalid_label_columns,asmitha/dataset/train/labels/db14_png.rf.5d8472566d69cf44879fa754fe305704.txt,line 1: expected 5 columns got 11
asmitha__dataset,train,invalid_label_columns,asmitha/dataset/train/labels/db14_png.rf.5d8472566d69cf44879fa754fe305704.txt,line 2: expected 5 columns got 11
asmitha__dataset,train,invalid_label_columns,asmitha/dataset/train/labels/db14_png.rf.5d8472566d69cf44879fa754fe305704.txt,line 3: expected 5 columns got 11
asmitha__dataset,train,invalid_label_columns,asmitha/dataset/train/labels/db14_png.rf.5d8472566d69cf44879fa754fe305704.txt,line 4: expected 5 columns got 11
asmitha__dataset,train,invalid_label_columns,asmitha/dataset/train/labels/db14_png.rf.5d8472566d69cf44879fa754fe305704.txt,line 5: expected 5 columns got 11
asmitha__dataset,train,invalid_label_columns,asmitha/dataset/train/labels/db14_png.rf.5d8472566d69cf44879fa754fe305704.txt,line 6: expected 5 columns got 11
asmitha__dataset,train,invalid_label_columns,asmitha/dataset/train/labels/db14_png.rf.5d8472566d69cf44879fa754fe305704.txt,line 7: expected 5 columns got 11
asmitha__dataset,train,invalid_label_columns,asmitha/dataset/train/labels/db14_png.rf.5d8472566d69cf44879fa754fe305704.txt,line 8: expected 5 columns got 11
asmitha__dataset,train,invalid_label_columns,asmitha/dataset/train/labels/db14_png.rf.5d8472566d69cf44879fa754fe305704.txt,line 9: expected 5 columns got 11
asmitha__dataset,train,invalid_label_columns,asmitha/dataset/train/labels/db14_png.rf.5d8472566d69cf44879fa754fe305704.txt,line 10: expected 5 columns got 11
asmitha__dataset,train,invalid_label_columns,asmitha/dataset/train/labels/db14_png.rf.5d8472566d69cf44879fa754fe305704.txt,line 11: expected 5 columns got 11
asmitha__dataset,train,invalid_label_columns,asmitha/dataset/train/labels/db14_png.rf.5d8472566d69cf44879fa754fe305704.txt,line 12: expected 5 columns got 11
asmitha__dataset,train,invalid_label_columns,asmitha/dataset/train/labels/db14_png.rf.5d8472566d69cf44879fa754fe305704.txt,line 13: expected 5 columns got 11
asmitha__dataset,train,invalid_label_columns,asmitha/dataset/train/labels/db14_png.rf.5d8472566d69cf44879fa754fe305704.txt,line 14: expected 5 columns got 11
asmitha__dataset,train,invalid_label_columns,asmitha/dataset/train/labels/db14_png.rf.5d8472566d69cf44879fa754fe305704.txt,line 15: expected 5 columns got 11
asmitha__dataset,train,invalid_label_columns,asmitha/dataset/train/labels/db14_png.rf.5d8472566d69cf44879fa754fe305704.txt,line 16: expected 5 columns got 11
asmitha__dataset,train,invalid_label_columns,asmitha/dataset/train/labels/db14_png.rf.5d8472566d69cf44879fa754fe305704.txt,line 17: expected 5 columns got 11
asmitha__dataset,train,invalid_label_columns,asmitha/dataset/train/labels/db14_png.rf.5d8472566d69cf44879fa754fe305704.txt,line 18: expected 5 columns got 11
asmitha__dataset,train,invalid_label_columns,asmitha/dataset/train/labels/db14_png.rf.5d8472566d69cf44879fa754fe305704.txt,line 19: expected 5 columns got 11
asmitha__dataset,train,invalid_label_columns,asmitha/dataset/train/labels/db14_png.rf.5d8472566d69cf44879fa754fe305704.txt,line 20: expected 5 columns got 11
asmitha__dataset,train,invalid_label_columns,asmitha/dataset/train/labels/db14_png.rf.5d8472566d69cf44879fa754fe305704.txt,line 21: expected 5 columns got 11
asmitha__dataset,train,invalid_label_columns,asmitha/dataset/train/labels/db14_png.rf.5d8472566d69cf44879fa754fe305704.txt,line 22: expected 5 columns got 11
asmitha__dataset,train,invalid_label_columns,asmitha/dataset/train/labels/db14_png.rf.5d8472566d69cf44879fa754fe305704.txt,line 23: expected 5 columns got 11
asmitha__dataset,train,invalid_label_columns,asmitha/dataset/train/labels/db14_png.rf.5d8472566d69cf44879fa754fe305704.txt,line 24: expected 5 columns got 11
asmitha__dataset,train,invalid_label_columns,asmitha/dataset/train/labels/db14_png.rf.5d8472566d69cf44879fa754fe305704.txt,line 25: expected 5 columns got 11
asmitha__dataset,train,invalid_label_columns,asmitha/dataset/train/labels/db14_png.rf.5d8472566d69cf44879fa754fe305704.txt,line 26: expected 5 columns got 11
asmitha__dataset,train,invalid_label_columns,asmitha/dataset/train/labels/db14_png.rf.5d8472566d69cf44879fa754fe305704.txt,line 27: expected 5 columns got 13
asmitha__dataset,train,invalid_label_columns,asmitha/dataset/train/labels/db14_png.rf.5d8472566d69cf44879fa754fe305704.txt,line 28: expected 5 columns got 13
asmitha__dataset,train,invalid_label_columns,asmitha/dataset/train/labels/db15_jpg.rf.9dc39214da3e23d9a19aa924182f0a58.txt,line 1: expected 5 columns got 11
asmitha__dataset,train,invalid_label_columns,asmitha/dataset/train/labels/db15_jpg.rf.9dc39214da3e23d9a19aa924182f0a58.txt,line 2: expected 5 columns got 11
asmitha__dataset,train,invalid_label_columns,asmitha/dataset/train/labels/db15_jpg.rf.9dc39214da3e23d9a19aa924182f0a58.txt,line 3: expected 5 columns got 11
asmitha__dataset,train,invalid_label_columns,asmitha/dataset/train/labels/db15_jpg.rf.9dc39214da3e23d9a19aa924182f0a58.txt,line 4: expected 5 columns got 11
asmitha__dataset,train,invalid_label_columns,asmitha/dataset/train/labels/db15_jpg.rf.9dc39214da3e23d9a19aa924182f0a58.txt,line 5: expected 5 columns got 11
asmitha__dataset,train,invalid_label_columns,asmitha/dataset/train/labels/db15_jpg.rf.9dc39214da3e23d9a19aa924182f0a58.txt,line 6: expected 5 columns got 11
asmitha__dataset,train,invalid_label_columns,asmitha/dataset/train/labels/db15_jpg.rf.9dc39214da3e23d9a19aa924182f0a58.txt,line 7: expected 5 columns got 11
asmitha__dataset,train,invalid_label_columns,asmitha/dataset/train/labels/db15_jpg.rf.9dc39214da3e23d9a19aa924182f0a58.txt,line 8: expected 5 columns got 11
asmitha__dataset,train,invalid_label_columns,asmitha/dataset/train/labels/db15_jpg.rf.9dc39214da3e23d9a19aa924182f0a58.txt,line 9: expected 5 columns got 11
asmitha__dataset,train,invalid_label_columns,asmitha/dataset/train/labels/db15_jpg.rf.9dc39214da3e23d9a19aa924182f0a58.txt,line 10: expected 5 columns got 11
asmitha__dataset,train,invalid_label_columns,asmitha/dataset/train/labels/db15_jpg.rf.9dc39214da3e23d9a19aa924182f0a58.txt,line 11: expected 5 columns got 11
asmitha__dataset,train,invalid_label_columns,asmitha/dataset/train/labels/db15_jpg.rf.9dc39214da3e23d9a19aa924182f0a58.txt,line 12: expected 5 columns got 11
asmitha__dataset,train,invalid_label_columns,asmitha/dataset/train/labels/db15_jpg.rf.9dc39214da3e23d9a19aa924182f0a58.txt,line 13: expected 5 columns got 11
asmitha__dataset,train,invalid_label_columns,asmitha/dataset/train/labels/db15_jpg.rf.9dc39214da3e23d9a19aa924182f0a58.txt,line 14: expected 5 columns got 11
asmitha__dataset,train,invalid_label_columns,asmitha/dataset/train/labels/db15_jpg.rf.9dc39214da3e23d9a19aa924182f0a58.txt,line 15: expected 5 columns got 11
asmitha__dataset,train,invalid_label_columns,asmitha/dataset/train/labels/db15_jpg.rf.9dc39214da3e23d9a19aa924182f0a58.txt,line 16: expected 5 columns got 11
asmitha__dataset,train,invalid_label_columns,asmitha/dataset/train/labels/db15_jpg.rf.9dc39214da3e23d9a19aa924182f0a58.txt,line 17: expected 5 columns got 11
asmitha__dataset,train,invalid_label_columns,asmitha/dataset/train/labels/db15_jpg.rf.9dc39214da3e23d9a19aa924182f0a58.txt,line 18: expected 5 columns got 11
asmitha__dataset,train,invalid_label_columns,asmitha/dataset/train/labels/db15_jpg.rf.9dc39214da3e23d9a19aa924182f0a58.txt,line 19: expected 5 columns got 11
asmitha__dataset,train,invalid_label_columns,asmitha/dataset/train/labels/db15_jpg.rf.9dc39214da3e23d9a19aa924182f0a58.txt,line 20: expected 5 columns got 11
asmitha__dataset,train,invalid_label_columns,asmitha/dataset/train/labels/db15_jpg.rf.9dc39214da3e23d9a19aa924182f0a58.txt,line 21: expected 5 columns got 11
asmitha__dataset,train,invalid_label_columns,asmitha/dataset/train/labels/db15_jpg.rf.9dc39214da3e23d9a19aa924182f0a58.txt,line 22: expected 5 columns got 13
asmitha__dataset,train,invalid_label_columns,asmitha/dataset/train/labels/db15_jpg.rf.9dc39214da3e23d9a19aa924182f0a58.txt,line 23: expected 5 columns got 11
asmitha__dataset,train,invalid_label_columns,asmitha/dataset/train/labels/db15_jpg.rf.9dc39214da3e23d9a19aa924182f0a58.txt,line 24: expected 5 columns got 11
asmitha__dataset,train,invalid_label_columns,asmitha/dataset/train/labels/db15_jpg.rf.9dc39214da3e23d9a19aa924182f0a58.txt,line 25: expected 5 columns got 11
asmitha__dataset,train,invalid_label_columns,asmitha/dataset/train/labels/db15_jpg.rf.9dc39214da3e23d9a19aa924182f0a58.txt,line 26: expected 5 columns got 11
asmitha__dataset,train,invalid_label_columns,asmitha/dataset/train/labels/db15_jpg.rf.9dc39214da3e23d9a19aa924182f0a58.txt,line 27: expected 5 columns got 11
asmitha__dataset,train,invalid_label_columns,asmitha/dataset/train/labels/db16_png.rf.7eba610993ce256a317c2e291bbdb18c.txt,line 1: expected 5 columns got 11
asmitha__dataset,train,invalid_label_columns,asmitha/dataset/train/labels/db16_png.rf.7eba610993ce256a317c2e291bbdb18c.txt,line 2: expected 5 columns got 11
asmitha__dataset,train,invalid_label_columns,asmitha/dataset/train/labels/db16_png.rf.7eba610993ce256a317c2e291bbdb18c.txt,line 3: expected 5 columns got 11
asmitha__dataset,train,invalid_label_columns,asmitha/dataset/train/labels/db16_png.rf.7eba610993ce256a317c2e291bbdb18c.txt,line 4: expected 5 columns got 11
asmitha__dataset,train,invalid_label_columns,asmitha/dataset/train/labels/db16_png.rf.7eba610993ce256a317c2e291bbdb18c.txt,line 5: expected 5 columns got 11
asmitha__dataset,train,invalid_label_columns,asmitha/dataset/train/labels/db16_png.rf.7eba610993ce256a317c2e291bbdb18c.txt,line 6: expected 5 columns got 11
asmitha__dataset,train,invalid_label_columns,asmitha/dataset/train/labels/db16_png.rf.7eba610993ce256a317c2e291bbdb18c.txt,line 7: expected 5 columns got 11
asmitha__dataset,train,invalid_label_columns,asmitha/dataset/train/labels/db16_png.rf.7eba610993ce256a317c2e291bbdb18c.txt,line 8: expected 5 columns got 11
asmitha__dataset,train,invalid_label_columns,asmitha/dataset/train/labels/db16_png.rf.7eba610993ce256a317c2e291bbdb18c.txt,line 9: expected 5 columns got 11
asmitha__dataset,train,invalid_label_columns,asmitha/dataset/train/labels/db16_png.rf.7eba610993ce256a317c2e291bbdb18c.txt,line 10: expected 5 columns got 11
asmitha__dataset,train,invalid_label_columns,asmitha/dataset/train/labels/db16_png.rf.7eba610993ce256a317c2e291bbdb18c.txt,line 11: expected 5 columns got 13
asmitha__dataset,train,invalid_label_columns,asmitha/dataset/train/labels/db16_png.rf.7eba610993ce256a317c2e291bbdb18c.txt,line 12: expected 5 columns got 11
asmitha__dataset,train,invalid_label_columns,asmitha/dataset/train/labels/db16_png.rf.7eba610993ce256a317c2e291bbdb18c.txt,line 13: expected 5 columns got 11
asmitha__dataset,train,invalid_label_columns,asmitha/dataset/train/labels/db16_png.rf.7eba610993ce256a317c2e291bbdb18c.txt,line 14: expected 5 columns got 11
asmitha__dataset,train,invalid_label_columns,asmitha/dataset/train/labels/db16_png.rf.7eba610993ce256a317c2e291bbdb18c.txt,line 15: expected 5 columns got 11
asmitha__dataset,train,invalid_label_columns,asmitha/dataset/train/labels/db16_png.rf.7eba610993ce256a317c2e291bbdb18c.txt,line 16: expected 5 columns got 11
asmitha__dataset,train,invalid_label_columns,asmitha/dataset/train/labels/db16_png.rf.7eba610993ce256a317c2e291bbdb18c.txt,line 17: expected 5 columns got 11
asmitha__dataset,train,invalid_label_columns,asmitha/dataset/train/labels/db16_png.rf.7eba610993ce256a317c2e291bbdb18c.txt,line 18: expected 5 columns got 11
asmitha__dataset,train,invalid_label_columns,asmitha/dataset/train/labels/db16_png.rf.7eba610993ce256a317c2e291bbdb18c.txt,line 19: expected 5 columns got 11
asmitha__dataset,train,invalid_label_columns,asmitha/dataset/train/labels/db16_png.rf.7eba610993ce256a317c2e291bbdb18c.txt,line 20: expected 5 columns got 11
asmitha__dataset,train,invalid_label_columns,asmitha/dataset/train/labels/db16_png.rf.7eba610993ce256a317c2e291bbdb18c.txt,line 21: expected 5 columns got 11
asmitha__dataset,train,invalid_label_columns,asmitha/dataset/train/labels/db16_png.rf.7eba610993ce256a317c2e291bbdb18c.txt,line 22: expected 5 columns got 11
asmitha__dataset,train,invalid_label_columns,asmitha/dataset/train/labels/db16_png.rf.7eba610993ce256a317c2e291bbdb18c.txt,line 23: expected 5 columns got 11
asmitha__dataset,train,invalid_label_columns,asmitha/dataset/train/labels/db16_png.rf.7eba610993ce256a317c2e291bbdb18c.txt,line 24: expected 5 columns got 11
asmitha__dataset,train,invalid_label_columns,asmitha/dataset/train/labels/db16_png.rf.7eba610993ce256a317c2e291bbdb18c.txt,line 25: expected 5 columns got 11
braille_hackathon_siddhant__dataset,train,missing_split_images_dir,braille_hackathon_siddhant/dataset/data.yaml,images/train
braille_hackathon_siddhant__dataset,train,missing_split_labels_dir,braille_hackathon_siddhant/dataset/data.yaml,braille_hackathon_siddhant/dataset/dataset/labels/train
braille_hackathon_siddhant__dataset,val,missing_split_images_dir,braille_hackathon_siddhant/dataset/data.yaml,images/val
braille_hackathon_siddhant__dataset,val,missing_split_labels_dir,braille_hackathon_siddhant/dataset/data.yaml,braille_hackathon_siddhant/dataset/dataset/labels/val
braille_hackathon_siddhant__dataset,test,missing_split_images_dir,braille_hackathon_siddhant/dataset/data.yaml,images/test
braille_hackathon_siddhant__dataset,test,missing_split_labels_dir,braille_hackathon_siddhant/dataset/data.yaml,braille_hackathon_siddhant/dataset/dataset/labels/test
prabh-decoders-braillevision__dataset__braille_merged,train,invalid_label_columns,prabh-decoders-braillevision/dataset/braille_merged/labels/train/yapayzeka_1059_db14_png_jpg.rf.aaa6f1b49a9bba2498899733035493f2.txt,line 1: expected 5 columns got 11
prabh-decoders-braillevision__dataset__braille_merged,train,invalid_label_columns,prabh-decoders-braillevision/dataset/braille_merged/labels/train/yapayzeka_1059_db14_png_jpg.rf.aaa6f1b49a9bba2498899733035493f2.txt,line 2: expected 5 columns got 11
prabh-decoders-braillevision__dataset__braille_merged,train,invalid_label_columns,prabh-decoders-braillevision/dataset/braille_merged/labels/train/yapayzeka_1059_db14_png_jpg.rf.aaa6f1b49a9bba2498899733035493f2.txt,line 3: expected 5 columns got 11
prabh-decoders-braillevision__dataset__braille_merged,train,invalid_label_columns,prabh-decoders-braillevision/dataset/braille_merged/labels/train/yapayzeka_1059_db14_png_jpg.rf.aaa6f1b49a9bba2498899733035493f2.txt,line 4: expected 5 columns got 11
prabh-decoders-braillevision__dataset__braille_merged,train,invalid_label_columns,prabh-decoders-braillevision/dataset/braille_merged/labels/train/yapayzeka_1059_db14_png_jpg.rf.aaa6f1b49a9bba2498899733035493f2.txt,line 5: expected 5 columns got 11
prabh-decoders-braillevision__dataset__braille_merged,train,invalid_label_columns,prabh-decoders-braillevision/dataset/braille_merged/labels/train/yapayzeka_1059_db14_png_jpg.rf.aaa6f1b49a9bba2498899733035493f2.txt,line 6: expected 5 columns got 11
prabh-decoders-braillevision__dataset__braille_merged,train,invalid_label_columns,prabh-decoders-braillevision/dataset/braille_merged/labels/train/yapayzeka_1059_db14_png_jpg.rf.aaa6f1b49a9bba2498899733035493f2.txt,line 7: expected 5 columns got 11
prabh-decoders-braillevision__dataset__braille_merged,train,invalid_label_columns,prabh-decoders-braillevision/dataset/braille_merged/labels/train/yapayzeka_1059_db14_png_jpg.rf.aaa6f1b49a9bba2498899733035493f2.txt,line 8: expected 5 columns got 11
prabh-decoders-braillevision__dataset__braille_merged,train,invalid_label_columns,prabh-decoders-braillevision/dataset/braille_merged/labels/train/yapayzeka_1059_db14_png_jpg.rf.aaa6f1b49a9bba2498899733035493f2.txt,line 9: expected 5 columns got 11
prabh-decoders-braillevision__dataset__braille_merged,train,invalid_label_columns,prabh-decoders-braillevision/dataset/braille_merged/labels/train/yapayzeka_1059_db14_png_jpg.rf.aaa6f1b49a9bba2498899733035493f2.txt,line 10: expected 5 columns got 11
prabh-decoders-braillevision__dataset__braille_merged,train,invalid_label_columns,prabh-decoders-braillevision/dataset/braille_merged/labels/train/yapayzeka_1059_db14_png_jpg.rf.aaa6f1b49a9bba2498899733035493f2.txt,line 11: expected 5 columns got 11
prabh-decoders-braillevision__dataset__braille_merged,train,invalid_label_columns,prabh-decoders-braillevision/dataset/braille_merged/labels/train/yapayzeka_1059_db14_png_jpg.rf.aaa6f1b49a9bba2498899733035493f2.txt,line 12: expected 5 columns got 11
prabh-decoders-braillevision__dataset__braille_merged,train,invalid_label_columns,prabh-decoders-braillevision/dataset/braille_merged/labels/train/yapayzeka_1059_db14_png_jpg.rf.aaa6f1b49a9bba2498899733035493f2.txt,line 13: expected 5 columns got 11
prabh-decoders-braillevision__dataset__braille_merged,train,invalid_label_columns,prabh-decoders-braillevision/dataset/braille_merged/labels/train/yapayzeka_1059_db14_png_jpg.rf.aaa6f1b49a9bba2498899733035493f2.txt,line 14: expected 5 columns got 11
prabh-decoders-braillevision__dataset__braille_merged,train,invalid_label_columns,prabh-decoders-braillevision/dataset/braille_merged/labels/train/yapayzeka_1059_db14_png_jpg.rf.aaa6f1b49a9bba2498899733035493f2.txt,line 15: expected 5 columns got 11
prabh-decoders-braillevision__dataset__braille_merged,train,invalid_label_columns,prabh-decoders-braillevision/dataset/braille_merged/labels/train/yapayzeka_1059_db14_png_jpg.rf.aaa6f1b49a9bba2498899733035493f2.txt,line 16: expected 5 columns got 11
prabh-decoders-braillevision__dataset__braille_merged,train,invalid_label_columns,prabh-decoders-braillevision/dataset/braille_merged/labels/train/yapayzeka_1059_db14_png_jpg.rf.aaa6f1b49a9bba2498899733035493f2.txt,line 17: expected 5 columns got 11
prabh-decoders-braillevision__dataset__braille_merged,train,invalid_label_columns,prabh-decoders-braillevision/dataset/braille_merged/labels/train/yapayzeka_1059_db14_png_jpg.rf.aaa6f1b49a9bba2498899733035493f2.txt,line 18: expected 5 columns got 11
prabh-decoders-braillevision__dataset__braille_merged,train,invalid_label_columns,prabh-decoders-braillevision/dataset/braille_merged/labels/train/yapayzeka_1059_db14_png_jpg.rf.aaa6f1b49a9bba2498899733035493f2.txt,line 19: expected 5 columns got 11
prabh-decoders-braillevision__dataset__braille_merged,train,invalid_label_columns,prabh-decoders-braillevision/dataset/braille_merged/labels/train/yapayzeka_1059_db14_png_jpg.rf.aaa6f1b49a9bba2498899733035493f2.txt,line 20: expected 5 columns got 11
prabh-decoders-braillevision__dataset__braille_merged,train,invalid_label_columns,prabh-decoders-braillevision/dataset/braille_merged/labels/train/yapayzeka_1059_db14_png_jpg.rf.aaa6f1b49a9bba2498899733035493f2.txt,line 21: expected 5 columns got 11
prabh-decoders-braillevision__dataset__braille_merged,train,invalid_label_columns,prabh-decoders-braillevision/dataset/braille_merged/labels/train/yapayzeka_1059_db14_png_jpg.rf.aaa6f1b49a9bba2498899733035493f2.txt,line 22: expected 5 columns got 11
prabh-decoders-braillevision__dataset__braille_merged,train,invalid_label_columns,prabh-decoders-braillevision/dataset/braille_merged/labels/train/yapayzeka_1059_db14_png_jpg.rf.aaa6f1b49a9bba2498899733035493f2.txt,line 23: expected 5 columns got 11
prabh-decoders-braillevision__dataset__braille_merged,train,invalid_label_columns,prabh-decoders-braillevision/dataset/braille_merged/labels/train/yapayzeka_1059_db14_png_jpg.rf.aaa6f1b49a9bba2498899733035493f2.txt,line 24: expected 5 columns got 11
prabh-decoders-braillevision__dataset__braille_merged,train,invalid_label_columns,prabh-decoders-braillevision/dataset/braille_merged/labels/train/yapayzeka_1059_db14_png_jpg.rf.aaa6f1b49a9bba2498899733035493f2.txt,line 25: expected 5 columns got 11
prabh-decoders-braillevision__dataset__braille_merged,train,invalid_label_columns,prabh-decoders-braillevision/dataset/braille_merged/labels/train/yapayzeka_1059_db14_png_jpg.rf.aaa6f1b49a9bba2498899733035493f2.txt,line 26: expected 5 columns got 11
prabh-decoders-braillevision__dataset__braille_merged,train,invalid_label_columns,prabh-decoders-braillevision/dataset/braille_merged/labels/train/yapayzeka_1059_db14_png_jpg.rf.aaa6f1b49a9bba2498899733035493f2.txt,line 27: expected 5 columns got 13
prabh-decoders-braillevision__dataset__braille_merged,train,invalid_label_columns,prabh-decoders-braillevision/dataset/braille_merged/labels/train/yapayzeka_1059_db14_png_jpg.rf.aaa6f1b49a9bba2498899733035493f2.txt,line 28: expected 5 columns got 13
prabh-decoders-braillevision__dataset__braille_merged,train,invalid_label_columns,prabh-decoders-braillevision/dataset/braille_merged/labels/train/yapayzeka_1169_db13_jpg.rf.2f57a371ab81d991616c715bb035c8ad.txt,line 1: expected 5 columns got 11
prabh-decoders-braillevision__dataset__braille_merged,train,invalid_label_columns,prabh-decoders-braillevision/dataset/braille_merged/labels/train/yapayzeka_1169_db13_jpg.rf.2f57a371ab81d991616c715bb035c8ad.txt,line 2: expected 5 columns got 11
prabh-decoders-braillevision__dataset__braille_merged,train,invalid_label_columns,prabh-decoders-braillevision/dataset/braille_merged/labels/train/yapayzeka_1169_db13_jpg.rf.2f57a371ab81d991616c715bb035c8ad.txt,line 3: expected 5 columns got 11
prabh-decoders-braillevision__dataset__braille_merged,train,invalid_label_columns,prabh-decoders-braillevision/dataset/braille_merged/labels/train/yapayzeka_1169_db13_jpg.rf.2f57a371ab81d991616c715bb035c8ad.txt,line 4: expected 5 columns got 11
prabh-decoders-braillevision__dataset__braille_merged,train,invalid_label_columns,prabh-decoders-braillevision/dataset/braille_merged/labels/train/yapayzeka_232_db16_png_jpg.rf.3d6f16520192e80805f7fbb2a15f749d.txt,line 1: expected 5 columns got 11
prabh-decoders-braillevision__dataset__braille_merged,train,invalid_label_columns,prabh-decoders-braillevision/dataset/braille_merged/labels/train/yapayzeka_232_db16_png_jpg.rf.3d6f16520192e80805f7fbb2a15f749d.txt,line 2: expected 5 columns got 11
prabh-decoders-braillevision__dataset__braille_merged,train,invalid_label_columns,prabh-decoders-braillevision/dataset/braille_merged/labels/train/yapayzeka_232_db16_png_jpg.rf.3d6f16520192e80805f7fbb2a15f749d.txt,line 3: expected 5 columns got 11
prabh-decoders-braillevision__dataset__braille_merged,train,invalid_label_columns,prabh-decoders-braillevision/dataset/braille_merged/labels/train/yapayzeka_232_db16_png_jpg.rf.3d6f16520192e80805f7fbb2a15f749d.txt,line 4: expected 5 columns got 11
prabh-decoders-braillevision__dataset__braille_merged,train,invalid_label_columns,prabh-decoders-braillevision/dataset/braille_merged/labels/train/yapayzeka_232_db16_png_jpg.rf.3d6f16520192e80805f7fbb2a15f749d.txt,line 5: expected 5 columns got 11
prabh-decoders-braillevision__dataset__braille_merged,train,invalid_label_columns,prabh-decoders-braillevision/dataset/braille_merged/labels/train/yapayzeka_232_db16_png_jpg.rf.3d6f16520192e80805f7fbb2a15f749d.txt,line 6: expected 5 columns got 11
prabh-decoders-braillevision__dataset__braille_merged,train,invalid_label_columns,prabh-decoders-braillevision/dataset/braille_merged/labels/train/yapayzeka_232_db16_png_jpg.rf.3d6f16520192e80805f7fbb2a15f749d.txt,line 7: expected 5 columns got 11
prabh-decoders-braillevision__dataset__braille_merged,train,invalid_label_columns,prabh-decoders-braillevision/dataset/braille_merged/labels/train/yapayzeka_232_db16_png_jpg.rf.3d6f16520192e80805f7fbb2a15f749d.txt,line 8: expected 5 columns got 11
prabh-decoders-braillevision__dataset__braille_merged,train,invalid_label_columns,prabh-decoders-braillevision/dataset/braille_merged/labels/train/yapayzeka_232_db16_png_jpg.rf.3d6f16520192e80805f7fbb2a15f749d.txt,line 9: expected 5 columns got 11
prabh-decoders-braillevision__dataset__braille_merged,train,invalid_label_columns,prabh-decoders-braillevision/dataset/braille_merged/labels/train/yapayzeka_232_db16_png_jpg.rf.3d6f16520192e80805f7fbb2a15f749d.txt,line 10: expected 5 columns got 11
prabh-decoders-braillevision__dataset__braille_merged,train,invalid_label_columns,prabh-decoders-braillevision/dataset/braille_merged/labels/train/yapayzeka_232_db16_png_jpg.rf.3d6f16520192e80805f7fbb2a15f749d.txt,line 11: expected 5 columns got 13
prabh-decoders-braillevision__dataset__braille_merged,train,invalid_label_columns,prabh-decoders-braillevision/dataset/braille_merged/labels/train/yapayzeka_232_db16_png_jpg.rf.3d6f16520192e80805f7fbb2a15f749d.txt,line 12: expected 5 columns got 11
prabh-decoders-braillevision__dataset__braille_merged,train,invalid_label_columns,prabh-decoders-braillevision/dataset/braille_merged/labels/train/yapayzeka_232_db16_png_jpg.rf.3d6f16520192e80805f7fbb2a15f749d.txt,line 13: expected 5 columns got 11
prabh-decoders-braillevision__dataset__braille_merged,train,invalid_label_columns,prabh-decoders-braillevision/dataset/braille_merged/labels/train/yapayzeka_232_db16_png_jpg.rf.3d6f16520192e80805f7fbb2a15f749d.txt,line 14: expected 5 columns got 11
prabh-decoders-braillevision__dataset__braille_merged,train,invalid_label_columns,prabh-decoders-braillevision/dataset/braille_merged/labels/train/yapayzeka_232_db16_png_jpg.rf.3d6f16520192e80805f7fbb2a15f749d.txt,line 15: expected 5 columns got 11
prabh-decoders-braillevision__dataset__braille_merged,train,invalid_label_columns,prabh-decoders-braillevision/dataset/braille_merged/labels/train/yapayzeka_232_db16_png_jpg.rf.3d6f16520192e80805f7fbb2a15f749d.txt,line 16: expected 5 columns got 11
prabh-decoders-braillevision__dataset__braille_merged,train,invalid_label_columns,prabh-decoders-braillevision/dataset/braille_merged/labels/train/yapayzeka_232_db16_png_jpg.rf.3d6f16520192e80805f7fbb2a15f749d.txt,line 17: expected 5 columns got 11
prabh-decoders-braillevision__dataset__braille_merged,train,invalid_label_columns,prabh-decoders-braillevision/dataset/braille_merged/labels/train/yapayzeka_232_db16_png_jpg.rf.3d6f16520192e80805f7fbb2a15f749d.txt,line 18: expected 5 columns got 11
prabh-decoders-braillevision__dataset__braille_merged,train,invalid_label_columns,prabh-decoders-braillevision/dataset/braille_merged/labels/train/yapayzeka_232_db16_png_jpg.rf.3d6f16520192e80805f7fbb2a15f749d.txt,line 19: expected 5 columns got 11
prabh-decoders-braillevision__dataset__braille_merged,train,invalid_label_columns,prabh-decoders-braillevision/dataset/braille_merged/labels/train/yapayzeka_232_db16_png_jpg.rf.3d6f16520192e80805f7fbb2a15f749d.txt,line 20: expected 5 columns got 11
prabh-decoders-braillevision__dataset__braille_merged,train,invalid_label_columns,prabh-decoders-braillevision/dataset/braille_merged/labels/train/yapayzeka_232_db16_png_jpg.rf.3d6f16520192e80805f7fbb2a15f749d.txt,line 21: expected 5 columns got 11
prabh-decoders-braillevision__dataset__braille_merged,train,invalid_label_columns,prabh-decoders-braillevision/dataset/braille_merged/labels/train/yapayzeka_232_db16_png_jpg.rf.3d6f16520192e80805f7fbb2a15f749d.txt,line 22: expected 5 columns got 11
prabh-decoders-braillevision__dataset__braille_merged,train,invalid_label_columns,prabh-decoders-braillevision/dataset/braille_merged/labels/train/yapayzeka_232_db16_png_jpg.rf.3d6f16520192e80805f7fbb2a15f749d.txt,line 23: expected 5 columns got 11
prabh-decoders-braillevision__dataset__braille_merged,train,invalid_label_columns,prabh-decoders-braillevision/dataset/braille_merged/labels/train/yapayzeka_232_db16_png_jpg.rf.3d6f16520192e80805f7fbb2a15f749d.txt,line 24: expected 5 columns got 11
prabh-decoders-braillevision__dataset__braille_merged,train,invalid_label_columns,prabh-decoders-braillevision/dataset/braille_merged/labels/train/yapayzeka_232_db16_png_jpg.rf.3d6f16520192e80805f7fbb2a15f749d.txt,line 25: expected 5 columns got 11
prabh-decoders-braillevision__dataset__braille_merged,train,invalid_label_columns,prabh-decoders-braillevision/dataset/braille_merged/labels/train/yapayzeka_518_db15_jpg.rf.3365f9899ebaa57b47d47189b93fdadf.txt,line 1: expected 5 columns got 11
prabh-decoders-braillevision__dataset__braille_merged,train,invalid_label_columns,prabh-decoders-braillevision/dataset/braille_merged/labels/train/yapayzeka_518_db15_jpg.rf.3365f9899ebaa57b47d47189b93fdadf.txt,line 2: expected 5 columns got 11
prabh-decoders-braillevision__dataset__braille_merged,train,invalid_label_columns,prabh-decoders-braillevision/dataset/braille_merged/labels/train/yapayzeka_518_db15_jpg.rf.3365f9899ebaa57b47d47189b93fdadf.txt,line 3: expected 5 columns got 11
prabh-decoders-braillevision__dataset__braille_merged,train,invalid_label_columns,prabh-decoders-braillevision/dataset/braille_merged/labels/train/yapayzeka_518_db15_jpg.rf.3365f9899ebaa57b47d47189b93fdadf.txt,line 4: expected 5 columns got 11
prabh-decoders-braillevision__dataset__braille_merged,train,invalid_label_columns,prabh-decoders-braillevision/dataset/braille_merged/labels/train/yapayzeka_518_db15_jpg.rf.3365f9899ebaa57b47d47189b93fdadf.txt,line 5: expected 5 columns got 11
prabh-decoders-braillevision__dataset__braille_merged,train,invalid_label_columns,prabh-decoders-braillevision/dataset/braille_merged/labels/train/yapayzeka_518_db15_jpg.rf.3365f9899ebaa57b47d47189b93fdadf.txt,line 6: expected 5 columns got 11
prabh-decoders-braillevision__dataset__braille_merged,train,invalid_label_columns,prabh-decoders-braillevision/dataset/braille_merged/labels/train/yapayzeka_518_db15_jpg.rf.3365f9899ebaa57b47d47189b93fdadf.txt,line 7: expected 5 columns got 11
prabh-decoders-braillevision__dataset__braille_merged,train,invalid_label_columns,prabh-decoders-braillevision/dataset/braille_merged/labels/train/yapayzeka_518_db15_jpg.rf.3365f9899ebaa57b47d47189b93fdadf.txt,line 8: expected 5 columns got 11
prabh-decoders-braillevision__dataset__braille_merged,train,invalid_label_columns,prabh-decoders-braillevision/dataset/braille_merged/labels/train/yapayzeka_518_db15_jpg.rf.3365f9899ebaa57b47d47189b93fdadf.txt,line 9: expected 5 columns got 11
prabh-decoders-braillevision__dataset__braille_merged,train,invalid_label_columns,prabh-decoders-braillevision/dataset/braille_merged/labels/train/yapayzeka_518_db15_jpg.rf.3365f9899ebaa57b47d47189b93fdadf.txt,line 10: expected 5 columns got 11
prabh-decoders-braillevision__dataset__braille_merged,train,invalid_label_columns,prabh-decoders-braillevision/dataset/braille_merged/labels/train/yapayzeka_518_db15_jpg.rf.3365f9899ebaa57b47d47189b93fdadf.txt,line 11: expected 5 columns got 11
prabh-decoders-braillevision__dataset__braille_merged,train,invalid_label_columns,prabh-decoders-braillevision/dataset/braille_merged/labels/train/yapayzeka_518_db15_jpg.rf.3365f9899ebaa57b47d47189b93fdadf.txt,line 12: expected 5 columns got 11
prabh-decoders-braillevision__dataset__braille_merged,train,invalid_label_columns,prabh-decoders-braillevision/dataset/braille_merged/labels/train/yapayzeka_518_db15_jpg.rf.3365f9899ebaa57b47d47189b93fdadf.txt,line 13: expected 5 columns got 11
prabh-decoders-braillevision__dataset__braille_merged,train,invalid_label_columns,prabh-decoders-braillevision/dataset/braille_merged/labels/train/yapayzeka_518_db15_jpg.rf.3365f9899ebaa57b47d47189b93fdadf.txt,line 14: expected 5 columns got 11
prabh-decoders-braillevision__dataset__braille_merged,train,invalid_label_columns,prabh-decoders-braillevision/dataset/braille_merged/labels/train/yapayzeka_518_db15_jpg.rf.3365f9899ebaa57b47d47189b93fdadf.txt,line 15: expected 5 columns got 11
prabh-decoders-braillevision__dataset__braille_merged,train,invalid_label_columns,prabh-decoders-braillevision/dataset/braille_merged/labels/train/yapayzeka_518_db15_jpg.rf.3365f9899ebaa57b47d47189b93fdadf.txt,line 16: expected 5 columns got 11
prabh-decoders-braillevision__dataset__braille_merged,train,invalid_label_columns,prabh-decoders-braillevision/dataset/braille_merged/labels/train/yapayzeka_518_db15_jpg.rf.3365f9899ebaa57b47d47189b93fdadf.txt,line 17: expected 5 columns got 11
prabh-decoders-braillevision__dataset__braille_merged,train,invalid_label_columns,prabh-decoders-braillevision/dataset/braille_merged/labels/train/yapayzeka_518_db15_jpg.rf.3365f9899ebaa57b47d47189b93fdadf.txt,line 18: expected 5 columns got 11
prabh-decoders-braillevision__dataset__braille_merged,train,invalid_label_columns,prabh-decoders-braillevision/dataset/braille_merged/labels/train/yapayzeka_518_db15_jpg.rf.3365f9899ebaa57b47d47189b93fdadf.txt,line 19: expected 5 columns got 11
prabh-decoders-braillevision__dataset__braille_merged,train,invalid_label_columns,prabh-decoders-braillevision/dataset/braille_merged/labels/train/yapayzeka_518_db15_jpg.rf.3365f9899ebaa57b47d47189b93fdadf.txt,line 20: expected 5 columns got 11
prabh-decoders-braillevision__dataset__braille_merged,train,invalid_label_columns,prabh-decoders-braillevision/dataset/braille_merged/labels/train/yapayzeka_518_db15_jpg.rf.3365f9899ebaa57b47d47189b93fdadf.txt,line 21: expected 5 columns got 11
prabh-decoders-braillevision__dataset__braille_merged,train,invalid_label_columns,prabh-decoders-braillevision/dataset/braille_merged/labels/train/yapayzeka_518_db15_jpg.rf.3365f9899ebaa57b47d47189b93fdadf.txt,line 22: expected 5 columns got 13
prabh-decoders-braillevision__dataset__braille_merged,train,invalid_label_columns,prabh-decoders-braillevision/dataset/braille_merged/labels/train/yapayzeka_518_db15_jpg.rf.3365f9899ebaa57b47d47189b93fdadf.txt,line 23: expected 5 columns got 11
prabh-decoders-braillevision__dataset__braille_merged,train,invalid_label_columns,prabh-decoders-braillevision/dataset/braille_merged/labels/train/yapayzeka_518_db15_jpg.rf.3365f9899ebaa57b47d47189b93fdadf.txt,line 24: expected 5 columns got 11
prabh-decoders-braillevision__dataset__braille_merged,train,invalid_label_columns,prabh-decoders-braillevision/dataset/braille_merged/labels/train/yapayzeka_518_db15_jpg.rf.3365f9899ebaa57b47d47189b93fdadf.txt,line 25: expected 5 columns got 11
prabh-decoders-braillevision__dataset__braille_merged,train,invalid_label_columns,prabh-decoders-braillevision/dataset/braille_merged/labels/train/yapayzeka_518_db15_jpg.rf.3365f9899ebaa57b47d47189b93fdadf.txt,line 26: expected 5 columns got 11
prabh-decoders-braillevision__dataset__braille_merged,train,invalid_label_columns,prabh-decoders-braillevision/dataset/braille_merged/labels/train/yapayzeka_518_db15_jpg.rf.3365f9899ebaa57b47d47189b93fdadf.txt,line 27: expected 5 columns got 11
sangam-Braillie__dataset,train,invalid_label_columns,sangam-Braillie/dataset/train/labels/db13_jpg.rf.0d3ae38631ac7fe119ce9d5c6e3c5889.txt,line 1: expected 5 columns got 11
sangam-Braillie__dataset,train,invalid_label_columns,sangam-Braillie/dataset/train/labels/db13_jpg.rf.0d3ae38631ac7fe119ce9d5c6e3c5889.txt,line 2: expected 5 columns got 11
sangam-Braillie__dataset,train,invalid_label_columns,sangam-Braillie/dataset/train/labels/db13_jpg.rf.0d3ae38631ac7fe119ce9d5c6e3c5889.txt,line 3: expected 5 columns got 11
sangam-Braillie__dataset,train,invalid_label_columns,sangam-Braillie/dataset/train/labels/db13_jpg.rf.0d3ae38631ac7fe119ce9d5c6e3c5889.txt,line 4: expected 5 columns got 11
sangam-Braillie__dataset,train,invalid_label_columns,sangam-Braillie/dataset/train/labels/db13_jpg.rf.104711402e4236288d619bc3466219f1.txt,line 1: expected 5 columns got 11
sangam-Braillie__dataset,train,invalid_label_columns,sangam-Braillie/dataset/train/labels/db13_jpg.rf.104711402e4236288d619bc3466219f1.txt,line 2: expected 5 columns got 11
sangam-Braillie__dataset,train,invalid_label_columns,sangam-Braillie/dataset/train/labels/db13_jpg.rf.104711402e4236288d619bc3466219f1.txt,line 3: expected 5 columns got 11
sangam-Braillie__dataset,train,invalid_label_columns,sangam-Braillie/dataset/train/labels/db13_jpg.rf.104711402e4236288d619bc3466219f1.txt,line 4: expected 5 columns got 11
sangam-Braillie__dataset,train,invalid_label_columns,sangam-Braillie/dataset/train/labels/db13_jpg.rf.707f842bd5d43ceef85f8259460e28a8.txt,line 1: expected 5 columns got 11
sangam-Braillie__dataset,train,invalid_label_columns,sangam-Braillie/dataset/train/labels/db13_jpg.rf.707f842bd5d43ceef85f8259460e28a8.txt,line 2: expected 5 columns got 11
sangam-Braillie__dataset,train,invalid_label_columns,sangam-Braillie/dataset/train/labels/db13_jpg.rf.707f842bd5d43ceef85f8259460e28a8.txt,line 3: expected 5 columns got 11
sangam-Braillie__dataset,train,invalid_label_columns,sangam-Braillie/dataset/train/labels/db13_jpg.rf.707f842bd5d43ceef85f8259460e28a8.txt,line 4: expected 5 columns got 11
sangam-Braillie__dataset,train,invalid_label_columns,sangam-Braillie/dataset/train/labels/db13_jpg.rf.87548b5eb2879c74348913983189491a.txt,line 1: expected 5 columns got 11
sangam-Braillie__dataset,train,invalid_label_columns,sangam-Braillie/dataset/train/labels/db13_jpg.rf.87548b5eb2879c74348913983189491a.txt,line 2: expected 5 columns got 11
sangam-Braillie__dataset,train,invalid_label_columns,sangam-Braillie/dataset/train/labels/db13_jpg.rf.87548b5eb2879c74348913983189491a.txt,line 3: expected 5 columns got 11
sangam-Braillie__dataset,train,invalid_label_columns,sangam-Braillie/dataset/train/labels/db13_jpg.rf.87548b5eb2879c74348913983189491a.txt,line 4: expected 5 columns got 11
sangam-Braillie__dataset,train,invalid_label_columns,sangam-Braillie/dataset/train/labels/db14_png_jpg.rf.1996b1cd173136ec659d71016b16f2bf.txt,line 1: expected 5 columns got 11
sangam-Braillie__dataset,train,invalid_label_columns,sangam-Braillie/dataset/train/labels/db14_png_jpg.rf.1996b1cd173136ec659d71016b16f2bf.txt,line 2: expected 5 columns got 11
sangam-Braillie__dataset,train,invalid_label_columns,sangam-Braillie/dataset/train/labels/db14_png_jpg.rf.1996b1cd173136ec659d71016b16f2bf.txt,line 3: expected 5 columns got 11
sangam-Braillie__dataset,train,invalid_label_columns,sangam-Braillie/dataset/train/labels/db14_png_jpg.rf.1996b1cd173136ec659d71016b16f2bf.txt,line 4: expected 5 columns got 11
sangam-Braillie__dataset,train,invalid_label_columns,sangam-Braillie/dataset/train/labels/db14_png_jpg.rf.1996b1cd173136ec659d71016b16f2bf.txt,line 5: expected 5 columns got 11
sangam-Braillie__dataset,train,invalid_label_columns,sangam-Braillie/dataset/train/labels/db14_png_jpg.rf.1996b1cd173136ec659d71016b16f2bf.txt,line 6: expected 5 columns got 11
sangam-Braillie__dataset,train,invalid_label_columns,sangam-Braillie/dataset/train/labels/db14_png_jpg.rf.1996b1cd173136ec659d71016b16f2bf.txt,line 7: expected 5 columns got 11
sangam-Braillie__dataset,train,invalid_label_columns,sangam-Braillie/dataset/train/labels/db14_png_jpg.rf.1996b1cd173136ec659d71016b16f2bf.txt,line 8: expected 5 columns got 11
sangam-Braillie__dataset,train,invalid_label_columns,sangam-Braillie/dataset/train/labels/db14_png_jpg.rf.1996b1cd173136ec659d71016b16f2bf.txt,line 9: expected 5 columns got 11
sangam-Braillie__dataset,train,invalid_label_columns,sangam-Braillie/dataset/train/labels/db14_png_jpg.rf.1996b1cd173136ec659d71016b16f2bf.txt,line 10: expected 5 columns got 11
sangam-Braillie__dataset,train,invalid_label_columns,sangam-Braillie/dataset/train/labels/db14_png_jpg.rf.1996b1cd173136ec659d71016b16f2bf.txt,line 11: expected 5 columns got 11
sangam-Braillie__dataset,train,invalid_label_columns,sangam-Braillie/dataset/train/labels/db14_png_jpg.rf.1996b1cd173136ec659d71016b16f2bf.txt,line 12: expected 5 columns got 11
sangam-Braillie__dataset,train,invalid_label_columns,sangam-Braillie/dataset/train/labels/db14_png_jpg.rf.1996b1cd173136ec659d71016b16f2bf.txt,line 13: expected 5 columns got 11
sangam-Braillie__dataset,train,invalid_label_columns,sangam-Braillie/dataset/train/labels/db14_png_jpg.rf.1996b1cd173136ec659d71016b16f2bf.txt,line 14: expected 5 columns got 11
sangam-Braillie__dataset,train,invalid_label_columns,sangam-Braillie/dataset/train/labels/db14_png_jpg.rf.1996b1cd173136ec659d71016b16f2bf.txt,line 15: expected 5 columns got 11
sangam-Braillie__dataset,train,invalid_label_columns,sangam-Braillie/dataset/train/labels/db14_png_jpg.rf.1996b1cd173136ec659d71016b16f2bf.txt,line 16: expected 5 columns got 11
sangam-Braillie__dataset,train,invalid_label_columns,sangam-Braillie/dataset/train/labels/db14_png_jpg.rf.1996b1cd173136ec659d71016b16f2bf.txt,line 17: expected 5 columns got 11
sangam-Braillie__dataset,train,invalid_label_columns,sangam-Braillie/dataset/train/labels/db14_png_jpg.rf.1996b1cd173136ec659d71016b16f2bf.txt,line 18: expected 5 columns got 11
sangam-Braillie__dataset,train,invalid_label_columns,sangam-Braillie/dataset/train/labels/db14_png_jpg.rf.1996b1cd173136ec659d71016b16f2bf.txt,line 19: expected 5 columns got 11
sangam-Braillie__dataset,train,invalid_label_columns,sangam-Braillie/dataset/train/labels/db14_png_jpg.rf.1996b1cd173136ec659d71016b16f2bf.txt,line 20: expected 5 columns got 11
sangam-Braillie__dataset,train,invalid_label_columns,sangam-Braillie/dataset/train/labels/db14_png_jpg.rf.1996b1cd173136ec659d71016b16f2bf.txt,line 21: expected 5 columns got 11
sangam-Braillie__dataset,train,invalid_label_columns,sangam-Braillie/dataset/train/labels/db14_png_jpg.rf.1996b1cd173136ec659d71016b16f2bf.txt,line 22: expected 5 columns got 11
sangam-Braillie__dataset,train,invalid_label_columns,sangam-Braillie/dataset/train/labels/db14_png_jpg.rf.1996b1cd173136ec659d71016b16f2bf.txt,line 23: expected 5 columns got 11
sangam-Braillie__dataset,train,invalid_label_columns,sangam-Braillie/dataset/train/labels/db14_png_jpg.rf.1996b1cd173136ec659d71016b16f2bf.txt,line 24: expected 5 columns got 11
sangam-Braillie__dataset,train,invalid_label_columns,sangam-Braillie/dataset/train/labels/db14_png_jpg.rf.1996b1cd173136ec659d71016b16f2bf.txt,line 25: expected 5 columns got 11
sangam-Braillie__dataset,train,invalid_label_columns,sangam-Braillie/dataset/train/labels/db14_png_jpg.rf.1996b1cd173136ec659d71016b16f2bf.txt,line 26: expected 5 columns got 11
sangam-Braillie__dataset,train,invalid_label_columns,sangam-Braillie/dataset/train/labels/db14_png_jpg.rf.1996b1cd173136ec659d71016b16f2bf.txt,line 27: expected 5 columns got 13
sangam-Braillie__dataset,train,invalid_label_columns,sangam-Braillie/dataset/train/labels/db14_png_jpg.rf.1996b1cd173136ec659d71016b16f2bf.txt,line 28: expected 5 columns got 11
sangam-Braillie__dataset,train,invalid_label_columns,sangam-Braillie/dataset/train/labels/db14_png_jpg.rf.4af5641c1f2155501e710c5233d234be.txt,line 1: expected 5 columns got 11
sangam-Braillie__dataset,train,invalid_label_columns,sangam-Braillie/dataset/train/labels/db14_png_jpg.rf.4af5641c1f2155501e710c5233d234be.txt,line 2: expected 5 columns got 11
sangam-Braillie__dataset,train,invalid_label_columns,sangam-Braillie/dataset/train/labels/db14_png_jpg.rf.4af5641c1f2155501e710c5233d234be.txt,line 3: expected 5 columns got 11
sangam-Braillie__dataset,train,invalid_label_columns,sangam-Braillie/dataset/train/labels/db14_png_jpg.rf.4af5641c1f2155501e710c5233d234be.txt,line 4: expected 5 columns got 11
sangam-Braillie__dataset,train,invalid_label_columns,sangam-Braillie/dataset/train/labels/db14_png_jpg.rf.4af5641c1f2155501e710c5233d234be.txt,line 5: expected 5 columns got 11
sangam-Braillie__dataset,train,invalid_label_columns,sangam-Braillie/dataset/train/labels/db14_png_jpg.rf.4af5641c1f2155501e710c5233d234be.txt,line 6: expected 5 columns got 11
sangam-Braillie__dataset,train,invalid_label_columns,sangam-Braillie/dataset/train/labels/db14_png_jpg.rf.4af5641c1f2155501e710c5233d234be.txt,line 7: expected 5 columns got 11
sangam-Braillie__dataset,train,invalid_label_columns,sangam-Braillie/dataset/train/labels/db14_png_jpg.rf.4af5641c1f2155501e710c5233d234be.txt,line 8: expected 5 columns got 11
sangam-Braillie__dataset,train,invalid_label_columns,sangam-Braillie/dataset/train/labels/db14_png_jpg.rf.4af5641c1f2155501e710c5233d234be.txt,line 9: expected 5 columns got 11
sangam-Braillie__dataset,train,invalid_label_columns,sangam-Braillie/dataset/train/labels/db14_png_jpg.rf.4af5641c1f2155501e710c5233d234be.txt,line 10: expected 5 columns got 11
sangam-Braillie__dataset,train,invalid_label_columns,sangam-Braillie/dataset/train/labels/db14_png_jpg.rf.4af5641c1f2155501e710c5233d234be.txt,line 11: expected 5 columns got 11
sangam-Braillie__dataset,train,invalid_label_columns,sangam-Braillie/dataset/train/labels/db14_png_jpg.rf.4af5641c1f2155501e710c5233d234be.txt,line 12: expected 5 columns got 11
sangam-Braillie__dataset,train,invalid_label_columns,sangam-Braillie/dataset/train/labels/db14_png_jpg.rf.4af5641c1f2155501e710c5233d234be.txt,line 13: expected 5 columns got 11
sangam-Braillie__dataset,train,invalid_label_columns,sangam-Braillie/dataset/train/labels/db14_png_jpg.rf.4af5641c1f2155501e710c5233d234be.txt,line 14: expected 5 columns got 11
sangam-Braillie__dataset,train,invalid_label_columns,sangam-Braillie/dataset/train/labels/db14_png_jpg.rf.4af5641c1f2155501e710c5233d234be.txt,line 15: expected 5 columns got 11
sangam-Braillie__dataset,train,invalid_label_columns,sangam-Braillie/dataset/train/labels/db14_png_jpg.rf.4af5641c1f2155501e710c5233d234be.txt,line 16: expected 5 columns got 11
sangam-Braillie__dataset,train,invalid_label_columns,sangam-Braillie/dataset/train/labels/db14_png_jpg.rf.4af5641c1f2155501e710c5233d234be.txt,line 17: expected 5 columns got 11
sangam-Braillie__dataset,train,invalid_label_columns,sangam-Braillie/dataset/train/labels/db14_png_jpg.rf.4af5641c1f2155501e710c5233d234be.txt,line 18: expected 5 columns got 11
sangam-Braillie__dataset,train,invalid_label_columns,sangam-Braillie/dataset/train/labels/db14_png_jpg.rf.4af5641c1f2155501e710c5233d234be.txt,line 19: expected 5 columns got 11
sangam-Braillie__dataset,train,invalid_label_columns,sangam-Braillie/dataset/train/labels/db14_png_jpg.rf.4af5641c1f2155501e710c5233d234be.txt,line 20: expected 5 columns got 11
sangam-Braillie__dataset,train,invalid_label_columns,sangam-Braillie/dataset/train/labels/db14_png_jpg.rf.4af5641c1f2155501e710c5233d234be.txt,line 21: expected 5 columns got 11
sangam-Braillie__dataset,train,invalid_label_columns,sangam-Braillie/dataset/train/labels/db14_png_jpg.rf.4af5641c1f2155501e710c5233d234be.txt,line 22: expected 5 columns got 11
sangam-Braillie__dataset,train,invalid_label_columns,sangam-Braillie/dataset/train/labels/db14_png_jpg.rf.4af5641c1f2155501e710c5233d234be.txt,line 23: expected 5 columns got 11
sangam-Braillie__dataset,train,invalid_label_columns,sangam-Braillie/dataset/train/labels/db14_png_jpg.rf.4af5641c1f2155501e710c5233d234be.txt,line 24: expected 5 columns got 11
sangam-Braillie__dataset,train,invalid_label_columns,sangam-Braillie/dataset/train/labels/db14_png_jpg.rf.4af5641c1f2155501e710c5233d234be.txt,line 25: expected 5 columns got 11
sangam-Braillie__dataset,train,invalid_label_columns,sangam-Braillie/dataset/train/labels/db14_png_jpg.rf.4af5641c1f2155501e710c5233d234be.txt,line 26: expected 5 columns got 11
sangam-Braillie__dataset,train,invalid_label_columns,sangam-Braillie/dataset/train/labels/db14_png_jpg.rf.4af5641c1f2155501e710c5233d234be.txt,line 27: expected 5 columns got 13
sangam-Braillie__dataset,train,invalid_label_columns,sangam-Braillie/dataset/train/labels/db14_png_jpg.rf.4af5641c1f2155501e710c5233d234be.txt,line 28: expected 5 columns got 13
sangam-Braillie__dataset,train,invalid_label_columns,sangam-Braillie/dataset/train/labels/db14_png_jpg.rf.a0dab222debd54bfa623fecc2971b474.txt,line 1: expected 5 columns got 11
sangam-Braillie__dataset,train,invalid_label_columns,sangam-Braillie/dataset/train/labels/db14_png_jpg.rf.a0dab222debd54bfa623fecc2971b474.txt,line 2: expected 5 columns got 11
sangam-Braillie__dataset,train,invalid_label_columns,sangam-Braillie/dataset/train/labels/db14_png_jpg.rf.a0dab222debd54bfa623fecc2971b474.txt,line 3: expected 5 columns got 11
sangam-Braillie__dataset,train,invalid_label_columns,sangam-Braillie/dataset/train/labels/db14_png_jpg.rf.a0dab222debd54bfa623fecc2971b474.txt,line 4: expected 5 columns got 11
sangam-Braillie__dataset,train,invalid_label_columns,sangam-Braillie/dataset/train/labels/db14_png_jpg.rf.a0dab222debd54bfa623fecc2971b474.txt,line 5: expected 5 columns got 11
sangam-Braillie__dataset,train,invalid_label_columns,sangam-Braillie/dataset/train/labels/db14_png_jpg.rf.a0dab222debd54bfa623fecc2971b474.txt,line 6: expected 5 columns got 11
sangam-Braillie__dataset,train,invalid_label_columns,sangam-Braillie/dataset/train/labels/db14_png_jpg.rf.a0dab222debd54bfa623fecc2971b474.txt,line 7: expected 5 columns got 11
sangam-Braillie__dataset,train,invalid_label_columns,sangam-Braillie/dataset/train/labels/db14_png_jpg.rf.a0dab222debd54bfa623fecc2971b474.txt,line 8: expected 5 columns got 11
sangam-Braillie__dataset,train,invalid_label_columns,sangam-Braillie/dataset/train/labels/db14_png_jpg.rf.a0dab222debd54bfa623fecc2971b474.txt,line 9: expected 5 columns got 11
sangam-Braillie__dataset,train,invalid_label_columns,sangam-Braillie/dataset/train/labels/db14_png_jpg.rf.a0dab222debd54bfa623fecc2971b474.txt,line 10: expected 5 columns got 11
sangam-Braillie__dataset,train,invalid_label_columns,sangam-Braillie/dataset/train/labels/db14_png_jpg.rf.a0dab222debd54bfa623fecc2971b474.txt,line 11: expected 5 columns got 11
sangam-Braillie__dataset,train,invalid_label_columns,sangam-Braillie/dataset/train/labels/db14_png_jpg.rf.a0dab222debd54bfa623fecc2971b474.txt,line 12: expected 5 columns got 11
sangam-Braillie__dataset,train,invalid_label_columns,sangam-Braillie/dataset/train/labels/db14_png_jpg.rf.a0dab222debd54bfa623fecc2971b474.txt,line 13: expected 5 columns got 11
sangam-Braillie__dataset,train,invalid_label_columns,sangam-Braillie/dataset/train/labels/db14_png_jpg.rf.a0dab222debd54bfa623fecc2971b474.txt,line 14: expected 5 columns got 11
sangam-Braillie__dataset,train,invalid_label_columns,sangam-Braillie/dataset/train/labels/db14_png_jpg.rf.a0dab222debd54bfa623fecc2971b474.txt,line 15: expected 5 columns got 11
sangam-Braillie__dataset,train,invalid_label_columns,sangam-Braillie/dataset/train/labels/db14_png_jpg.rf.a0dab222debd54bfa623fecc2971b474.txt,line 16: expected 5 columns got 11
sangam-Braillie__dataset,train,invalid_label_columns,sangam-Braillie/dataset/train/labels/db14_png_jpg.rf.a0dab222debd54bfa623fecc2971b474.txt,line 17: expected 5 columns got 11
sangam-Braillie__dataset,train,invalid_label_columns,sangam-Braillie/dataset/train/labels/db14_png_jpg.rf.a0dab222debd54bfa623fecc2971b474.txt,line 18: expected 5 columns got 11
sangam-Braillie__dataset,train,invalid_label_columns,sangam-Braillie/dataset/train/labels/db14_png_jpg.rf.a0dab222debd54bfa623fecc2971b474.txt,line 19: expected 5 columns got 11
sangam-Braillie__dataset,train,invalid_label_columns,sangam-Braillie/dataset/train/labels/db14_png_jpg.rf.a0dab222debd54bfa623fecc2971b474.txt,line 20: expected 5 columns got 11
sangam-Braillie__dataset,train,invalid_label_columns,sangam-Braillie/dataset/train/labels/db14_png_jpg.rf.a0dab222debd54bfa623fecc2971b474.txt,line 21: expected 5 columns got 11
sangam-Braillie__dataset,train,invalid_label_columns,sangam-Braillie/dataset/train/labels/db14_png_jpg.rf.a0dab222debd54bfa623fecc2971b474.txt,line 22: expected 5 columns got 11
sangam-Braillie__dataset,train,invalid_label_columns,sangam-Braillie/dataset/train/labels/db14_png_jpg.rf.a0dab222debd54bfa623fecc2971b474.txt,line 23: expected 5 columns got 11
sangam-Braillie__dataset,train,invalid_label_columns,sangam-Braillie/dataset/train/labels/db14_png_jpg.rf.a0dab222debd54bfa623fecc2971b474.txt,line 24: expected 5 columns got 11
sangam-Braillie__dataset,train,invalid_label_columns,sangam-Braillie/dataset/train/labels/db14_png_jpg.rf.a0dab222debd54bfa623fecc2971b474.txt,line 25: expected 5 columns got 11
sangam-Braillie__dataset,train,invalid_label_columns,sangam-Braillie/dataset/train/labels/db14_png_jpg.rf.a0dab222debd54bfa623fecc2971b474.txt,line 26: expected 5 columns got 11
sangam-Braillie__dataset,train,invalid_label_columns,sangam-Braillie/dataset/train/labels/db14_png_jpg.rf.a0dab222debd54bfa623fecc2971b474.txt,line 27: expected 5 columns got 13
sangam-Braillie__dataset,train,invalid_label_columns,sangam-Braillie/dataset/train/labels/db14_png_jpg.rf.a0dab222debd54bfa623fecc2971b474.txt,line 28: expected 5 columns got 13
sangam-Braillie__dataset,train,invalid_label_columns,sangam-Braillie/dataset/train/labels/db14_png_jpg.rf.c134d1d46044bcde26e65e652670837d.txt,line 1: expected 5 columns got 11
sangam-Braillie__dataset,train,invalid_label_columns,sangam-Braillie/dataset/train/labels/db14_png_jpg.rf.c134d1d46044bcde26e65e652670837d.txt,line 2: expected 5 columns got 11
sangam-Braillie__dataset,train,invalid_label_columns,sangam-Braillie/dataset/train/labels/db14_png_jpg.rf.c134d1d46044bcde26e65e652670837d.txt,line 3: expected 5 columns got 11
sangam-Braillie__dataset,train,invalid_label_columns,sangam-Braillie/dataset/train/labels/db14_png_jpg.rf.c134d1d46044bcde26e65e652670837d.txt,line 4: expected 5 columns got 11
sangam-Braillie__dataset,train,invalid_label_columns,sangam-Braillie/dataset/train/labels/db14_png_jpg.rf.c134d1d46044bcde26e65e652670837d.txt,line 5: expected 5 columns got 11
sangam-Braillie__dataset,train,invalid_label_columns,sangam-Braillie/dataset/train/labels/db14_png_jpg.rf.c134d1d46044bcde26e65e652670837d.txt,line 6: expected 5 columns got 11
sangam-Braillie__dataset,train,invalid_label_columns,sangam-Braillie/dataset/train/labels/db14_png_jpg.rf.c134d1d46044bcde26e65e652670837d.txt,line 7: expected 5 columns got 11
sangam-Braillie__dataset,train,invalid_label_columns,sangam-Braillie/dataset/train/labels/db14_png_jpg.rf.c134d1d46044bcde26e65e652670837d.txt,line 8: expected 5 columns got 11
sangam-Braillie__dataset,train,invalid_label_columns,sangam-Braillie/dataset/train/labels/db14_png_jpg.rf.c134d1d46044bcde26e65e652670837d.txt,line 9: expected 5 columns got 11
sangam-Braillie__dataset,train,invalid_label_columns,sangam-Braillie/dataset/train/labels/db14_png_jpg.rf.c134d1d46044bcde26e65e652670837d.txt,line 10: expected 5 columns got 11
sangam-Braillie__dataset,train,invalid_label_columns,sangam-Braillie/dataset/train/labels/db14_png_jpg.rf.c134d1d46044bcde26e65e652670837d.txt,line 11: expected 5 columns got 11
sangam-Braillie__dataset,train,invalid_label_columns,sangam-Braillie/dataset/train/labels/db14_png_jpg.rf.c134d1d46044bcde26e65e652670837d.txt,line 12: expected 5 columns got 11
sangam-Braillie__dataset,train,invalid_label_columns,sangam-Braillie/dataset/train/labels/db14_png_jpg.rf.c134d1d46044bcde26e65e652670837d.txt,line 13: expected 5 columns got 11
sangam-Braillie__dataset,train,invalid_label_columns,sangam-Braillie/dataset/train/labels/db14_png_jpg.rf.c134d1d46044bcde26e65e652670837d.txt,line 14: expected 5 columns got 11
sangam-Braillie__dataset,train,invalid_label_columns,sangam-Braillie/dataset/train/labels/db14_png_jpg.rf.c134d1d46044bcde26e65e652670837d.txt,line 15: expected 5 columns got 11
sangam-Braillie__dataset,train,invalid_label_columns,sangam-Braillie/dataset/train/labels/db14_png_jpg.rf.c134d1d46044bcde26e65e652670837d.txt,line 16: expected 5 columns got 11
sangam-Braillie__dataset,train,invalid_label_columns,sangam-Braillie/dataset/train/labels/db14_png_jpg.rf.c134d1d46044bcde26e65e652670837d.txt,line 17: expected 5 columns got 11
sangam-Braillie__dataset,train,invalid_label_columns,sangam-Braillie/dataset/train/labels/db14_png_jpg.rf.c134d1d46044bcde26e65e652670837d.txt,line 18: expected 5 columns got 11
sangam-Braillie__dataset,train,invalid_label_columns,sangam-Braillie/dataset/train/labels/db14_png_jpg.rf.c134d1d46044bcde26e65e652670837d.txt,line 19: expected 5 columns got 11
sangam-Braillie__dataset,train,invalid_label_columns,sangam-Braillie/dataset/train/labels/db14_png_jpg.rf.c134d1d46044bcde26e65e652670837d.txt,line 20: expected 5 columns got 11
sangam-Braillie__dataset,train,invalid_label_columns,sangam-Braillie/dataset/train/labels/db14_png_jpg.rf.c134d1d46044bcde26e65e652670837d.txt,line 21: expected 5 columns got 11
sangam-Braillie__dataset,train,invalid_label_columns,sangam-Braillie/dataset/train/labels/db14_png_jpg.rf.c134d1d46044bcde26e65e652670837d.txt,line 22: expected 5 columns got 11
sangam-Braillie__dataset,train,invalid_label_columns,sangam-Braillie/dataset/train/labels/db14_png_jpg.rf.c134d1d46044bcde26e65e652670837d.txt,line 23: expected 5 columns got 11
sangam-Braillie__dataset,train,invalid_label_columns,sangam-Braillie/dataset/train/labels/db14_png_jpg.rf.c134d1d46044bcde26e65e652670837d.txt,line 24: expected 5 columns got 11
sangam-Braillie__dataset,train,invalid_label_columns,sangam-Braillie/dataset/train/labels/db14_png_jpg.rf.c134d1d46044bcde26e65e652670837d.txt,line 25: expected 5 columns got 11
sangam-Braillie__dataset,train,invalid_label_columns,sangam-Braillie/dataset/train/labels/db14_png_jpg.rf.c134d1d46044bcde26e65e652670837d.txt,line 26: expected 5 columns got 11
sangam-Braillie__dataset,train,invalid_label_columns,sangam-Braillie/dataset/train/labels/db14_png_jpg.rf.c134d1d46044bcde26e65e652670837d.txt,line 27: expected 5 columns got 13
sangam-Braillie__dataset,train,invalid_label_columns,sangam-Braillie/dataset/train/labels/db14_png_jpg.rf.c134d1d46044bcde26e65e652670837d.txt,line 28: expected 5 columns got 11
sangam-Braillie__dataset,train,invalid_label_columns,sangam-Braillie/dataset/train/labels/db15_jpg.rf.676e200f2f12d243736052de5e3b874f.txt,line 1: expected 5 columns got 11
sangam-Braillie__dataset,train,invalid_label_columns,sangam-Braillie/dataset/train/labels/db15_jpg.rf.676e200f2f12d243736052de5e3b874f.txt,line 2: expected 5 columns got 11
sangam-Braillie__dataset,train,invalid_label_columns,sangam-Braillie/dataset/train/labels/db15_jpg.rf.676e200f2f12d243736052de5e3b874f.txt,line 3: expected 5 columns got 11
sangam-Braillie__dataset,train,invalid_label_columns,sangam-Braillie/dataset/train/labels/db15_jpg.rf.676e200f2f12d243736052de5e3b874f.txt,line 4: expected 5 columns got 11
sangam-Braillie__dataset,train,invalid_label_columns,sangam-Braillie/dataset/train/labels/db15_jpg.rf.676e200f2f12d243736052de5e3b874f.txt,line 5: expected 5 columns got 11
sangam-Braillie__dataset,train,invalid_label_columns,sangam-Braillie/dataset/train/labels/db15_jpg.rf.676e200f2f12d243736052de5e3b874f.txt,line 6: expected 5 columns got 11
sangam-Braillie__dataset,train,invalid_label_columns,sangam-Braillie/dataset/train/labels/db15_jpg.rf.676e200f2f12d243736052de5e3b874f.txt,line 7: expected 5 columns got 11
sangam-Braillie__dataset,train,invalid_label_columns,sangam-Braillie/dataset/train/labels/db15_jpg.rf.676e200f2f12d243736052de5e3b874f.txt,line 8: expected 5 columns got 11
sangam-Braillie__dataset,train,invalid_label_columns,sangam-Braillie/dataset/train/labels/db15_jpg.rf.676e200f2f12d243736052de5e3b874f.txt,line 9: expected 5 columns got 11
sangam-Braillie__dataset,train,invalid_label_columns,sangam-Braillie/dataset/train/labels/db15_jpg.rf.676e200f2f12d243736052de5e3b874f.txt,line 10: expected 5 columns got 11
sangam-Braillie__dataset,train,invalid_label_columns,sangam-Braillie/dataset/train/labels/db15_jpg.rf.676e200f2f12d243736052de5e3b874f.txt,line 11: expected 5 columns got 11
sangam-Braillie__dataset,train,invalid_label_columns,sangam-Braillie/dataset/train/labels/db15_jpg.rf.676e200f2f12d243736052de5e3b874f.txt,line 12: expected 5 columns got 11
sangam-Braillie__dataset,train,invalid_label_columns,sangam-Braillie/dataset/train/labels/db15_jpg.rf.676e200f2f12d243736052de5e3b874f.txt,line 13: expected 5 columns got 11
sangam-Braillie__dataset,train,invalid_label_columns,sangam-Braillie/dataset/train/labels/db15_jpg.rf.676e200f2f12d243736052de5e3b874f.txt,line 14: expected 5 columns got 11
sangam-Braillie__dataset,train,invalid_label_columns,sangam-Braillie/dataset/train/labels/db15_jpg.rf.676e200f2f12d243736052de5e3b874f.txt,line 15: expected 5 columns got 11
sangam-Braillie__dataset,train,invalid_label_columns,sangam-Braillie/dataset/train/labels/db15_jpg.rf.676e200f2f12d243736052de5e3b874f.txt,line 16: expected 5 columns got 11
sangam-Braillie__dataset,train,invalid_label_columns,sangam-Braillie/dataset/train/labels/db15_jpg.rf.676e200f2f12d243736052de5e3b874f.txt,line 17: expected 5 columns got 11
sangam-Braillie__dataset,train,invalid_label_columns,sangam-Braillie/dataset/train/labels/db15_jpg.rf.676e200f2f12d243736052de5e3b874f.txt,line 18: expected 5 columns got 11
sangam-Braillie__dataset,train,invalid_label_columns,sangam-Braillie/dataset/train/labels/db15_jpg.rf.676e200f2f12d243736052de5e3b874f.txt,line 19: expected 5 columns got 11
sangam-Braillie__dataset,train,invalid_label_columns,sangam-Braillie/dataset/train/labels/db15_jpg.rf.676e200f2f12d243736052de5e3b874f.txt,line 20: expected 5 columns got 11
sangam-Braillie__dataset,train,invalid_label_columns,sangam-Braillie/dataset/train/labels/db15_jpg.rf.676e200f2f12d243736052de5e3b874f.txt,line 21: expected 5 columns got 11
sangam-Braillie__dataset,train,invalid_label_columns,sangam-Braillie/dataset/train/labels/db15_jpg.rf.676e200f2f12d243736052de5e3b874f.txt,line 22: expected 5 columns got 13
sangam-Braillie__dataset,train,invalid_label_columns,sangam-Braillie/dataset/train/labels/db15_jpg.rf.676e200f2f12d243736052de5e3b874f.txt,line 23: expected 5 columns got 11
sangam-Braillie__dataset,train,invalid_label_columns,sangam-Braillie/dataset/train/labels/db15_jpg.rf.676e200f2f12d243736052de5e3b874f.txt,line 24: expected 5 columns got 11
sangam-Braillie__dataset,train,invalid_label_columns,sangam-Braillie/dataset/train/labels/db15_jpg.rf.676e200f2f12d243736052de5e3b874f.txt,line 25: expected 5 columns got 11
sangam-Braillie__dataset,train,invalid_label_columns,sangam-Braillie/dataset/train/labels/db15_jpg.rf.676e200f2f12d243736052de5e3b874f.txt,line 26: expected 5 columns got 11
sangam-Braillie__dataset,train,invalid_label_columns,sangam-Braillie/dataset/train/labels/db15_jpg.rf.676e200f2f12d243736052de5e3b874f.txt,line 27: expected 5 columns got 11
sangam-Braillie__dataset,train,invalid_label_columns,sangam-Braillie/dataset/train/labels/db15_jpg.rf.b4cb06ff74336d6e8e71967b87b1b157.txt,line 1: expected 5 columns got 11
sangam-Braillie__dataset,train,invalid_label_columns,sangam-Braillie/dataset/train/labels/db15_jpg.rf.b4cb06ff74336d6e8e71967b87b1b157.txt,line 2: expected 5 columns got 11
sangam-Braillie__dataset,train,invalid_label_columns,sangam-Braillie/dataset/train/labels/db15_jpg.rf.b4cb06ff74336d6e8e71967b87b1b157.txt,line 3: expected 5 columns got 11
sangam-Braillie__dataset,train,invalid_label_columns,sangam-Braillie/dataset/train/labels/db15_jpg.rf.b4cb06ff74336d6e8e71967b87b1b157.txt,line 4: expected 5 columns got 11
sangam-Braillie__dataset,train,invalid_label_columns,sangam-Braillie/dataset/train/labels/db15_jpg.rf.b4cb06ff74336d6e8e71967b87b1b157.txt,line 5: expected 5 columns got 11
sangam-Braillie__dataset,train,invalid_label_columns,sangam-Braillie/dataset/train/labels/db15_jpg.rf.b4cb06ff74336d6e8e71967b87b1b157.txt,line 6: expected 5 columns got 11
sangam-Braillie__dataset,train,invalid_label_columns,sangam-Braillie/dataset/train/labels/db15_jpg.rf.b4cb06ff74336d6e8e71967b87b1b157.txt,line 7: expected 5 columns got 11
sangam-Braillie__dataset,train,invalid_label_columns,sangam-Braillie/dataset/train/labels/db15_jpg.rf.b4cb06ff74336d6e8e71967b87b1b157.txt,line 8: expected 5 columns got 11
sangam-Braillie__dataset,train,invalid_label_columns,sangam-Braillie/dataset/train/labels/db15_jpg.rf.b4cb06ff74336d6e8e71967b87b1b157.txt,line 9: expected 5 columns got 11
sangam-Braillie__dataset,train,invalid_label_columns,sangam-Braillie/dataset/train/labels/db15_jpg.rf.b4cb06ff74336d6e8e71967b87b1b157.txt,line 10: expected 5 columns got 11
sangam-Braillie__dataset,train,invalid_label_columns,sangam-Braillie/dataset/train/labels/db15_jpg.rf.b4cb06ff74336d6e8e71967b87b1b157.txt,line 11: expected 5 columns got 11
sangam-Braillie__dataset,train,invalid_label_columns,sangam-Braillie/dataset/train/labels/db15_jpg.rf.b4cb06ff74336d6e8e71967b87b1b157.txt,line 12: expected 5 columns got 11
sangam-Braillie__dataset,train,invalid_label_columns,sangam-Braillie/dataset/train/labels/db15_jpg.rf.b4cb06ff74336d6e8e71967b87b1b157.txt,line 13: expected 5 columns got 11
sangam-Braillie__dataset,train,invalid_label_columns,sangam-Braillie/dataset/train/labels/db15_jpg.rf.b4cb06ff74336d6e8e71967b87b1b157.txt,line 14: expected 5 columns got 11
sangam-Braillie__dataset,train,invalid_label_columns,sangam-Braillie/dataset/train/labels/db15_jpg.rf.b4cb06ff74336d6e8e71967b87b1b157.txt,line 15: expected 5 columns got 11
sangam-Braillie__dataset,train,invalid_label_columns,sangam-Braillie/dataset/train/labels/db15_jpg.rf.b4cb06ff74336d6e8e71967b87b1b157.txt,line 16: expected 5 columns got 11
sangam-Braillie__dataset,train,invalid_label_columns,sangam-Braillie/dataset/train/labels/db15_jpg.rf.b4cb06ff74336d6e8e71967b87b1b157.txt,line 17: expected 5 columns got 11
sangam-Braillie__dataset,train,invalid_label_columns,sangam-Braillie/dataset/train/labels/db15_jpg.rf.b4cb06ff74336d6e8e71967b87b1b157.txt,line 18: expected 5 columns got 11
sangam-Braillie__dataset,train,invalid_label_columns,sangam-Braillie/dataset/train/labels/db15_jpg.rf.b4cb06ff74336d6e8e71967b87b1b157.txt,line 19: expected 5 columns got 11
sangam-Braillie__dataset,train,invalid_label_columns,sangam-Braillie/dataset/train/labels/db15_jpg.rf.b4cb06ff74336d6e8e71967b87b1b157.txt,line 20: expected 5 columns got 11
sangam-Braillie__dataset,train,invalid_label_columns,sangam-Braillie/dataset/train/labels/db15_jpg.rf.b4cb06ff74336d6e8e71967b87b1b157.txt,line 21: expected 5 columns got 11
sangam-Braillie__dataset,train,invalid_label_columns,sangam-Braillie/dataset/train/labels/db15_jpg.rf.b4cb06ff74336d6e8e71967b87b1b157.txt,line 22: expected 5 columns got 13
sangam-Braillie__dataset,train,invalid_label_columns,sangam-Braillie/dataset/train/labels/db15_jpg.rf.b4cb06ff74336d6e8e71967b87b1b157.txt,line 23: expected 5 columns got 11
sangam-Braillie__dataset,train,invalid_label_columns,sangam-Braillie/dataset/train/labels/db15_jpg.rf.b4cb06ff74336d6e8e71967b87b1b157.txt,line 24: expected 5 columns got 11
sangam-Braillie__dataset,train,invalid_label_columns,sangam-Braillie/dataset/train/labels/db15_jpg.rf.b4cb06ff74336d6e8e71967b87b1b157.txt,line 25: expected 5 columns got 11
sangam-Braillie__dataset,train,invalid_label_columns,sangam-Braillie/dataset/train/labels/db15_jpg.rf.b4cb06ff74336d6e8e71967b87b1b157.txt,line 26: expected 5 columns got 11
sangam-Braillie__dataset,train,invalid_label_columns,sangam-Braillie/dataset/train/labels/db15_jpg.rf.b4cb06ff74336d6e8e71967b87b1b157.txt,line 27: expected 5 columns got 11
sangam-Braillie__dataset,train,invalid_label_columns,sangam-Braillie/dataset/train/labels/db16_png_jpg.rf.c4710705a994f1720ff4f30a6f3fc0f5.txt,line 1: expected 5 columns got 11
sangam-Braillie__dataset,train,invalid_label_columns,sangam-Braillie/dataset/train/labels/db16_png_jpg.rf.c4710705a994f1720ff4f30a6f3fc0f5.txt,line 2: expected 5 columns got 11
sangam-Braillie__dataset,train,invalid_label_columns,sangam-Braillie/dataset/train/labels/db16_png_jpg.rf.c4710705a994f1720ff4f30a6f3fc0f5.txt,line 3: expected 5 columns got 11
sangam-Braillie__dataset,train,invalid_label_columns,sangam-Braillie/dataset/train/labels/db16_png_jpg.rf.c4710705a994f1720ff4f30a6f3fc0f5.txt,line 4: expected 5 columns got 11
sangam-Braillie__dataset,train,invalid_label_columns,sangam-Braillie/dataset/train/labels/db16_png_jpg.rf.c4710705a994f1720ff4f30a6f3fc0f5.txt,line 5: expected 5 columns got 11
sangam-Braillie__dataset,train,invalid_label_columns,sangam-Braillie/dataset/train/labels/db16_png_jpg.rf.c4710705a994f1720ff4f30a6f3fc0f5.txt,line 6: expected 5 columns got 11
sangam-Braillie__dataset,train,invalid_label_columns,sangam-Braillie/dataset/train/labels/db16_png_jpg.rf.c4710705a994f1720ff4f30a6f3fc0f5.txt,line 7: expected 5 columns got 11
sangam-Braillie__dataset,train,invalid_label_columns,sangam-Braillie/dataset/train/labels/db16_png_jpg.rf.c4710705a994f1720ff4f30a6f3fc0f5.txt,line 8: expected 5 columns got 11
sangam-Braillie__dataset,train,invalid_label_columns,sangam-Braillie/dataset/train/labels/db16_png_jpg.rf.c4710705a994f1720ff4f30a6f3fc0f5.txt,line 9: expected 5 columns got 11
sangam-Braillie__dataset,train,invalid_label_columns,sangam-Braillie/dataset/train/labels/db16_png_jpg.rf.c4710705a994f1720ff4f30a6f3fc0f5.txt,line 10: expected 5 columns got 11
sangam-Braillie__dataset,train,invalid_label_columns,sangam-Braillie/dataset/train/labels/db16_png_jpg.rf.c4710705a994f1720ff4f30a6f3fc0f5.txt,line 11: expected 5 columns got 13
sangam-Braillie__dataset,train,invalid_label_columns,sangam-Braillie/dataset/train/labels/db16_png_jpg.rf.c4710705a994f1720ff4f30a6f3fc0f5.txt,line 12: expected 5 columns got 11
sangam-Braillie__dataset,train,invalid_label_columns,sangam-Braillie/dataset/train/labels/db16_png_jpg.rf.c4710705a994f1720ff4f30a6f3fc0f5.txt,line 13: expected 5 columns got 11
sangam-Braillie__dataset,train,invalid_label_columns,sangam-Braillie/dataset/train/labels/db16_png_jpg.rf.c4710705a994f1720ff4f30a6f3fc0f5.txt,line 14: expected 5 columns got 11
sangam-Braillie__dataset,train,invalid_label_columns,sangam-Braillie/dataset/train/labels/db16_png_jpg.rf.c4710705a994f1720ff4f30a6f3fc0f5.txt,line 15: expected 5 columns got 11
sangam-Braillie__dataset,train,invalid_label_columns,sangam-Braillie/dataset/train/labels/db16_png_jpg.rf.c4710705a994f1720ff4f30a6f3fc0f5.txt,line 16: expected 5 columns got 11
sangam-Braillie__dataset,train,invalid_label_columns,sangam-Braillie/dataset/train/labels/db16_png_jpg.rf.c4710705a994f1720ff4f30a6f3fc0f5.txt,line 17: expected 5 columns got 11
sangam-Braillie__dataset,train,invalid_label_columns,sangam-Braillie/dataset/train/labels/db16_png_jpg.rf.c4710705a994f1720ff4f30a6f3fc0f5.txt,line 18: expected 5 columns got 11
sangam-Braillie__dataset,train,invalid_label_columns,sangam-Braillie/dataset/train/labels/db16_png_jpg.rf.c4710705a994f1720ff4f30a6f3fc0f5.txt,line 19: expected 5 columns got 11
sangam-Braillie__dataset,train,invalid_label_columns,sangam-Braillie/dataset/train/labels/db16_png_jpg.rf.c4710705a994f1720ff4f30a6f3fc0f5.txt,line 20: expected 5 columns got 11
sangam-Braillie__dataset,train,invalid_label_columns,sangam-Braillie/dataset/train/labels/db16_png_jpg.rf.c4710705a994f1720ff4f30a6f3fc0f5.txt,line 21: expected 5 columns got 11
sangam-Braillie__dataset,train,invalid_label_columns,sangam-Braillie/dataset/train/labels/db16_png_jpg.rf.c4710705a994f1720ff4f30a6f3fc0f5.txt,line 22: expected 5 columns got 11
sangam-Braillie__dataset,train,invalid_label_columns,sangam-Braillie/dataset/train/labels/db16_png_jpg.rf.c4710705a994f1720ff4f30a6f3fc0f5.txt,line 23: expected 5 columns got 11
sangam-Braillie__dataset,train,invalid_label_columns,sangam-Braillie/dataset/train/labels/db16_png_jpg.rf.c4710705a994f1720ff4f30a6f3fc0f5.txt,line 24: expected 5 columns got 11
sangam-Braillie__dataset,train,invalid_label_columns,sangam-Braillie/dataset/train/labels/db16_png_jpg.rf.c4710705a994f1720ff4f30a6f3fc0f5.txt,line 25: expected 5 columns got 11
sangam-Braillie__dataset,train,invalid_label_columns,sangam-Braillie/dataset/train/labels/db16_png_jpg.rf.d268805d1f4c2b4374614e6895305b47.txt,line 1: expected 5 columns got 11
sangam-Braillie__dataset,train,invalid_label_columns,sangam-Braillie/dataset/train/labels/db16_png_jpg.rf.d268805d1f4c2b4374614e6895305b47.txt,line 2: expected 5 columns got 11
sangam-Braillie__dataset,train,invalid_label_columns,sangam-Braillie/dataset/train/labels/db16_png_jpg.rf.d268805d1f4c2b4374614e6895305b47.txt,line 3: expected 5 columns got 11
sangam-Braillie__dataset,train,invalid_label_columns,sangam-Braillie/dataset/train/labels/db16_png_jpg.rf.d268805d1f4c2b4374614e6895305b47.txt,line 4: expected 5 columns got 11
sangam-Braillie__dataset,train,invalid_label_columns,sangam-Braillie/dataset/train/labels/db16_png_jpg.rf.d268805d1f4c2b4374614e6895305b47.txt,line 5: expected 5 columns got 11
sangam-Braillie__dataset,train,invalid_label_columns,sangam-Braillie/dataset/train/labels/db16_png_jpg.rf.d268805d1f4c2b4374614e6895305b47.txt,line 6: expected 5 columns got 11
sangam-Braillie__dataset,train,invalid_label_columns,sangam-Braillie/dataset/train/labels/db16_png_jpg.rf.d268805d1f4c2b4374614e6895305b47.txt,line 7: expected 5 columns got 11
sangam-Braillie__dataset,train,invalid_label_columns,sangam-Braillie/dataset/train/labels/db16_png_jpg.rf.d268805d1f4c2b4374614e6895305b47.txt,line 8: expected 5 columns got 11
sangam-Braillie__dataset,train,invalid_label_columns,sangam-Braillie/dataset/train/labels/db16_png_jpg.rf.d268805d1f4c2b4374614e6895305b47.txt,line 9: expected 5 columns got 11
sangam-Braillie__dataset,train,invalid_label_columns,sangam-Braillie/dataset/train/labels/db16_png_jpg.rf.d268805d1f4c2b4374614e6895305b47.txt,line 10: expected 5 columns got 11
sangam-Braillie__dataset,train,invalid_label_columns,sangam-Braillie/dataset/train/labels/db16_png_jpg.rf.d268805d1f4c2b4374614e6895305b47.txt,line 11: expected 5 columns got 13
sangam-Braillie__dataset,train,invalid_label_columns,sangam-Braillie/dataset/train/labels/db16_png_jpg.rf.d268805d1f4c2b4374614e6895305b47.txt,line 12: expected 5 columns got 11
sangam-Braillie__dataset,train,invalid_label_columns,sangam-Braillie/dataset/train/labels/db16_png_jpg.rf.d268805d1f4c2b4374614e6895305b47.txt,line 13: expected 5 columns got 11
sangam-Braillie__dataset,train,invalid_label_columns,sangam-Braillie/dataset/train/labels/db16_png_jpg.rf.d268805d1f4c2b4374614e6895305b47.txt,line 14: expected 5 columns got 11
sangam-Braillie__dataset,train,invalid_label_columns,sangam-Braillie/dataset/train/labels/db16_png_jpg.rf.d268805d1f4c2b4374614e6895305b47.txt,line 15: expected 5 columns got 11
sangam-Braillie__dataset,train,invalid_label_columns,sangam-Braillie/dataset/train/labels/db16_png_jpg.rf.d268805d1f4c2b4374614e6895305b47.txt,line 16: expected 5 columns got 11
sangam-Braillie__dataset,train,invalid_label_columns,sangam-Braillie/dataset/train/labels/db16_png_jpg.rf.d268805d1f4c2b4374614e6895305b47.txt,line 17: expected 5 columns got 11
sangam-Braillie__dataset,train,invalid_label_columns,sangam-Braillie/dataset/train/labels/db16_png_jpg.rf.d268805d1f4c2b4374614e6895305b47.txt,line 18: expected 5 columns got 11
sangam-Braillie__dataset,train,invalid_label_columns,sangam-Braillie/dataset/train/labels/db16_png_jpg.rf.d268805d1f4c2b4374614e6895305b47.txt,line 19: expected 5 columns got 11
sangam-Braillie__dataset,train,invalid_label_columns,sangam-Braillie/dataset/train/labels/db16_png_jpg.rf.d268805d1f4c2b4374614e6895305b47.txt,line 20: expected 5 columns got 11
sangam-Braillie__dataset,train,invalid_label_columns,sangam-Braillie/dataset/train/labels/db16_png_jpg.rf.d268805d1f4c2b4374614e6895305b47.txt,line 21: expected 5 columns got 11
sangam-Braillie__dataset,train,invalid_label_columns,sangam-Braillie/dataset/train/labels/db16_png_jpg.rf.d268805d1f4c2b4374614e6895305b47.txt,line 22: expected 5 columns got 11
sangam-Braillie__dataset,train,invalid_label_columns,sangam-Braillie/dataset/train/labels/db16_png_jpg.rf.d268805d1f4c2b4374614e6895305b47.txt,line 23: expected 5 columns got 11
sangam-Braillie__dataset,train,invalid_label_columns,sangam-Braillie/dataset/train/labels/db16_png_jpg.rf.d268805d1f4c2b4374614e6895305b47.txt,line 24: expected 5 columns got 11
sangam-Braillie__dataset,train,invalid_label_columns,sangam-Braillie/dataset/train/labels/db16_png_jpg.rf.d268805d1f4c2b4374614e6895305b47.txt,line 25: expected 5 columns got 11
sangam-Braillie__dataset,train,invalid_label_columns,sangam-Braillie/dataset/train/labels/db23_png_jpg.rf.cb51c59450ca2aa0c813b19bf826407b.txt,line 1: expected 5 columns got 11
sangam-Braillie__dataset,train,invalid_label_columns,sangam-Braillie/dataset/train/labels/db23_png_jpg.rf.cb51c59450ca2aa0c813b19bf826407b.txt,line 2: expected 5 columns got 11
sangam-Braillie__dataset,train,invalid_label_columns,sangam-Braillie/dataset/train/labels/db23_png_jpg.rf.cb51c59450ca2aa0c813b19bf826407b.txt,line 3: expected 5 columns got 11
sangam-Braillie__dataset,train,invalid_label_columns,sangam-Braillie/dataset/train/labels/db23_png_jpg.rf.cb51c59450ca2aa0c813b19bf826407b.txt,line 4: expected 5 columns got 11
sangam-Braillie__dataset,train,invalid_label_columns,sangam-Braillie/dataset/train/labels/db24_jpg.rf.791180d8bc98d04f111337d017300cfa.txt,line 1: expected 5 columns got 11
sangam-Braillie__dataset,train,invalid_label_columns,sangam-Braillie/dataset/train/labels/db24_jpg.rf.791180d8bc98d04f111337d017300cfa.txt,line 2: expected 5 columns got 11
sangam-Braillie__dataset,train,invalid_label_columns,sangam-Braillie/dataset/train/labels/db24_jpg.rf.791180d8bc98d04f111337d017300cfa.txt,line 3: expected 5 columns got 11
sangam-Braillie__dataset,train,invalid_label_columns,sangam-Braillie/dataset/train/labels/db24_jpg.rf.791180d8bc98d04f111337d017300cfa.txt,line 4: expected 5 columns got 11
sangam-Braillie__dataset,train,invalid_label_columns,sangam-Braillie/dataset/train/labels/db25_png_jpg.rf.c2a6e09d8e1b5972d9b925bbb5b8e710.txt,line 1: expected 5 columns got 11
sangam-Braillie__dataset,train,invalid_label_columns,sangam-Braillie/dataset/train/labels/db25_png_jpg.rf.c2a6e09d8e1b5972d9b925bbb5b8e710.txt,line 2: expected 5 columns got 11
sangam-Braillie__dataset,train,invalid_label_columns,sangam-Braillie/dataset/train/labels/db25_png_jpg.rf.c2a6e09d8e1b5972d9b925bbb5b8e710.txt,line 3: expected 5 columns got 11
sangam-Braillie__dataset,train,invalid_label_columns,sangam-Braillie/dataset/train/labels/db25_png_jpg.rf.c2a6e09d8e1b5972d9b925bbb5b8e710.txt,line 4: expected 5 columns got 11
sangam-Braillie__dataset,train,invalid_label_columns,sangam-Braillie/dataset/train/labels/db25_png_jpg.rf.c2a6e09d8e1b5972d9b925bbb5b8e710.txt,line 5: expected 5 columns got 11
sangam-Braillie__dataset,train,invalid_label_columns,sangam-Braillie/dataset/train/labels/db25_png_jpg.rf.c2a6e09d8e1b5972d9b925bbb5b8e710.txt,line 6: expected 5 columns got 11
sangam-Braillie__dataset,train,invalid_label_columns,sangam-Braillie/dataset/train/labels/db27_png_jpg.rf.00bb560de6d123a9bfef60b275a9dccd.txt,line 1: expected 5 columns got 11
sangam-Braillie__dataset,train,invalid_label_columns,sangam-Braillie/dataset/train/labels/db27_png_jpg.rf.00bb560de6d123a9bfef60b275a9dccd.txt,line 2: expected 5 columns got 11
sangam-Braillie__dataset,train,invalid_label_columns,sangam-Braillie/dataset/train/labels/db27_png_jpg.rf.00bb560de6d123a9bfef60b275a9dccd.txt,line 3: expected 5 columns got 11
sangam-Braillie__dataset,train,invalid_label_columns,sangam-Braillie/dataset/train/labels/db27_png_jpg.rf.00bb560de6d123a9bfef60b275a9dccd.txt,line 4: expected 5 columns got 11
sangam-Braillie__dataset,train,invalid_label_columns,sangam-Braillie/dataset/train/labels/db27_png_jpg.rf.00bb560de6d123a9bfef60b275a9dccd.txt,line 5: expected 5 columns got 11
sangam-Braillie__dataset,train,invalid_label_columns,sangam-Braillie/dataset/train/labels/db27_png_jpg.rf.00bb560de6d123a9bfef60b275a9dccd.txt,line 6: expected 5 columns got 11
sangam-Braillie__dataset,train,invalid_label_columns,sangam-Braillie/dataset/train/labels/db27_png_jpg.rf.00bb560de6d123a9bfef60b275a9dccd.txt,line 7: expected 5 columns got 11
sangam-Braillie__dataset,train,invalid_label_columns,sangam-Braillie/dataset/train/labels/db27_png_jpg.rf.00bb560de6d123a9bfef60b275a9dccd.txt,line 8: expected 5 columns got 11
sangam-Braillie__dataset,train,invalid_label_columns,sangam-Braillie/dataset/train/labels/db27_png_jpg.rf.0cf3f441b24438c5efd835dfdc0231d5.txt,line 1: expected 5 columns got 11
sangam-Braillie__dataset,train,invalid_label_columns,sangam-Braillie/dataset/train/labels/db27_png_jpg.rf.0cf3f441b24438c5efd835dfdc0231d5.txt,line 2: expected 5 columns got 11
sangam-Braillie__dataset,train,invalid_label_columns,sangam-Braillie/dataset/train/labels/db27_png_jpg.rf.0cf3f441b24438c5efd835dfdc0231d5.txt,line 3: expected 5 columns got 11
sangam-Braillie__dataset,train,invalid_label_columns,sangam-Braillie/dataset/train/labels/db27_png_jpg.rf.0cf3f441b24438c5efd835dfdc0231d5.txt,line 4: expected 5 columns got 11
sangam-Braillie__dataset,train,invalid_label_columns,sangam-Braillie/dataset/train/labels/db27_png_jpg.rf.0cf3f441b24438c5efd835dfdc0231d5.txt,line 5: expected 5 columns got 11
sangam-Braillie__dataset,train,invalid_label_columns,sangam-Braillie/dataset/train/labels/db27_png_jpg.rf.0cf3f441b24438c5efd835dfdc0231d5.txt,line 6: expected 5 columns got 11
sangam-Braillie__dataset,train,invalid_label_columns,sangam-Braillie/dataset/train/labels/db27_png_jpg.rf.0cf3f441b24438c5efd835dfdc0231d5.txt,line 7: expected 5 columns got 11
sangam-Braillie__dataset,train,invalid_label_columns,sangam-Braillie/dataset/train/labels/db27_png_jpg.rf.0cf3f441b24438c5efd835dfdc0231d5.txt,line 8: expected 5 columns got 11
sangam-Braillie__dataset,train,invalid_label_columns,sangam-Braillie/dataset/train/labels/db30_png_jpg.rf.1ae94f24e55cc397679ca70a12615611.txt,line 1: expected 5 columns got 11
sangam-Braillie__dataset,train,invalid_label_columns,sangam-Braillie/dataset/train/labels/db30_png_jpg.rf.1ae94f24e55cc397679ca70a12615611.txt,line 2: expected 5 columns got 11
sangam-Braillie__dataset,train,invalid_label_columns,sangam-Braillie/dataset/train/labels/db30_png_jpg.rf.1ae94f24e55cc397679ca70a12615611.txt,line 3: expected 5 columns got 11
sangam-Braillie__dataset,train,invalid_label_columns,sangam-Braillie/dataset/train/labels/db30_png_jpg.rf.1ae94f24e55cc397679ca70a12615611.txt,line 4: expected 5 columns got 11
sangam-Braillie__dataset,train,invalid_label_columns,sangam-Braillie/dataset/train/labels/db30_png_jpg.rf.1ae94f24e55cc397679ca70a12615611.txt,line 5: expected 5 columns got 11
sangam-Braillie__dataset,train,invalid_label_columns,sangam-Braillie/dataset/train/labels/db30_png_jpg.rf.69eb5384c9810edcacd924be2d026db0.txt,line 1: expected 5 columns got 11
sangam-Braillie__dataset,train,invalid_label_columns,sangam-Braillie/dataset/train/labels/db30_png_jpg.rf.69eb5384c9810edcacd924be2d026db0.txt,line 2: expected 5 columns got 11
sangam-Braillie__dataset,train,invalid_label_columns,sangam-Braillie/dataset/train/labels/db30_png_jpg.rf.69eb5384c9810edcacd924be2d026db0.txt,line 3: expected 5 columns got 11
sangam-Braillie__dataset,train,invalid_label_columns,sangam-Braillie/dataset/train/labels/db30_png_jpg.rf.69eb5384c9810edcacd924be2d026db0.txt,line 4: expected 5 columns got 11
sangam-Braillie__dataset,train,invalid_label_columns,sangam-Braillie/dataset/train/labels/db30_png_jpg.rf.69eb5384c9810edcacd924be2d026db0.txt,line 5: expected 5 columns got 11
sangam-Braillie__dataset,train,invalid_label_columns,sangam-Braillie/dataset/train/labels/db31_png_jpg.rf.a3e78668e4cfeb180fc368933806147c.txt,line 1: expected 5 columns got 11
sangam-Braillie__dataset,train,invalid_label_columns,sangam-Braillie/dataset/train/labels/db31_png_jpg.rf.a3e78668e4cfeb180fc368933806147c.txt,line 2: expected 5 columns got 11
sangam-Braillie__dataset,train,invalid_label_columns,sangam-Braillie/dataset/train/labels/db31_png_jpg.rf.a3e78668e4cfeb180fc368933806147c.txt,line 3: expected 5 columns got 11
sangam-Braillie__dataset,train,invalid_label_columns,sangam-Braillie/dataset/train/labels/db31_png_jpg.rf.a3e78668e4cfeb180fc368933806147c.txt,line 4: expected 5 columns got 11
sangam-Braillie__dataset,train,invalid_label_columns,sangam-Braillie/dataset/train/labels/db31_png_jpg.rf.a3e78668e4cfeb180fc368933806147c.txt,line 5: expected 5 columns got 13
sangam-Braillie__dataset,train,invalid_label_columns,sangam-Braillie/dataset/train/labels/db32_png_jpg.rf.c1b83d227dc947c36a7d193d4982d94e.txt,line 1: expected 5 columns got 11
sangam-Braillie__dataset,train,invalid_label_columns,sangam-Braillie/dataset/train/labels/db32_png_jpg.rf.c1b83d227dc947c36a7d193d4982d94e.txt,line 2: expected 5 columns got 11
sangam-Braillie__dataset,train,invalid_label_columns,sangam-Braillie/dataset/train/labels/db32_png_jpg.rf.c1b83d227dc947c36a7d193d4982d94e.txt,line 3: expected 5 columns got 11
sangam-Braillie__dataset,train,invalid_label_columns,sangam-Braillie/dataset/train/labels/db32_png_jpg.rf.c1b83d227dc947c36a7d193d4982d94e.txt,line 4: expected 5 columns got 11
sangam-Braillie__dataset,train,invalid_label_columns,sangam-Braillie/dataset/train/labels/db32_png_jpg.rf.c1b83d227dc947c36a7d193d4982d94e.txt,line 5: expected 5 columns got 11
sangam-Braillie__dataset,train,invalid_label_columns,sangam-Braillie/dataset/train/labels/db32_png_jpg.rf.c1b83d227dc947c36a7d193d4982d94e.txt,line 6: expected 5 columns got 11
sangam-Braillie__dataset,train,invalid_label_columns,sangam-Braillie/dataset/train/labels/db32_png_jpg.rf.c1b83d227dc947c36a7d193d4982d94e.txt,line 7: expected 5 columns got 11
sangam-Braillie__dataset,train,invalid_label_columns,sangam-Braillie/dataset/train/labels/db32_png_jpg.rf.c1b83d227dc947c36a7d193d4982d94e.txt,line 8: expected 5 columns got 11
sangam-Braillie__dataset,train,invalid_label_columns,sangam-Braillie/dataset/train/labels/db32_png_jpg.rf.c83fb2b9556bf4cb850688182a6b9524.txt,line 1: expected 5 columns got 11
sangam-Braillie__dataset,train,invalid_label_columns,sangam-Braillie/dataset/train/labels/db32_png_jpg.rf.c83fb2b9556bf4cb850688182a6b9524.txt,line 2: expected 5 columns got 11
sangam-Braillie__dataset,train,invalid_label_columns,sangam-Braillie/dataset/train/labels/db32_png_jpg.rf.c83fb2b9556bf4cb850688182a6b9524.txt,line 3: expected 5 columns got 11
sangam-Braillie__dataset,train,invalid_label_columns,sangam-Braillie/dataset/train/labels/db32_png_jpg.rf.c83fb2b9556bf4cb850688182a6b9524.txt,line 4: expected 5 columns got 11
sangam-Braillie__dataset,train,invalid_label_columns,sangam-Braillie/dataset/train/labels/db32_png_jpg.rf.c83fb2b9556bf4cb850688182a6b9524.txt,line 5: expected 5 columns got 11
sangam-Braillie__dataset,train,invalid_label_columns,sangam-Braillie/dataset/train/labels/db32_png_jpg.rf.c83fb2b9556bf4cb850688182a6b9524.txt,line 6: expected 5 columns got 11
sangam-Braillie__dataset,train,invalid_label_columns,sangam-Braillie/dataset/train/labels/db32_png_jpg.rf.c83fb2b9556bf4cb850688182a6b9524.txt,line 7: expected 5 columns got 11
sangam-Braillie__dataset,train,invalid_label_columns,sangam-Braillie/dataset/train/labels/db32_png_jpg.rf.c83fb2b9556bf4cb850688182a6b9524.txt,line 8: expected 5 columns got 11
sangam-Braillie__dataset,train,invalid_label_columns,sangam-Braillie/dataset/train/labels/db33_png_jpg.rf.e6c3748923bcc176c4798ad10e23e615.txt,line 1: expected 5 columns got 11
sangam-Braillie__dataset,train,invalid_label_columns,sangam-Braillie/dataset/train/labels/db33_png_jpg.rf.e6c3748923bcc176c4798ad10e23e615.txt,line 2: expected 5 columns got 11
sangam-Braillie__dataset,train,invalid_label_columns,sangam-Braillie/dataset/train/labels/db33_png_jpg.rf.e6c3748923bcc176c4798ad10e23e615.txt,line 3: expected 5 columns got 11
sangam-Braillie__dataset,train,invalid_label_columns,sangam-Braillie/dataset/train/labels/db33_png_jpg.rf.e6c3748923bcc176c4798ad10e23e615.txt,line 4: expected 5 columns got 11
sangam-Braillie__dataset,train,invalid_label_columns,sangam-Braillie/dataset/train/labels/db33_png_jpg.rf.e9e91e53da04060b244ddff01d2784a5.txt,line 1: expected 5 columns got 11
sangam-Braillie__dataset,train,invalid_label_columns,sangam-Braillie/dataset/train/labels/db33_png_jpg.rf.e9e91e53da04060b244ddff01d2784a5.txt,line 2: expected 5 columns got 11
sangam-Braillie__dataset,train,invalid_label_columns,sangam-Braillie/dataset/train/labels/db33_png_jpg.rf.e9e91e53da04060b244ddff01d2784a5.txt,line 3: expected 5 columns got 11
sangam-Braillie__dataset,train,invalid_label_columns,sangam-Braillie/dataset/train/labels/db33_png_jpg.rf.e9e91e53da04060b244ddff01d2784a5.txt,line 4: expected 5 columns got 11
sangam-Braillie__dataset,train,invalid_label_columns,sangam-Braillie/dataset/train/labels/IMG20230503105447_jpg.rf.d9b217a21e767563f3287a20b763263f.txt,line 1: expected 5 columns got 11
sangam-Braillie__dataset,train,invalid_label_columns,sangam-Braillie/dataset/train/labels/IMG20230503105447_jpg.rf.d9b217a21e767563f3287a20b763263f.txt,line 2: expected 5 columns got 11
sangam-Braillie__dataset,train,invalid_label_columns,sangam-Braillie/dataset/train/labels/IMG20230503105447_jpg.rf.d9b217a21e767563f3287a20b763263f.txt,line 3: expected 5 columns got 13
sangam-Braillie__dataset,train,invalid_label_columns,sangam-Braillie/dataset/train/labels/IMG20230503105447_jpg.rf.d9b217a21e767563f3287a20b763263f.txt,line 4: expected 5 columns got 11
sangam-Braillie__dataset,train,invalid_label_columns,sangam-Braillie/dataset/train/labels/IMG20230503105447_jpg.rf.d9b217a21e767563f3287a20b763263f.txt,line 5: expected 5 columns got 11
sangam-Braillie__dataset,train,invalid_label_columns,sangam-Braillie/dataset/train/labels/IMG20230503105447_jpg.rf.d9b217a21e767563f3287a20b763263f.txt,line 6: expected 5 columns got 11
sangam-Braillie__dataset,train,invalid_label_columns,sangam-Braillie/dataset/train/labels/IMG20230503105447_jpg.rf.d9b217a21e767563f3287a20b763263f.txt,line 7: expected 5 columns got 13
sangam-Braillie__dataset,train,invalid_label_columns,sangam-Braillie/dataset/train/labels/IMG20230503105447_jpg.rf.d9b217a21e767563f3287a20b763263f.txt,line 8: expected 5 columns got 11
sangam-Braillie__dataset,train,invalid_label_columns,sangam-Braillie/dataset/train/labels/IMG20230503105447_jpg.rf.d9b217a21e767563f3287a20b763263f.txt,line 9: expected 5 columns got 11
sangam-Braillie__dataset,train,invalid_label_columns,sangam-Braillie/dataset/train/labels/IMG20230503105447_jpg.rf.d9b217a21e767563f3287a20b763263f.txt,line 10: expected 5 columns got 11
sangam-Braillie__dataset,train,invalid_label_columns,sangam-Braillie/dataset/train/labels/IMG20230503105447_jpg.rf.d9b217a21e767563f3287a20b763263f.txt,line 11: expected 5 columns got 11
sangam-Braillie__dataset,train,invalid_label_columns,sangam-Braillie/dataset/train/labels/IMG20230503105447_jpg.rf.d9b217a21e767563f3287a20b763263f.txt,line 12: expected 5 columns got 11
sangam-Braillie__dataset,train,invalid_label_columns,sangam-Braillie/dataset/train/labels/IMG20230503105447_jpg.rf.d9b217a21e767563f3287a20b763263f.txt,line 13: expected 5 columns got 11
sangam-Braillie__dataset,train,invalid_label_columns,sangam-Braillie/dataset/train/labels/IMG20230503105447_jpg.rf.d9b217a21e767563f3287a20b763263f.txt,line 14: expected 5 columns got 11
sangam-Braillie__dataset,train,invalid_label_columns,sangam-Braillie/dataset/train/labels/IMG20230503105447_jpg.rf.d9b217a21e767563f3287a20b763263f.txt,line 15: expected 5 columns got 11
sangam-Braillie__dataset,train,invalid_label_columns,sangam-Braillie/dataset/train/labels/IMG20230503105447_jpg.rf.d9b217a21e767563f3287a20b763263f.txt,line 16: expected 5 columns got 11
sangam-Braillie__dataset,train,invalid_label_columns,sangam-Braillie/dataset/train/labels/IMG20230503105447_jpg.rf.d9b217a21e767563f3287a20b763263f.txt,line 17: expected 5 columns got 11
sangam-Braillie__dataset,train,invalid_label_columns,sangam-Braillie/dataset/train/labels/IMG20230503105447_jpg.rf.d9b217a21e767563f3287a20b763263f.txt,line 18: expected 5 columns got 11
sangam-Braillie__dataset,train,invalid_label_columns,sangam-Braillie/dataset/train/labels/IMG20230503105447_jpg.rf.d9b217a21e767563f3287a20b763263f.txt,line 19: expected 5 columns got 11
sangam-Braillie__dataset,train,invalid_label_columns,sangam-Braillie/dataset/train/labels/IMG20230503105447_jpg.rf.d9b217a21e767563f3287a20b763263f.txt,line 20: expected 5 columns got 11
sangam-Braillie__dataset,train,invalid_label_columns,sangam-Braillie/dataset/train/labels/IMG20230503105447_jpg.rf.d9b217a21e767563f3287a20b763263f.txt,line 21: expected 5 columns got 11
sangam-Braillie__dataset,train,invalid_label_columns,sangam-Braillie/dataset/train/labels/IMG20230503105447_jpg.rf.d9b217a21e767563f3287a20b763263f.txt,line 22: expected 5 columns got 11
sangam-Braillie__dataset,train,invalid_label_columns,sangam-Braillie/dataset/train/labels/IMG20230503105447_jpg.rf.d9b217a21e767563f3287a20b763263f.txt,line 23: expected 5 columns got 11
sangam-Braillie__dataset,train,invalid_label_columns,sangam-Braillie/dataset/train/labels/IMG20230503105447_jpg.rf.d9b217a21e767563f3287a20b763263f.txt,line 24: expected 5 columns got 11
sangam-Braillie__dataset,train,invalid_label_columns,sangam-Braillie/dataset/train/labels/IMG20230503105447_jpg.rf.d9b217a21e767563f3287a20b763263f.txt,line 25: expected 5 columns got 11
sangam-Braillie__dataset,train,invalid_label_columns,sangam-Braillie/dataset/train/labels/IMG20230503105457_jpg.rf.0be885124ae7026eed9465eb1e817e6c.txt,line 1: expected 5 columns got 11
sangam-Braillie__dataset,train,invalid_label_columns,sangam-Braillie/dataset/train/labels/IMG20230503105457_jpg.rf.0be885124ae7026eed9465eb1e817e6c.txt,line 2: expected 5 columns got 11
sangam-Braillie__dataset,train,invalid_label_columns,sangam-Braillie/dataset/train/labels/IMG20230503105457_jpg.rf.0be885124ae7026eed9465eb1e817e6c.txt,line 3: expected 5 columns got 11
sangam-Braillie__dataset,train,invalid_label_columns,sangam-Braillie/dataset/train/labels/IMG20230503105457_jpg.rf.0be885124ae7026eed9465eb1e817e6c.txt,line 4: expected 5 columns got 13
sangam-Braillie__dataset,train,invalid_label_columns,sangam-Braillie/dataset/train/labels/IMG20230503105457_jpg.rf.0be885124ae7026eed9465eb1e817e6c.txt,line 5: expected 5 columns got 11
sangam-Braillie__dataset,train,invalid_label_columns,sangam-Braillie/dataset/train/labels/IMG20230503105457_jpg.rf.0be885124ae7026eed9465eb1e817e6c.txt,line 6: expected 5 columns got 11
sangam-Braillie__dataset,train,invalid_label_columns,sangam-Braillie/dataset/train/labels/IMG20230503105457_jpg.rf.0be885124ae7026eed9465eb1e817e6c.txt,line 7: expected 5 columns got 11
sangam-Braillie__dataset,train,invalid_label_columns,sangam-Braillie/dataset/train/labels/IMG20230503105457_jpg.rf.0be885124ae7026eed9465eb1e817e6c.txt,line 8: expected 5 columns got 11
sangam-Braillie__dataset,train,invalid_label_columns,sangam-Braillie/dataset/train/labels/IMG20230503105457_jpg.rf.0be885124ae7026eed9465eb1e817e6c.txt,line 9: expected 5 columns got 11
sangam-Braillie__dataset,train,invalid_label_columns,sangam-Braillie/dataset/train/labels/IMG20230503105457_jpg.rf.0be885124ae7026eed9465eb1e817e6c.txt,line 10: expected 5 columns got 11
sangam-Braillie__dataset,train,invalid_label_columns,sangam-Braillie/dataset/train/labels/IMG20230503105457_jpg.rf.0be885124ae7026eed9465eb1e817e6c.txt,line 11: expected 5 columns got 11
sangam-Braillie__dataset,train,invalid_label_columns,sangam-Braillie/dataset/train/labels/IMG20230503105457_jpg.rf.0be885124ae7026eed9465eb1e817e6c.txt,line 12: expected 5 columns got 11
sangam-Braillie__dataset,train,invalid_label_columns,sangam-Braillie/dataset/train/labels/IMG20230503105457_jpg.rf.0be885124ae7026eed9465eb1e817e6c.txt,line 13: expected 5 columns got 11
sangam-Braillie__dataset,train,invalid_label_columns,sangam-Braillie/dataset/train/labels/IMG20230503105457_jpg.rf.0be885124ae7026eed9465eb1e817e6c.txt,line 14: expected 5 columns got 11
sangam-Braillie__dataset,train,invalid_label_columns,sangam-Braillie/dataset/train/labels/IMG20230503105457_jpg.rf.0be885124ae7026eed9465eb1e817e6c.txt,line 15: expected 5 columns got 11
sangam-Braillie__dataset,train,invalid_label_columns,sangam-Braillie/dataset/train/labels/IMG20230503105457_jpg.rf.0be885124ae7026eed9465eb1e817e6c.txt,line 16: expected 5 columns got 11
sangam-Braillie__dataset,train,invalid_label_columns,sangam-Braillie/dataset/train/labels/IMG20230503105457_jpg.rf.0be885124ae7026eed9465eb1e817e6c.txt,line 17: expected 5 columns got 11
sangam-Braillie__dataset,train,invalid_label_columns,sangam-Braillie/dataset/train/labels/IMG20230503105457_jpg.rf.0be885124ae7026eed9465eb1e817e6c.txt,line 18: expected 5 columns got 11
sangam-Braillie__dataset,train,invalid_label_columns,sangam-Braillie/dataset/train/labels/IMG20230503105457_jpg.rf.0be885124ae7026eed9465eb1e817e6c.txt,line 19: expected 5 columns got 11
sangam-Braillie__dataset,train,invalid_label_columns,sangam-Braillie/dataset/train/labels/IMG20230503105457_jpg.rf.0be885124ae7026eed9465eb1e817e6c.txt,line 20: expected 5 columns got 11
sangam-Braillie__dataset,train,invalid_label_columns,sangam-Braillie/dataset/train/labels/IMG20230503105457_jpg.rf.0be885124ae7026eed9465eb1e817e6c.txt,line 21: expected 5 columns got 11
sangam-Braillie__dataset,train,invalid_label_columns,sangam-Braillie/dataset/train/labels/IMG20230503105457_jpg.rf.0be885124ae7026eed9465eb1e817e6c.txt,line 22: expected 5 columns got 11
sangam-Braillie__dataset,train,invalid_label_columns,sangam-Braillie/dataset/train/labels/IMG20230503105457_jpg.rf.0be885124ae7026eed9465eb1e817e6c.txt,line 23: expected 5 columns got 11
sangam-Braillie__dataset,train,invalid_label_columns,sangam-Braillie/dataset/train/labels/IMG20230503105457_jpg.rf.0be885124ae7026eed9465eb1e817e6c.txt,line 24: expected 5 columns got 11
sangam-Braillie__dataset,train,invalid_label_columns,sangam-Braillie/dataset/train/labels/IMG20230503105457_jpg.rf.0be885124ae7026eed9465eb1e817e6c.txt,line 25: expected 5 columns got 11
sangam-Braillie__dataset,train,invalid_label_columns,sangam-Braillie/dataset/train/labels/IMG20230503105457_jpg.rf.0be885124ae7026eed9465eb1e817e6c.txt,line 26: expected 5 columns got 13
sangam-Braillie__dataset,train,invalid_label_columns,sangam-Braillie/dataset/train/labels/IMG20230503105541_jpg.rf.796fb5975560829fc2482127da648873.txt,line 15: expected 5 columns got 11
sangam-Braillie__dataset,train,invalid_label_columns,sangam-Braillie/dataset/train/labels/IMG20230503105541_jpg.rf.796fb5975560829fc2482127da648873.txt,line 16: expected 5 columns got 11
sangam-Braillie__dataset,train,invalid_label_columns,sangam-Braillie/dataset/train/labels/IMG20230503105541_jpg.rf.796fb5975560829fc2482127da648873.txt,line 17: expected 5 columns got 11
sangam-Braillie__dataset,train,invalid_label_columns,sangam-Braillie/dataset/train/labels/IMG20230503105541_jpg.rf.796fb5975560829fc2482127da648873.txt,line 18: expected 5 columns got 11
sangam-Braillie__dataset,train,invalid_label_columns,sangam-Braillie/dataset/train/labels/IMG20230503105541_jpg.rf.796fb5975560829fc2482127da648873.txt,line 19: expected 5 columns got 11
sangam-Braillie__dataset,train,invalid_label_columns,sangam-Braillie/dataset/train/labels/IMG20230503105541_jpg.rf.796fb5975560829fc2482127da648873.txt,line 20: expected 5 columns got 11
sangam-Braillie__dataset,train,invalid_label_columns,sangam-Braillie/dataset/train/labels/IMG20230503105541_jpg.rf.796fb5975560829fc2482127da648873.txt,line 21: expected 5 columns got 11
sangam-Braillie__dataset,train,invalid_label_columns,sangam-Braillie/dataset/train/labels/IMG20230503105541_jpg.rf.796fb5975560829fc2482127da648873.txt,line 22: expected 5 columns got 11
sangam-Braillie__dataset,train,invalid_label_columns,sangam-Braillie/dataset/train/labels/IMG20230503105541_jpg.rf.796fb5975560829fc2482127da648873.txt,line 23: expected 5 columns got 11
sangam-Braillie__dataset,train,invalid_label_columns,sangam-Braillie/dataset/train/labels/IMG20230503105541_jpg.rf.796fb5975560829fc2482127da648873.txt,line 24: expected 5 columns got 11
sangam-Braillie__dataset,train,invalid_label_columns,sangam-Braillie/dataset/train/labels/IMG20230503105541_jpg.rf.796fb5975560829fc2482127da648873.txt,line 25: expected 5 columns got 13
sangam-Braillie__dataset,train,invalid_label_columns,sangam-Braillie/dataset/train/labels/IMG20230503105541_jpg.rf.796fb5975560829fc2482127da648873.txt,line 26: expected 5 columns got 11
sangam-Braillie__dataset,train,invalid_label_columns,sangam-Braillie/dataset/train/labels/IMG20230503105548_jpg.rf.586193faa2b3f7ab869fb95b03c784d2.txt,line 1: expected 5 columns got 11
sangam-Braillie__dataset,train,invalid_label_columns,sangam-Braillie/dataset/train/labels/IMG20230503105548_jpg.rf.586193faa2b3f7ab869fb95b03c784d2.txt,line 2: expected 5 columns got 11
sangam-Braillie__dataset,train,invalid_label_columns,sangam-Braillie/dataset/train/labels/IMG20230503105548_jpg.rf.586193faa2b3f7ab869fb95b03c784d2.txt,line 3: expected 5 columns got 11
sangam-Braillie__dataset,train,invalid_label_columns,sangam-Braillie/dataset/train/labels/IMG20230503105548_jpg.rf.586193faa2b3f7ab869fb95b03c784d2.txt,line 4: expected 5 columns got 11
sangam-Braillie__dataset,train,invalid_label_columns,sangam-Braillie/dataset/train/labels/IMG20230503105548_jpg.rf.586193faa2b3f7ab869fb95b03c784d2.txt,line 5: expected 5 columns got 11
sangam-Braillie__dataset,train,invalid_label_columns,sangam-Braillie/dataset/train/labels/IMG20230503105548_jpg.rf.586193faa2b3f7ab869fb95b03c784d2.txt,line 6: expected 5 columns got 11
sangam-Braillie__dataset,train,invalid_label_columns,sangam-Braillie/dataset/train/labels/IMG20230503105548_jpg.rf.586193faa2b3f7ab869fb95b03c784d2.txt,line 7: expected 5 columns got 11
sangam-Braillie__dataset,train,invalid_label_columns,sangam-Braillie/dataset/train/labels/IMG20230503105548_jpg.rf.586193faa2b3f7ab869fb95b03c784d2.txt,line 8: expected 5 columns got 11
sangam-Braillie__dataset,train,invalid_label_columns,sangam-Braillie/dataset/train/labels/IMG20230503105548_jpg.rf.586193faa2b3f7ab869fb95b03c784d2.txt,line 9: expected 5 columns got 11
sangam-Braillie__dataset,train,invalid_label_columns,sangam-Braillie/dataset/train/labels/IMG20230503105548_jpg.rf.586193faa2b3f7ab869fb95b03c784d2.txt,line 10: expected 5 columns got 11
sangam-Braillie__dataset,train,invalid_label_columns,sangam-Braillie/dataset/train/labels/IMG20230503105548_jpg.rf.586193faa2b3f7ab869fb95b03c784d2.txt,line 11: expected 5 columns got 11
sangam-Braillie__dataset,train,invalid_label_columns,sangam-Braillie/dataset/train/labels/IMG20230503105548_jpg.rf.586193faa2b3f7ab869fb95b03c784d2.txt,line 12: expected 5 columns got 11
sangam-Braillie__dataset,train,invalid_label_columns,sangam-Braillie/dataset/train/labels/IMG20230503105548_jpg.rf.586193faa2b3f7ab869fb95b03c784d2.txt,line 13: expected 5 columns got 11
sangam-Braillie__dataset,train,invalid_label_columns,sangam-Braillie/dataset/train/labels/IMG20230503105548_jpg.rf.586193faa2b3f7ab869fb95b03c784d2.txt,line 14: expected 5 columns got 11
sangam-Braillie__dataset,train,invalid_label_columns,sangam-Braillie/dataset/train/labels/IMG20230503105548_jpg.rf.586193faa2b3f7ab869fb95b03c784d2.txt,line 15: expected 5 columns got 11
sangam-Braillie__dataset,train,invalid_label_columns,sangam-Braillie/dataset/train/labels/IMG20230503105548_jpg.rf.586193faa2b3f7ab869fb95b03c784d2.txt,line 16: expected 5 columns got 11
sangam-Braillie__dataset,train,invalid_label_columns,sangam-Braillie/dataset/train/labels/IMG20230503105548_jpg.rf.586193faa2b3f7ab869fb95b03c784d2.txt,line 17: expected 5 columns got 11
sangam-Braillie__dataset,train,invalid_label_columns,sangam-Braillie/dataset/train/labels/IMG20230503105548_jpg.rf.586193faa2b3f7ab869fb95b03c784d2.txt,line 18: expected 5 columns got 11
sangam-Braillie__dataset,train,invalid_label_columns,sangam-Braillie/dataset/train/labels/IMG20230503105548_jpg.rf.586193faa2b3f7ab869fb95b03c784d2.txt,line 19: expected 5 columns got 11
sangam-Braillie__dataset,train,invalid_label_columns,sangam-Braillie/dataset/train/labels/IMG20230503105548_jpg.rf.586193faa2b3f7ab869fb95b03c784d2.txt,line 20: expected 5 columns got 11
sangam-Braillie__dataset,train,invalid_label_columns,sangam-Braillie/dataset/train/labels/IMG20230503105548_jpg.rf.586193faa2b3f7ab869fb95b03c784d2.txt,line 21: expected 5 columns got 11
sangam-Braillie__dataset,train,invalid_label_columns,sangam-Braillie/dataset/train/labels/IMG20230503105548_jpg.rf.586193faa2b3f7ab869fb95b03c784d2.txt,line 22: expected 5 columns got 11
sangam-Braillie__dataset,train,invalid_label_columns,sangam-Braillie/dataset/train/labels/IMG20230503105548_jpg.rf.586193faa2b3f7ab869fb95b03c784d2.txt,line 23: expected 5 columns got 11
sangam-Braillie__dataset,train,invalid_label_columns,sangam-Braillie/dataset/train/labels/IMG20230503105548_jpg.rf.586193faa2b3f7ab869fb95b03c784d2.txt,line 24: expected 5 columns got 11
sangam-Braillie__dataset,train,invalid_label_columns,sangam-Braillie/dataset/train/labels/IMG20230503105548_jpg.rf.586193faa2b3f7ab869fb95b03c784d2.txt,line 25: expected 5 columns got 11
sangam-Braillie__dataset,train,invalid_label_columns,sangam-Braillie/dataset/train/labels/IMG20230503105548_jpg.rf.586193faa2b3f7ab869fb95b03c784d2.txt,line 26: expected 5 columns got 11
sangam-Braillie__dataset,train,invalid_label_columns,sangam-Braillie/dataset/train/labels/IMG20230503105548_jpg.rf.733d5f12c902d95e64630e1e13b5dc29.txt,line 1: expected 5 columns got 11
sangam-Braillie__dataset,train,invalid_label_columns,sangam-Braillie/dataset/train/labels/IMG20230503105548_jpg.rf.733d5f12c902d95e64630e1e13b5dc29.txt,line 2: expected 5 columns got 11
sangam-Braillie__dataset,train,invalid_label_columns,sangam-Braillie/dataset/train/labels/IMG20230503105548_jpg.rf.733d5f12c902d95e64630e1e13b5dc29.txt,line 3: expected 5 columns got 11
sangam-Braillie__dataset,train,invalid_label_columns,sangam-Braillie/dataset/train/labels/IMG20230503105548_jpg.rf.733d5f12c902d95e64630e1e13b5dc29.txt,line 4: expected 5 columns got 11
sangam-Braillie__dataset,train,invalid_label_columns,sangam-Braillie/dataset/train/labels/IMG20230503105548_jpg.rf.733d5f12c902d95e64630e1e13b5dc29.txt,line 5: expected 5 columns got 11
sangam-Braillie__dataset,train,invalid_label_columns,sangam-Braillie/dataset/train/labels/IMG20230503105548_jpg.rf.733d5f12c902d95e64630e1e13b5dc29.txt,line 6: expected 5 columns got 11
sangam-Braillie__dataset,train,invalid_label_columns,sangam-Braillie/dataset/train/labels/IMG20230503105548_jpg.rf.733d5f12c902d95e64630e1e13b5dc29.txt,line 7: expected 5 columns got 11
sangam-Braillie__dataset,train,invalid_label_columns,sangam-Braillie/dataset/train/labels/IMG20230503105548_jpg.rf.733d5f12c902d95e64630e1e13b5dc29.txt,line 8: expected 5 columns got 11
sangam-Braillie__dataset,train,invalid_label_columns,sangam-Braillie/dataset/train/labels/IMG20230503105548_jpg.rf.733d5f12c902d95e64630e1e13b5dc29.txt,line 9: expected 5 columns got 11
sangam-Braillie__dataset,train,invalid_label_columns,sangam-Braillie/dataset/train/labels/IMG20230503105548_jpg.rf.733d5f12c902d95e64630e1e13b5dc29.txt,line 10: expected 5 columns got 11
sangam-Braillie__dataset,train,invalid_label_columns,sangam-Braillie/dataset/train/labels/IMG20230503105548_jpg.rf.733d5f12c902d95e64630e1e13b5dc29.txt,line 11: expected 5 columns got 11
sangam-Braillie__dataset,train,invalid_label_columns,sangam-Braillie/dataset/train/labels/IMG20230503105548_jpg.rf.733d5f12c902d95e64630e1e13b5dc29.txt,line 12: expected 5 columns got 11
sangam-Braillie__dataset,train,invalid_label_columns,sangam-Braillie/dataset/train/labels/IMG20230503105548_jpg.rf.733d5f12c902d95e64630e1e13b5dc29.txt,line 13: expected 5 columns got 11
sangam-Braillie__dataset,train,invalid_label_columns,sangam-Braillie/dataset/train/labels/IMG20230503105548_jpg.rf.733d5f12c902d95e64630e1e13b5dc29.txt,line 14: expected 5 columns got 11
sangam-Braillie__dataset,train,invalid_label_columns,sangam-Braillie/dataset/train/labels/IMG20230503105548_jpg.rf.733d5f12c902d95e64630e1e13b5dc29.txt,line 15: expected 5 columns got 11
sangam-Braillie__dataset,train,invalid_label_columns,sangam-Braillie/dataset/train/labels/IMG20230503105548_jpg.rf.733d5f12c902d95e64630e1e13b5dc29.txt,line 16: expected 5 columns got 11
sangam-Braillie__dataset,train,invalid_label_columns,sangam-Braillie/dataset/train/labels/IMG20230503105548_jpg.rf.733d5f12c902d95e64630e1e13b5dc29.txt,line 17: expected 5 columns got 11
sangam-Braillie__dataset,train,invalid_label_columns,sangam-Braillie/dataset/train/labels/IMG20230503105548_jpg.rf.733d5f12c902d95e64630e1e13b5dc29.txt,line 18: expected 5 columns got 11
sangam-Braillie__dataset,train,invalid_label_columns,sangam-Braillie/dataset/train/labels/IMG20230503105548_jpg.rf.733d5f12c902d95e64630e1e13b5dc29.txt,line 19: expected 5 columns got 11
sangam-Braillie__dataset,train,invalid_label_columns,sangam-Braillie/dataset/train/labels/IMG20230503105548_jpg.rf.733d5f12c902d95e64630e1e13b5dc29.txt,line 20: expected 5 columns got 11
sangam-Braillie__dataset,train,invalid_label_columns,sangam-Braillie/dataset/train/labels/IMG20230503105548_jpg.rf.733d5f12c902d95e64630e1e13b5dc29.txt,line 21: expected 5 columns got 11
sangam-Braillie__dataset,train,invalid_label_columns,sangam-Braillie/dataset/train/labels/IMG20230503105548_jpg.rf.733d5f12c902d95e64630e1e13b5dc29.txt,line 22: expected 5 columns got 11
sangam-Braillie__dataset,train,invalid_label_columns,sangam-Braillie/dataset/train/labels/IMG20230503105548_jpg.rf.733d5f12c902d95e64630e1e13b5dc29.txt,line 23: expected 5 columns got 11
sangam-Braillie__dataset,train,invalid_label_columns,sangam-Braillie/dataset/train/labels/IMG20230503105548_jpg.rf.733d5f12c902d95e64630e1e13b5dc29.txt,line 24: expected 5 columns got 11
sangam-Braillie__dataset,train,invalid_label_columns,sangam-Braillie/dataset/train/labels/IMG20230503105548_jpg.rf.733d5f12c902d95e64630e1e13b5dc29.txt,line 25: expected 5 columns got 11
sangam-Braillie__dataset,train,invalid_label_columns,sangam-Braillie/dataset/train/labels/IMG20230503105548_jpg.rf.733d5f12c902d95e64630e1e13b5dc29.txt,line 26: expected 5 columns got 11
sangam-Braillie__dataset,train,invalid_label_columns,sangam-Braillie/dataset/train/labels/IMG20230503105628_jpg.rf.c8a21cc486a03dfedcc4db980120a742.txt,line 23: expected 5 columns got 11
sangam-Braillie__dataset,train,invalid_label_columns,sangam-Braillie/dataset/train/labels/IMG20230503105628_jpg.rf.c8a21cc486a03dfedcc4db980120a742.txt,line 24: expected 5 columns got 11
sangam-Braillie__dataset,train,invalid_label_columns,sangam-Braillie/dataset/train/labels/IMG20230503105628_jpg.rf.c8a21cc486a03dfedcc4db980120a742.txt,line 25: expected 5 columns got 11
sangam-Braillie__dataset,train,invalid_label_columns,sangam-Braillie/dataset/train/labels/IMG20230503105628_jpg.rf.c8a21cc486a03dfedcc4db980120a742.txt,line 26: expected 5 columns got 11
sangam-Braillie__dataset,train,invalid_label_columns,sangam-Braillie/dataset/train/labels/IMG20230503105630_jpg.rf.c821958766cb7deea9bc0edfb514718a.txt,line 14: expected 5 columns got 11
sangam-Braillie__dataset,train,invalid_label_columns,sangam-Braillie/dataset/train/labels/IMG20230503105630_jpg.rf.c821958766cb7deea9bc0edfb514718a.txt,line 15: expected 5 columns got 11
sangam-Braillie__dataset,train,invalid_label_columns,sangam-Braillie/dataset/train/labels/IMG20230503105630_jpg.rf.c821958766cb7deea9bc0edfb514718a.txt,line 16: expected 5 columns got 11
sangam-Braillie__dataset,train,invalid_label_columns,sangam-Braillie/dataset/train/labels/IMG20230503105630_jpg.rf.c821958766cb7deea9bc0edfb514718a.txt,line 17: expected 5 columns got 11
sangam-Braillie__dataset,train,invalid_label_columns,sangam-Braillie/dataset/train/labels/IMG20230503105630_jpg.rf.c821958766cb7deea9bc0edfb514718a.txt,line 18: expected 5 columns got 11
sangam-Braillie__dataset,train,invalid_label_columns,sangam-Braillie/dataset/train/labels/IMG20230503105630_jpg.rf.c821958766cb7deea9bc0edfb514718a.txt,line 19: expected 5 columns got 11
sangam-Braillie__dataset,train,invalid_label_columns,sangam-Braillie/dataset/train/labels/IMG20230503105630_jpg.rf.c821958766cb7deea9bc0edfb514718a.txt,line 20: expected 5 columns got 11
sangam-Braillie__dataset,train,invalid_label_columns,sangam-Braillie/dataset/train/labels/IMG20230503105630_jpg.rf.c821958766cb7deea9bc0edfb514718a.txt,line 21: expected 5 columns got 11
sangam-Braillie__dataset,train,invalid_label_columns,sangam-Braillie/dataset/train/labels/IMG20230503105630_jpg.rf.c821958766cb7deea9bc0edfb514718a.txt,line 22: expected 5 columns got 11
sangam-Braillie__dataset,train,invalid_label_columns,sangam-Braillie/dataset/train/labels/IMG20230503105630_jpg.rf.c821958766cb7deea9bc0edfb514718a.txt,line 23: expected 5 columns got 11
sangam-Braillie__dataset,train,invalid_label_columns,sangam-Braillie/dataset/train/labels/IMG20230503105630_jpg.rf.c821958766cb7deea9bc0edfb514718a.txt,line 24: expected 5 columns got 11
sangam-Braillie__dataset,train,invalid_label_columns,sangam-Braillie/dataset/train/labels/IMG20230503105630_jpg.rf.c821958766cb7deea9bc0edfb514718a.txt,line 25: expected 5 columns got 11
sangam-Braillie__dataset,train,invalid_label_columns,sangam-Braillie/dataset/train/labels/IMG20230503105630_jpg.rf.c821958766cb7deea9bc0edfb514718a.txt,line 26: expected 5 columns got 11
sangam-Braillie__dataset,train,invalid_label_columns,sangam-Braillie/dataset/train/labels/IMG_6208_jpg.rf.4da97364c74c4a81b0fa629fe4bea99b.txt,line 1: expected 5 columns got 11
sangam-Braillie__dataset,train,invalid_label_columns,sangam-Braillie/dataset/train/labels/IMG_6208_jpg.rf.4da97364c74c4a81b0fa629fe4bea99b.txt,line 2: expected 5 columns got 11
sangam-Braillie__dataset,train,invalid_label_columns,sangam-Braillie/dataset/train/labels/IMG_6208_jpg.rf.4da97364c74c4a81b0fa629fe4bea99b.txt,line 3: expected 5 columns got 13
sangam-Braillie__dataset,train,invalid_label_columns,sangam-Braillie/dataset/train/labels/IMG_6208_jpg.rf.4da97364c74c4a81b0fa629fe4bea99b.txt,line 4: expected 5 columns got 11
sangam-Braillie__dataset,train,invalid_label_columns,sangam-Braillie/dataset/train/labels/IMG_6208_jpg.rf.7cb467d0ffd5bf98e7daab80fb5effe8.txt,line 1: expected 5 columns got 11
sangam-Braillie__dataset,train,invalid_label_columns,sangam-Braillie/dataset/train/labels/IMG_6208_jpg.rf.7cb467d0ffd5bf98e7daab80fb5effe8.txt,line 2: expected 5 columns got 11
sangam-Braillie__dataset,train,invalid_label_columns,sangam-Braillie/dataset/train/labels/IMG_6208_jpg.rf.7cb467d0ffd5bf98e7daab80fb5effe8.txt,line 3: expected 5 columns got 13
sangam-Braillie__dataset,train,invalid_label_columns,sangam-Braillie/dataset/train/labels/IMG_6208_jpg.rf.7cb467d0ffd5bf98e7daab80fb5effe8.txt,line 4: expected 5 columns got 11
sangam-Braillie__dataset,train,invalid_label_columns,sangam-Braillie/dataset/train/labels/IMG_6209_jpg.rf.920818032f7ec7a3e4819caeff8d70ee.txt,line 1: expected 5 columns got 11
sangam-Braillie__dataset,train,invalid_label_columns,sangam-Braillie/dataset/train/labels/IMG_6209_jpg.rf.920818032f7ec7a3e4819caeff8d70ee.txt,line 2: expected 5 columns got 11
sangam-Braillie__dataset,train,invalid_label_columns,sangam-Braillie/dataset/train/labels/IMG_6209_jpg.rf.920818032f7ec7a3e4819caeff8d70ee.txt,line 3: expected 5 columns got 11
sangam-Braillie__dataset,train,invalid_label_columns,sangam-Braillie/dataset/train/labels/IMG_6209_jpg.rf.920818032f7ec7a3e4819caeff8d70ee.txt,line 4: expected 5 columns got 11
sangam-Braillie__dataset,train,invalid_label_columns,sangam-Braillie/dataset/train/labels/IMG_6209_jpg.rf.920818032f7ec7a3e4819caeff8d70ee.txt,line 5: expected 5 columns got 11
sangam-Braillie__dataset,train,invalid_label_columns,sangam-Braillie/dataset/train/labels/IMG_6209_jpg.rf.920818032f7ec7a3e4819caeff8d70ee.txt,line 6: expected 5 columns got 11
sangam-Braillie__dataset,train,invalid_label_columns,sangam-Braillie/dataset/train/labels/IMG_6209_jpg.rf.920818032f7ec7a3e4819caeff8d70ee.txt,line 7: expected 5 columns got 11
sangam-Braillie__dataset,train,invalid_label_columns,sangam-Braillie/dataset/train/labels/IMG_6209_jpg.rf.920818032f7ec7a3e4819caeff8d70ee.txt,line 8: expected 5 columns got 11
sangam-Braillie__dataset,train,invalid_label_columns,sangam-Braillie/dataset/train/labels/IMG_6209_jpg.rf.920818032f7ec7a3e4819caeff8d70ee.txt,line 9: expected 5 columns got 11
sangam-Braillie__dataset,train,invalid_label_columns,sangam-Braillie/dataset/train/labels/IMG_6209_jpg.rf.920818032f7ec7a3e4819caeff8d70ee.txt,line 10: expected 5 columns got 11
sangam-Braillie__dataset,train,invalid_label_columns,sangam-Braillie/dataset/train/labels/IMG_6209_jpg.rf.920818032f7ec7a3e4819caeff8d70ee.txt,line 11: expected 5 columns got 11
sangam-Braillie__dataset,train,invalid_label_columns,sangam-Braillie/dataset/train/labels/IMG_6209_jpg.rf.920818032f7ec7a3e4819caeff8d70ee.txt,line 12: expected 5 columns got 11
sangam-Braillie__dataset,train,invalid_label_columns,sangam-Braillie/dataset/train/labels/IMG_6209_jpg.rf.920818032f7ec7a3e4819caeff8d70ee.txt,line 13: expected 5 columns got 11
sangam-Braillie__dataset,train,invalid_label_columns,sangam-Braillie/dataset/train/labels/IMG_6209_jpg.rf.920818032f7ec7a3e4819caeff8d70ee.txt,line 14: expected 5 columns got 11
sangam-Braillie__dataset,train,invalid_label_columns,sangam-Braillie/dataset/train/labels/IMG_6209_jpg.rf.920818032f7ec7a3e4819caeff8d70ee.txt,line 15: expected 5 columns got 11
sangam-Braillie__dataset,train,invalid_label_columns,sangam-Braillie/dataset/train/labels/IMG_6209_jpg.rf.920818032f7ec7a3e4819caeff8d70ee.txt,line 16: expected 5 columns got 11
sangam-Braillie__dataset,train,invalid_label_columns,sangam-Braillie/dataset/train/labels/IMG_6209_jpg.rf.920818032f7ec7a3e4819caeff8d70ee.txt,line 17: expected 5 columns got 11
sangam-Braillie__dataset,train,invalid_label_columns,sangam-Braillie/dataset/train/labels/IMG_6209_jpg.rf.920818032f7ec7a3e4819caeff8d70ee.txt,line 18: expected 5 columns got 11
sangam-Braillie__dataset,train,invalid_label_columns,sangam-Braillie/dataset/train/labels/IMG_6209_jpg.rf.920818032f7ec7a3e4819caeff8d70ee.txt,line 19: expected 5 columns got 11
sangam-Braillie__dataset,train,invalid_label_columns,sangam-Braillie/dataset/train/labels/IMG_6209_jpg.rf.920818032f7ec7a3e4819caeff8d70ee.txt,line 20: expected 5 columns got 11
sangam-Braillie__dataset,train,invalid_label_columns,sangam-Braillie/dataset/train/labels/IMG_6209_jpg.rf.920818032f7ec7a3e4819caeff8d70ee.txt,line 21: expected 5 columns got 11
sangam-Braillie__dataset,train,invalid_label_columns,sangam-Braillie/dataset/train/labels/IMG_6209_jpg.rf.920818032f7ec7a3e4819caeff8d70ee.txt,line 22: expected 5 columns got 11
sangam-Braillie__dataset,train,invalid_label_columns,sangam-Braillie/dataset/train/labels/IMG_6209_jpg.rf.920818032f7ec7a3e4819caeff8d70ee.txt,line 23: expected 5 columns got 11
sangam-Braillie__dataset,train,invalid_label_columns,sangam-Braillie/dataset/train/labels/IMG_6209_jpg.rf.920818032f7ec7a3e4819caeff8d70ee.txt,line 24: expected 5 columns got 11
sangam-Braillie__dataset,train,invalid_label_columns,sangam-Braillie/dataset/train/labels/IMG_6209_jpg.rf.920818032f7ec7a3e4819caeff8d70ee.txt,line 25: expected 5 columns got 11
sangam-Braillie__dataset,train,invalid_label_columns,sangam-Braillie/dataset/train/labels/IMG_6209_jpg.rf.920818032f7ec7a3e4819caeff8d70ee.txt,line 26: expected 5 columns got 11
sangam-Braillie__dataset,train,invalid_label_columns,sangam-Braillie/dataset/train/labels/IMG_6210_jpg.rf.4d14399840991a49e6bfc64f8e7b52df.txt,line 1: expected 5 columns got 11
sangam-Braillie__dataset,train,invalid_label_columns,sangam-Braillie/dataset/train/labels/IMG_6210_jpg.rf.4d14399840991a49e6bfc64f8e7b52df.txt,line 2: expected 5 columns got 11
sangam-Braillie__dataset,train,invalid_label_columns,sangam-Braillie/dataset/train/labels/IMG_6210_jpg.rf.4d14399840991a49e6bfc64f8e7b52df.txt,line 3: expected 5 columns got 11
sangam-Braillie__dataset,train,invalid_label_columns,sangam-Braillie/dataset/train/labels/IMG_6210_jpg.rf.4d14399840991a49e6bfc64f8e7b52df.txt,line 4: expected 5 columns got 11
sangam-Braillie__dataset,train,invalid_label_columns,sangam-Braillie/dataset/train/labels/IMG_6210_jpg.rf.4d14399840991a49e6bfc64f8e7b52df.txt,line 5: expected 5 columns got 11
sangam-Braillie__dataset,train,invalid_label_columns,sangam-Braillie/dataset/train/labels/IMG_6210_jpg.rf.4d14399840991a49e6bfc64f8e7b52df.txt,line 6: expected 5 columns got 11
sangam-Braillie__dataset,train,invalid_label_columns,sangam-Braillie/dataset/train/labels/IMG_6210_jpg.rf.4d14399840991a49e6bfc64f8e7b52df.txt,line 7: expected 5 columns got 11
sangam-Braillie__dataset,train,invalid_label_columns,sangam-Braillie/dataset/train/labels/IMG_6210_jpg.rf.4d14399840991a49e6bfc64f8e7b52df.txt,line 8: expected 5 columns got 11
sangam-Braillie__dataset,train,invalid_label_columns,sangam-Braillie/dataset/train/labels/IMG_6210_jpg.rf.4d14399840991a49e6bfc64f8e7b52df.txt,line 9: expected 5 columns got 11
sangam-Braillie__dataset,train,invalid_label_columns,sangam-Braillie/dataset/train/labels/IMG_6210_jpg.rf.4d14399840991a49e6bfc64f8e7b52df.txt,line 10: expected 5 columns got 11
sangam-Braillie__dataset,train,invalid_label_columns,sangam-Braillie/dataset/train/labels/IMG_6210_jpg.rf.4d14399840991a49e6bfc64f8e7b52df.txt,line 11: expected 5 columns got 11
sangam-Braillie__dataset,train,invalid_label_columns,sangam-Braillie/dataset/train/labels/IMG_6210_jpg.rf.4d14399840991a49e6bfc64f8e7b52df.txt,line 12: expected 5 columns got 11
sangam-Braillie__dataset,train,invalid_label_columns,sangam-Braillie/dataset/train/labels/IMG_6210_jpg.rf.4d14399840991a49e6bfc64f8e7b52df.txt,line 13: expected 5 columns got 11
sangam-Braillie__dataset,train,invalid_label_columns,sangam-Braillie/dataset/train/labels/IMG_6210_jpg.rf.4d14399840991a49e6bfc64f8e7b52df.txt,line 14: expected 5 columns got 11
sangam-Braillie__dataset,train,invalid_label_columns,sangam-Braillie/dataset/train/labels/IMG_6210_jpg.rf.4d14399840991a49e6bfc64f8e7b52df.txt,line 15: expected 5 columns got 11
sangam-Braillie__dataset,train,invalid_label_columns,sangam-Braillie/dataset/train/labels/IMG_6210_jpg.rf.4d14399840991a49e6bfc64f8e7b52df.txt,line 16: expected 5 columns got 11
sangam-Braillie__dataset,train,invalid_label_columns,sangam-Braillie/dataset/train/labels/IMG_6210_jpg.rf.4d14399840991a49e6bfc64f8e7b52df.txt,line 17: expected 5 columns got 11
sangam-Braillie__dataset,train,invalid_label_columns,sangam-Braillie/dataset/train/labels/IMG_6210_jpg.rf.4d14399840991a49e6bfc64f8e7b52df.txt,line 18: expected 5 columns got 13
sangam-Braillie__dataset,train,invalid_label_columns,sangam-Braillie/dataset/train/labels/IMG_6210_jpg.rf.4d14399840991a49e6bfc64f8e7b52df.txt,line 19: expected 5 columns got 11
sangam-Braillie__dataset,train,invalid_label_columns,sangam-Braillie/dataset/train/labels/IMG_6210_jpg.rf.4d14399840991a49e6bfc64f8e7b52df.txt,line 20: expected 5 columns got 11
sangam-Braillie__dataset,train,invalid_label_columns,sangam-Braillie/dataset/train/labels/IMG_6210_jpg.rf.4d14399840991a49e6bfc64f8e7b52df.txt,line 21: expected 5 columns got 11
sangam-Braillie__dataset,train,invalid_label_columns,sangam-Braillie/dataset/train/labels/IMG_6210_jpg.rf.4d14399840991a49e6bfc64f8e7b52df.txt,line 22: expected 5 columns got 11
sangam-Braillie__dataset,train,invalid_label_columns,sangam-Braillie/dataset/train/labels/IMG_6210_jpg.rf.4d14399840991a49e6bfc64f8e7b52df.txt,line 23: expected 5 columns got 11
sangam-Braillie__dataset,train,invalid_label_columns,sangam-Braillie/dataset/train/labels/IMG_6210_jpg.rf.4d14399840991a49e6bfc64f8e7b52df.txt,line 24: expected 5 columns got 11
sangam-Braillie__dataset,train,invalid_label_columns,sangam-Braillie/dataset/train/labels/IMG_6210_jpg.rf.4d14399840991a49e6bfc64f8e7b52df.txt,line 25: expected 5 columns got 11
sangam-Braillie__dataset,train,invalid_label_columns,sangam-Braillie/dataset/train/labels/IMG_6210_jpg.rf.4d14399840991a49e6bfc64f8e7b52df.txt,line 26: expected 5 columns got 11
sangam-Braillie__dataset,train,invalid_label_columns,sangam-Braillie/dataset/train/labels/IMG_6210_jpg.rf.6a37b20e5b45dabf47971e64ac2f54f4.txt,line 1: expected 5 columns got 11
sangam-Braillie__dataset,train,invalid_label_columns,sangam-Braillie/dataset/train/labels/IMG_6210_jpg.rf.6a37b20e5b45dabf47971e64ac2f54f4.txt,line 2: expected 5 columns got 11
sangam-Braillie__dataset,train,invalid_label_columns,sangam-Braillie/dataset/train/labels/IMG_6210_jpg.rf.6a37b20e5b45dabf47971e64ac2f54f4.txt,line 3: expected 5 columns got 11
sangam-Braillie__dataset,train,invalid_label_columns,sangam-Braillie/dataset/train/labels/IMG_6210_jpg.rf.6a37b20e5b45dabf47971e64ac2f54f4.txt,line 4: expected 5 columns got 11
sangam-Braillie__dataset,train,invalid_label_columns,sangam-Braillie/dataset/train/labels/IMG_6210_jpg.rf.6a37b20e5b45dabf47971e64ac2f54f4.txt,line 5: expected 5 columns got 11
sangam-Braillie__dataset,train,invalid_label_columns,sangam-Braillie/dataset/train/labels/IMG_6210_jpg.rf.6a37b20e5b45dabf47971e64ac2f54f4.txt,line 6: expected 5 columns got 11
sangam-Braillie__dataset,train,invalid_label_columns,sangam-Braillie/dataset/train/labels/IMG_6210_jpg.rf.6a37b20e5b45dabf47971e64ac2f54f4.txt,line 7: expected 5 columns got 11
sangam-Braillie__dataset,train,invalid_label_columns,sangam-Braillie/dataset/train/labels/IMG_6210_jpg.rf.6a37b20e5b45dabf47971e64ac2f54f4.txt,line 8: expected 5 columns got 11
sangam-Braillie__dataset,train,invalid_label_columns,sangam-Braillie/dataset/train/labels/IMG_6210_jpg.rf.6a37b20e5b45dabf47971e64ac2f54f4.txt,line 9: expected 5 columns got 11
sangam-Braillie__dataset,train,invalid_label_columns,sangam-Braillie/dataset/train/labels/IMG_6210_jpg.rf.6a37b20e5b45dabf47971e64ac2f54f4.txt,line 10: expected 5 columns got 11
sangam-Braillie__dataset,train,invalid_label_columns,sangam-Braillie/dataset/train/labels/IMG_6210_jpg.rf.6a37b20e5b45dabf47971e64ac2f54f4.txt,line 11: expected 5 columns got 11
sangam-Braillie__dataset,train,invalid_label_columns,sangam-Braillie/dataset/train/labels/IMG_6210_jpg.rf.6a37b20e5b45dabf47971e64ac2f54f4.txt,line 12: expected 5 columns got 11
sangam-Braillie__dataset,train,invalid_label_columns,sangam-Braillie/dataset/train/labels/IMG_6210_jpg.rf.6a37b20e5b45dabf47971e64ac2f54f4.txt,line 13: expected 5 columns got 11
sangam-Braillie__dataset,train,invalid_label_columns,sangam-Braillie/dataset/train/labels/IMG_6210_jpg.rf.6a37b20e5b45dabf47971e64ac2f54f4.txt,line 14: expected 5 columns got 11
sangam-Braillie__dataset,train,invalid_label_columns,sangam-Braillie/dataset/train/labels/IMG_6210_jpg.rf.6a37b20e5b45dabf47971e64ac2f54f4.txt,line 15: expected 5 columns got 11
sangam-Braillie__dataset,train,invalid_label_columns,sangam-Braillie/dataset/train/labels/IMG_6210_jpg.rf.6a37b20e5b45dabf47971e64ac2f54f4.txt,line 16: expected 5 columns got 11
sangam-Braillie__dataset,train,invalid_label_columns,sangam-Braillie/dataset/train/labels/IMG_6210_jpg.rf.6a37b20e5b45dabf47971e64ac2f54f4.txt,line 17: expected 5 columns got 11
sangam-Braillie__dataset,train,invalid_label_columns,sangam-Braillie/dataset/train/labels/IMG_6210_jpg.rf.6a37b20e5b45dabf47971e64ac2f54f4.txt,line 18: expected 5 columns got 13
sangam-Braillie__dataset,train,invalid_label_columns,sangam-Braillie/dataset/train/labels/IMG_6210_jpg.rf.6a37b20e5b45dabf47971e64ac2f54f4.txt,line 19: expected 5 columns got 11
sangam-Braillie__dataset,train,invalid_label_columns,sangam-Braillie/dataset/train/labels/IMG_6210_jpg.rf.6a37b20e5b45dabf47971e64ac2f54f4.txt,line 20: expected 5 columns got 11
sangam-Braillie__dataset,train,invalid_label_columns,sangam-Braillie/dataset/train/labels/IMG_6210_jpg.rf.6a37b20e5b45dabf47971e64ac2f54f4.txt,line 21: expected 5 columns got 11
sangam-Braillie__dataset,train,invalid_label_columns,sangam-Braillie/dataset/train/labels/IMG_6210_jpg.rf.6a37b20e5b45dabf47971e64ac2f54f4.txt,line 22: expected 5 columns got 11
sangam-Braillie__dataset,train,invalid_label_columns,sangam-Braillie/dataset/train/labels/IMG_6210_jpg.rf.6a37b20e5b45dabf47971e64ac2f54f4.txt,line 23: expected 5 columns got 11
sangam-Braillie__dataset,train,invalid_label_columns,sangam-Braillie/dataset/train/labels/IMG_6210_jpg.rf.6a37b20e5b45dabf47971e64ac2f54f4.txt,line 24: expected 5 columns got 11
sangam-Braillie__dataset,train,invalid_label_columns,sangam-Braillie/dataset/train/labels/IMG_6210_jpg.rf.6a37b20e5b45dabf47971e64ac2f54f4.txt,line 25: expected 5 columns got 11
sangam-Braillie__dataset,train,invalid_label_columns,sangam-Braillie/dataset/train/labels/IMG_6210_jpg.rf.6a37b20e5b45dabf47971e64ac2f54f4.txt,line 26: expected 5 columns got 11
sangam-Braillie__dataset,train,invalid_label_columns,sangam-Braillie/dataset/train/labels/IMG_6211_jpg.rf.8aaf890b665899c7d90604da8ae1c6e1.txt,line 1: expected 5 columns got 11
sangam-Braillie__dataset,train,invalid_label_columns,sangam-Braillie/dataset/train/labels/IMG_6211_jpg.rf.8aaf890b665899c7d90604da8ae1c6e1.txt,line 2: expected 5 columns got 11
sangam-Braillie__dataset,train,invalid_label_columns,sangam-Braillie/dataset/train/labels/IMG_6211_jpg.rf.8aaf890b665899c7d90604da8ae1c6e1.txt,line 3: expected 5 columns got 11
sangam-Braillie__dataset,train,invalid_label_columns,sangam-Braillie/dataset/train/labels/IMG_6211_jpg.rf.8aaf890b665899c7d90604da8ae1c6e1.txt,line 4: expected 5 columns got 11
sangam-Braillie__dataset,train,invalid_label_columns,sangam-Braillie/dataset/train/labels/IMG_6211_jpg.rf.8aaf890b665899c7d90604da8ae1c6e1.txt,line 5: expected 5 columns got 11
sangam-Braillie__dataset,train,invalid_label_columns,sangam-Braillie/dataset/train/labels/IMG_6211_jpg.rf.8aaf890b665899c7d90604da8ae1c6e1.txt,line 6: expected 5 columns got 11
sangam-Braillie__dataset,train,invalid_label_columns,sangam-Braillie/dataset/train/labels/IMG_6211_jpg.rf.8aaf890b665899c7d90604da8ae1c6e1.txt,line 7: expected 5 columns got 11
sangam-Braillie__dataset,train,invalid_label_columns,sangam-Braillie/dataset/train/labels/IMG_6211_jpg.rf.8aaf890b665899c7d90604da8ae1c6e1.txt,line 8: expected 5 columns got 11
sangam-Braillie__dataset,train,invalid_label_columns,sangam-Braillie/dataset/train/labels/IMG_6211_jpg.rf.8aaf890b665899c7d90604da8ae1c6e1.txt,line 9: expected 5 columns got 11
sangam-Braillie__dataset,train,invalid_label_columns,sangam-Braillie/dataset/train/labels/IMG_6211_jpg.rf.8aaf890b665899c7d90604da8ae1c6e1.txt,line 10: expected 5 columns got 11
sangam-Braillie__dataset,train,invalid_label_columns,sangam-Braillie/dataset/train/labels/IMG_6211_jpg.rf.8aaf890b665899c7d90604da8ae1c6e1.txt,line 11: expected 5 columns got 11
sangam-Braillie__dataset,train,invalid_label_columns,sangam-Braillie/dataset/train/labels/IMG_6211_jpg.rf.8aaf890b665899c7d90604da8ae1c6e1.txt,line 12: expected 5 columns got 11
sangam-Braillie__dataset,train,invalid_label_columns,sangam-Braillie/dataset/train/labels/IMG_6211_jpg.rf.8aaf890b665899c7d90604da8ae1c6e1.txt,line 13: expected 5 columns got 15
sangam-Braillie__dataset,train,invalid_label_columns,sangam-Braillie/dataset/train/labels/IMG_6211_jpg.rf.8aaf890b665899c7d90604da8ae1c6e1.txt,line 14: expected 5 columns got 11
sangam-Braillie__dataset,train,invalid_label_columns,sangam-Braillie/dataset/train/labels/IMG_6211_jpg.rf.8aaf890b665899c7d90604da8ae1c6e1.txt,line 15: expected 5 columns got 11
sangam-Braillie__dataset,train,invalid_label_columns,sangam-Braillie/dataset/train/labels/IMG_6211_jpg.rf.8aaf890b665899c7d90604da8ae1c6e1.txt,line 16: expected 5 columns got 11
sangam-Braillie__dataset,train,invalid_label_columns,sangam-Braillie/dataset/train/labels/IMG_6211_jpg.rf.8aaf890b665899c7d90604da8ae1c6e1.txt,line 17: expected 5 columns got 11
sangam-Braillie__dataset,train,invalid_label_columns,sangam-Braillie/dataset/train/labels/IMG_6211_jpg.rf.8aaf890b665899c7d90604da8ae1c6e1.txt,line 18: expected 5 columns got 11
sangam-Braillie__dataset,train,invalid_label_columns,sangam-Braillie/dataset/train/labels/IMG_6211_jpg.rf.8aaf890b665899c7d90604da8ae1c6e1.txt,line 19: expected 5 columns got 11
sangam-Braillie__dataset,train,invalid_label_columns,sangam-Braillie/dataset/train/labels/IMG_6211_jpg.rf.8aaf890b665899c7d90604da8ae1c6e1.txt,line 20: expected 5 columns got 11
sangam-Braillie__dataset,train,invalid_label_columns,sangam-Braillie/dataset/train/labels/IMG_6211_jpg.rf.8aaf890b665899c7d90604da8ae1c6e1.txt,line 21: expected 5 columns got 11
sangam-Braillie__dataset,train,invalid_label_columns,sangam-Braillie/dataset/train/labels/IMG_6211_jpg.rf.8aaf890b665899c7d90604da8ae1c6e1.txt,line 22: expected 5 columns got 11
sangam-Braillie__dataset,train,invalid_label_columns,sangam-Braillie/dataset/train/labels/IMG_6211_jpg.rf.8aaf890b665899c7d90604da8ae1c6e1.txt,line 23: expected 5 columns got 11
sangam-Braillie__dataset,train,invalid_label_columns,sangam-Braillie/dataset/train/labels/IMG_6211_jpg.rf.8aaf890b665899c7d90604da8ae1c6e1.txt,line 24: expected 5 columns got 13
sangam-Braillie__dataset,train,invalid_label_columns,sangam-Braillie/dataset/train/labels/IMG_6211_jpg.rf.8aaf890b665899c7d90604da8ae1c6e1.txt,line 25: expected 5 columns got 11
sangam-Braillie__dataset,train,invalid_label_columns,sangam-Braillie/dataset/train/labels/IMG_6211_jpg.rf.8aaf890b665899c7d90604da8ae1c6e1.txt,line 26: expected 5 columns got 11
sangam-Braillie__dataset,train,invalid_label_columns,sangam-Braillie/dataset/train/labels/IMG_6211_jpg.rf.ff4c4768a4003671728008ae81ba37a0.txt,line 1: expected 5 columns got 11
sangam-Braillie__dataset,train,invalid_label_columns,sangam-Braillie/dataset/train/labels/IMG_6211_jpg.rf.ff4c4768a4003671728008ae81ba37a0.txt,line 2: expected 5 columns got 11
sangam-Braillie__dataset,train,invalid_label_columns,sangam-Braillie/dataset/train/labels/IMG_6211_jpg.rf.ff4c4768a4003671728008ae81ba37a0.txt,line 3: expected 5 columns got 11
sangam-Braillie__dataset,train,invalid_label_columns,sangam-Braillie/dataset/train/labels/IMG_6211_jpg.rf.ff4c4768a4003671728008ae81ba37a0.txt,line 4: expected 5 columns got 11
sangam-Braillie__dataset,train,invalid_label_columns,sangam-Braillie/dataset/train/labels/IMG_6211_jpg.rf.ff4c4768a4003671728008ae81ba37a0.txt,line 5: expected 5 columns got 11
sangam-Braillie__dataset,train,invalid_label_columns,sangam-Braillie/dataset/train/labels/IMG_6211_jpg.rf.ff4c4768a4003671728008ae81ba37a0.txt,line 6: expected 5 columns got 11
sangam-Braillie__dataset,train,invalid_label_columns,sangam-Braillie/dataset/train/labels/IMG_6211_jpg.rf.ff4c4768a4003671728008ae81ba37a0.txt,line 7: expected 5 columns got 11
sangam-Braillie__dataset,train,invalid_label_columns,sangam-Braillie/dataset/train/labels/IMG_6211_jpg.rf.ff4c4768a4003671728008ae81ba37a0.txt,line 8: expected 5 columns got 11
sangam-Braillie__dataset,train,invalid_label_columns,sangam-Braillie/dataset/train/labels/IMG_6211_jpg.rf.ff4c4768a4003671728008ae81ba37a0.txt,line 9: expected 5 columns got 11
sangam-Braillie__dataset,train,invalid_label_columns,sangam-Braillie/dataset/train/labels/IMG_6211_jpg.rf.ff4c4768a4003671728008ae81ba37a0.txt,line 10: expected 5 columns got 11
sangam-Braillie__dataset,train,invalid_label_columns,sangam-Braillie/dataset/train/labels/IMG_6211_jpg.rf.ff4c4768a4003671728008ae81ba37a0.txt,line 11: expected 5 columns got 11
sangam-Braillie__dataset,train,invalid_label_columns,sangam-Braillie/dataset/train/labels/IMG_6211_jpg.rf.ff4c4768a4003671728008ae81ba37a0.txt,line 12: expected 5 columns got 11
sangam-Braillie__dataset,train,invalid_label_columns,sangam-Braillie/dataset/train/labels/IMG_6211_jpg.rf.ff4c4768a4003671728008ae81ba37a0.txt,line 13: expected 5 columns got 15
sangam-Braillie__dataset,train,invalid_label_columns,sangam-Braillie/dataset/train/labels/IMG_6211_jpg.rf.ff4c4768a4003671728008ae81ba37a0.txt,line 14: expected 5 columns got 11
sangam-Braillie__dataset,train,invalid_label_columns,sangam-Braillie/dataset/train/labels/IMG_6211_jpg.rf.ff4c4768a4003671728008ae81ba37a0.txt,line 15: expected 5 columns got 11
sangam-Braillie__dataset,train,invalid_label_columns,sangam-Braillie/dataset/train/labels/IMG_6211_jpg.rf.ff4c4768a4003671728008ae81ba37a0.txt,line 16: expected 5 columns got 11
sangam-Braillie__dataset,train,invalid_label_columns,sangam-Braillie/dataset/train/labels/IMG_6211_jpg.rf.ff4c4768a4003671728008ae81ba37a0.txt,line 17: expected 5 columns got 11
sangam-Braillie__dataset,train,invalid_label_columns,sangam-Braillie/dataset/train/labels/IMG_6211_jpg.rf.ff4c4768a4003671728008ae81ba37a0.txt,line 18: expected 5 columns got 11
sangam-Braillie__dataset,train,invalid_label_columns,sangam-Braillie/dataset/train/labels/IMG_6211_jpg.rf.ff4c4768a4003671728008ae81ba37a0.txt,line 19: expected 5 columns got 11
sangam-Braillie__dataset,train,invalid_label_columns,sangam-Braillie/dataset/train/labels/IMG_6211_jpg.rf.ff4c4768a4003671728008ae81ba37a0.txt,line 20: expected 5 columns got 11
sangam-Braillie__dataset,train,invalid_label_columns,sangam-Braillie/dataset/train/labels/IMG_6211_jpg.rf.ff4c4768a4003671728008ae81ba37a0.txt,line 21: expected 5 columns got 11
sangam-Braillie__dataset,train,invalid_label_columns,sangam-Braillie/dataset/train/labels/IMG_6211_jpg.rf.ff4c4768a4003671728008ae81ba37a0.txt,line 22: expected 5 columns got 11
sangam-Braillie__dataset,train,invalid_label_columns,sangam-Braillie/dataset/train/labels/IMG_6211_jpg.rf.ff4c4768a4003671728008ae81ba37a0.txt,line 23: expected 5 columns got 11
sangam-Braillie__dataset,train,invalid_label_columns,sangam-Braillie/dataset/train/labels/IMG_6211_jpg.rf.ff4c4768a4003671728008ae81ba37a0.txt,line 24: expected 5 columns got 13
sangam-Braillie__dataset,train,invalid_label_columns,sangam-Braillie/dataset/train/labels/IMG_6211_jpg.rf.ff4c4768a4003671728008ae81ba37a0.txt,line 25: expected 5 columns got 11
sangam-Braillie__dataset,train,invalid_label_columns,sangam-Braillie/dataset/train/labels/IMG_6211_jpg.rf.ff4c4768a4003671728008ae81ba37a0.txt,line 26: expected 5 columns got 11
sangam-Braillie__dataset,train,invalid_label_columns,sangam-Braillie/dataset/train/labels/IMG_6213_jpg.rf.1dab3a87cc01424689bfd9be8e8b2292.txt,line 1: expected 5 columns got 11
sangam-Braillie__dataset,train,invalid_label_columns,sangam-Braillie/dataset/train/labels/IMG_6213_jpg.rf.49ace97f501f42694be8a952f8420571.txt,line 1: expected 5 columns got 11
sangam-Braillie__dataset,train,invalid_label_columns,sangam-Braillie/dataset/train/labels/IMG_6214_jpg.rf.5fbc110abd36e324d19d98ad73ded33c.txt,line 1: expected 5 columns got 11
sangam-Braillie__dataset,train,invalid_label_columns,sangam-Braillie/dataset/train/labels/IMG_6216_jpg.rf.5134ec48229c5f4dd56ec1113cd4b051.txt,line 1: expected 5 columns got 11
sangam-Braillie__dataset,train,invalid_label_columns,sangam-Braillie/dataset/train/labels/IMG_6216_jpg.rf.6336fc0b1e331348c1a6b1c307c61cdf.txt,line 1: expected 5 columns got 11
sangam-Braillie__dataset,train,invalid_label_columns,sangam-Braillie/dataset/train/labels/IMG_6218_jpg.rf.8a562ea820ae89c8d9fe15f35dec60b8.txt,line 1: expected 5 columns got 11
sangam-Braillie__dataset,train,invalid_label_columns,sangam-Braillie/dataset/train/labels/IMG_6218_jpg.rf.9f73767db44c072c1519eb3598c8b38e.txt,line 1: expected 5 columns got 11
sangam-Braillie__dataset,train,invalid_label_columns,sangam-Braillie/dataset/train/labels/IMG_6219_jpg.rf.c15933917c9a1b79e7ccaddf60e089ed.txt,line 1: expected 5 columns got 11
sangam-Braillie__dataset,train,invalid_label_columns,sangam-Braillie/dataset/train/labels/IMG_6219_jpg.rf.f5e7cd4cc9f55696bb7dee4564c0568b.txt,line 1: expected 5 columns got 11
sangam-Braillie__dataset,train,invalid_label_columns,sangam-Braillie/dataset/train/labels/IMG_6220_jpg.rf.dd53c3dec6c5112fb6b8dec67b5f851a.txt,line 1: expected 5 columns got 13
sangam-Braillie__dataset,train,invalid_label_columns,sangam-Braillie/dataset/train/labels/IMG_6220_jpg.rf.dd53c3dec6c5112fb6b8dec67b5f851a.txt,line 2: expected 5 columns got 11
sangam-Braillie__dataset,train,invalid_label_columns,sangam-Braillie/dataset/train/labels/IMG_6220_jpg.rf.fbd691e385b754d846de90e8f9de66bb.txt,line 1: expected 5 columns got 13
sangam-Braillie__dataset,train,invalid_label_columns,sangam-Braillie/dataset/train/labels/IMG_6220_jpg.rf.fbd691e385b754d846de90e8f9de66bb.txt,line 2: expected 5 columns got 11
sangam-Braillie__dataset,train,invalid_label_columns,sangam-Braillie/dataset/train/labels/IMG_6221_jpg.rf.017f5b38cf45ad3d62d2f8cdf52d7722.txt,line 1: expected 5 columns got 11
sangam-Braillie__dataset,train,invalid_label_columns,sangam-Braillie/dataset/train/labels/IMG_6222_jpg.rf.447682ef915a4251103a23f8e83506a6.txt,line 1: expected 5 columns got 11
sangam-Braillie__dataset,train,invalid_label_columns,sangam-Braillie/dataset/train/labels/IMG_6222_jpg.rf.d0809bbc180bcdd83032c1305634fb72.txt,line 1: expected 5 columns got 11
sangam-Braillie__dataset,train,invalid_label_columns,sangam-Braillie/dataset/train/labels/IMG_6223_jpg.rf.5505d01ba67bbafa48b0e7118b64f2da.txt,line 1: expected 5 columns got 11
sangam-Braillie__dataset,train,invalid_label_columns,sangam-Braillie/dataset/train/labels/IMG_6224_jpg.rf.10896f8472ccaedb19a2c69c30052dd0.txt,line 1: expected 5 columns got 11
sangam-Braillie__dataset,train,invalid_label_columns,sangam-Braillie/dataset/train/labels/IMG_6224_jpg.rf.4ee3b07bb359b5839db180667d24cd58.txt,line 1: expected 5 columns got 11
sangam-Braillie__dataset,train,invalid_label_columns,sangam-Braillie/dataset/train/labels/IMG_6226_jpg.rf.422f2b4a52f92332272ddc112d938e67.txt,line 1: expected 5 columns got 11
sangam-Braillie__dataset,train,invalid_label_columns,sangam-Braillie/dataset/train/labels/IMG_6228_jpg.rf.5ee2bfe9ddf61071a45d6f81119e97c2.txt,line 1: expected 5 columns got 11
sangam-Braillie__dataset,train,invalid_label_columns,sangam-Braillie/dataset/train/labels/IMG_6229_jpg.rf.095db5538d82b135893462495e05ac08.txt,line 1: expected 5 columns got 11
sangam-Braillie__dataset,train,invalid_label_columns,sangam-Braillie/dataset/train/labels/IMG_6230_jpg.rf.1792832b8295d288fc5eb6af931d93de.txt,line 1: expected 5 columns got 11
sangam-Braillie__dataset,train,invalid_label_columns,sangam-Braillie/dataset/train/labels/IMG_6231_jpg.rf.e69461293c3bcc145f9d27bf5705f23c.txt,line 1: expected 5 columns got 11
sangam-Braillie__dataset,train,invalid_label_columns,sangam-Braillie/dataset/train/labels/IMG_6232_jpg.rf.8da2bf0e2bcffa85a7826ea998691ee7.txt,line 1: expected 5 columns got 11
sangam-Braillie__dataset,train,invalid_label_columns,sangam-Braillie/dataset/train/labels/IMG_6232_jpg.rf.a991d99340d4bc34bd73783bd3f2dd4e.txt,line 1: expected 5 columns got 11
sangam-Braillie__dataset,train,invalid_label_columns,sangam-Braillie/dataset/train/labels/IMG_6233_jpg.rf.3a485a0b8eb5b714ac1fba5e6660e3e5.txt,line 1: expected 5 columns got 11
sangam-Braillie__dataset,train,invalid_label_columns,sangam-Braillie/dataset/train/labels/IMG_6236_jpg.rf.66f5b6c4dde9c1c9074c3058d387733c.txt,line 1: expected 5 columns got 11
sangam-Braillie__dataset,train,invalid_label_columns,sangam-Braillie/dataset/train/labels/IMG_6236_jpg.rf.e807bb0dc74919a9689fdbbd76f9ede4.txt,line 1: expected 5 columns got 11
sangam-Braillie__dataset,train,invalid_label_columns,sangam-Braillie/dataset/train/labels/IMG_6238_jpg.rf.3e2b041789c721b175d71cafa7fc39df.txt,line 1: expected 5 columns got 11
sangam-Braillie__dataset,train,invalid_label_columns,sangam-Braillie/dataset/train/labels/IMG_6238_jpg.rf.8836b03d3f088f9f9deee2eee9909ec1.txt,line 1: expected 5 columns got 11
sangam-Braillie__dataset,train,invalid_label_columns,sangam-Braillie/dataset/train/labels/IMG_6240_jpg.rf.4c4dbcbc332f0ac674e2cbe58158cf21.txt,line 1: expected 5 columns got 11
sangam-Braillie__dataset,train,invalid_label_columns,sangam-Braillie/dataset/train/labels/IMG_6242_jpg.rf.26e0dc7ba9498be7d3565be5e38c0990.txt,line 1: expected 5 columns got 11
sangam-Braillie__dataset,train,invalid_label_columns,sangam-Braillie/dataset/train/labels/IMG_6243_jpg.rf.57e167ef676730cc912ac3b2809b0c2b.txt,line 1: expected 5 columns got 11
sangam-Braillie__dataset,train,invalid_label_columns,sangam-Braillie/dataset/train/labels/IMG_6243_jpg.rf.e3476d9b2adea195b193b8ac935540b9.txt,line 1: expected 5 columns got 11
sangam-Braillie__dataset,train,invalid_label_columns,sangam-Braillie/dataset/train/labels/IMG_6244_jpg.rf.c56bce0e05aa1ad32e963b0660424a12.txt,line 1: expected 5 columns got 11
sangam-Braillie__dataset,train,invalid_label_columns,sangam-Braillie/dataset/train/labels/IMG_6244_jpg.rf.c56bce0e05aa1ad32e963b0660424a12.txt,line 2: expected 5 columns got 13
sangam-Braillie__dataset,train,invalid_label_columns,sangam-Braillie/dataset/train/labels/IMG_6244_jpg.rf.d19b21ab8f97762f2e616acb04468a16.txt,line 1: expected 5 columns got 11
sangam-Braillie__dataset,train,invalid_label_columns,sangam-Braillie/dataset/train/labels/IMG_6244_jpg.rf.d19b21ab8f97762f2e616acb04468a16.txt,line 2: expected 5 columns got 13
sangam-Braillie__dataset,train,invalid_label_columns,sangam-Braillie/dataset/train/labels/IMG_6245_jpg.rf.69dde0c0f1ae23fa05acef08dbd63141.txt,line 1: expected 5 columns got 11
sangam-Braillie__dataset,train,invalid_label_columns,sangam-Braillie/dataset/train/labels/IMG_6245_jpg.rf.fa1647e4e5d6748cdf78843078e856d5.txt,line 1: expected 5 columns got 11
sangam-Braillie__dataset,train,invalid_label_columns,sangam-Braillie/dataset/train/labels/IMG_6246_jpg.rf.e9d6ae5efe673b9d3c556e3477c2459d.txt,line 1: expected 5 columns got 11
sangam-Braillie__dataset,train,invalid_label_columns,sangam-Braillie/dataset/train/labels/IMG_6247_jpg.rf.f139c49a62ba49800517a0766cb62bbd.txt,line 1: expected 5 columns got 11
sangam-Braillie__dataset,train,invalid_label_columns,sangam-Braillie/dataset/train/labels/IMG_6248_jpg.rf.32e73db7fbfbb9366e433072728551a7.txt,line 1: expected 5 columns got 11
sangam-Braillie__dataset,train,invalid_label_columns,sangam-Braillie/dataset/train/labels/IMG_6249_jpg.rf.f627340594de6f3e0d0e2eb6f154ae30.txt,line 1: expected 5 columns got 11
sangam-Braillie__dataset,train,invalid_label_columns,sangam-Braillie/dataset/train/labels/IMG_6250_jpg.rf.5f3599d79c833785510b84bef96a8328.txt,line 1: expected 5 columns got 11
sangam-Braillie__dataset,train,invalid_label_columns,sangam-Braillie/dataset/train/labels/IMG_6251_jpg.rf.06d6fd3cd3ac33ea086e283ad88a3c95.txt,line 1: expected 5 columns got 11
sangam-Braillie__dataset,train,invalid_label_columns,sangam-Braillie/dataset/train/labels/IMG_6251_jpg.rf.93d0bd59fac5f8fc894eedb45e818972.txt,line 1: expected 5 columns got 11
sangam-Braillie__dataset,train,invalid_label_columns,sangam-Braillie/dataset/train/labels/IMG_6252_jpg.rf.22ef9ccdf9674ba49d7871516accd35e.txt,line 1: expected 5 columns got 13
sangam-Braillie__dataset,train,invalid_label_columns,sangam-Braillie/dataset/train/labels/IMG_6252_jpg.rf.5ac0c27ebff1b8085175eb03b25d9bb5.txt,line 1: expected 5 columns got 13
sangam-Braillie__dataset,train,invalid_label_columns,sangam-Braillie/dataset/train/labels/IMG_6253_jpg.rf.4feebe93e6c129ea64cad7992a54bbcc.txt,line 1: expected 5 columns got 11
sangam-Braillie__dataset,train,invalid_label_columns,sangam-Braillie/dataset/train/labels/IMG_6253_jpg.rf.dfd96affd23fea76c5870a336d654fdd.txt,line 1: expected 5 columns got 11
sangam-Braillie__dataset,train,invalid_label_columns,sangam-Braillie/dataset/train/labels/IMG_6254_jpg.rf.14d58d3f2c1e1ac720d2e9955a4205bb.txt,line 1: expected 5 columns got 11
sangam-Braillie__dataset,train,invalid_label_columns,sangam-Braillie/dataset/train/labels/IMG_6254_jpg.rf.9ba059256130bed42aec582bb7eebe7c.txt,line 1: expected 5 columns got 11
sangam-Braillie__dataset,train,invalid_label_columns,sangam-Braillie/dataset/train/labels/IMG_6255_jpg.rf.72d6a4ee968664a89ce3f5e854f120d2.txt,line 1: expected 5 columns got 11
sangam-Braillie__dataset,train,invalid_label_columns,sangam-Braillie/dataset/train/labels/IMG_6255_jpg.rf.9c846dc8fc89a61a196b76f2922cd2cb.txt,line 1: expected 5 columns got 11
sangam-Braillie__dataset,train,invalid_label_columns,sangam-Braillie/dataset/train/labels/IMG_6256_jpg.rf.a229f15e50044182990db65db5e6f469.txt,line 1: expected 5 columns got 11
sangam-Braillie__dataset,train,invalid_label_columns,sangam-Braillie/dataset/train/labels/IMG_6258_jpg.rf.c6fa53d13326239f0a15d00f17f9caac.txt,line 1: expected 5 columns got 11
sangam-Braillie__dataset,train,invalid_label_columns,sangam-Braillie/dataset/train/labels/IMG_6260_jpg.rf.77198127c0992a7885c30e737242e8b0.txt,line 1: expected 5 columns got 11
sangam-Braillie__dataset,train,invalid_label_columns,sangam-Braillie/dataset/train/labels/IMG_6260_jpg.rf.e7e077d31bcb159a5b306d382a27cf2f.txt,line 1: expected 5 columns got 11
sangam-Braillie__dataset,train,invalid_label_columns,sangam-Braillie/dataset/train/labels/IMG_6262_jpg.rf.4278060f4f5a514b8f4f06fc859c17f7.txt,line 1: expected 5 columns got 11
sangam-Braillie__dataset,val,invalid_label_columns,sangam-Braillie/dataset/valid/labels/IMG20230503105614_jpg.rf.2a677d0857628ebecc72094f3e5513dc.txt,line 1: expected 5 columns got 11
sangam-Braillie__dataset,val,invalid_label_columns,sangam-Braillie/dataset/valid/labels/IMG20230503105614_jpg.rf.2a677d0857628ebecc72094f3e5513dc.txt,line 2: expected 5 columns got 11
sangam-Braillie__dataset,val,invalid_label_columns,sangam-Braillie/dataset/valid/labels/IMG20230503105614_jpg.rf.2a677d0857628ebecc72094f3e5513dc.txt,line 3: expected 5 columns got 11
sangam-Braillie__dataset,val,invalid_label_columns,sangam-Braillie/dataset/valid/labels/IMG20230503105614_jpg.rf.2a677d0857628ebecc72094f3e5513dc.txt,line 4: expected 5 columns got 11
sangam-Braillie__dataset,val,invalid_label_columns,sangam-Braillie/dataset/valid/labels/IMG20230503105614_jpg.rf.2a677d0857628ebecc72094f3e5513dc.txt,line 5: expected 5 columns got 11
sangam-Braillie__dataset,val,invalid_label_columns,sangam-Braillie/dataset/valid/labels/IMG20230503105614_jpg.rf.2a677d0857628ebecc72094f3e5513dc.txt,line 6: expected 5 columns got 11
sangam-Braillie__dataset,val,invalid_label_columns,sangam-Braillie/dataset/valid/labels/IMG20230503105614_jpg.rf.2a677d0857628ebecc72094f3e5513dc.txt,line 7: expected 5 columns got 11
sangam-Braillie__dataset,val,invalid_label_columns,sangam-Braillie/dataset/valid/labels/IMG20230503105614_jpg.rf.2a677d0857628ebecc72094f3e5513dc.txt,line 8: expected 5 columns got 13
sangam-Braillie__dataset,val,invalid_label_columns,sangam-Braillie/dataset/valid/labels/IMG20230503105614_jpg.rf.2a677d0857628ebecc72094f3e5513dc.txt,line 9: expected 5 columns got 11
sangam-Braillie__dataset,val,invalid_label_columns,sangam-Braillie/dataset/valid/labels/IMG20230503105617_jpg.rf.a4a7b6f68a258fa3708e542c1b98cf5a.txt,line 1: expected 5 columns got 11
sangam-Braillie__dataset,val,invalid_label_columns,sangam-Braillie/dataset/valid/labels/IMG20230503105617_jpg.rf.a4a7b6f68a258fa3708e542c1b98cf5a.txt,line 2: expected 5 columns got 11
sangam-Braillie__dataset,val,invalid_label_columns,sangam-Braillie/dataset/valid/labels/IMG20230503105617_jpg.rf.a4a7b6f68a258fa3708e542c1b98cf5a.txt,line 3: expected 5 columns got 13
sangam-Braillie__dataset,val,invalid_label_columns,sangam-Braillie/dataset/valid/labels/IMG20230503105617_jpg.rf.a4a7b6f68a258fa3708e542c1b98cf5a.txt,line 4: expected 5 columns got 11
sangam-Braillie__dataset,val,invalid_label_columns,sangam-Braillie/dataset/valid/labels/IMG20230503105617_jpg.rf.a4a7b6f68a258fa3708e542c1b98cf5a.txt,line 5: expected 5 columns got 11
sangam-Braillie__dataset,val,invalid_label_columns,sangam-Braillie/dataset/valid/labels/IMG20230503105617_jpg.rf.a4a7b6f68a258fa3708e542c1b98cf5a.txt,line 6: expected 5 columns got 11
sangam-Braillie__dataset,val,invalid_label_columns,sangam-Braillie/dataset/valid/labels/IMG20230503105617_jpg.rf.a4a7b6f68a258fa3708e542c1b98cf5a.txt,line 7: expected 5 columns got 11
sangam-Braillie__dataset,val,invalid_label_columns,sangam-Braillie/dataset/valid/labels/IMG20230503105617_jpg.rf.a4a7b6f68a258fa3708e542c1b98cf5a.txt,line 8: expected 5 columns got 11
sangam-Braillie__dataset,test,invalid_label_columns,sangam-Braillie/dataset/test/labels/db16_png_jpg.rf.30d5d243c45413fa965f20230779d23d.txt,line 1: expected 5 columns got 11
sangam-Braillie__dataset,test,invalid_label_columns,sangam-Braillie/dataset/test/labels/db16_png_jpg.rf.30d5d243c45413fa965f20230779d23d.txt,line 2: expected 5 columns got 11
sangam-Braillie__dataset,test,invalid_label_columns,sangam-Braillie/dataset/test/labels/db16_png_jpg.rf.30d5d243c45413fa965f20230779d23d.txt,line 3: expected 5 columns got 11
sangam-Braillie__dataset,test,invalid_label_columns,sangam-Braillie/dataset/test/labels/db16_png_jpg.rf.30d5d243c45413fa965f20230779d23d.txt,line 4: expected 5 columns got 11
sangam-Braillie__dataset,test,invalid_label_columns,sangam-Braillie/dataset/test/labels/db16_png_jpg.rf.30d5d243c45413fa965f20230779d23d.txt,line 5: expected 5 columns got 11
sangam-Braillie__dataset,test,invalid_label_columns,sangam-Braillie/dataset/test/labels/db16_png_jpg.rf.30d5d243c45413fa965f20230779d23d.txt,line 6: expected 5 columns got 11
sangam-Braillie__dataset,test,invalid_label_columns,sangam-Braillie/dataset/test/labels/db16_png_jpg.rf.30d5d243c45413fa965f20230779d23d.txt,line 7: expected 5 columns got 11
sangam-Braillie__dataset,test,invalid_label_columns,sangam-Braillie/dataset/test/labels/db16_png_jpg.rf.30d5d243c45413fa965f20230779d23d.txt,line 8: expected 5 columns got 11
sangam-Braillie__dataset,test,invalid_label_columns,sangam-Braillie/dataset/test/labels/db16_png_jpg.rf.30d5d243c45413fa965f20230779d23d.txt,line 9: expected 5 columns got 11
sangam-Braillie__dataset,test,invalid_label_columns,sangam-Braillie/dataset/test/labels/db16_png_jpg.rf.30d5d243c45413fa965f20230779d23d.txt,line 10: expected 5 columns got 11
sangam-Braillie__dataset,test,invalid_label_columns,sangam-Braillie/dataset/test/labels/db16_png_jpg.rf.30d5d243c45413fa965f20230779d23d.txt,line 11: expected 5 columns got 13
sangam-Braillie__dataset,test,invalid_label_columns,sangam-Braillie/dataset/test/labels/db16_png_jpg.rf.30d5d243c45413fa965f20230779d23d.txt,line 12: expected 5 columns got 11
sangam-Braillie__dataset,test,invalid_label_columns,sangam-Braillie/dataset/test/labels/db16_png_jpg.rf.30d5d243c45413fa965f20230779d23d.txt,line 13: expected 5 columns got 11
sangam-Braillie__dataset,test,invalid_label_columns,sangam-Braillie/dataset/test/labels/db16_png_jpg.rf.30d5d243c45413fa965f20230779d23d.txt,line 14: expected 5 columns got 11
sangam-Braillie__dataset,test,invalid_label_columns,sangam-Braillie/dataset/test/labels/db16_png_jpg.rf.30d5d243c45413fa965f20230779d23d.txt,line 15: expected 5 columns got 11
sangam-Braillie__dataset,test,invalid_label_columns,sangam-Braillie/dataset/test/labels/db16_png_jpg.rf.30d5d243c45413fa965f20230779d23d.txt,line 16: expected 5 columns got 11
sangam-Braillie__dataset,test,invalid_label_columns,sangam-Braillie/dataset/test/labels/db16_png_jpg.rf.30d5d243c45413fa965f20230779d23d.txt,line 17: expected 5 columns got 11
sangam-Braillie__dataset,test,invalid_label_columns,sangam-Braillie/dataset/test/labels/db16_png_jpg.rf.30d5d243c45413fa965f20230779d23d.txt,line 18: expected 5 columns got 11
sangam-Braillie__dataset,test,invalid_label_columns,sangam-Braillie/dataset/test/labels/db16_png_jpg.rf.30d5d243c45413fa965f20230779d23d.txt,line 19: expected 5 columns got 11
sangam-Braillie__dataset,test,invalid_label_columns,sangam-Braillie/dataset/test/labels/db16_png_jpg.rf.30d5d243c45413fa965f20230779d23d.txt,line 20: expected 5 columns got 11
sangam-Braillie__dataset,test,invalid_label_columns,sangam-Braillie/dataset/test/labels/db16_png_jpg.rf.30d5d243c45413fa965f20230779d23d.txt,line 21: expected 5 columns got 11
sangam-Braillie__dataset,test,invalid_label_columns,sangam-Braillie/dataset/test/labels/db16_png_jpg.rf.30d5d243c45413fa965f20230779d23d.txt,line 22: expected 5 columns got 11
sangam-Braillie__dataset,test,invalid_label_columns,sangam-Braillie/dataset/test/labels/db16_png_jpg.rf.30d5d243c45413fa965f20230779d23d.txt,line 23: expected 5 columns got 11
sangam-Braillie__dataset,test,invalid_label_columns,sangam-Braillie/dataset/test/labels/db16_png_jpg.rf.30d5d243c45413fa965f20230779d23d.txt,line 24: expected 5 columns got 11
sangam-Braillie__dataset,test,invalid_label_columns,sangam-Braillie/dataset/test/labels/db16_png_jpg.rf.30d5d243c45413fa965f20230779d23d.txt,line 25: expected 5 columns got 11
