"path","category","purpose","keep"
"asmitha\ai_tools_disclosure.md","Reference project - Asmitha","Older Streamlit/YOLO reference project, sample inputs/outputs, and historical training artifacts","Reference/archive"
"asmitha\app.py","Reference project - Asmitha","Older Streamlit/YOLO reference project, sample inputs/outputs, and historical training artifacts","Reference/archive"
"asmitha\Dataset_info.md","Reference project - Asmitha","Older Streamlit/YOLO reference project, sample inputs/outputs, and historical training artifacts","Reference/archive"
"asmitha\inference.py","Reference project - Asmitha","Older Streamlit/YOLO reference project, sample inputs/outputs, and historical training artifacts","Reference/archive"
"asmitha\LOCAL_PROJECT_OVERVIEW.md","Reference project - Asmitha","Older Streamlit/YOLO reference project, sample inputs/outputs, and historical training artifacts","Reference/archive"
"asmitha\README.md","Reference project - Asmitha","Older Streamlit/YOLO reference project, sample inputs/outputs, and historical training artifacts","Reference/archive"
"asmitha\requirements.txt","Reference project - Asmitha","Older Streamlit/YOLO reference project, sample inputs/outputs, and historical training artifacts","Reference/archive"
"asmitha\runs\detect\braille_detector\args.yaml","Reference project - Asmitha","Older Streamlit/YOLO reference project, sample inputs/outputs, and historical training artifacts","Reference/archive"
"asmitha\runs\detect\braille_detector\labels.jpg","Reference project - Asmitha","Older Streamlit/YOLO reference project, sample inputs/outputs, and historical training artifacts","Reference/archive"
"asmitha\runs\detect\braille_detector\results.csv","Reference project - Asmitha","Older Streamlit/YOLO reference project, sample inputs/outputs, and historical training artifacts","Reference/archive"
"asmitha\runs\detect\braille_detector\train_batch0.jpg","Reference project - Asmitha","Older Streamlit/YOLO reference project, sample inputs/outputs, and historical training artifacts","Reference/archive"
"asmitha\runs\detect\braille_detector\train_batch1.jpg","Reference project - Asmitha","Older Streamlit/YOLO reference project, sample inputs/outputs, and historical training artifacts","Reference/archive"
"asmitha\runs\detect\braille_detector\train_batch2.jpg","Reference project - Asmitha","Older Streamlit/YOLO reference project, sample inputs/outputs, and historical training artifacts","Reference/archive"
"asmitha\runs\detect\braille_detector\weights\best.pt","Reference project - Asmitha","Older Streamlit/YOLO reference project, sample inputs/outputs, and historical training artifacts","Reference/archive"
"asmitha\runs\detect\braille_detector\weights\last.pt","Reference project - Asmitha","Older Streamlit/YOLO reference project, sample inputs/outputs, and historical training artifacts","Reference/archive"
"asmitha\runs\detect\braille_detector-2\args.yaml","Reference project - Asmitha","Older Streamlit/YOLO reference project, sample inputs/outputs, and historical training artifacts","Reference/archive"
"asmitha\runs\detect\braille_detector-3\args.yaml","Reference project - Asmitha","Older Streamlit/YOLO reference project, sample inputs/outputs, and historical training artifacts","Reference/archive"
"asmitha\runs\detect\braille_detector-3\BoxF1_curve.png","Reference project - Asmitha","Older Streamlit/YOLO reference project, sample inputs/outputs, and historical training artifacts","Reference/archive"
"asmitha\runs\detect\braille_detector-3\BoxP_curve.png","Reference project - Asmitha","Older Streamlit/YOLO reference project, sample inputs/outputs, and historical training artifacts","Reference/archive"
"asmitha\runs\detect\braille_detector-3\BoxPR_curve.png","Reference project - Asmitha","Older Streamlit/YOLO reference project, sample inputs/outputs, and historical training artifacts","Reference/archive"
"asmitha\runs\detect\braille_detector-3\BoxR_curve.png","Reference project - Asmitha","Older Streamlit/YOLO reference project, sample inputs/outputs, and historical training artifacts","Reference/archive"
"asmitha\runs\detect\braille_detector-3\confusion_matrix.png","Reference project - Asmitha","Older Streamlit/YOLO reference project, sample inputs/outputs, and historical training artifacts","Reference/archive"
"asmitha\runs\detect\braille_detector-3\confusion_matrix_normalized.png","Reference project - Asmitha","Older Streamlit/YOLO reference project, sample inputs/outputs, and historical training artifacts","Reference/archive"
"asmitha\runs\detect\braille_detector-3\labels.jpg","Reference project - Asmitha","Older Streamlit/YOLO reference project, sample inputs/outputs, and historical training artifacts","Reference/archive"
"asmitha\runs\detect\braille_detector-3\results.csv","Reference project - Asmitha","Older Streamlit/YOLO reference project, sample inputs/outputs, and historical training artifacts","Reference/archive"
"asmitha\runs\detect\braille_detector-3\results.png","Reference project - Asmitha","Older Streamlit/YOLO reference project, sample inputs/outputs, and historical training artifacts","Reference/archive"
"asmitha\runs\detect\braille_detector-3\train_batch0.jpg","Reference project - Asmitha","Older Streamlit/YOLO reference project, sample inputs/outputs, and historical training artifacts","Reference/archive"
"asmitha\runs\detect\braille_detector-3\train_batch1.jpg","Reference project - Asmitha","Older Streamlit/YOLO reference project, sample inputs/outputs, and historical training artifacts","Reference/archive"
"asmitha\runs\detect\braille_detector-3\train_batch2.jpg","Reference project - Asmitha","Older Streamlit/YOLO reference project, sample inputs/outputs, and historical training artifacts","Reference/archive"
"asmitha\runs\detect\braille_detector-3\val_batch0_labels.jpg","Reference project - Asmitha","Older Streamlit/YOLO reference project, sample inputs/outputs, and historical training artifacts","Reference/archive"
"asmitha\runs\detect\braille_detector-3\val_batch0_pred.jpg","Reference project - Asmitha","Older Streamlit/YOLO reference project, sample inputs/outputs, and historical training artifacts","Reference/archive"
"asmitha\runs\detect\braille_detector-3\val_batch1_labels.jpg","Reference project - Asmitha","Older Streamlit/YOLO reference project, sample inputs/outputs, and historical training artifacts","Reference/archive"
"asmitha\runs\detect\braille_detector-3\val_batch1_pred.jpg","Reference project - Asmitha","Older Streamlit/YOLO reference project, sample inputs/outputs, and historical training artifacts","Reference/archive"
"asmitha\runs\detect\braille_detector-3\val_batch2_labels.jpg","Reference project - Asmitha","Older Streamlit/YOLO reference project, sample inputs/outputs, and historical training artifacts","Reference/archive"
"asmitha\runs\detect\braille_detector-3\val_batch2_pred.jpg","Reference project - Asmitha","Older Streamlit/YOLO reference project, sample inputs/outputs, and historical training artifacts","Reference/archive"
"asmitha\runs\detect\braille_detector-3\weights\best.pt","Reference project - Asmitha","Older Streamlit/YOLO reference project, sample inputs/outputs, and historical training artifacts","Reference/archive"
"asmitha\runs\detect\braille_detector-3\weights\last.pt","Reference project - Asmitha","Older Streamlit/YOLO reference project, sample inputs/outputs, and historical training artifacts","Reference/archive"
"asmitha\runs\detect\braille_detector-4\args.yaml","Reference project - Asmitha","Older Streamlit/YOLO reference project, sample inputs/outputs, and historical training artifacts","Reference/archive"
"asmitha\runs\detect\braille_detector-4\BoxF1_curve.png","Reference project - Asmitha","Older Streamlit/YOLO reference project, sample inputs/outputs, and historical training artifacts","Reference/archive"
"asmitha\runs\detect\braille_detector-4\BoxP_curve.png","Reference project - Asmitha","Older Streamlit/YOLO reference project, sample inputs/outputs, and historical training artifacts","Reference/archive"
"asmitha\runs\detect\braille_detector-4\BoxPR_curve.png","Reference project - Asmitha","Older Streamlit/YOLO reference project, sample inputs/outputs, and historical training artifacts","Reference/archive"
"asmitha\runs\detect\braille_detector-4\BoxR_curve.png","Reference project - Asmitha","Older Streamlit/YOLO reference project, sample inputs/outputs, and historical training artifacts","Reference/archive"
"asmitha\runs\detect\braille_detector-4\confusion_matrix.png","Reference project - Asmitha","Older Streamlit/YOLO reference project, sample inputs/outputs, and historical training artifacts","Reference/archive"
"asmitha\runs\detect\braille_detector-4\confusion_matrix_normalized.png","Reference project - Asmitha","Older Streamlit/YOLO reference project, sample inputs/outputs, and historical training artifacts","Reference/archive"
"asmitha\runs\detect\braille_detector-4\labels.jpg","Reference project - Asmitha","Older Streamlit/YOLO reference project, sample inputs/outputs, and historical training artifacts","Reference/archive"
"asmitha\runs\detect\braille_detector-4\results.csv","Reference project - Asmitha","Older Streamlit/YOLO reference project, sample inputs/outputs, and historical training artifacts","Reference/archive"
"asmitha\runs\detect\braille_detector-4\results.png","Reference project - Asmitha","Older Streamlit/YOLO reference project, sample inputs/outputs, and historical training artifacts","Reference/archive"
"asmitha\runs\detect\braille_detector-4\train_batch0.jpg","Reference project - Asmitha","Older Streamlit/YOLO reference project, sample inputs/outputs, and historical training artifacts","Reference/archive"
"asmitha\runs\detect\braille_detector-4\train_batch1.jpg","Reference project - Asmitha","Older Streamlit/YOLO reference project, sample inputs/outputs, and historical training artifacts","Reference/archive"
"asmitha\runs\detect\braille_detector-4\train_batch11430.jpg","Reference project - Asmitha","Older Streamlit/YOLO reference project, sample inputs/outputs, and historical training artifacts","Reference/archive"
"asmitha\runs\detect\braille_detector-4\train_batch11431.jpg","Reference project - Asmitha","Older Streamlit/YOLO reference project, sample inputs/outputs, and historical training artifacts","Reference/archive"
"asmitha\runs\detect\braille_detector-4\train_batch11432.jpg","Reference project - Asmitha","Older Streamlit/YOLO reference project, sample inputs/outputs, and historical training artifacts","Reference/archive"
"asmitha\runs\detect\braille_detector-4\train_batch2.jpg","Reference project - Asmitha","Older Streamlit/YOLO reference project, sample inputs/outputs, and historical training artifacts","Reference/archive"
"asmitha\runs\detect\braille_detector-4\val_batch0_labels.jpg","Reference project - Asmitha","Older Streamlit/YOLO reference project, sample inputs/outputs, and historical training artifacts","Reference/archive"
"asmitha\runs\detect\braille_detector-4\val_batch0_pred.jpg","Reference project - Asmitha","Older Streamlit/YOLO reference project, sample inputs/outputs, and historical training artifacts","Reference/archive"
"asmitha\runs\detect\braille_detector-4\val_batch1_labels.jpg","Reference project - Asmitha","Older Streamlit/YOLO reference project, sample inputs/outputs, and historical training artifacts","Reference/archive"
"asmitha\runs\detect\braille_detector-4\val_batch1_pred.jpg","Reference project - Asmitha","Older Streamlit/YOLO reference project, sample inputs/outputs, and historical training artifacts","Reference/archive"
"asmitha\runs\detect\braille_detector-4\val_batch2_labels.jpg","Reference project - Asmitha","Older Streamlit/YOLO reference project, sample inputs/outputs, and historical training artifacts","Reference/archive"
"asmitha\runs\detect\braille_detector-4\val_batch2_pred.jpg","Reference project - Asmitha","Older Streamlit/YOLO reference project, sample inputs/outputs, and historical training artifacts","Reference/archive"
"asmitha\runs\detect\braille_detector-4\weights\best.pt","Reference project - Asmitha","Older Streamlit/YOLO reference project, sample inputs/outputs, and historical training artifacts","Reference/archive"
"asmitha\runs\detect\braille_detector-4\weights\last.pt","Reference project - Asmitha","Older Streamlit/YOLO reference project, sample inputs/outputs, and historical training artifacts","Reference/archive"
"asmitha\sample_inputs\1067_jpg.rf.be50e49c6bf357ba8cb664cac7ffd9b9.jpg","Reference project - Asmitha","Older Streamlit/YOLO reference project, sample inputs/outputs, and historical training artifacts","Reference/archive"
"asmitha\sample_inputs\1070_jpg.rf.a407a00781392ecf7ce10a35a9e0adf3.jpg","Reference project - Asmitha","Older Streamlit/YOLO reference project, sample inputs/outputs, and historical training artifacts","Reference/archive"
"asmitha\sample_inputs\1071_jpg.rf.316e5472056d74bf08538aac50ea4d22.jpg","Reference project - Asmitha","Older Streamlit/YOLO reference project, sample inputs/outputs, and historical training artifacts","Reference/archive"
"asmitha\sample_inputs\1080_jpg.rf.95aa3358d3f09e244e0314962d3fc34b.jpg","Reference project - Asmitha","Older Streamlit/YOLO reference project, sample inputs/outputs, and historical training artifacts","Reference/archive"
"asmitha\sample_inputs\1097_jpg.rf.6774c7b6f4e66bb1adcc86273677b34e.jpg","Reference project - Asmitha","Older Streamlit/YOLO reference project, sample inputs/outputs, and historical training artifacts","Reference/archive"
"asmitha\sample_outputs\Screenshot 2026-06-01 at 11.47.57?AM.png","Reference project - Asmitha","Older Streamlit/YOLO reference project, sample inputs/outputs, and historical training artifacts","Reference/archive"
"asmitha\sample_outputs\Screenshot 2026-06-01 at 11.48.05?AM.png","Reference project - Asmitha","Older Streamlit/YOLO reference project, sample inputs/outputs, and historical training artifacts","Reference/archive"
"asmitha\sample_outputs\Screenshot 2026-06-01 at 11.48.34?AM.png","Reference project - Asmitha","Older Streamlit/YOLO reference project, sample inputs/outputs, and historical training artifacts","Reference/archive"
"asmitha\sample_outputs\Screenshot 2026-06-01 at 11.48.42?AM.png","Reference project - Asmitha","Older Streamlit/YOLO reference project, sample inputs/outputs, and historical training artifacts","Reference/archive"
"asmitha\sample_outputs\Screenshot 2026-06-01 at 11.57.07?AM.png","Reference project - Asmitha","Older Streamlit/YOLO reference project, sample inputs/outputs, and historical training artifacts","Reference/archive"
"asmitha\setup_instructions.md","Reference project - Asmitha","Older Streamlit/YOLO reference project, sample inputs/outputs, and historical training artifacts","Reference/archive"
"asmitha\test_camera.py","Reference project - Asmitha","Older Streamlit/YOLO reference project, sample inputs/outputs, and historical training artifacts","Reference/archive"
"asmitha\train.py","Reference project - Asmitha","Older Streamlit/YOLO reference project, sample inputs/outputs, and historical training artifacts","Reference/archive"
"asmitha\yolov8n.pt","Reference project - Asmitha","Older Streamlit/YOLO reference project, sample inputs/outputs, and historical training artifacts","Reference/archive"
"braille_hackathon_siddhant\ai_tools_disclosure.md","Reference project - Siddhant","Older web/backend/demo reference project and LMS/test ideas","Reference/archive"
"braille_hackathon_siddhant\backend\app.py","Reference project - Siddhant","Older web/backend/demo reference project and LMS/test ideas","Reference/archive"
"braille_hackathon_siddhant\backend\braille_decoder.py","Reference project - Siddhant","Older web/backend/demo reference project and LMS/test ideas","Reference/archive"
"braille_hackathon_siddhant\backend\check_and_run.py","Reference project - Siddhant","Older web/backend/demo reference project and LMS/test ideas","Reference/archive"
"braille_hackathon_siddhant\backend\generate_samples.py","Reference project - Siddhant","Older web/backend/demo reference project and LMS/test ideas","Reference/archive"
"braille_hackathon_siddhant\backend\inference.py","Reference project - Siddhant","Older web/backend/demo reference project and LMS/test ideas","Reference/archive"
"braille_hackathon_siddhant\backend\inference_cli.py","Reference project - Siddhant","Older web/backend/demo reference project and LMS/test ideas","Reference/archive"
"braille_hackathon_siddhant\backend\models\README.txt","Reference project - Siddhant","Older web/backend/demo reference project and LMS/test ideas","Reference/archive"
"braille_hackathon_siddhant\backend\requirements.txt","Reference project - Siddhant","Older web/backend/demo reference project and LMS/test ideas","Reference/archive"
"braille_hackathon_siddhant\demo\BrailleVision_Documentation.html","Reference project - Siddhant","Older web/backend/demo reference project and LMS/test ideas","Reference/archive"
"braille_hackathon_siddhant\demo\demo_video_link.txt","Reference project - Siddhant","Older web/backend/demo reference project and LMS/test ideas","Reference/archive"
"braille_hackathon_siddhant\demo\FINAL_VIDEO_SCRIPT.txt","Reference project - Siddhant","Older web/backend/demo reference project and LMS/test ideas","Reference/archive"
"braille_hackathon_siddhant\frontend\index.html","Reference project - Siddhant","Older web/backend/demo reference project and LMS/test ideas","Reference/archive"
"braille_hackathon_siddhant\frontend\logo.png","Reference project - Siddhant","Older web/backend/demo reference project and LMS/test ideas","Reference/archive"
"braille_hackathon_siddhant\frontend\temp.js","Reference project - Siddhant","Older web/backend/demo reference project and LMS/test ideas","Reference/archive"
"braille_hackathon_siddhant\LICENSE","Reference project - Siddhant","Older web/backend/demo reference project and LMS/test ideas","Reference/archive"
"braille_hackathon_siddhant\model\best.pt","Reference project - Siddhant","Older web/backend/demo reference project and LMS/test ideas","Reference/archive"
"braille_hackathon_siddhant\model\checksum.txt","Reference project - Siddhant","Older web/backend/demo reference project and LMS/test ideas","Reference/archive"
"braille_hackathon_siddhant\model\model_info.md","Reference project - Siddhant","Older web/backend/demo reference project and LMS/test ideas","Reference/archive"
"braille_hackathon_siddhant\README.md","Reference project - Siddhant","Older web/backend/demo reference project and LMS/test ideas","Reference/archive"
"braille_hackathon_siddhant\requirements.txt","Reference project - Siddhant","Older web/backend/demo reference project and LMS/test ideas","Reference/archive"
"braille_hackathon_siddhant\setup_instructions.md","Reference project - Siddhant","Older web/backend/demo reference project and LMS/test ideas","Reference/archive"
"braille_hackathon_siddhant\start.bat","Reference project - Siddhant","Older web/backend/demo reference project and LMS/test ideas","Reference/archive"
"braille_hackathon_siddhant\test_local.py","Reference project - Siddhant","Older web/backend/demo reference project and LMS/test ideas","Reference/archive"
"braille_hackathon_siddhant\tests\test_accuracy.py","Reference project - Siddhant","Older web/backend/demo reference project and LMS/test ideas","Reference/archive"
"braille_hackathon_siddhant\tests\test_api.py","Reference project - Siddhant","Older web/backend/demo reference project and LMS/test ideas","Reference/archive"
"braille_hackathon_siddhant\tests\test_tts_output.mp3","Reference project - Siddhant","Older web/backend/demo reference project and LMS/test ideas","Reference/archive"
"braille_hackathon_siddhant\tests\test_tts_ref.py","Reference project - Siddhant","Older web/backend/demo reference project and LMS/test ideas","Reference/archive"
"braille_hackathon_siddhant\training\braille_train.ipynb","Reference project - Siddhant","Older web/backend/demo reference project and LMS/test ideas","Reference/archive"
"braille_hackathon_siddhant\training\results\confusion_matrix.png","Reference project - Siddhant","Older web/backend/demo reference project and LMS/test ideas","Reference/archive"
"braille_hackathon_siddhant\training\results\README.md","Reference project - Siddhant","Older web/backend/demo reference project and LMS/test ideas","Reference/archive"
"braille_hackathon_siddhant\training\results\results.png","Reference project - Siddhant","Older web/backend/demo reference project and LMS/test ideas","Reference/archive"
"braille_hackathon_siddhant\training\results\val_batch0_pred.jpg","Reference project - Siddhant","Older web/backend/demo reference project and LMS/test ideas","Reference/archive"
"braille_hackathon_siddhant\training\results\val_batch1_pred.jpg","Reference project - Siddhant","Older web/backend/demo reference project and LMS/test ideas","Reference/archive"
"braille_hackathon_siddhant\training\train.py","Reference project - Siddhant","Older web/backend/demo reference project and LMS/test ideas","Reference/archive"
"braille_hackathon_siddhant\training\yolo_train_command.txt","Reference project - Siddhant","Older web/backend/demo reference project and LMS/test ideas","Reference/archive"
"DMI.jpeg","Manual test image","Root-level physical Braille test image kept for quick manual scanner/model checks","Move into benchmark/manual if desired"
"Flipped DMI.jpeg","Manual test image","Root-level physical Braille test image kept for quick manual scanner/model checks","Move into benchmark/manual if desired"
"prabh-decoders-braillevision\ai_tools_disclosure.md","Reference project - Prabh","Original best-performing reference project with Flutter/web/backend code and historical models","Reference/archive"
"prabh-decoders-braillevision\api_server.py","Reference project - Prabh","Original best-performing reference project with Flutter/web/backend code and historical models","Reference/archive"
"prabh-decoders-braillevision\app.py","Reference project - Prabh","Original best-performing reference project with Flutter/web/backend code and historical models","Reference/archive"
"prabh-decoders-braillevision\app_web.py","Reference project - Prabh","Original best-performing reference project with Flutter/web/backend code and historical models","Reference/archive"
"prabh-decoders-braillevision\BrailleVision.apk","Reference project - Prabh","Original best-performing reference project with Flutter/web/backend code and historical models","Reference/archive"
"prabh-decoders-braillevision\converters\__init__.py","Reference project - Prabh","Original best-performing reference project with Flutter/web/backend code and historical models","Reference/archive"
"prabh-decoders-braillevision\converters\angelina_to_yolo.py","Reference project - Prabh","Original best-performing reference project with Flutter/web/backend code and historical models","Reference/archive"
"prabh-decoders-braillevision\demo\demo_video_link.txt","Reference project - Prabh","Original best-performing reference project with Flutter/web/backend code and historical models","Reference/archive"
"prabh-decoders-braillevision\demo\index.html","Reference project - Prabh","Original best-performing reference project with Flutter/web/backend code and historical models","Reference/archive"
"prabh-decoders-braillevision\docs\confusion_matrix_A.png","Reference project - Prabh","Original best-performing reference project with Flutter/web/backend code and historical models","Reference/archive"
"prabh-decoders-braillevision\docs\confusion_matrix_B.png","Reference project - Prabh","Original best-performing reference project with Flutter/web/backend code and historical models","Reference/archive"
"prabh-decoders-braillevision\docs\confusion_matrix_C.png","Reference project - Prabh","Original best-performing reference project with Flutter/web/backend code and historical models","Reference/archive"
"prabh-decoders-braillevision\docs\model_journey.md","Reference project - Prabh","Original best-performing reference project with Flutter/web/backend code and historical models","Reference/archive"
"prabh-decoders-braillevision\docs\planning\BrailleVision_Execution_Runbook.md","Reference project - Prabh","Original best-performing reference project with Flutter/web/backend code and historical models","Reference/archive"
"prabh-decoders-braillevision\docs\planning\BrailleVision_FINAL_Plan_APK.md","Reference project - Prabh","Original best-performing reference project with Flutter/web/backend code and historical models","Reference/archive"
"prabh-decoders-braillevision\docs\planning\BrailleVision_Implementation_Plan.md","Reference project - Prabh","Original best-performing reference project with Flutter/web/backend code and historical models","Reference/archive"
"prabh-decoders-braillevision\docs\planning\BrailleVision_Web_and_APK_Guide.md","Reference project - Prabh","Original best-performing reference project with Flutter/web/backend code and historical models","Reference/archive"
"prabh-decoders-braillevision\docs\results_A.png","Reference project - Prabh","Original best-performing reference project with Flutter/web/backend code and historical models","Reference/archive"
"prabh-decoders-braillevision\docs\results_B.png","Reference project - Prabh","Original best-performing reference project with Flutter/web/backend code and historical models","Reference/archive"
"prabh-decoders-braillevision\docs\results_C.png","Reference project - Prabh","Original best-performing reference project with Flutter/web/backend code and historical models","Reference/archive"
"prabh-decoders-braillevision\download_datasets.sh","Reference project - Prabh","Original best-performing reference project with Flutter/web/backend code and historical models","Reference/archive"
"prabh-decoders-braillevision\evaluate.py","Reference project - Prabh","Original best-performing reference project with Flutter/web/backend code and historical models","Reference/archive"
"prabh-decoders-braillevision\final_live_app.py","Reference project - Prabh","Original best-performing reference project with Flutter/web/backend code and historical models","Reference/archive"
"prabh-decoders-braillevision\flutter_app\analysis_options.yaml","Reference project - Prabh","Original best-performing reference project with Flutter/web/backend code and historical models","Reference/archive"
"prabh-decoders-braillevision\flutter_app\android\app\build.gradle.kts","Reference project - Prabh","Original best-performing reference project with Flutter/web/backend code and historical models","Reference/archive"
"prabh-decoders-braillevision\flutter_app\android\app\src\debug\AndroidManifest.xml","Reference project - Prabh","Original best-performing reference project with Flutter/web/backend code and historical models","Reference/archive"
"prabh-decoders-braillevision\flutter_app\android\app\src\main\AndroidManifest.xml","Reference project - Prabh","Original best-performing reference project with Flutter/web/backend code and historical models","Reference/archive"
"prabh-decoders-braillevision\flutter_app\android\app\src\main\kotlin\com\thedecoders\braillevision\MainActivity.kt","Reference project - Prabh","Original best-performing reference project with Flutter/web/backend code and historical models","Reference/archive"
"prabh-decoders-braillevision\flutter_app\android\app\src\main\res\drawable\launch_background.xml","Reference project - Prabh","Original best-performing reference project with Flutter/web/backend code and historical models","Reference/archive"
"prabh-decoders-braillevision\flutter_app\android\app\src\main\res\drawable-v21\launch_background.xml","Reference project - Prabh","Original best-performing reference project with Flutter/web/backend code and historical models","Reference/archive"
"prabh-decoders-braillevision\flutter_app\android\app\src\main\res\mipmap-hdpi\ic_launcher.png","Reference project - Prabh","Original best-performing reference project with Flutter/web/backend code and historical models","Reference/archive"
"prabh-decoders-braillevision\flutter_app\android\app\src\main\res\mipmap-mdpi\ic_launcher.png","Reference project - Prabh","Original best-performing reference project with Flutter/web/backend code and historical models","Reference/archive"
"prabh-decoders-braillevision\flutter_app\android\app\src\main\res\mipmap-xhdpi\ic_launcher.png","Reference project - Prabh","Original best-performing reference project with Flutter/web/backend code and historical models","Reference/archive"
"prabh-decoders-braillevision\flutter_app\android\app\src\main\res\mipmap-xxhdpi\ic_launcher.png","Reference project - Prabh","Original best-performing reference project with Flutter/web/backend code and historical models","Reference/archive"
"prabh-decoders-braillevision\flutter_app\android\app\src\main\res\mipmap-xxxhdpi\ic_launcher.png","Reference project - Prabh","Original best-performing reference project with Flutter/web/backend code and historical models","Reference/archive"
"prabh-decoders-braillevision\flutter_app\android\app\src\main\res\values\styles.xml","Reference project - Prabh","Original best-performing reference project with Flutter/web/backend code and historical models","Reference/archive"
"prabh-decoders-braillevision\flutter_app\android\app\src\main\res\values-night\styles.xml","Reference project - Prabh","Original best-performing reference project with Flutter/web/backend code and historical models","Reference/archive"
"prabh-decoders-braillevision\flutter_app\android\app\src\profile\AndroidManifest.xml","Reference project - Prabh","Original best-performing reference project with Flutter/web/backend code and historical models","Reference/archive"
"prabh-decoders-braillevision\flutter_app\android\build.gradle.kts","Reference project - Prabh","Original best-performing reference project with Flutter/web/backend code and historical models","Reference/archive"
"prabh-decoders-braillevision\flutter_app\android\build\reports\problems\problems-report.html","Reference project - Prabh","Original best-performing reference project with Flutter/web/backend code and historical models","Reference/archive"
"prabh-decoders-braillevision\flutter_app\android\gradle.properties","Reference project - Prabh","Original best-performing reference project with Flutter/web/backend code and historical models","Reference/archive"
"prabh-decoders-braillevision\flutter_app\android\gradle\wrapper\gradle-wrapper.properties","Reference project - Prabh","Original best-performing reference project with Flutter/web/backend code and historical models","Reference/archive"
"prabh-decoders-braillevision\flutter_app\android\settings.gradle.kts","Reference project - Prabh","Original best-performing reference project with Flutter/web/backend code and historical models","Reference/archive"
"prabh-decoders-braillevision\flutter_app\FLUTTER_APK_SETUP.md","Reference project - Prabh","Original best-performing reference project with Flutter/web/backend code and historical models","Reference/archive"
"prabh-decoders-braillevision\flutter_app\lib\braille_camera_screen.dart","Reference project - Prabh","Original best-performing reference project with Flutter/web/backend code and historical models","Reference/archive"
"prabh-decoders-braillevision\flutter_app\lib\braille_screen.dart","Reference project - Prabh","Original best-performing reference project with Flutter/web/backend code and historical models","Reference/archive"
"prabh-decoders-braillevision\flutter_app\lib\main.dart","Reference project - Prabh","Original best-performing reference project with Flutter/web/backend code and historical models","Reference/archive"
"prabh-decoders-braillevision\flutter_app\pubspec.lock","Reference project - Prabh","Original best-performing reference project with Flutter/web/backend code and historical models","Reference/archive"
"prabh-decoders-braillevision\flutter_app\pubspec.yaml","Reference project - Prabh","Original best-performing reference project with Flutter/web/backend code and historical models","Reference/archive"
"prabh-decoders-braillevision\flutter_app\README.md","Reference project - Prabh","Original best-performing reference project with Flutter/web/backend code and historical models","Reference/archive"
"prabh-decoders-braillevision\flutter_app\README.txt","Reference project - Prabh","Original best-performing reference project with Flutter/web/backend code and historical models","Reference/archive"
"prabh-decoders-braillevision\flutter_app\test\widget_test.dart","Reference project - Prabh","Original best-performing reference project with Flutter/web/backend code and historical models","Reference/archive"
"prabh-decoders-braillevision\inference.py","Reference project - Prabh","Original best-performing reference project with Flutter/web/backend code and historical models","Reference/archive"
"prabh-decoders-braillevision\LICENSE","Reference project - Prabh","Original best-performing reference project with Flutter/web/backend code and historical models","Reference/archive"
"prabh-decoders-braillevision\LOCAL_PROJECT_OVERVIEW.md","Reference project - Prabh","Original best-performing reference project with Flutter/web/backend code and historical models","Reference/archive"
"prabh-decoders-braillevision\merge_datasets.py","Reference project - Prabh","Original best-performing reference project with Flutter/web/backend code and historical models","Reference/archive"
"prabh-decoders-braillevision\model\best.pt","Reference project - Prabh","Original best-performing reference project with Flutter/web/backend code and historical models","Reference/archive"
"prabh-decoders-braillevision\model\best_A.pt","Reference project - Prabh","Original best-performing reference project with Flutter/web/backend code and historical models","Reference/archive"
"prabh-decoders-braillevision\model\best_B.pt","Reference project - Prabh","Original best-performing reference project with Flutter/web/backend code and historical models","Reference/archive"
"prabh-decoders-braillevision\model\best_C.pt","Reference project - Prabh","Original best-performing reference project with Flutter/web/backend code and historical models","Reference/archive"
"prabh-decoders-braillevision\model\model_info.md","Reference project - Prabh","Original best-performing reference project with Flutter/web/backend code and historical models","Reference/archive"
"prabh-decoders-braillevision\model\PLACE_WEIGHTS_HERE.txt","Reference project - Prabh","Original best-performing reference project with Flutter/web/backend code and historical models","Reference/archive"
"prabh-decoders-braillevision\README.md","Reference project - Prabh","Original best-performing reference project with Flutter/web/backend code and historical models","Reference/archive"
"prabh-decoders-braillevision\requirements.txt","Reference project - Prabh","Original best-performing reference project with Flutter/web/backend code and historical models","Reference/archive"
"prabh-decoders-braillevision\sample_inputs\braille_book_page.jpg","Reference project - Prabh","Original best-performing reference project with Flutter/web/backend code and historical models","Reference/archive"
"prabh-decoders-braillevision\sample_inputs\braille_camera_capture.jpg","Reference project - Prabh","Original best-performing reference project with Flutter/web/backend code and historical models","Reference/archive"
"prabh-decoders-braillevision\sample_inputs\braille_handwritten.jpg","Reference project - Prabh","Original best-performing reference project with Flutter/web/backend code and historical models","Reference/archive"
"prabh-decoders-braillevision\sample_inputs\judge_test.png","Reference project - Prabh","Original best-performing reference project with Flutter/web/backend code and historical models","Reference/archive"
"prabh-decoders-braillevision\sample_inputs\judge_test_clahe.png","Reference project - Prabh","Original best-performing reference project with Flutter/web/backend code and historical models","Reference/archive"
"prabh-decoders-braillevision\sample_inputs\README.txt","Reference project - Prabh","Original best-performing reference project with Flutter/web/backend code and historical models","Reference/archive"
"prabh-decoders-braillevision\sample_outputs\braille_book_page_out.jpg","Reference project - Prabh","Original best-performing reference project with Flutter/web/backend code and historical models","Reference/archive"
"prabh-decoders-braillevision\sample_outputs\braille_book_page_out.txt","Reference project - Prabh","Original best-performing reference project with Flutter/web/backend code and historical models","Reference/archive"
"prabh-decoders-braillevision\sample_outputs\braille_camera_capture_out.jpg","Reference project - Prabh","Original best-performing reference project with Flutter/web/backend code and historical models","Reference/archive"
"prabh-decoders-braillevision\sample_outputs\braille_camera_capture_out.txt","Reference project - Prabh","Original best-performing reference project with Flutter/web/backend code and historical models","Reference/archive"
"prabh-decoders-braillevision\sample_outputs\braille_handwritten_out.jpg","Reference project - Prabh","Original best-performing reference project with Flutter/web/backend code and historical models","Reference/archive"
"prabh-decoders-braillevision\sample_outputs\braille_handwritten_out.txt","Reference project - Prabh","Original best-performing reference project with Flutter/web/backend code and historical models","Reference/archive"
"prabh-decoders-braillevision\sample_outputs\judge_test_clahe_out.jpg","Reference project - Prabh","Original best-performing reference project with Flutter/web/backend code and historical models","Reference/archive"
"prabh-decoders-braillevision\sample_outputs\judge_test_clahe_out.txt","Reference project - Prabh","Original best-performing reference project with Flutter/web/backend code and historical models","Reference/archive"
"prabh-decoders-braillevision\sample_outputs\judge_test_out.jpg","Reference project - Prabh","Original best-performing reference project with Flutter/web/backend code and historical models","Reference/archive"
"prabh-decoders-braillevision\sample_outputs\judge_test_out.txt","Reference project - Prabh","Original best-performing reference project with Flutter/web/backend code and historical models","Reference/archive"
"prabh-decoders-braillevision\sample_outputs_compare_mohan\judge_test_out.jpg","Reference project - Prabh","Original best-performing reference project with Flutter/web/backend code and historical models","Reference/archive"
"prabh-decoders-braillevision\sample_outputs_compare_mohan\judge_test_out.txt","Reference project - Prabh","Original best-performing reference project with Flutter/web/backend code and historical models","Reference/archive"
"prabh-decoders-braillevision\setup_instructions.md","Reference project - Prabh","Original best-performing reference project with Flutter/web/backend code and historical models","Reference/archive"
"prabh-decoders-braillevision\start_final_live_app.bat","Reference project - Prabh","Original best-performing reference project with Flutter/web/backend code and historical models","Reference/archive"
"prabh-decoders-braillevision\training\results\confusion_matrix_A.png","Reference project - Prabh","Original best-performing reference project with Flutter/web/backend code and historical models","Reference/archive"
"prabh-decoders-braillevision\training\results\confusion_matrix_B.png","Reference project - Prabh","Original best-performing reference project with Flutter/web/backend code and historical models","Reference/archive"
"prabh-decoders-braillevision\training\results\confusion_matrix_C.png","Reference project - Prabh","Original best-performing reference project with Flutter/web/backend code and historical models","Reference/archive"
"prabh-decoders-braillevision\training\results\results_A.png","Reference project - Prabh","Original best-performing reference project with Flutter/web/backend code and historical models","Reference/archive"
"prabh-decoders-braillevision\training\results\results_B.png","Reference project - Prabh","Original best-performing reference project with Flutter/web/backend code and historical models","Reference/archive"
"prabh-decoders-braillevision\training\results\results_C.png","Reference project - Prabh","Original best-performing reference project with Flutter/web/backend code and historical models","Reference/archive"
"prabh-decoders-braillevision\training\train_kaggle.py","Reference project - Prabh","Original best-performing reference project with Flutter/web/backend code and historical models","Reference/archive"
"prabh-decoders-braillevision\training\train_kaggle_v11.py","Reference project - Prabh","Original best-performing reference project with Flutter/web/backend code and historical models","Reference/archive"
"sangam-Braillie\__pycache__\app.cpython-310.pyc","Reference project - Sangam","Older Braillie reference project with ONNX/PT models, sample outputs, and Colab material","Reference/archive"
"sangam-Braillie\__pycache__\app.cpython-311.pyc","Reference project - Sangam","Older Braillie reference project with ONNX/PT models, sample outputs, and Colab material","Reference/archive"
"sangam-Braillie\__pycache__\main.cpython-310.pyc","Reference project - Sangam","Older Braillie reference project with ONNX/PT models, sample outputs, and Colab material","Reference/archive"
"sangam-Braillie\__pycache__\main.cpython-311.pyc","Reference project - Sangam","Older Braillie reference project with ONNX/PT models, sample outputs, and Colab material","Reference/archive"
"sangam-Braillie\app.py","Reference project - Sangam","Older Braillie reference project with ONNX/PT models, sample outputs, and Colab material","Reference/archive"
"sangam-Braillie\Google Colab\Braillie (1).ipynb","Reference project - Sangam","Older Braillie reference project with ONNX/PT models, sample outputs, and Colab material","Reference/archive"
"sangam-Braillie\Google Colab\training_report (1).json","Reference project - Sangam","Older Braillie reference project with ONNX/PT models, sample outputs, and Colab material","Reference/archive"
"sangam-Braillie\Google Colab\training_report (1).txt","Reference project - Sangam","Older Braillie reference project with ONNX/PT models, sample outputs, and Colab material","Reference/archive"
"sangam-Braillie\inference\predict.py","Reference project - Sangam","Older Braillie reference project with ONNX/PT models, sample outputs, and Colab material","Reference/archive"
"sangam-Braillie\local_attachments\braillevision_project_documentation_RAJKUMAR_NIRALA.pdf","Reference project - Sangam","Older Braillie reference project with ONNX/PT models, sample outputs, and Colab material","Reference/archive"
"sangam-Braillie\local_attachments\Braillie_1_attached.ipynb","Reference project - Sangam","Older Braillie reference project with ONNX/PT models, sample outputs, and Colab material","Reference/archive"
"sangam-Braillie\LOCAL_PROJECT_OVERVIEW.md","Reference project - Sangam","Older Braillie reference project with ONNX/PT models, sample outputs, and Colab material","Reference/archive"
"sangam-Braillie\main.py","Reference project - Sangam","Older Braillie reference project with ONNX/PT models, sample outputs, and Colab material","Reference/archive"
"sangam-Braillie\model\best.onnx","Reference project - Sangam","Older Braillie reference project with ONNX/PT models, sample outputs, and Colab material","Reference/archive"
"sangam-Braillie\model\best.pt","Reference project - Sangam","Older Braillie reference project with ONNX/PT models, sample outputs, and Colab material","Reference/archive"
"sangam-Braillie\model\yolov8_braille.pt","Reference project - Sangam","Older Braillie reference project with ONNX/PT models, sample outputs, and Colab material","Reference/archive"
"sangam-Braillie\README.md","Reference project - Sangam","Older Braillie reference project with ONNX/PT models, sample outputs, and Colab material","Reference/archive"
"sangam-Braillie\requirements.txt","Reference project - Sangam","Older Braillie reference project with ONNX/PT models, sample outputs, and Colab material","Reference/archive"
"sangam-Braillie\runs\detect\training\results\braille_model\args.yaml","Reference project - Sangam","Older Braillie reference project with ONNX/PT models, sample outputs, and Colab material","Reference/archive"
"sangam-Braillie\runs\detect\training\results\braille_model\labels.jpg","Reference project - Sangam","Older Braillie reference project with ONNX/PT models, sample outputs, and Colab material","Reference/archive"
"sangam-Braillie\runs\detect\training\results\braille_model-2\args.yaml","Reference project - Sangam","Older Braillie reference project with ONNX/PT models, sample outputs, and Colab material","Reference/archive"
"sangam-Braillie\runs\detect\training\results\braille_model-2\labels.jpg","Reference project - Sangam","Older Braillie reference project with ONNX/PT models, sample outputs, and Colab material","Reference/archive"
"sangam-Braillie\sample_input\12_jpg.rf.20353e71697f42d6426d0a25ce58bc10.jpg","Reference project - Sangam","Older Braillie reference project with ONNX/PT models, sample outputs, and Colab material","Reference/archive"
"sangam-Braillie\sample_input\17_jpg.rf.f3f269294d079b41dcadb0cd41465b61.jpg","Reference project - Sangam","Older Braillie reference project with ONNX/PT models, sample outputs, and Colab material","Reference/archive"
"sangam-Braillie\sample_input\3_jpg.rf.ebd8a994d7bb7fbcc98b8600ff936036.jpg","Reference project - Sangam","Older Braillie reference project with ONNX/PT models, sample outputs, and Colab material","Reference/archive"
"sangam-Braillie\sample_input\6_jpg.rf.82e84c41ec33b4140121aabfa4be36c5.jpg","Reference project - Sangam","Older Braillie reference project with ONNX/PT models, sample outputs, and Colab material","Reference/archive"
"sangam-Braillie\sample_outputs_fast\12_jpg.rf.20353e71697f42d6426d0a25ce58bc10_result.jpg","Reference project - Sangam","Older Braillie reference project with ONNX/PT models, sample outputs, and Colab material","Reference/archive"
"sangam-Braillie\sample_outputs_fast\17_jpg.rf.f3f269294d079b41dcadb0cd41465b61_result.jpg","Reference project - Sangam","Older Braillie reference project with ONNX/PT models, sample outputs, and Colab material","Reference/archive"
"sangam-Braillie\sample_outputs_fast\3_jpg.rf.ebd8a994d7bb7fbcc98b8600ff936036_result.jpg","Reference project - Sangam","Older Braillie reference project with ONNX/PT models, sample outputs, and Colab material","Reference/archive"
"sangam-Braillie\sample_outputs_fast\6_jpg.rf.82e84c41ec33b4140121aabfa4be36c5_result.jpg","Reference project - Sangam","Older Braillie reference project with ONNX/PT models, sample outputs, and Colab material","Reference/archive"
"sangam-Braillie\sample_outputs_judge\judge_test_result.png","Reference project - Sangam","Older Braillie reference project with ONNX/PT models, sample outputs, and Colab material","Reference/archive"
"sangam-Braillie\sample_outputs_judge_onnx\judge_test_result.png","Reference project - Sangam","Older Braillie reference project with ONNX/PT models, sample outputs, and Colab material","Reference/archive"
"sangam-Braillie\sample_outputs_test\12_jpg.rf.20353e71697f42d6426d0a25ce58bc10_result.jpg","Reference project - Sangam","Older Braillie reference project with ONNX/PT models, sample outputs, and Colab material","Reference/archive"
"sangam-Braillie\sample_outputs_test\17_jpg.rf.f3f269294d079b41dcadb0cd41465b61_result.jpg","Reference project - Sangam","Older Braillie reference project with ONNX/PT models, sample outputs, and Colab material","Reference/archive"
"sangam-Braillie\sample_outputs_test\3_jpg.rf.ebd8a994d7bb7fbcc98b8600ff936036_result.jpg","Reference project - Sangam","Older Braillie reference project with ONNX/PT models, sample outputs, and Colab material","Reference/archive"
"sangam-Braillie\sample_outputs_test\6_jpg.rf.82e84c41ec33b4140121aabfa4be36c5_result.jpg","Reference project - Sangam","Older Braillie reference project with ONNX/PT models, sample outputs, and Colab material","Reference/archive"
"sangam-Braillie\static\index.html","Reference project - Sangam","Older Braillie reference project with ONNX/PT models, sample outputs, and Colab material","Reference/archive"
"sangam-Braillie\training\train.py","Reference project - Sangam","Older Braillie reference project with ONNX/PT models, sample outputs, and Colab material","Reference/archive"
"sciobraille-model-lab\archive\model_experiments\model_manifest.csv","Archived experiment","Historical model experiment retained for rollback/research evidence","Archive"
"sciobraille-model-lab\archive\model_experiments\README.md","Archived experiment","Historical model experiment retained for rollback/research evidence","Archive"
"sciobraille-model-lab\archive\model_experiments\v1_optimized\control_files\training.pid","Archived experiment","Historical model experiment retained for rollback/research evidence","Archive"
"sciobraille-model-lab\archive\model_experiments\v1_optimized\runs\train_20260917_203903\args.yaml","Archived experiment","Historical model experiment retained for rollback/research evidence","Archive"
"sciobraille-model-lab\archive\model_experiments\v1_optimized\runs\train_20260917_203903\labels.jpg","Archived experiment","Historical model experiment retained for rollback/research evidence","Archive"
"sciobraille-model-lab\archive\model_experiments\v1_optimized\runs\train_20260917_203903\train_batch0.jpg","Archived experiment","Historical model experiment retained for rollback/research evidence","Archive"
"sciobraille-model-lab\archive\model_experiments\v1_optimized\runs\train_20260917_203903\train_batch1.jpg","Archived experiment","Historical model experiment retained for rollback/research evidence","Archive"
"sciobraille-model-lab\archive\model_experiments\v1_optimized\runs\train_20260917_203903\train_batch2.jpg","Archived experiment","Historical model experiment retained for rollback/research evidence","Archive"
"sciobraille-model-lab\archive\model_experiments\v1_optimized\runs\train_20260917_204355\args.yaml","Archived experiment","Historical model experiment retained for rollback/research evidence","Archive"
"sciobraille-model-lab\archive\model_experiments\v1_optimized\runs\train_20260917_204355\labels.jpg","Archived experiment","Historical model experiment retained for rollback/research evidence","Archive"
"sciobraille-model-lab\archive\model_experiments\v1_optimized\runs\train_20260917_204355\results.csv","Archived experiment","Historical model experiment retained for rollback/research evidence","Archive"
"sciobraille-model-lab\archive\model_experiments\v1_optimized\runs\train_20260917_204355\train_batch0.jpg","Archived experiment","Historical model experiment retained for rollback/research evidence","Archive"
"sciobraille-model-lab\archive\model_experiments\v1_optimized\runs\train_20260917_204355\train_batch1.jpg","Archived experiment","Historical model experiment retained for rollback/research evidence","Archive"
"sciobraille-model-lab\archive\model_experiments\v1_optimized\runs\train_20260917_204355\train_batch2.jpg","Archived experiment","Historical model experiment retained for rollback/research evidence","Archive"
"sciobraille-model-lab\archive\model_experiments\v1_optimized\runs\train_20260917_204355\weights\best.pt","Archived experiment","Historical model experiment retained for rollback/research evidence","Archive"
"sciobraille-model-lab\archive\model_experiments\v1_optimized\runs\train_20260917_211013\args.yaml","Archived experiment","Historical model experiment retained for rollback/research evidence","Archive"
"sciobraille-model-lab\archive\model_experiments\v1_optimized\runs\train_20260917_211013\BoxF1_curve.png","Archived experiment","Historical model experiment retained for rollback/research evidence","Archive"
"sciobraille-model-lab\archive\model_experiments\v1_optimized\runs\train_20260917_211013\BoxP_curve.png","Archived experiment","Historical model experiment retained for rollback/research evidence","Archive"
"sciobraille-model-lab\archive\model_experiments\v1_optimized\runs\train_20260917_211013\BoxPR_curve.png","Archived experiment","Historical model experiment retained for rollback/research evidence","Archive"
"sciobraille-model-lab\archive\model_experiments\v1_optimized\runs\train_20260917_211013\BoxR_curve.png","Archived experiment","Historical model experiment retained for rollback/research evidence","Archive"
"sciobraille-model-lab\archive\model_experiments\v1_optimized\runs\train_20260917_211013\confusion_matrix.png","Archived experiment","Historical model experiment retained for rollback/research evidence","Archive"
"sciobraille-model-lab\archive\model_experiments\v1_optimized\runs\train_20260917_211013\confusion_matrix_normalized.png","Archived experiment","Historical model experiment retained for rollback/research evidence","Archive"
"sciobraille-model-lab\archive\model_experiments\v1_optimized\runs\train_20260917_211013\labels.jpg","Archived experiment","Historical model experiment retained for rollback/research evidence","Archive"
"sciobraille-model-lab\archive\model_experiments\v1_optimized\runs\train_20260917_211013\results.csv","Archived experiment","Historical model experiment retained for rollback/research evidence","Archive"
"sciobraille-model-lab\archive\model_experiments\v1_optimized\runs\train_20260917_211013\results.png","Archived experiment","Historical model experiment retained for rollback/research evidence","Archive"
"sciobraille-model-lab\archive\model_experiments\v1_optimized\runs\train_20260917_211013\train_batch0.jpg","Archived experiment","Historical model experiment retained for rollback/research evidence","Archive"
"sciobraille-model-lab\archive\model_experiments\v1_optimized\runs\train_20260917_211013\train_batch1.jpg","Archived experiment","Historical model experiment retained for rollback/research evidence","Archive"
"sciobraille-model-lab\archive\model_experiments\v1_optimized\runs\train_20260917_211013\train_batch2.jpg","Archived experiment","Historical model experiment retained for rollback/research evidence","Archive"
"sciobraille-model-lab\archive\model_experiments\v1_optimized\runs\train_20260917_211013\train_batch4300.jpg","Archived experiment","Historical model experiment retained for rollback/research evidence","Archive"
"sciobraille-model-lab\archive\model_experiments\v1_optimized\runs\train_20260917_211013\train_batch4301.jpg","Archived experiment","Historical model experiment retained for rollback/research evidence","Archive"
"sciobraille-model-lab\archive\model_experiments\v1_optimized\runs\train_20260917_211013\train_batch4302.jpg","Archived experiment","Historical model experiment retained for rollback/research evidence","Archive"
"sciobraille-model-lab\archive\model_experiments\v1_optimized\runs\train_20260917_211013\val_batch0_labels.jpg","Archived experiment","Historical model experiment retained for rollback/research evidence","Archive"
"sciobraille-model-lab\archive\model_experiments\v1_optimized\runs\train_20260917_211013\val_batch0_pred.jpg","Archived experiment","Historical model experiment retained for rollback/research evidence","Archive"
"sciobraille-model-lab\archive\model_experiments\v1_optimized\runs\train_20260917_211013\val_batch1_labels.jpg","Archived experiment","Historical model experiment retained for rollback/research evidence","Archive"
"sciobraille-model-lab\archive\model_experiments\v1_optimized\runs\train_20260917_211013\val_batch1_pred.jpg","Archived experiment","Historical model experiment retained for rollback/research evidence","Archive"
"sciobraille-model-lab\archive\model_experiments\v1_optimized\runs\train_20260917_211013\val_batch2_labels.jpg","Archived experiment","Historical model experiment retained for rollback/research evidence","Archive"
"sciobraille-model-lab\archive\model_experiments\v1_optimized\runs\train_20260917_211013\val_batch2_pred.jpg","Archived experiment","Historical model experiment retained for rollback/research evidence","Archive"
"sciobraille-model-lab\archive\model_experiments\v1_optimized\runs\train_20260917_211013\weights\best.pt","Archived experiment","Historical model experiment retained for rollback/research evidence","Archive"
"sciobraille-model-lab\benchmark\ground_truth.csv","Benchmark asset","Frozen/manual benchmark image, truth file, or benchmark instructions","Keep"
"sciobraille-model-lab\benchmark\images\manual\burger_flipped.png","Benchmark asset","Frozen/manual benchmark image, truth file, or benchmark instructions","Keep"
"sciobraille-model-lab\benchmark\images\manual\README.md","Benchmark asset","Frozen/manual benchmark image, truth file, or benchmark instructions","Keep"
"sciobraille-model-lab\benchmark\images\manual\sri_sairam_flipped.png","Benchmark asset","Frozen/manual benchmark image, truth file, or benchmark instructions","Keep"
"sciobraille-model-lab\benchmark\images\manual\sri_sairam_front.jpeg","Benchmark asset","Frozen/manual benchmark image, truth file, or benchmark instructions","Keep"
"sciobraille-model-lab\benchmark\images\manual\ssn_invente_flipped.png","Benchmark asset","Frozen/manual benchmark image, truth file, or benchmark instructions","Keep"
"sciobraille-model-lab\benchmark\images\manual\ssn_invente_front.jpeg","Benchmark asset","Frozen/manual benchmark image, truth file, or benchmark instructions","Keep"
"sciobraille-model-lab\benchmark\images\test_sciobraille.jpeg","Benchmark asset","Frozen/manual benchmark image, truth file, or benchmark instructions","Keep"
"sciobraille-model-lab\benchmark\independent_physical_schema.py","Benchmark asset","Frozen/manual benchmark image, truth file, or benchmark instructions","Keep"
"sciobraille-model-lab\benchmark\independent_physical_template.csv","Benchmark asset","Frozen/manual benchmark image, truth file, or benchmark instructions","Keep"
"sciobraille-model-lab\benchmark\README.md","Benchmark asset","Frozen/manual benchmark image, truth file, or benchmark instructions","Keep"
"sciobraille-model-lab\configs\train_v1.yaml","Training/inference config","YAML configuration for training or optimized inference","Keep"
"sciobraille-model-lab\configs\train_v2.yaml","Training/inference config","YAML configuration for training or optimized inference","Keep"
"sciobraille-model-lab\configs\v1_optimized.yaml","Training/inference config","YAML configuration for training or optimized inference","Keep"
"sciobraille-model-lab\datasets\master_v2\data.yaml","Master V2 dataset metadata","Canonical dataset config/statistics/provenance/readme","Keep"
"sciobraille-model-lab\datasets\master_v2\dataset_statistics.json","Master V2 dataset metadata","Canonical dataset config/statistics/provenance/readme","Keep"
"sciobraille-model-lab\datasets\master_v2\images\test\scio_v2_001c4ee1ed9e2480.jpg","Master V2 dataset image","Canonical unique Braille training/validation/test image used for V2 model lineage","Keep"
"sciobraille-model-lab\datasets\master_v2\images\test\scio_v2_0127312c406d239e.jpg","Master V2 dataset image","Canonical unique Braille training/validation/test image used for V2 model lineage","Keep"
"sciobraille-model-lab\datasets\master_v2\images\test\scio_v2_019d359294e93af6.jpg","Master V2 dataset image","Canonical unique Braille training/validation/test image used for V2 model lineage","Keep"
"sciobraille-model-lab\datasets\master_v2\images\test\scio_v2_05297354fa61ef6b.jpg","Master V2 dataset image","Canonical unique Braille training/validation/test image used for V2 model lineage","Keep"
"sciobraille-model-lab\datasets\master_v2\images\test\scio_v2_058d04014f3d166c.jpg","Master V2 dataset image","Canonical unique Braille training/validation/test image used for V2 model lineage","Keep"
"sciobraille-model-lab\datasets\master_v2\images\test\scio_v2_0b766b2a4160ca12.jpg","Master V2 dataset image","Canonical unique Braille training/validation/test image used for V2 model lineage","Keep"
"sciobraille-model-lab\datasets\master_v2\images\test\scio_v2_0b965ad8cab6fccb.jpg","Master V2 dataset image","Canonical unique Braille training/validation/test image used for V2 model lineage","Keep"
"sciobraille-model-lab\datasets\master_v2\images\test\scio_v2_0b9813605d1ec239.jpg","Master V2 dataset image","Canonical unique Braille training/validation/test image used for V2 model lineage","Keep"
"sciobraille-model-lab\datasets\master_v2\images\test\scio_v2_0c9225dbdb82cdaa.jpg","Master V2 dataset image","Canonical unique Braille training/validation/test image used for V2 model lineage","Keep"
"sciobraille-model-lab\datasets\master_v2\images\test\scio_v2_0d7f97470635e02b.jpg","Master V2 dataset image","Canonical unique Braille training/validation/test image used for V2 model lineage","Keep"
"sciobraille-model-lab\datasets\master_v2\images\test\scio_v2_0d80e91e6fcbfdf6.jpg","Master V2 dataset image","Canonical unique Braille training/validation/test image used for V2 model lineage","Keep"
"sciobraille-model-lab\datasets\master_v2\images\test\scio_v2_0e857d63a1bc45d8.jpg","Master V2 dataset image","Canonical unique Braille training/validation/test image used for V2 model lineage","Keep"
"sciobraille-model-lab\datasets\master_v2\images\test\scio_v2_10902ba9144ff8e5.jpg","Master V2 dataset image","Canonical unique Braille training/validation/test image used for V2 model lineage","Keep"
"sciobraille-model-lab\datasets\master_v2\images\test\scio_v2_10eeeae357b1ee86.jpg","Master V2 dataset image","Canonical unique Braille training/validation/test image used for V2 model lineage","Keep"
"sciobraille-model-lab\datasets\master_v2\images\test\scio_v2_132f784e6c83604a.jpg","Master V2 dataset image","Canonical unique Braille training/validation/test image used for V2 model lineage","Keep"
"sciobraille-model-lab\datasets\master_v2\images\test\scio_v2_1416b82d526b95f0.jpg","Master V2 dataset image","Canonical unique Braille training/validation/test image used for V2 model lineage","Keep"
"sciobraille-model-lab\datasets\master_v2\images\test\scio_v2_181d5aafeef56c81.jpg","Master V2 dataset image","Canonical unique Braille training/validation/test image used for V2 model lineage","Keep"
"sciobraille-model-lab\datasets\master_v2\images\test\scio_v2_1d6cf27919c83ea7.jpg","Master V2 dataset image","Canonical unique Braille training/validation/test image used for V2 model lineage","Keep"
"sciobraille-model-lab\datasets\master_v2\images\test\scio_v2_1e09a60ddcc387c3.jpg","Master V2 dataset image","Canonical unique Braille training/validation/test image used for V2 model lineage","Keep"
"sciobraille-model-lab\datasets\master_v2\images\test\scio_v2_1f18371213c3f762.jpg","Master V2 dataset image","Canonical unique Braille training/validation/test image used for V2 model lineage","Keep"
"sciobraille-model-lab\datasets\master_v2\images\test\scio_v2_2182be17dde1e7aa.jpg","Master V2 dataset image","Canonical unique Braille training/validation/test image used for V2 model lineage","Keep"
"sciobraille-model-lab\datasets\master_v2\images\test\scio_v2_21d75cf7c3bf30f5.jpg","Master V2 dataset image","Canonical unique Braille training/validation/test image used for V2 model lineage","Keep"
"sciobraille-model-lab\datasets\master_v2\images\test\scio_v2_22053a26c9bc8638.jpg","Master V2 dataset image","Canonical unique Braille training/validation/test image used for V2 model lineage","Keep"
"sciobraille-model-lab\datasets\master_v2\images\test\scio_v2_247b25eccbe8caa9.jpg","Master V2 dataset image","Canonical unique Braille training/validation/test image used for V2 model lineage","Keep"
"sciobraille-model-lab\datasets\master_v2\images\test\scio_v2_2657003b99c13e3c.jpg","Master V2 dataset image","Canonical unique Braille training/validation/test image used for V2 model lineage","Keep"
"sciobraille-model-lab\datasets\master_v2\images\test\scio_v2_271a34134e1d82fa.jpg","Master V2 dataset image","Canonical unique Braille training/validation/test image used for V2 model lineage","Keep"
"sciobraille-model-lab\datasets\master_v2\images\test\scio_v2_289f9d2061ca7066.jpg","Master V2 dataset image","Canonical unique Braille training/validation/test image used for V2 model lineage","Keep"
"sciobraille-model-lab\datasets\master_v2\images\test\scio_v2_2a2c6144cc869701.jpg","Master V2 dataset image","Canonical unique Braille training/validation/test image used for V2 model lineage","Keep"
"sciobraille-model-lab\datasets\master_v2\images\test\scio_v2_2b6aa455b373c751.jpg","Master V2 dataset image","Canonical unique Braille training/validation/test image used for V2 model lineage","Keep"
"sciobraille-model-lab\datasets\master_v2\images\test\scio_v2_2c1628d15c9452b1.jpg","Master V2 dataset image","Canonical unique Braille training/validation/test image used for V2 model lineage","Keep"
"sciobraille-model-lab\datasets\master_v2\images\test\scio_v2_2c540ef1349c7b09.jpg","Master V2 dataset image","Canonical unique Braille training/validation/test image used for V2 model lineage","Keep"
"sciobraille-model-lab\datasets\master_v2\images\test\scio_v2_2f1f277762eb340a.jpg","Master V2 dataset image","Canonical unique Braille training/validation/test image used for V2 model lineage","Keep"
"sciobraille-model-lab\datasets\master_v2\images\test\scio_v2_3092d5a32623bcad.jpg","Master V2 dataset image","Canonical unique Braille training/validation/test image used for V2 model lineage","Keep"
"sciobraille-model-lab\datasets\master_v2\images\test\scio_v2_318e243b96db9755.jpg","Master V2 dataset image","Canonical unique Braille training/validation/test image used for V2 model lineage","Keep"
"sciobraille-model-lab\datasets\master_v2\images\test\scio_v2_352cc664e2ae972a.jpg","Master V2 dataset image","Canonical unique Braille training/validation/test image used for V2 model lineage","Keep"
"sciobraille-model-lab\datasets\master_v2\images\test\scio_v2_36913c500746fe7d.jpg","Master V2 dataset image","Canonical unique Braille training/validation/test image used for V2 model lineage","Keep"
"sciobraille-model-lab\datasets\master_v2\images\test\scio_v2_3a9206bcafa23196.jpg","Master V2 dataset image","Canonical unique Braille training/validation/test image used for V2 model lineage","Keep"
"sciobraille-model-lab\datasets\master_v2\images\test\scio_v2_3f88f36141f2b09f.jpg","Master V2 dataset image","Canonical unique Braille training/validation/test image used for V2 model lineage","Keep"
"sciobraille-model-lab\datasets\master_v2\images\test\scio_v2_40005bcccb317528.jpg","Master V2 dataset image","Canonical unique Braille training/validation/test image used for V2 model lineage","Keep"
"sciobraille-model-lab\datasets\master_v2\images\test\scio_v2_42043c913826b7f4.jpg","Master V2 dataset image","Canonical unique Braille training/validation/test image used for V2 model lineage","Keep"
"sciobraille-model-lab\datasets\master_v2\images\test\scio_v2_42ebb83e86fd1b8d.jpg","Master V2 dataset image","Canonical unique Braille training/validation/test image used for V2 model lineage","Keep"
"sciobraille-model-lab\datasets\master_v2\images\test\scio_v2_4541bd03bdcad716.jpg","Master V2 dataset image","Canonical unique Braille training/validation/test image used for V2 model lineage","Keep"
"sciobraille-model-lab\datasets\master_v2\images\test\scio_v2_456e354f7595628e.jpg","Master V2 dataset image","Canonical unique Braille training/validation/test image used for V2 model lineage","Keep"
"sciobraille-model-lab\datasets\master_v2\images\test\scio_v2_4859b667ee70ffee.jpg","Master V2 dataset image","Canonical unique Braille training/validation/test image used for V2 model lineage","Keep"
"sciobraille-model-lab\datasets\master_v2\images\test\scio_v2_49b6494264003abe.jpg","Master V2 dataset image","Canonical unique Braille training/validation/test image used for V2 model lineage","Keep"
"sciobraille-model-lab\datasets\master_v2\images\test\scio_v2_4c70de94339acb34.jpg","Master V2 dataset image","Canonical unique Braille training/validation/test image used for V2 model lineage","Keep"
"sciobraille-model-lab\datasets\master_v2\images\test\scio_v2_4ce5d5809318d24c.jpg","Master V2 dataset image","Canonical unique Braille training/validation/test image used for V2 model lineage","Keep"
"sciobraille-model-lab\datasets\master_v2\images\test\scio_v2_4e16b4f2cfb2576b.jpg","Master V2 dataset image","Canonical unique Braille training/validation/test image used for V2 model lineage","Keep"
"sciobraille-model-lab\datasets\master_v2\images\test\scio_v2_4f8cffff9339aff8.jpg","Master V2 dataset image","Canonical unique Braille training/validation/test image used for V2 model lineage","Keep"
"sciobraille-model-lab\datasets\master_v2\images\test\scio_v2_513abdb6ff648747.jpg","Master V2 dataset image","Canonical unique Braille training/validation/test image used for V2 model lineage","Keep"
"sciobraille-model-lab\datasets\master_v2\images\test\scio_v2_52e0441ac0bc3793.jpg","Master V2 dataset image","Canonical unique Braille training/validation/test image used for V2 model lineage","Keep"
"sciobraille-model-lab\datasets\master_v2\images\test\scio_v2_52f49e690d06fb55.jpg","Master V2 dataset image","Canonical unique Braille training/validation/test image used for V2 model lineage","Keep"
"sciobraille-model-lab\datasets\master_v2\images\test\scio_v2_557352fc3299596f.jpg","Master V2 dataset image","Canonical unique Braille training/validation/test image used for V2 model lineage","Keep"
"sciobraille-model-lab\datasets\master_v2\images\test\scio_v2_57a7b7568ebf3514.jpg","Master V2 dataset image","Canonical unique Braille training/validation/test image used for V2 model lineage","Keep"
"sciobraille-model-lab\datasets\master_v2\images\test\scio_v2_58fa7b50dd10c561.jpg","Master V2 dataset image","Canonical unique Braille training/validation/test image used for V2 model lineage","Keep"
"sciobraille-model-lab\datasets\master_v2\images\test\scio_v2_59bc6a969a8d7699.jpg","Master V2 dataset image","Canonical unique Braille training/validation/test image used for V2 model lineage","Keep"
"sciobraille-model-lab\datasets\master_v2\images\test\scio_v2_5b0e1708525853d6.jpg","Master V2 dataset image","Canonical unique Braille training/validation/test image used for V2 model lineage","Keep"
"sciobraille-model-lab\datasets\master_v2\images\test\scio_v2_5e8da8371c599ae9.jpg","Master V2 dataset image","Canonical unique Braille training/validation/test image used for V2 model lineage","Keep"
"sciobraille-model-lab\datasets\master_v2\images\test\scio_v2_5ea1379db291b978.jpg","Master V2 dataset image","Canonical unique Braille training/validation/test image used for V2 model lineage","Keep"
"sciobraille-model-lab\datasets\master_v2\images\test\scio_v2_5f9497157aa60e6c.jpg","Master V2 dataset image","Canonical unique Braille training/validation/test image used for V2 model lineage","Keep"
"sciobraille-model-lab\datasets\master_v2\images\test\scio_v2_6013c258610c350b.jpg","Master V2 dataset image","Canonical unique Braille training/validation/test image used for V2 model lineage","Keep"
"sciobraille-model-lab\datasets\master_v2\images\test\scio_v2_615e9a3019de082c.jpg","Master V2 dataset image","Canonical unique Braille training/validation/test image used for V2 model lineage","Keep"
"sciobraille-model-lab\datasets\master_v2\images\test\scio_v2_62c88a768bb81001.jpg","Master V2 dataset image","Canonical unique Braille training/validation/test image used for V2 model lineage","Keep"
"sciobraille-model-lab\datasets\master_v2\images\test\scio_v2_64e126c56cfdfa2a.jpg","Master V2 dataset image","Canonical unique Braille training/validation/test image used for V2 model lineage","Keep"
"sciobraille-model-lab\datasets\master_v2\images\test\scio_v2_65aef9661b17009b.jpg","Master V2 dataset image","Canonical unique Braille training/validation/test image used for V2 model lineage","Keep"
"sciobraille-model-lab\datasets\master_v2\images\test\scio_v2_65e1491115b7d988.jpg","Master V2 dataset image","Canonical unique Braille training/validation/test image used for V2 model lineage","Keep"
"sciobraille-model-lab\datasets\master_v2\images\test\scio_v2_66ab94b9baf2518b.jpg","Master V2 dataset image","Canonical unique Braille training/validation/test image used for V2 model lineage","Keep"
"sciobraille-model-lab\datasets\master_v2\images\test\scio_v2_66c49d8fbad2b4c8.jpg","Master V2 dataset image","Canonical unique Braille training/validation/test image used for V2 model lineage","Keep"
"sciobraille-model-lab\datasets\master_v2\images\test\scio_v2_67dc4934fa8e8efc.jpg","Master V2 dataset image","Canonical unique Braille training/validation/test image used for V2 model lineage","Keep"
"sciobraille-model-lab\datasets\master_v2\images\test\scio_v2_687b66dddfbe4151.jpg","Master V2 dataset image","Canonical unique Braille training/validation/test image used for V2 model lineage","Keep"
"sciobraille-model-lab\datasets\master_v2\images\test\scio_v2_68de4485ede0ba72.jpg","Master V2 dataset image","Canonical unique Braille training/validation/test image used for V2 model lineage","Keep"
"sciobraille-model-lab\datasets\master_v2\images\test\scio_v2_699ae5db208af7b8.jpg","Master V2 dataset image","Canonical unique Braille training/validation/test image used for V2 model lineage","Keep"
"sciobraille-model-lab\datasets\master_v2\images\test\scio_v2_6cc7bf0611bd68a4.jpg","Master V2 dataset image","Canonical unique Braille training/validation/test image used for V2 model lineage","Keep"
"sciobraille-model-lab\datasets\master_v2\images\test\scio_v2_70a2eb5985666478.jpg","Master V2 dataset image","Canonical unique Braille training/validation/test image used for V2 model lineage","Keep"
"sciobraille-model-lab\datasets\master_v2\images\test\scio_v2_778a1578946f4b94.jpg","Master V2 dataset image","Canonical unique Braille training/validation/test image used for V2 model lineage","Keep"
"sciobraille-model-lab\datasets\master_v2\images\test\scio_v2_78277e0bf47659a1.jpg","Master V2 dataset image","Canonical unique Braille training/validation/test image used for V2 model lineage","Keep"
"sciobraille-model-lab\datasets\master_v2\images\test\scio_v2_799eea8b20f75775.jpg","Master V2 dataset image","Canonical unique Braille training/validation/test image used for V2 model lineage","Keep"
"sciobraille-model-lab\datasets\master_v2\images\test\scio_v2_79acf660f506b338.jpg","Master V2 dataset image","Canonical unique Braille training/validation/test image used for V2 model lineage","Keep"
"sciobraille-model-lab\datasets\master_v2\images\test\scio_v2_7c02dbf8d961b52d.jpg","Master V2 dataset image","Canonical unique Braille training/validation/test image used for V2 model lineage","Keep"
"sciobraille-model-lab\datasets\master_v2\images\test\scio_v2_7ca4bb3012174d5e.jpg","Master V2 dataset image","Canonical unique Braille training/validation/test image used for V2 model lineage","Keep"
"sciobraille-model-lab\datasets\master_v2\images\test\scio_v2_7d4bc70fae6c09f8.jpg","Master V2 dataset image","Canonical unique Braille training/validation/test image used for V2 model lineage","Keep"
"sciobraille-model-lab\datasets\master_v2\images\test\scio_v2_7da03c03f2302291.jpg","Master V2 dataset image","Canonical unique Braille training/validation/test image used for V2 model lineage","Keep"
"sciobraille-model-lab\datasets\master_v2\images\test\scio_v2_81e9b2541e97ed05.jpg","Master V2 dataset image","Canonical unique Braille training/validation/test image used for V2 model lineage","Keep"
"sciobraille-model-lab\datasets\master_v2\images\test\scio_v2_82002a30012a717b.jpg","Master V2 dataset image","Canonical unique Braille training/validation/test image used for V2 model lineage","Keep"
"sciobraille-model-lab\datasets\master_v2\images\test\scio_v2_833b9ca20ae9c795.jpg","Master V2 dataset image","Canonical unique Braille training/validation/test image used for V2 model lineage","Keep"
"sciobraille-model-lab\datasets\master_v2\images\test\scio_v2_8376c0ba5baa7b9f.jpg","Master V2 dataset image","Canonical unique Braille training/validation/test image used for V2 model lineage","Keep"
"sciobraille-model-lab\datasets\master_v2\images\test\scio_v2_8435373e18bcb79d.jpg","Master V2 dataset image","Canonical unique Braille training/validation/test image used for V2 model lineage","Keep"
"sciobraille-model-lab\datasets\master_v2\images\test\scio_v2_84abffd79c0d6c78.jpg","Master V2 dataset image","Canonical unique Braille training/validation/test image used for V2 model lineage","Keep"
"sciobraille-model-lab\datasets\master_v2\images\test\scio_v2_856b22b0c828f077.jpg","Master V2 dataset image","Canonical unique Braille training/validation/test image used for V2 model lineage","Keep"
"sciobraille-model-lab\datasets\master_v2\images\test\scio_v2_87400b61a8757beb.jpg","Master V2 dataset image","Canonical unique Braille training/validation/test image used for V2 model lineage","Keep"
"sciobraille-model-lab\datasets\master_v2\images\test\scio_v2_889490d03df793fb.jpg","Master V2 dataset image","Canonical unique Braille training/validation/test image used for V2 model lineage","Keep"
"sciobraille-model-lab\datasets\master_v2\images\test\scio_v2_88a4a4a589db5992.jpg","Master V2 dataset image","Canonical unique Braille training/validation/test image used for V2 model lineage","Keep"
"sciobraille-model-lab\datasets\master_v2\images\test\scio_v2_88c31dbf995aceba.jpg","Master V2 dataset image","Canonical unique Braille training/validation/test image used for V2 model lineage","Keep"
"sciobraille-model-lab\datasets\master_v2\images\test\scio_v2_892b8386baa6f52d.jpg","Master V2 dataset image","Canonical unique Braille training/validation/test image used for V2 model lineage","Keep"
"sciobraille-model-lab\datasets\master_v2\images\test\scio_v2_8998e03dd28c189f.jpg","Master V2 dataset image","Canonical unique Braille training/validation/test image used for V2 model lineage","Keep"
"sciobraille-model-lab\datasets\master_v2\images\test\scio_v2_8fb2841631c1d037.jpg","Master V2 dataset image","Canonical unique Braille training/validation/test image used for V2 model lineage","Keep"
"sciobraille-model-lab\datasets\master_v2\images\test\scio_v2_911298d351cfd294.jpg","Master V2 dataset image","Canonical unique Braille training/validation/test image used for V2 model lineage","Keep"
"sciobraille-model-lab\datasets\master_v2\images\test\scio_v2_921e5d386a552b33.jpg","Master V2 dataset image","Canonical unique Braille training/validation/test image used for V2 model lineage","Keep"
"sciobraille-model-lab\datasets\master_v2\images\test\scio_v2_921e9e726b11d9fe.jpg","Master V2 dataset image","Canonical unique Braille training/validation/test image used for V2 model lineage","Keep"
"sciobraille-model-lab\datasets\master_v2\images\test\scio_v2_94d6eea1cb64b3fa.jpg","Master V2 dataset image","Canonical unique Braille training/validation/test image used for V2 model lineage","Keep"
"sciobraille-model-lab\datasets\master_v2\images\test\scio_v2_9733efc4e889fb5c.jpg","Master V2 dataset image","Canonical unique Braille training/validation/test image used for V2 model lineage","Keep"
"sciobraille-model-lab\datasets\master_v2\images\test\scio_v2_99d37af9b12f247d.jpg","Master V2 dataset image","Canonical unique Braille training/validation/test image used for V2 model lineage","Keep"
"sciobraille-model-lab\datasets\master_v2\images\test\scio_v2_9a170002fdd6eb26.jpg","Master V2 dataset image","Canonical unique Braille training/validation/test image used for V2 model lineage","Keep"
"sciobraille-model-lab\datasets\master_v2\images\test\scio_v2_9a3c87207c3f5700.jpg","Master V2 dataset image","Canonical unique Braille training/validation/test image used for V2 model lineage","Keep"
"sciobraille-model-lab\datasets\master_v2\images\test\scio_v2_9f4b18c9d96e7bbb.jpg","Master V2 dataset image","Canonical unique Braille training/validation/test image used for V2 model lineage","Keep"
"sciobraille-model-lab\datasets\master_v2\images\test\scio_v2_a113c91132c97a56.jpg","Master V2 dataset image","Canonical unique Braille training/validation/test image used for V2 model lineage","Keep"
"sciobraille-model-lab\datasets\master_v2\images\test\scio_v2_a1143a476b18145c.jpg","Master V2 dataset image","Canonical unique Braille training/validation/test image used for V2 model lineage","Keep"
"sciobraille-model-lab\datasets\master_v2\images\test\scio_v2_a183086a20d0e035.jpg","Master V2 dataset image","Canonical unique Braille training/validation/test image used for V2 model lineage","Keep"
"sciobraille-model-lab\datasets\master_v2\images\test\scio_v2_a18ff67fbff0b7b5.jpg","Master V2 dataset image","Canonical unique Braille training/validation/test image used for V2 model lineage","Keep"
"sciobraille-model-lab\datasets\master_v2\images\test\scio_v2_a23af0fd63b606d8.jpg","Master V2 dataset image","Canonical unique Braille training/validation/test image used for V2 model lineage","Keep"
"sciobraille-model-lab\datasets\master_v2\images\test\scio_v2_a2c91900710051e5.jpg","Master V2 dataset image","Canonical unique Braille training/validation/test image used for V2 model lineage","Keep"
"sciobraille-model-lab\datasets\master_v2\images\test\scio_v2_a38d0b26c7058fb1.jpg","Master V2 dataset image","Canonical unique Braille training/validation/test image used for V2 model lineage","Keep"
"sciobraille-model-lab\datasets\master_v2\images\test\scio_v2_a66146b0b2baba54.jpg","Master V2 dataset image","Canonical unique Braille training/validation/test image used for V2 model lineage","Keep"
"sciobraille-model-lab\datasets\master_v2\images\test\scio_v2_a81b3ca82caf2b7a.jpg","Master V2 dataset image","Canonical unique Braille training/validation/test image used for V2 model lineage","Keep"
"sciobraille-model-lab\datasets\master_v2\images\test\scio_v2_a93bcabbc334db06.jpg","Master V2 dataset image","Canonical unique Braille training/validation/test image used for V2 model lineage","Keep"
"sciobraille-model-lab\datasets\master_v2\images\test\scio_v2_aab0ba86dad6221d.jpg","Master V2 dataset image","Canonical unique Braille training/validation/test image used for V2 model lineage","Keep"
"sciobraille-model-lab\datasets\master_v2\images\test\scio_v2_aafccf3ba32ad56c.jpg","Master V2 dataset image","Canonical unique Braille training/validation/test image used for V2 model lineage","Keep"
"sciobraille-model-lab\datasets\master_v2\images\test\scio_v2_ab27454eed2f448e.jpg","Master V2 dataset image","Canonical unique Braille training/validation/test image used for V2 model lineage","Keep"
"sciobraille-model-lab\datasets\master_v2\images\test\scio_v2_ab506028457101ea.jpg","Master V2 dataset image","Canonical unique Braille training/validation/test image used for V2 model lineage","Keep"
"sciobraille-model-lab\datasets\master_v2\images\test\scio_v2_acbde90eed20f2c6.jpg","Master V2 dataset image","Canonical unique Braille training/validation/test image used for V2 model lineage","Keep"
"sciobraille-model-lab\datasets\master_v2\images\test\scio_v2_ae36274b4f4c2206.jpg","Master V2 dataset image","Canonical unique Braille training/validation/test image used for V2 model lineage","Keep"
"sciobraille-model-lab\datasets\master_v2\images\test\scio_v2_af7d7b59bc150bef.jpg","Master V2 dataset image","Canonical unique Braille training/validation/test image used for V2 model lineage","Keep"
"sciobraille-model-lab\datasets\master_v2\images\test\scio_v2_b2154b11d1b46df7.jpg","Master V2 dataset image","Canonical unique Braille training/validation/test image used for V2 model lineage","Keep"
"sciobraille-model-lab\datasets\master_v2\images\test\scio_v2_b2ce3587a228d1c8.jpg","Master V2 dataset image","Canonical unique Braille training/validation/test image used for V2 model lineage","Keep"
"sciobraille-model-lab\datasets\master_v2\images\test\scio_v2_b38227d1528ca7da.jpg","Master V2 dataset image","Canonical unique Braille training/validation/test image used for V2 model lineage","Keep"
"sciobraille-model-lab\datasets\master_v2\images\test\scio_v2_b61ef58dfffea7f8.jpg","Master V2 dataset image","Canonical unique Braille training/validation/test image used for V2 model lineage","Keep"
"sciobraille-model-lab\datasets\master_v2\images\test\scio_v2_b64452bde3f666d4.jpg","Master V2 dataset image","Canonical unique Braille training/validation/test image used for V2 model lineage","Keep"
"sciobraille-model-lab\datasets\master_v2\images\test\scio_v2_b669ea216d925a59.jpg","Master V2 dataset image","Canonical unique Braille training/validation/test image used for V2 model lineage","Keep"
"sciobraille-model-lab\datasets\master_v2\images\test\scio_v2_b91c35ad90c098fd.jpg","Master V2 dataset image","Canonical unique Braille training/validation/test image used for V2 model lineage","Keep"
"sciobraille-model-lab\datasets\master_v2\images\test\scio_v2_bcfcc4a870cb6059.jpg","Master V2 dataset image","Canonical unique Braille training/validation/test image used for V2 model lineage","Keep"
"sciobraille-model-lab\datasets\master_v2\images\test\scio_v2_bec8c333b0ebc188.jpg","Master V2 dataset image","Canonical unique Braille training/validation/test image used for V2 model lineage","Keep"
"sciobraille-model-lab\datasets\master_v2\images\test\scio_v2_c067c247312a0339.jpg","Master V2 dataset image","Canonical unique Braille training/validation/test image used for V2 model lineage","Keep"
"sciobraille-model-lab\datasets\master_v2\images\test\scio_v2_c1384f4df451d4d5.jpg","Master V2 dataset image","Canonical unique Braille training/validation/test image used for V2 model lineage","Keep"
"sciobraille-model-lab\datasets\master_v2\images\test\scio_v2_c213ea599c18ad06.jpg","Master V2 dataset image","Canonical unique Braille training/validation/test image used for V2 model lineage","Keep"
"sciobraille-model-lab\datasets\master_v2\images\test\scio_v2_c48dc79eedf26d12.jpg","Master V2 dataset image","Canonical unique Braille training/validation/test image used for V2 model lineage","Keep"
"sciobraille-model-lab\datasets\master_v2\images\test\scio_v2_c53673c7dba741b4.jpg","Master V2 dataset image","Canonical unique Braille training/validation/test image used for V2 model lineage","Keep"
"sciobraille-model-lab\datasets\master_v2\images\test\scio_v2_c566000626809355.jpg","Master V2 dataset image","Canonical unique Braille training/validation/test image used for V2 model lineage","Keep"
"sciobraille-model-lab\datasets\master_v2\images\test\scio_v2_c88c6c1df126184a.jpg","Master V2 dataset image","Canonical unique Braille training/validation/test image used for V2 model lineage","Keep"
"sciobraille-model-lab\datasets\master_v2\images\test\scio_v2_c9603a5c32054fbc.jpg","Master V2 dataset image","Canonical unique Braille training/validation/test image used for V2 model lineage","Keep"
"sciobraille-model-lab\datasets\master_v2\images\test\scio_v2_ca11f3c7b6aa42ef.jpg","Master V2 dataset image","Canonical unique Braille training/validation/test image used for V2 model lineage","Keep"
"sciobraille-model-lab\datasets\master_v2\images\test\scio_v2_cb1591783ffeeaff.jpg","Master V2 dataset image","Canonical unique Braille training/validation/test image used for V2 model lineage","Keep"
"sciobraille-model-lab\datasets\master_v2\images\test\scio_v2_cf901ff91669bdfc.jpg","Master V2 dataset image","Canonical unique Braille training/validation/test image used for V2 model lineage","Keep"
"sciobraille-model-lab\datasets\master_v2\images\test\scio_v2_d578c6f01eb62529.jpg","Master V2 dataset image","Canonical unique Braille training/validation/test image used for V2 model lineage","Keep"
"sciobraille-model-lab\datasets\master_v2\images\test\scio_v2_d65d5527cefa4042.jpg","Master V2 dataset image","Canonical unique Braille training/validation/test image used for V2 model lineage","Keep"
"sciobraille-model-lab\datasets\master_v2\images\test\scio_v2_d6d92e1655b4afef.jpg","Master V2 dataset image","Canonical unique Braille training/validation/test image used for V2 model lineage","Keep"
"sciobraille-model-lab\datasets\master_v2\images\test\scio_v2_d826af01903686fd.jpg","Master V2 dataset image","Canonical unique Braille training/validation/test image used for V2 model lineage","Keep"
"sciobraille-model-lab\datasets\master_v2\images\test\scio_v2_d89bf5e235c1f67b.jpg","Master V2 dataset image","Canonical unique Braille training/validation/test image used for V2 model lineage","Keep"
"sciobraille-model-lab\datasets\master_v2\images\test\scio_v2_d96a94546e2a9111.jpg","Master V2 dataset image","Canonical unique Braille training/validation/test image used for V2 model lineage","Keep"
"sciobraille-model-lab\datasets\master_v2\images\test\scio_v2_da48dac67b37dcf5.jpg","Master V2 dataset image","Canonical unique Braille training/validation/test image used for V2 model lineage","Keep"
"sciobraille-model-lab\datasets\master_v2\images\test\scio_v2_db86b847a32b423d.jpg","Master V2 dataset image","Canonical unique Braille training/validation/test image used for V2 model lineage","Keep"
"sciobraille-model-lab\datasets\master_v2\images\test\scio_v2_dc55b2ac429c876c.jpg","Master V2 dataset image","Canonical unique Braille training/validation/test image used for V2 model lineage","Keep"
"sciobraille-model-lab\datasets\master_v2\images\test\scio_v2_e156c085c53b8970.jpg","Master V2 dataset image","Canonical unique Braille training/validation/test image used for V2 model lineage","Keep"
"sciobraille-model-lab\datasets\master_v2\images\test\scio_v2_e1c01341c6e64ab7.jpg","Master V2 dataset image","Canonical unique Braille training/validation/test image used for V2 model lineage","Keep"
"sciobraille-model-lab\datasets\master_v2\images\test\scio_v2_e3bbcc8c732919a9.jpg","Master V2 dataset image","Canonical unique Braille training/validation/test image used for V2 model lineage","Keep"
"sciobraille-model-lab\datasets\master_v2\images\test\scio_v2_e441541ed6b052a4.jpg","Master V2 dataset image","Canonical unique Braille training/validation/test image used for V2 model lineage","Keep"
"sciobraille-model-lab\datasets\master_v2\images\test\scio_v2_e9204f50b362f4e8.jpg","Master V2 dataset image","Canonical unique Braille training/validation/test image used for V2 model lineage","Keep"
"sciobraille-model-lab\datasets\master_v2\images\test\scio_v2_ea8c93d00bfbdf93.jpg","Master V2 dataset image","Canonical unique Braille training/validation/test image used for V2 model lineage","Keep"
"sciobraille-model-lab\datasets\master_v2\images\test\scio_v2_eb7f5c17d3983e5d.jpg","Master V2 dataset image","Canonical unique Braille training/validation/test image used for V2 model lineage","Keep"
"sciobraille-model-lab\datasets\master_v2\images\test\scio_v2_eda613ba64afa601.jpg","Master V2 dataset image","Canonical unique Braille training/validation/test image used for V2 model lineage","Keep"
"sciobraille-model-lab\datasets\master_v2\images\test\scio_v2_edade643a93d7881.jpg","Master V2 dataset image","Canonical unique Braille training/validation/test image used for V2 model lineage","Keep"
"sciobraille-model-lab\datasets\master_v2\images\test\scio_v2_eded257b36826534.jpg","Master V2 dataset image","Canonical unique Braille training/validation/test image used for V2 model lineage","Keep"
"sciobraille-model-lab\datasets\master_v2\images\test\scio_v2_ee7464b556e54c6c.jpg","Master V2 dataset image","Canonical unique Braille training/validation/test image used for V2 model lineage","Keep"
"sciobraille-model-lab\datasets\master_v2\images\test\scio_v2_efe644de0c28d76a.jpg","Master V2 dataset image","Canonical unique Braille training/validation/test image used for V2 model lineage","Keep"
"sciobraille-model-lab\datasets\master_v2\images\test\scio_v2_f0e506c72908b489.jpg","Master V2 dataset image","Canonical unique Braille training/validation/test image used for V2 model lineage","Keep"
"sciobraille-model-lab\datasets\master_v2\images\test\scio_v2_f10de0a651ac0b7f.jpg","Master V2 dataset image","Canonical unique Braille training/validation/test image used for V2 model lineage","Keep"
"sciobraille-model-lab\datasets\master_v2\images\test\scio_v2_f22896d0643c36ff.jpg","Master V2 dataset image","Canonical unique Braille training/validation/test image used for V2 model lineage","Keep"
"sciobraille-model-lab\datasets\master_v2\images\test\scio_v2_f234eae4013e6190.jpg","Master V2 dataset image","Canonical unique Braille training/validation/test image used for V2 model lineage","Keep"
"sciobraille-model-lab\datasets\master_v2\images\test\scio_v2_f333a01c6cf92cc7.jpg","Master V2 dataset image","Canonical unique Braille training/validation/test image used for V2 model lineage","Keep"
"sciobraille-model-lab\datasets\master_v2\images\test\scio_v2_f38a5471e59c2727.jpg","Master V2 dataset image","Canonical unique Braille training/validation/test image used for V2 model lineage","Keep"
"sciobraille-model-lab\datasets\master_v2\images\test\scio_v2_f42c133aa49d4ff2.jpg","Master V2 dataset image","Canonical unique Braille training/validation/test image used for V2 model lineage","Keep"
"sciobraille-model-lab\datasets\master_v2\images\test\scio_v2_f43612fbbabbb53f.jpg","Master V2 dataset image","Canonical unique Braille training/validation/test image used for V2 model lineage","Keep"
"sciobraille-model-lab\datasets\master_v2\images\test\scio_v2_f48c07dbf04c4099.jpg","Master V2 dataset image","Canonical unique Braille training/validation/test image used for V2 model lineage","Keep"
"sciobraille-model-lab\datasets\master_v2\images\test\scio_v2_f6cd318645eae307.jpg","Master V2 dataset image","Canonical unique Braille training/validation/test image used for V2 model lineage","Keep"
"sciobraille-model-lab\datasets\master_v2\images\test\scio_v2_f79470c23afb2e16.jpg","Master V2 dataset image","Canonical unique Braille training/validation/test image used for V2 model lineage","Keep"
"sciobraille-model-lab\datasets\master_v2\images\test\scio_v2_f7f8467dc33c3668.jpg","Master V2 dataset image","Canonical unique Braille training/validation/test image used for V2 model lineage","Keep"
"sciobraille-model-lab\datasets\master_v2\images\test\scio_v2_f8b5fef3c432339b.jpg","Master V2 dataset image","Canonical unique Braille training/validation/test image used for V2 model lineage","Keep"
"sciobraille-model-lab\datasets\master_v2\images\test\scio_v2_fb131d983b894d26.jpg","Master V2 dataset image","Canonical unique Braille training/validation/test image used for V2 model lineage","Keep"
"sciobraille-model-lab\datasets\master_v2\images\test\scio_v2_fc357ccc52ae9de7.jpg","Master V2 dataset image","Canonical unique Braille training/validation/test image used for V2 model lineage","Keep"
"sciobraille-model-lab\datasets\master_v2\images\test\scio_v2_ff5ee5d651b0efc3.jpg","Master V2 dataset image","Canonical unique Braille training/validation/test image used for V2 model lineage","Keep"
"sciobraille-model-lab\datasets\master_v2\images\train\scio_v2_002759b8c021e7d4.jpg","Master V2 dataset image","Canonical unique Braille training/validation/test image used for V2 model lineage","Keep"
"sciobraille-model-lab\datasets\master_v2\images\train\scio_v2_002d748477492b0a.jpg","Master V2 dataset image","Canonical unique Braille training/validation/test image used for V2 model lineage","Keep"
"sciobraille-model-lab\datasets\master_v2\images\train\scio_v2_004c148780098106.jpg","Master V2 dataset image","Canonical unique Braille training/validation/test image used for V2 model lineage","Keep"
"sciobraille-model-lab\datasets\master_v2\images\train\scio_v2_0050f95aff808a37.jpg","Master V2 dataset image","Canonical unique Braille training/validation/test image used for V2 model lineage","Keep"
"sciobraille-model-lab\datasets\master_v2\images\train\scio_v2_0066ee085444d476.jpg","Master V2 dataset image","Canonical unique Braille training/validation/test image used for V2 model lineage","Keep"
"sciobraille-model-lab\datasets\master_v2\images\train\scio_v2_006946f9a439fadf.jpg","Master V2 dataset image","Canonical unique Braille training/validation/test image used for V2 model lineage","Keep"
"sciobraille-model-lab\datasets\master_v2\images\train\scio_v2_0078e82457cab86c.jpg","Master V2 dataset image","Canonical unique Braille training/validation/test image used for V2 model lineage","Keep"
"sciobraille-model-lab\datasets\master_v2\images\train\scio_v2_00d6621cf3d9b8ce.jpg","Master V2 dataset image","Canonical unique Braille training/validation/test image used for V2 model lineage","Keep"
"sciobraille-model-lab\datasets\master_v2\images\train\scio_v2_00e9d078e6341b9d.jpg","Master V2 dataset image","Canonical unique Braille training/validation/test image used for V2 model lineage","Keep"
"sciobraille-model-lab\datasets\master_v2\images\train\scio_v2_00f9cfa904116fef.jpg","Master V2 dataset image","Canonical unique Braille training/validation/test image used for V2 model lineage","Keep"
"sciobraille-model-lab\datasets\master_v2\images\train\scio_v2_01472134fce4bdab.jpg","Master V2 dataset image","Canonical unique Braille training/validation/test image used for V2 model lineage","Keep"
"sciobraille-model-lab\datasets\master_v2\images\train\scio_v2_0159ba94b72b2f2e.jpg","Master V2 dataset image","Canonical unique Braille training/validation/test image used for V2 model lineage","Keep"
"sciobraille-model-lab\datasets\master_v2\images\train\scio_v2_01c0197b1b0a7b35.jpg","Master V2 dataset image","Canonical unique Braille training/validation/test image used for V2 model lineage","Keep"
"sciobraille-model-lab\datasets\master_v2\images\train\scio_v2_01dac70afff1d28f.jpg","Master V2 dataset image","Canonical unique Braille training/validation/test image used for V2 model lineage","Keep"
"sciobraille-model-lab\datasets\master_v2\images\train\scio_v2_01dec78f4b8a82a5.jpg","Master V2 dataset image","Canonical unique Braille training/validation/test image used for V2 model lineage","Keep"
"sciobraille-model-lab\datasets\master_v2\images\train\scio_v2_01e02d9fe4137d7d.jpg","Master V2 dataset image","Canonical unique Braille training/validation/test image used for V2 model lineage","Keep"
"sciobraille-model-lab\datasets\master_v2\images\train\scio_v2_0257f838d060eccc.jpg","Master V2 dataset image","Canonical unique Braille training/validation/test image used for V2 model lineage","Keep"
"sciobraille-model-lab\datasets\master_v2\images\train\scio_v2_02e63aee84f644aa.jpg","Master V2 dataset image","Canonical unique Braille training/validation/test image used for V2 model lineage","Keep"
"sciobraille-model-lab\datasets\master_v2\images\train\scio_v2_02fbc89b64b5545b.jpg","Master V2 dataset image","Canonical unique Braille training/validation/test image used for V2 model lineage","Keep"
"sciobraille-model-lab\datasets\master_v2\images\train\scio_v2_0335976bd5db2734.jpg","Master V2 dataset image","Canonical unique Braille training/validation/test image used for V2 model lineage","Keep"
"sciobraille-model-lab\datasets\master_v2\images\train\scio_v2_0357201c1517a9a2.jpg","Master V2 dataset image","Canonical unique Braille training/validation/test image used for V2 model lineage","Keep"
"sciobraille-model-lab\datasets\master_v2\images\train\scio_v2_03811567341576a5.jpg","Master V2 dataset image","Canonical unique Braille training/validation/test image used for V2 model lineage","Keep"
"sciobraille-model-lab\datasets\master_v2\images\train\scio_v2_03ae0ed9fe68ee50.jpg","Master V2 dataset image","Canonical unique Braille training/validation/test image used for V2 model lineage","Keep"
"sciobraille-model-lab\datasets\master_v2\images\train\scio_v2_042affbe1906d2bb.jpg","Master V2 dataset image","Canonical unique Braille training/validation/test image used for V2 model lineage","Keep"
"sciobraille-model-lab\datasets\master_v2\images\train\scio_v2_04bbb1b14a6901ab.jpg","Master V2 dataset image","Canonical unique Braille training/validation/test image used for V2 model lineage","Keep"
"sciobraille-model-lab\datasets\master_v2\images\train\scio_v2_054eb5cf9c1eaa8b.jpg","Master V2 dataset image","Canonical unique Braille training/validation/test image used for V2 model lineage","Keep"
"sciobraille-model-lab\datasets\master_v2\images\train\scio_v2_0550ad7edbec1af3.jpg","Master V2 dataset image","Canonical unique Braille training/validation/test image used for V2 model lineage","Keep"
"sciobraille-model-lab\datasets\master_v2\images\train\scio_v2_05ad24f52b2eb7e5.jpg","Master V2 dataset image","Canonical unique Braille training/validation/test image used for V2 model lineage","Keep"
"sciobraille-model-lab\datasets\master_v2\images\train\scio_v2_05dc11997eb3020a.jpg","Master V2 dataset image","Canonical unique Braille training/validation/test image used for V2 model lineage","Keep"
"sciobraille-model-lab\datasets\master_v2\images\train\scio_v2_067de250a17bae63.jpg","Master V2 dataset image","Canonical unique Braille training/validation/test image used for V2 model lineage","Keep"
"sciobraille-model-lab\datasets\master_v2\images\train\scio_v2_06a533d7d7896f77.jpg","Master V2 dataset image","Canonical unique Braille training/validation/test image used for V2 model lineage","Keep"
"sciobraille-model-lab\datasets\master_v2\images\train\scio_v2_07423340229e4505.jpg","Master V2 dataset image","Canonical unique Braille training/validation/test image used for V2 model lineage","Keep"
"sciobraille-model-lab\datasets\master_v2\images\train\scio_v2_07b8f3cce94809a7.jpg","Master V2 dataset image","Canonical unique Braille training/validation/test image used for V2 model lineage","Keep"
"sciobraille-model-lab\datasets\master_v2\images\train\scio_v2_07f8a7610c881ed2.jpg","Master V2 dataset image","Canonical unique Braille training/validation/test image used for V2 model lineage","Keep"
"sciobraille-model-lab\datasets\master_v2\images\train\scio_v2_088903a5609cfacd.jpg","Master V2 dataset image","Canonical unique Braille training/validation/test image used for V2 model lineage","Keep"
"sciobraille-model-lab\datasets\master_v2\images\train\scio_v2_0889e6cc152f0aeb.jpg","Master V2 dataset image","Canonical unique Braille training/validation/test image used for V2 model lineage","Keep"
"sciobraille-model-lab\datasets\master_v2\images\train\scio_v2_08b517c711b5fc22.jpg","Master V2 dataset image","Canonical unique Braille training/validation/test image used for V2 model lineage","Keep"
"sciobraille-model-lab\datasets\master_v2\images\train\scio_v2_090d634c273e6703.jpg","Master V2 dataset image","Canonical unique Braille training/validation/test image used for V2 model lineage","Keep"
"sciobraille-model-lab\datasets\master_v2\images\train\scio_v2_09198590c21b0bcd.jpg","Master V2 dataset image","Canonical unique Braille training/validation/test image used for V2 model lineage","Keep"
"sciobraille-model-lab\datasets\master_v2\images\train\scio_v2_091fecf8a5f3428f.jpg","Master V2 dataset image","Canonical unique Braille training/validation/test image used for V2 model lineage","Keep"
"sciobraille-model-lab\datasets\master_v2\images\train\scio_v2_09265c882d37055e.jpg","Master V2 dataset image","Canonical unique Braille training/validation/test image used for V2 model lineage","Keep"
"sciobraille-model-lab\datasets\master_v2\images\train\scio_v2_0942724267e1e4cd.jpg","Master V2 dataset image","Canonical unique Braille training/validation/test image used for V2 model lineage","Keep"
"sciobraille-model-lab\datasets\master_v2\images\train\scio_v2_099c6d3eccee656d.jpg","Master V2 dataset image","Canonical unique Braille training/validation/test image used for V2 model lineage","Keep"
"sciobraille-model-lab\datasets\master_v2\images\train\scio_v2_09ac23a951f4c38e.jpg","Master V2 dataset image","Canonical unique Braille training/validation/test image used for V2 model lineage","Keep"
"sciobraille-model-lab\datasets\master_v2\images\train\scio_v2_0a23e614c4725302.jpg","Master V2 dataset image","Canonical unique Braille training/validation/test image used for V2 model lineage","Keep"
"sciobraille-model-lab\datasets\master_v2\images\train\scio_v2_0a50454a0842f515.jpg","Master V2 dataset image","Canonical unique Braille training/validation/test image used for V2 model lineage","Keep"
"sciobraille-model-lab\datasets\master_v2\images\train\scio_v2_0ac640d7856d90cb.jpg","Master V2 dataset image","Canonical unique Braille training/validation/test image used for V2 model lineage","Keep"
"sciobraille-model-lab\datasets\master_v2\images\train\scio_v2_0af214fee73c2eeb.jpg","Master V2 dataset image","Canonical unique Braille training/validation/test image used for V2 model lineage","Keep"
"sciobraille-model-lab\datasets\master_v2\images\train\scio_v2_0b0f6093142fa14d.jpg","Master V2 dataset image","Canonical unique Braille training/validation/test image used for V2 model lineage","Keep"
"sciobraille-model-lab\datasets\master_v2\images\train\scio_v2_0b2dfcd145207ab5.jpg","Master V2 dataset image","Canonical unique Braille training/validation/test image used for V2 model lineage","Keep"
"sciobraille-model-lab\datasets\master_v2\images\train\scio_v2_0b3bae68db46bb4f.jpg","Master V2 dataset image","Canonical unique Braille training/validation/test image used for V2 model lineage","Keep"
"sciobraille-model-lab\datasets\master_v2\images\train\scio_v2_0b46588105660903.jpg","Master V2 dataset image","Canonical unique Braille training/validation/test image used for V2 model lineage","Keep"
"sciobraille-model-lab\datasets\master_v2\images\train\scio_v2_0bd0f2796f98e529.jpg","Master V2 dataset image","Canonical unique Braille training/validation/test image used for V2 model lineage","Keep"
"sciobraille-model-lab\datasets\master_v2\images\train\scio_v2_0be8e31fa4a6c314.jpg","Master V2 dataset image","Canonical unique Braille training/validation/test image used for V2 model lineage","Keep"
"sciobraille-model-lab\datasets\master_v2\images\train\scio_v2_0c084b58a5ce8d41.jpg","Master V2 dataset image","Canonical unique Braille training/validation/test image used for V2 model lineage","Keep"
"sciobraille-model-lab\datasets\master_v2\images\train\scio_v2_0c23c5a1cfe83737.jpg","Master V2 dataset image","Canonical unique Braille training/validation/test image used for V2 model lineage","Keep"
"sciobraille-model-lab\datasets\master_v2\images\train\scio_v2_0c6f765c325d2a81.jpg","Master V2 dataset image","Canonical unique Braille training/validation/test image used for V2 model lineage","Keep"
"sciobraille-model-lab\datasets\master_v2\images\train\scio_v2_0c72e7772b7acd1f.jpg","Master V2 dataset image","Canonical unique Braille training/validation/test image used for V2 model lineage","Keep"
"sciobraille-model-lab\datasets\master_v2\images\train\scio_v2_0c912cf4d37396fd.jpg","Master V2 dataset image","Canonical unique Braille training/validation/test image used for V2 model lineage","Keep"
"sciobraille-model-lab\datasets\master_v2\images\train\scio_v2_0ca0921aa77b9853.jpg","Master V2 dataset image","Canonical unique Braille training/validation/test image used for V2 model lineage","Keep"
"sciobraille-model-lab\datasets\master_v2\images\train\scio_v2_0ca096ee1813a6ca.jpg","Master V2 dataset image","Canonical unique Braille training/validation/test image used for V2 model lineage","Keep"
"sciobraille-model-lab\datasets\master_v2\images\train\scio_v2_0cb667fd0f3ac795.jpg","Master V2 dataset image","Canonical unique Braille training/validation/test image used for V2 model lineage","Keep"
"sciobraille-model-lab\datasets\master_v2\images\train\scio_v2_0cc26a8f141b6fd9.jpg","Master V2 dataset image","Canonical unique Braille training/validation/test image used for V2 model lineage","Keep"
"sciobraille-model-lab\datasets\master_v2\images\train\scio_v2_0d1b17f26d91daaf.jpg","Master V2 dataset image","Canonical unique Braille training/validation/test image used for V2 model lineage","Keep"
"sciobraille-model-lab\datasets\master_v2\images\train\scio_v2_0d49d754e7186aa3.jpg","Master V2 dataset image","Canonical unique Braille training/validation/test image used for V2 model lineage","Keep"
"sciobraille-model-lab\datasets\master_v2\images\train\scio_v2_0d8a4535c451157a.jpg","Master V2 dataset image","Canonical unique Braille training/validation/test image used for V2 model lineage","Keep"
"sciobraille-model-lab\datasets\master_v2\images\train\scio_v2_0dbcd5e4cd1c1a01.jpg","Master V2 dataset image","Canonical unique Braille training/validation/test image used for V2 model lineage","Keep"
"sciobraille-model-lab\datasets\master_v2\images\train\scio_v2_0dc502a0f09f2151.jpg","Master V2 dataset image","Canonical unique Braille training/validation/test image used for V2 model lineage","Keep"
"sciobraille-model-lab\datasets\master_v2\images\train\scio_v2_0dd3faf1878e7b96.jpg","Master V2 dataset image","Canonical unique Braille training/validation/test image used for V2 model lineage","Keep"
"sciobraille-model-lab\datasets\master_v2\images\train\scio_v2_0e88a6b040fe6f73.jpg","Master V2 dataset image","Canonical unique Braille training/validation/test image used for V2 model lineage","Keep"
"sciobraille-model-lab\datasets\master_v2\images\train\scio_v2_0ee78aec22929307.jpg","Master V2 dataset image","Canonical unique Braille training/validation/test image used for V2 model lineage","Keep"
"sciobraille-model-lab\datasets\master_v2\images\train\scio_v2_0f0d5b3c58b2d111.jpg","Master V2 dataset image","Canonical unique Braille training/validation/test image used for V2 model lineage","Keep"
"sciobraille-model-lab\datasets\master_v2\images\train\scio_v2_0f11525691a7f7b1.jpg","Master V2 dataset image","Canonical unique Braille training/validation/test image used for V2 model lineage","Keep"
"sciobraille-model-lab\datasets\master_v2\images\train\scio_v2_0f2abc2376398bf6.jpg","Master V2 dataset image","Canonical unique Braille training/validation/test image used for V2 model lineage","Keep"
"sciobraille-model-lab\datasets\master_v2\images\train\scio_v2_0f625448941791a4.jpg","Master V2 dataset image","Canonical unique Braille training/validation/test image used for V2 model lineage","Keep"
"sciobraille-model-lab\datasets\master_v2\images\train\scio_v2_0f6eb5f21fc5cbec.jpg","Master V2 dataset image","Canonical unique Braille training/validation/test image used for V2 model lineage","Keep"
"sciobraille-model-lab\datasets\master_v2\images\train\scio_v2_0f94203edcd0c236.jpg","Master V2 dataset image","Canonical unique Braille training/validation/test image used for V2 model lineage","Keep"
"sciobraille-model-lab\datasets\master_v2\images\train\scio_v2_10270036cdd21c25.jpg","Master V2 dataset image","Canonical unique Braille training/validation/test image used for V2 model lineage","Keep"
"sciobraille-model-lab\datasets\master_v2\images\train\scio_v2_1040df0c57eeacae.jpg","Master V2 dataset image","Canonical unique Braille training/validation/test image used for V2 model lineage","Keep"
"sciobraille-model-lab\datasets\master_v2\images\train\scio_v2_105be95e5c2c55f4.jpg","Master V2 dataset image","Canonical unique Braille training/validation/test image used for V2 model lineage","Keep"
"sciobraille-model-lab\datasets\master_v2\images\train\scio_v2_10838ae1420de8a7.jpg","Master V2 dataset image","Canonical unique Braille training/validation/test image used for V2 model lineage","Keep"
"sciobraille-model-lab\datasets\master_v2\images\train\scio_v2_1117d9be045f2733.jpg","Master V2 dataset image","Canonical unique Braille training/validation/test image used for V2 model lineage","Keep"
"sciobraille-model-lab\datasets\master_v2\images\train\scio_v2_11644e68d6003117.jpg","Master V2 dataset image","Canonical unique Braille training/validation/test image used for V2 model lineage","Keep"
"sciobraille-model-lab\datasets\master_v2\images\train\scio_v2_11652f481e149f6c.jpg","Master V2 dataset image","Canonical unique Braille training/validation/test image used for V2 model lineage","Keep"
"sciobraille-model-lab\datasets\master_v2\images\train\scio_v2_118c3b788f964642.jpg","Master V2 dataset image","Canonical unique Braille training/validation/test image used for V2 model lineage","Keep"
"sciobraille-model-lab\datasets\master_v2\images\train\scio_v2_11a4eb6d7bc5db1d.jpg","Master V2 dataset image","Canonical unique Braille training/validation/test image used for V2 model lineage","Keep"
"sciobraille-model-lab\datasets\master_v2\images\train\scio_v2_11fba98dc786845c.jpg","Master V2 dataset image","Canonical unique Braille training/validation/test image used for V2 model lineage","Keep"
"sciobraille-model-lab\datasets\master_v2\images\train\scio_v2_1232341254e1d7bd.jpg","Master V2 dataset image","Canonical unique Braille training/validation/test image used for V2 model lineage","Keep"
"sciobraille-model-lab\datasets\master_v2\images\train\scio_v2_126439e10e20221a.jpg","Master V2 dataset image","Canonical unique Braille training/validation/test image used for V2 model lineage","Keep"
"sciobraille-model-lab\datasets\master_v2\images\train\scio_v2_12aeb9cf9af5ccf4.jpg","Master V2 dataset image","Canonical unique Braille training/validation/test image used for V2 model lineage","Keep"
"sciobraille-model-lab\datasets\master_v2\images\train\scio_v2_12c4fa94a278ae0d.jpg","Master V2 dataset image","Canonical unique Braille training/validation/test image used for V2 model lineage","Keep"
"sciobraille-model-lab\datasets\master_v2\images\train\scio_v2_12fa2d3dcd0d2332.jpg","Master V2 dataset image","Canonical unique Braille training/validation/test image used for V2 model lineage","Keep"
"sciobraille-model-lab\datasets\master_v2\images\train\scio_v2_13367f95984ab7b9.jpg","Master V2 dataset image","Canonical unique Braille training/validation/test image used for V2 model lineage","Keep"
"sciobraille-model-lab\datasets\master_v2\images\train\scio_v2_13bbaf98fc4f2ce2.jpg","Master V2 dataset image","Canonical unique Braille training/validation/test image used for V2 model lineage","Keep"
"sciobraille-model-lab\datasets\master_v2\images\train\scio_v2_13f2326e2c9affbb.jpg","Master V2 dataset image","Canonical unique Braille training/validation/test image used for V2 model lineage","Keep"
"sciobraille-model-lab\datasets\master_v2\images\train\scio_v2_141458612a0af692.jpg","Master V2 dataset image","Canonical unique Braille training/validation/test image used for V2 model lineage","Keep"
"sciobraille-model-lab\datasets\master_v2\images\train\scio_v2_141ec502eaadd5ab.jpg","Master V2 dataset image","Canonical unique Braille training/validation/test image used for V2 model lineage","Keep"
"sciobraille-model-lab\datasets\master_v2\images\train\scio_v2_1439a47107545e86.jpg","Master V2 dataset image","Canonical unique Braille training/validation/test image used for V2 model lineage","Keep"
"sciobraille-model-lab\datasets\master_v2\images\train\scio_v2_1457a8372aacb5f2.jpg","Master V2 dataset image","Canonical unique Braille training/validation/test image used for V2 model lineage","Keep"
"sciobraille-model-lab\datasets\master_v2\images\train\scio_v2_146407a0d726c737.jpg","Master V2 dataset image","Canonical unique Braille training/validation/test image used for V2 model lineage","Keep"
"sciobraille-model-lab\datasets\master_v2\images\train\scio_v2_1482ca817635e988.jpg","Master V2 dataset image","Canonical unique Braille training/validation/test image used for V2 model lineage","Keep"
"sciobraille-model-lab\datasets\master_v2\images\train\scio_v2_149be98d304364d2.jpg","Master V2 dataset image","Canonical unique Braille training/validation/test image used for V2 model lineage","Keep"
"sciobraille-model-lab\datasets\master_v2\images\train\scio_v2_149cf221cf5de29b.jpg","Master V2 dataset image","Canonical unique Braille training/validation/test image used for V2 model lineage","Keep"
"sciobraille-model-lab\datasets\master_v2\images\train\scio_v2_14c8d2baae795a72.jpg","Master V2 dataset image","Canonical unique Braille training/validation/test image used for V2 model lineage","Keep"
"sciobraille-model-lab\datasets\master_v2\images\train\scio_v2_1562cccb0d33c631.jpg","Master V2 dataset image","Canonical unique Braille training/validation/test image used for V2 model lineage","Keep"
"sciobraille-model-lab\datasets\master_v2\images\train\scio_v2_1588b1073c7781d4.jpg","Master V2 dataset image","Canonical unique Braille training/validation/test image used for V2 model lineage","Keep"
"sciobraille-model-lab\datasets\master_v2\images\train\scio_v2_15cc36ac440886e8.jpg","Master V2 dataset image","Canonical unique Braille training/validation/test image used for V2 model lineage","Keep"
"sciobraille-model-lab\datasets\master_v2\images\train\scio_v2_1624c9442acca097.jpg","Master V2 dataset image","Canonical unique Braille training/validation/test image used for V2 model lineage","Keep"
"sciobraille-model-lab\datasets\master_v2\images\train\scio_v2_16320711960cfd84.jpg","Master V2 dataset image","Canonical unique Braille training/validation/test image used for V2 model lineage","Keep"
"sciobraille-model-lab\datasets\master_v2\images\train\scio_v2_165d7a587ff89cb4.jpg","Master V2 dataset image","Canonical unique Braille training/validation/test image used for V2 model lineage","Keep"
"sciobraille-model-lab\datasets\master_v2\images\train\scio_v2_16b9983e87084d15.jpg","Master V2 dataset image","Canonical unique Braille training/validation/test image used for V2 model lineage","Keep"
"sciobraille-model-lab\datasets\master_v2\images\train\scio_v2_170422b5016c3fed.jpg","Master V2 dataset image","Canonical unique Braille training/validation/test image used for V2 model lineage","Keep"
"sciobraille-model-lab\datasets\master_v2\images\train\scio_v2_17a9dde5a7e1c44e.jpg","Master V2 dataset image","Canonical unique Braille training/validation/test image used for V2 model lineage","Keep"
"sciobraille-model-lab\datasets\master_v2\images\train\scio_v2_17ca1cc6529b4322.jpg","Master V2 dataset image","Canonical unique Braille training/validation/test image used for V2 model lineage","Keep"
"sciobraille-model-lab\datasets\master_v2\images\train\scio_v2_17f39486b40c992d.jpg","Master V2 dataset image","Canonical unique Braille training/validation/test image used for V2 model lineage","Keep"
"sciobraille-model-lab\datasets\master_v2\images\train\scio_v2_1852e754fbff88f2.jpg","Master V2 dataset image","Canonical unique Braille training/validation/test image used for V2 model lineage","Keep"
"sciobraille-model-lab\datasets\master_v2\images\train\scio_v2_187c639a759f3b70.jpg","Master V2 dataset image","Canonical unique Braille training/validation/test image used for V2 model lineage","Keep"
"sciobraille-model-lab\datasets\master_v2\images\train\scio_v2_1885dc302fed6a68.jpg","Master V2 dataset image","Canonical unique Braille training/validation/test image used for V2 model lineage","Keep"
"sciobraille-model-lab\datasets\master_v2\images\train\scio_v2_18f258eab7276561.jpg","Master V2 dataset image","Canonical unique Braille training/validation/test image used for V2 model lineage","Keep"
"sciobraille-model-lab\datasets\master_v2\images\train\scio_v2_18f8ca95677a2d02.jpg","Master V2 dataset image","Canonical unique Braille training/validation/test image used for V2 model lineage","Keep"
"sciobraille-model-lab\datasets\master_v2\images\train\scio_v2_190a49b4f8fa0e05.jpg","Master V2 dataset image","Canonical unique Braille training/validation/test image used for V2 model lineage","Keep"
"sciobraille-model-lab\datasets\master_v2\images\train\scio_v2_195c41ce1a65b073.jpg","Master V2 dataset image","Canonical unique Braille training/validation/test image used for V2 model lineage","Keep"
"sciobraille-model-lab\datasets\master_v2\images\train\scio_v2_19a56b190c48a7ae.jpg","Master V2 dataset image","Canonical unique Braille training/validation/test image used for V2 model lineage","Keep"
"sciobraille-model-lab\datasets\master_v2\images\train\scio_v2_19d4febead301f23.jpg","Master V2 dataset image","Canonical unique Braille training/validation/test image used for V2 model lineage","Keep"
"sciobraille-model-lab\datasets\master_v2\images\train\scio_v2_19f0a5b95dbd84fb.jpg","Master V2 dataset image","Canonical unique Braille training/validation/test image used for V2 model lineage","Keep"
"sciobraille-model-lab\datasets\master_v2\images\train\scio_v2_1a08f80793328651.jpg","Master V2 dataset image","Canonical unique Braille training/validation/test image used for V2 model lineage","Keep"
"sciobraille-model-lab\datasets\master_v2\images\train\scio_v2_1a4633a614ea3364.jpg","Master V2 dataset image","Canonical unique Braille training/validation/test image used for V2 model lineage","Keep"
"sciobraille-model-lab\datasets\master_v2\images\train\scio_v2_1a8267776f2657ca.jpg","Master V2 dataset image","Canonical unique Braille training/validation/test image used for V2 model lineage","Keep"
"sciobraille-model-lab\datasets\master_v2\images\train\scio_v2_1a87add4f30dd980.jpg","Master V2 dataset image","Canonical unique Braille training/validation/test image used for V2 model lineage","Keep"
"sciobraille-model-lab\datasets\master_v2\images\train\scio_v2_1aaa833f987f545b.jpg","Master V2 dataset image","Canonical unique Braille training/validation/test image used for V2 model lineage","Keep"
"sciobraille-model-lab\datasets\master_v2\images\train\scio_v2_1aaf308d744cb04b.jpg","Master V2 dataset image","Canonical unique Braille training/validation/test image used for V2 model lineage","Keep"
"sciobraille-model-lab\datasets\master_v2\images\train\scio_v2_1ab533bca08e1035.jpg","Master V2 dataset image","Canonical unique Braille training/validation/test image used for V2 model lineage","Keep"
"sciobraille-model-lab\datasets\master_v2\images\train\scio_v2_1b113766b70f4b6a.jpg","Master V2 dataset image","Canonical unique Braille training/validation/test image used for V2 model lineage","Keep"
"sciobraille-model-lab\datasets\master_v2\images\train\scio_v2_1b17e0038f341d49.jpg","Master V2 dataset image","Canonical unique Braille training/validation/test image used for V2 model lineage","Keep"
"sciobraille-model-lab\datasets\master_v2\images\train\scio_v2_1b93ebbc1a4ed3e6.jpg","Master V2 dataset image","Canonical unique Braille training/validation/test image used for V2 model lineage","Keep"
"sciobraille-model-lab\datasets\master_v2\images\train\scio_v2_1c34f5e4a78fc2b0.jpg","Master V2 dataset image","Canonical unique Braille training/validation/test image used for V2 model lineage","Keep"
"sciobraille-model-lab\datasets\master_v2\images\train\scio_v2_1c50a31d87d380f7.jpg","Master V2 dataset image","Canonical unique Braille training/validation/test image used for V2 model lineage","Keep"
"sciobraille-model-lab\datasets\master_v2\images\train\scio_v2_1cc95d84914a41ab.jpg","Master V2 dataset image","Canonical unique Braille training/validation/test image used for V2 model lineage","Keep"
"sciobraille-model-lab\datasets\master_v2\images\train\scio_v2_1cf200389cddada3.jpg","Master V2 dataset image","Canonical unique Braille training/validation/test image used for V2 model lineage","Keep"
"sciobraille-model-lab\datasets\master_v2\images\train\scio_v2_1d2c379d399303a0.jpg","Master V2 dataset image","Canonical unique Braille training/validation/test image used for V2 model lineage","Keep"
"sciobraille-model-lab\datasets\master_v2\images\train\scio_v2_1d4ac293c9fde7c8.jpg","Master V2 dataset image","Canonical unique Braille training/validation/test image used for V2 model lineage","Keep"
"sciobraille-model-lab\datasets\master_v2\images\train\scio_v2_1d90f680ac634bfe.jpg","Master V2 dataset image","Canonical unique Braille training/validation/test image used for V2 model lineage","Keep"
"sciobraille-model-lab\datasets\master_v2\images\train\scio_v2_1d953ad4a846e370.jpg","Master V2 dataset image","Canonical unique Braille training/validation/test image used for V2 model lineage","Keep"
"sciobraille-model-lab\datasets\master_v2\images\train\scio_v2_1dae69450f6941fd.jpg","Master V2 dataset image","Canonical unique Braille training/validation/test image used for V2 model lineage","Keep"
"sciobraille-model-lab\datasets\master_v2\images\train\scio_v2_1e278ce4b7158789.jpg","Master V2 dataset image","Canonical unique Braille training/validation/test image used for V2 model lineage","Keep"
"sciobraille-model-lab\datasets\master_v2\images\train\scio_v2_1e3946a39e2dac8a.jpg","Master V2 dataset image","Canonical unique Braille training/validation/test image used for V2 model lineage","Keep"
"sciobraille-model-lab\datasets\master_v2\images\train\scio_v2_1e57cb0558a75a29.jpg","Master V2 dataset image","Canonical unique Braille training/validation/test image used for V2 model lineage","Keep"
"sciobraille-model-lab\datasets\master_v2\images\train\scio_v2_1e873b049472a8a2.jpg","Master V2 dataset image","Canonical unique Braille training/validation/test image used for V2 model lineage","Keep"
"sciobraille-model-lab\datasets\master_v2\images\train\scio_v2_1e938a6d51a2f509.jpg","Master V2 dataset image","Canonical unique Braille training/validation/test image used for V2 model lineage","Keep"
"sciobraille-model-lab\datasets\master_v2\images\train\scio_v2_1f9c309532d0aee9.jpg","Master V2 dataset image","Canonical unique Braille training/validation/test image used for V2 model lineage","Keep"
"sciobraille-model-lab\datasets\master_v2\images\train\scio_v2_1ff6e3bbdfcf8326.jpg","Master V2 dataset image","Canonical unique Braille training/validation/test image used for V2 model lineage","Keep"
"sciobraille-model-lab\datasets\master_v2\images\train\scio_v2_209a0f02ef6c4ff3.jpg","Master V2 dataset image","Canonical unique Braille training/validation/test image used for V2 model lineage","Keep"
"sciobraille-model-lab\datasets\master_v2\images\train\scio_v2_2108d0f00249b4f5.jpg","Master V2 dataset image","Canonical unique Braille training/validation/test image used for V2 model lineage","Keep"
"sciobraille-model-lab\datasets\master_v2\images\train\scio_v2_2137225b077552c4.jpg","Master V2 dataset image","Canonical unique Braille training/validation/test image used for V2 model lineage","Keep"
"sciobraille-model-lab\datasets\master_v2\images\train\scio_v2_213892b55133742f.jpg","Master V2 dataset image","Canonical unique Braille training/validation/test image used for V2 model lineage","Keep"
"sciobraille-model-lab\datasets\master_v2\images\train\scio_v2_21be5a40201d0671.jpg","Master V2 dataset image","Canonical unique Braille training/validation/test image used for V2 model lineage","Keep"
"sciobraille-model-lab\datasets\master_v2\images\train\scio_v2_22343aaa755f6fe0.jpg","Master V2 dataset image","Canonical unique Braille training/validation/test image used for V2 model lineage","Keep"
"sciobraille-model-lab\datasets\master_v2\images\train\scio_v2_22456a5f3b46920d.jpg","Master V2 dataset image","Canonical unique Braille training/validation/test image used for V2 model lineage","Keep"
"sciobraille-model-lab\datasets\master_v2\images\train\scio_v2_22471bfded98752f.jpg","Master V2 dataset image","Canonical unique Braille training/validation/test image used for V2 model lineage","Keep"
"sciobraille-model-lab\datasets\master_v2\images\train\scio_v2_22d0a0645462dc86.jpg","Master V2 dataset image","Canonical unique Braille training/validation/test image used for V2 model lineage","Keep"
"sciobraille-model-lab\datasets\master_v2\images\train\scio_v2_23a4fd3495fc2e1b.jpg","Master V2 dataset image","Canonical unique Braille training/validation/test image used for V2 model lineage","Keep"
"sciobraille-model-lab\datasets\master_v2\images\train\scio_v2_2408042e4fc3322a.jpg","Master V2 dataset image","Canonical unique Braille training/validation/test image used for V2 model lineage","Keep"
"sciobraille-model-lab\datasets\master_v2\images\train\scio_v2_25041f61c74f7800.jpg","Master V2 dataset image","Canonical unique Braille training/validation/test image used for V2 model lineage","Keep"
"sciobraille-model-lab\datasets\master_v2\images\train\scio_v2_25179bea93086999.jpg","Master V2 dataset image","Canonical unique Braille training/validation/test image used for V2 model lineage","Keep"
"sciobraille-model-lab\datasets\master_v2\images\train\scio_v2_252f754340104314.jpg","Master V2 dataset image","Canonical unique Braille training/validation/test image used for V2 model lineage","Keep"
"sciobraille-model-lab\datasets\master_v2\images\train\scio_v2_25310e85c9553281.jpg","Master V2 dataset image","Canonical unique Braille training/validation/test image used for V2 model lineage","Keep"
"sciobraille-model-lab\datasets\master_v2\images\train\scio_v2_2546944493568274.jpg","Master V2 dataset image","Canonical unique Braille training/validation/test image used for V2 model lineage","Keep"
"sciobraille-model-lab\datasets\master_v2\images\train\scio_v2_254c82c9a54bb583.jpg","Master V2 dataset image","Canonical unique Braille training/validation/test image used for V2 model lineage","Keep"
"sciobraille-model-lab\datasets\master_v2\images\train\scio_v2_25599737084d84ff.jpg","Master V2 dataset image","Canonical unique Braille training/validation/test image used for V2 model lineage","Keep"
"sciobraille-model-lab\datasets\master_v2\images\train\scio_v2_257d797280808d03.jpg","Master V2 dataset image","Canonical unique Braille training/validation/test image used for V2 model lineage","Keep"
"sciobraille-model-lab\datasets\master_v2\images\train\scio_v2_25a879235ddd1e77.jpg","Master V2 dataset image","Canonical unique Braille training/validation/test image used for V2 model lineage","Keep"
"sciobraille-model-lab\datasets\master_v2\images\train\scio_v2_25b2da5b517e0669.jpg","Master V2 dataset image","Canonical unique Braille training/validation/test image used for V2 model lineage","Keep"
"sciobraille-model-lab\datasets\master_v2\images\train\scio_v2_25be5d20a8cc041c.jpg","Master V2 dataset image","Canonical unique Braille training/validation/test image used for V2 model lineage","Keep"
"sciobraille-model-lab\datasets\master_v2\images\train\scio_v2_2610ac2c78bc10c2.jpg","Master V2 dataset image","Canonical unique Braille training/validation/test image used for V2 model lineage","Keep"
"sciobraille-model-lab\datasets\master_v2\images\train\scio_v2_261a67e1cfe6ed8a.jpg","Master V2 dataset image","Canonical unique Braille training/validation/test image used for V2 model lineage","Keep"
"sciobraille-model-lab\datasets\master_v2\images\train\scio_v2_265097dc94093131.jpg","Master V2 dataset image","Canonical unique Braille training/validation/test image used for V2 model lineage","Keep"
"sciobraille-model-lab\datasets\master_v2\images\train\scio_v2_2658cf7cc5d13d3f.jpg","Master V2 dataset image","Canonical unique Braille training/validation/test image used for V2 model lineage","Keep"
"sciobraille-model-lab\datasets\master_v2\images\train\scio_v2_266c065553d14d0f.jpg","Master V2 dataset image","Canonical unique Braille training/validation/test image used for V2 model lineage","Keep"
"sciobraille-model-lab\datasets\master_v2\images\train\scio_v2_2671ebb75c563688.jpg","Master V2 dataset image","Canonical unique Braille training/validation/test image used for V2 model lineage","Keep"
"sciobraille-model-lab\datasets\master_v2\images\train\scio_v2_2685e7bb342ff5d4.jpg","Master V2 dataset image","Canonical unique Braille training/validation/test image used for V2 model lineage","Keep"
"sciobraille-model-lab\datasets\master_v2\images\train\scio_v2_2697e1b4aad896c7.jpg","Master V2 dataset image","Canonical unique Braille training/validation/test image used for V2 model lineage","Keep"
"sciobraille-model-lab\datasets\master_v2\images\train\scio_v2_26a74dba2b7a5f24.jpg","Master V2 dataset image","Canonical unique Braille training/validation/test image used for V2 model lineage","Keep"
"sciobraille-model-lab\datasets\master_v2\images\train\scio_v2_26a7602aae4b6c81.jpg","Master V2 dataset image","Canonical unique Braille training/validation/test image used for V2 model lineage","Keep"
"sciobraille-model-lab\datasets\master_v2\images\train\scio_v2_26dec0991c74da80.jpg","Master V2 dataset image","Canonical unique Braille training/validation/test image used for V2 model lineage","Keep"
"sciobraille-model-lab\datasets\master_v2\images\train\scio_v2_26f8e6cd4b6802d6.jpg","Master V2 dataset image","Canonical unique Braille training/validation/test image used for V2 model lineage","Keep"
"sciobraille-model-lab\datasets\master_v2\images\train\scio_v2_270f1b01e8f36674.jpg","Master V2 dataset image","Canonical unique Braille training/validation/test image used for V2 model lineage","Keep"
"sciobraille-model-lab\datasets\master_v2\images\train\scio_v2_274e3e31b02c38db.jpg","Master V2 dataset image","Canonical unique Braille training/validation/test image used for V2 model lineage","Keep"
"sciobraille-model-lab\datasets\master_v2\images\train\scio_v2_278f66e302007159.jpg","Master V2 dataset image","Canonical unique Braille training/validation/test image used for V2 model lineage","Keep"
"sciobraille-model-lab\datasets\master_v2\images\train\scio_v2_27e84f9006139774.jpg","Master V2 dataset image","Canonical unique Braille training/validation/test image used for V2 model lineage","Keep"
"sciobraille-model-lab\datasets\master_v2\images\train\scio_v2_28281ae772a29afa.jpg","Master V2 dataset image","Canonical unique Braille training/validation/test image used for V2 model lineage","Keep"
"sciobraille-model-lab\datasets\master_v2\images\train\scio_v2_288978bb7b049e31.jpg","Master V2 dataset image","Canonical unique Braille training/validation/test image used for V2 model lineage","Keep"
"sciobraille-model-lab\datasets\master_v2\images\train\scio_v2_28c9174c3ad08c5e.jpg","Master V2 dataset image","Canonical unique Braille training/validation/test image used for V2 model lineage","Keep"
"sciobraille-model-lab\datasets\master_v2\images\train\scio_v2_2927e9b149f9eb40.jpg","Master V2 dataset image","Canonical unique Braille training/validation/test image used for V2 model lineage","Keep"
"sciobraille-model-lab\datasets\master_v2\images\train\scio_v2_29376e025a1ab312.jpg","Master V2 dataset image","Canonical unique Braille training/validation/test image used for V2 model lineage","Keep"
"sciobraille-model-lab\datasets\master_v2\images\train\scio_v2_295ed5cbbd73f34c.jpg","Master V2 dataset image","Canonical unique Braille training/validation/test image used for V2 model lineage","Keep"
"sciobraille-model-lab\datasets\master_v2\images\train\scio_v2_2963f05bf09d66c3.jpg","Master V2 dataset image","Canonical unique Braille training/validation/test image used for V2 model lineage","Keep"
"sciobraille-model-lab\datasets\master_v2\images\train\scio_v2_297509240f22d5d0.jpg","Master V2 dataset image","Canonical unique Braille training/validation/test image used for V2 model lineage","Keep"
"sciobraille-model-lab\datasets\master_v2\images\train\scio_v2_298c551032d044f1.jpg","Master V2 dataset image","Canonical unique Braille training/validation/test image used for V2 model lineage","Keep"
"sciobraille-model-lab\datasets\master_v2\images\train\scio_v2_299384f96cdbdf00.jpg","Master V2 dataset image","Canonical unique Braille training/validation/test image used for V2 model lineage","Keep"
"sciobraille-model-lab\datasets\master_v2\images\train\scio_v2_29984c5d80fa300c.jpg","Master V2 dataset image","Canonical unique Braille training/validation/test image used for V2 model lineage","Keep"
"sciobraille-model-lab\datasets\master_v2\images\train\scio_v2_29b894569df6332f.jpg","Master V2 dataset image","Canonical unique Braille training/validation/test image used for V2 model lineage","Keep"
"sciobraille-model-lab\datasets\master_v2\images\train\scio_v2_29d9698bd169c763.jpg","Master V2 dataset image","Canonical unique Braille training/validation/test image used for V2 model lineage","Keep"
"sciobraille-model-lab\datasets\master_v2\images\train\scio_v2_29e5a56b93fd7995.jpg","Master V2 dataset image","Canonical unique Braille training/validation/test image used for V2 model lineage","Keep"
"sciobraille-model-lab\datasets\master_v2\images\train\scio_v2_2a82def5a0ebdce5.jpg","Master V2 dataset image","Canonical unique Braille training/validation/test image used for V2 model lineage","Keep"
"sciobraille-model-lab\datasets\master_v2\images\train\scio_v2_2ab0d662373607d9.jpg","Master V2 dataset image","Canonical unique Braille training/validation/test image used for V2 model lineage","Keep"
"sciobraille-model-lab\datasets\master_v2\images\train\scio_v2_2ae0215f228230ae.jpg","Master V2 dataset image","Canonical unique Braille training/validation/test image used for V2 model lineage","Keep"
"sciobraille-model-lab\datasets\master_v2\images\train\scio_v2_2b019436c6b0f659.jpg","Master V2 dataset image","Canonical unique Braille training/validation/test image used for V2 model lineage","Keep"
"sciobraille-model-lab\datasets\master_v2\images\train\scio_v2_2b1f4f69f1a0c5fb.jpg","Master V2 dataset image","Canonical unique Braille training/validation/test image used for V2 model lineage","Keep"
"sciobraille-model-lab\datasets\master_v2\images\train\scio_v2_2b2266641bd81482.jpg","Master V2 dataset image","Canonical unique Braille training/validation/test image used for V2 model lineage","Keep"
"sciobraille-model-lab\datasets\master_v2\images\train\scio_v2_2b43ad011e3139a6.jpg","Master V2 dataset image","Canonical unique Braille training/validation/test image used for V2 model lineage","Keep"
"sciobraille-model-lab\datasets\master_v2\images\train\scio_v2_2b7b8aba710f88e7.jpg","Master V2 dataset image","Canonical unique Braille training/validation/test image used for V2 model lineage","Keep"
"sciobraille-model-lab\datasets\master_v2\images\train\scio_v2_2b84a66551bfd1dd.jpg","Master V2 dataset image","Canonical unique Braille training/validation/test image used for V2 model lineage","Keep"
"sciobraille-model-lab\datasets\master_v2\images\train\scio_v2_2ba0c1035bbce9c5.jpg","Master V2 dataset image","Canonical unique Braille training/validation/test image used for V2 model lineage","Keep"
"sciobraille-model-lab\datasets\master_v2\images\train\scio_v2_2ba358e1318d2bad.jpg","Master V2 dataset image","Canonical unique Braille training/validation/test image used for V2 model lineage","Keep"
"sciobraille-model-lab\datasets\master_v2\images\train\scio_v2_2bb3c0466a6c17f0.jpg","Master V2 dataset image","Canonical unique Braille training/validation/test image used for V2 model lineage","Keep"
"sciobraille-model-lab\datasets\master_v2\images\train\scio_v2_2bc3e5c768039da0.jpg","Master V2 dataset image","Canonical unique Braille training/validation/test image used for V2 model lineage","Keep"
"sciobraille-model-lab\datasets\master_v2\images\train\scio_v2_2bed3fbb1dcb6714.jpg","Master V2 dataset image","Canonical unique Braille training/validation/test image used for V2 model lineage","Keep"
"sciobraille-model-lab\datasets\master_v2\images\train\scio_v2_2bf61a79c594b3cf.jpg","Master V2 dataset image","Canonical unique Braille training/validation/test image used for V2 model lineage","Keep"
"sciobraille-model-lab\datasets\master_v2\images\train\scio_v2_2c3e31547923597d.jpg","Master V2 dataset image","Canonical unique Braille training/validation/test image used for V2 model lineage","Keep"
"sciobraille-model-lab\datasets\master_v2\images\train\scio_v2_2c568c230eb6b2f0.jpg","Master V2 dataset image","Canonical unique Braille training/validation/test image used for V2 model lineage","Keep"
"sciobraille-model-lab\datasets\master_v2\images\train\scio_v2_2cd153bf16a06eac.jpg","Master V2 dataset image","Canonical unique Braille training/validation/test image used for V2 model lineage","Keep"
"sciobraille-model-lab\datasets\master_v2\images\train\scio_v2_2cd43749533584eb.jpg","Master V2 dataset image","Canonical unique Braille training/validation/test image used for V2 model lineage","Keep"
"sciobraille-model-lab\datasets\master_v2\images\train\scio_v2_2cefff34e161a8b6.jpg","Master V2 dataset image","Canonical unique Braille training/validation/test image used for V2 model lineage","Keep"
"sciobraille-model-lab\datasets\master_v2\images\train\scio_v2_2cf5929c84039339.jpg","Master V2 dataset image","Canonical unique Braille training/validation/test image used for V2 model lineage","Keep"
"sciobraille-model-lab\datasets\master_v2\images\train\scio_v2_2d15186729f2b321.jpg","Master V2 dataset image","Canonical unique Braille training/validation/test image used for V2 model lineage","Keep"
"sciobraille-model-lab\datasets\master_v2\images\train\scio_v2_2d3d023036a05b26.jpg","Master V2 dataset image","Canonical unique Braille training/validation/test image used for V2 model lineage","Keep"
"sciobraille-model-lab\datasets\master_v2\images\train\scio_v2_2d4a3af6065210a3.jpg","Master V2 dataset image","Canonical unique Braille training/validation/test image used for V2 model lineage","Keep"
"sciobraille-model-lab\datasets\master_v2\images\train\scio_v2_2db34d1008445263.jpg","Master V2 dataset image","Canonical unique Braille training/validation/test image used for V2 model lineage","Keep"
"sciobraille-model-lab\datasets\master_v2\images\train\scio_v2_2db402d75ca16225.jpg","Master V2 dataset image","Canonical unique Braille training/validation/test image used for V2 model lineage","Keep"
"sciobraille-model-lab\datasets\master_v2\images\train\scio_v2_2e1359a08db18014.jpg","Master V2 dataset image","Canonical unique Braille training/validation/test image used for V2 model lineage","Keep"
"sciobraille-model-lab\datasets\master_v2\images\train\scio_v2_2e19a760fe928ad9.jpg","Master V2 dataset image","Canonical unique Braille training/validation/test image used for V2 model lineage","Keep"
"sciobraille-model-lab\datasets\master_v2\images\train\scio_v2_2e7c7b93c97cae0b.jpg","Master V2 dataset image","Canonical unique Braille training/validation/test image used for V2 model lineage","Keep"
"sciobraille-model-lab\datasets\master_v2\images\train\scio_v2_2e8295ed000c6a8b.jpg","Master V2 dataset image","Canonical unique Braille training/validation/test image used for V2 model lineage","Keep"
"sciobraille-model-lab\datasets\master_v2\images\train\scio_v2_2e870e72c813ca64.jpg","Master V2 dataset image","Canonical unique Braille training/validation/test image used for V2 model lineage","Keep"
"sciobraille-model-lab\datasets\master_v2\images\train\scio_v2_2eb6cf11a7b8a8cf.jpg","Master V2 dataset image","Canonical unique Braille training/validation/test image used for V2 model lineage","Keep"
"sciobraille-model-lab\datasets\master_v2\images\train\scio_v2_2ee0bb1cdbde6450.jpg","Master V2 dataset image","Canonical unique Braille training/validation/test image used for V2 model lineage","Keep"
"sciobraille-model-lab\datasets\master_v2\images\train\scio_v2_2eef99fb63b2dc2c.jpg","Master V2 dataset image","Canonical unique Braille training/validation/test image used for V2 model lineage","Keep"
"sciobraille-model-lab\datasets\master_v2\images\train\scio_v2_2f03da79d2773633.jpg","Master V2 dataset image","Canonical unique Braille training/validation/test image used for V2 model lineage","Keep"
"sciobraille-model-lab\datasets\master_v2\images\train\scio_v2_2f8b8bc1e00e2dad.jpg","Master V2 dataset image","Canonical unique Braille training/validation/test image used for V2 model lineage","Keep"
"sciobraille-model-lab\datasets\master_v2\images\train\scio_v2_2fd6ab82bc9a14ad.jpg","Master V2 dataset image","Canonical unique Braille training/validation/test image used for V2 model lineage","Keep"
"sciobraille-model-lab\datasets\master_v2\images\train\scio_v2_2fde23d88b1bb6e2.jpg","Master V2 dataset image","Canonical unique Braille training/validation/test image used for V2 model lineage","Keep"
"sciobraille-model-lab\datasets\master_v2\images\train\scio_v2_2fef9a9e563f460b.jpg","Master V2 dataset image","Canonical unique Braille training/validation/test image used for V2 model lineage","Keep"
"sciobraille-model-lab\datasets\master_v2\images\train\scio_v2_307a50fab07bb9f0.jpg","Master V2 dataset image","Canonical unique Braille training/validation/test image used for V2 model lineage","Keep"
"sciobraille-model-lab\datasets\master_v2\images\train\scio_v2_308c047f4417cc4c.jpg","Master V2 dataset image","Canonical unique Braille training/validation/test image used for V2 model lineage","Keep"
"sciobraille-model-lab\datasets\master_v2\images\train\scio_v2_30ab77ce77db3838.jpg","Master V2 dataset image","Canonical unique Braille training/validation/test image used for V2 model lineage","Keep"
"sciobraille-model-lab\datasets\master_v2\images\train\scio_v2_30ec4316e9ace968.jpg","Master V2 dataset image","Canonical unique Braille training/validation/test image used for V2 model lineage","Keep"
"sciobraille-model-lab\datasets\master_v2\images\train\scio_v2_31376a0d732ba92c.jpg","Master V2 dataset image","Canonical unique Braille training/validation/test image used for V2 model lineage","Keep"
"sciobraille-model-lab\datasets\master_v2\images\train\scio_v2_317824df288a1e37.jpg","Master V2 dataset image","Canonical unique Braille training/validation/test image used for V2 model lineage","Keep"
"sciobraille-model-lab\datasets\master_v2\images\train\scio_v2_3217b3d865730de9.jpg","Master V2 dataset image","Canonical unique Braille training/validation/test image used for V2 model lineage","Keep"
"sciobraille-model-lab\datasets\master_v2\images\train\scio_v2_3283bf34ad037a2b.jpg","Master V2 dataset image","Canonical unique Braille training/validation/test image used for V2 model lineage","Keep"
"sciobraille-model-lab\datasets\master_v2\images\train\scio_v2_3283d38abf6a62a5.jpg","Master V2 dataset image","Canonical unique Braille training/validation/test image used for V2 model lineage","Keep"
"sciobraille-model-lab\datasets\master_v2\images\train\scio_v2_329ced5a433e4088.jpg","Master V2 dataset image","Canonical unique Braille training/validation/test image used for V2 model lineage","Keep"
"sciobraille-model-lab\datasets\master_v2\images\train\scio_v2_32ad4c20c3c7c6ff.jpg","Master V2 dataset image","Canonical unique Braille training/validation/test image used for V2 model lineage","Keep"
"sciobraille-model-lab\datasets\master_v2\images\train\scio_v2_32d0026d7e699839.jpg","Master V2 dataset image","Canonical unique Braille training/validation/test image used for V2 model lineage","Keep"
"sciobraille-model-lab\datasets\master_v2\images\train\scio_v2_32f434edf6f29930.jpg","Master V2 dataset image","Canonical unique Braille training/validation/test image used for V2 model lineage","Keep"
"sciobraille-model-lab\datasets\master_v2\images\train\scio_v2_33101b44f1bbbc46.jpg","Master V2 dataset image","Canonical unique Braille training/validation/test image used for V2 model lineage","Keep"
"sciobraille-model-lab\datasets\master_v2\images\train\scio_v2_33244e60f5e1888a.jpg","Master V2 dataset image","Canonical unique Braille training/validation/test image used for V2 model lineage","Keep"
"sciobraille-model-lab\datasets\master_v2\images\train\scio_v2_33307d2b479a748e.jpg","Master V2 dataset image","Canonical unique Braille training/validation/test image used for V2 model lineage","Keep"
"sciobraille-model-lab\datasets\master_v2\images\train\scio_v2_3336f4f62b94b1b0.jpg","Master V2 dataset image","Canonical unique Braille training/validation/test image used for V2 model lineage","Keep"
"sciobraille-model-lab\datasets\master_v2\images\train\scio_v2_3337adba52e43301.jpg","Master V2 dataset image","Canonical unique Braille training/validation/test image used for V2 model lineage","Keep"
"sciobraille-model-lab\datasets\master_v2\images\train\scio_v2_3339750ea2762f1e.jpg","Master V2 dataset image","Canonical unique Braille training/validation/test image used for V2 model lineage","Keep"
"sciobraille-model-lab\datasets\master_v2\images\train\scio_v2_337f498ebc71a1e0.jpg","Master V2 dataset image","Canonical unique Braille training/validation/test image used for V2 model lineage","Keep"
"sciobraille-model-lab\datasets\master_v2\images\train\scio_v2_33a3a85fffe1f607.jpg","Master V2 dataset image","Canonical unique Braille training/validation/test image used for V2 model lineage","Keep"
"sciobraille-model-lab\datasets\master_v2\images\train\scio_v2_33b804e2c0ca7906.jpg","Master V2 dataset image","Canonical unique Braille training/validation/test image used for V2 model lineage","Keep"
"sciobraille-model-lab\datasets\master_v2\images\train\scio_v2_34102b490c34c8bc.jpg","Master V2 dataset image","Canonical unique Braille training/validation/test image used for V2 model lineage","Keep"
"sciobraille-model-lab\datasets\master_v2\images\train\scio_v2_342ed5cab2cd2a06.jpg","Master V2 dataset image","Canonical unique Braille training/validation/test image used for V2 model lineage","Keep"
"sciobraille-model-lab\datasets\master_v2\images\train\scio_v2_3454f043c6237b53.jpg","Master V2 dataset image","Canonical unique Braille training/validation/test image used for V2 model lineage","Keep"
"sciobraille-model-lab\datasets\master_v2\images\train\scio_v2_346eed985b76cca3.jpg","Master V2 dataset image","Canonical unique Braille training/validation/test image used for V2 model lineage","Keep"
"sciobraille-model-lab\datasets\master_v2\images\train\scio_v2_3476753faeccf316.jpg","Master V2 dataset image","Canonical unique Braille training/validation/test image used for V2 model lineage","Keep"
"sciobraille-model-lab\datasets\master_v2\images\train\scio_v2_34bc8bf797fad423.jpg","Master V2 dataset image","Canonical unique Braille training/validation/test image used for V2 model lineage","Keep"
"sciobraille-model-lab\datasets\master_v2\images\train\scio_v2_352aaff2b36ca084.jpg","Master V2 dataset image","Canonical unique Braille training/validation/test image used for V2 model lineage","Keep"
"sciobraille-model-lab\datasets\master_v2\images\train\scio_v2_356b2e90a5c67bca.jpg","Master V2 dataset image","Canonical unique Braille training/validation/test image used for V2 model lineage","Keep"
"sciobraille-model-lab\datasets\master_v2\images\train\scio_v2_357f0b655361b97b.jpg","Master V2 dataset image","Canonical unique Braille training/validation/test image used for V2 model lineage","Keep"
"sciobraille-model-lab\datasets\master_v2\images\train\scio_v2_3583265503f06951.jpg","Master V2 dataset image","Canonical unique Braille training/validation/test image used for V2 model lineage","Keep"
"sciobraille-model-lab\datasets\master_v2\images\train\scio_v2_370052346a7e3189.jpg","Master V2 dataset image","Canonical unique Braille training/validation/test image used for V2 model lineage","Keep"
"sciobraille-model-lab\datasets\master_v2\images\train\scio_v2_372690d0b56af7b9.jpg","Master V2 dataset image","Canonical unique Braille training/validation/test image used for V2 model lineage","Keep"
"sciobraille-model-lab\datasets\master_v2\images\train\scio_v2_373da1e846590f99.jpg","Master V2 dataset image","Canonical unique Braille training/validation/test image used for V2 model lineage","Keep"
"sciobraille-model-lab\datasets\master_v2\images\train\scio_v2_3765a23cc987a2a7.jpg","Master V2 dataset image","Canonical unique Braille training/validation/test image used for V2 model lineage","Keep"
"sciobraille-model-lab\datasets\master_v2\images\train\scio_v2_377695aae60ecd59.jpg","Master V2 dataset image","Canonical unique Braille training/validation/test image used for V2 model lineage","Keep"
"sciobraille-model-lab\datasets\master_v2\images\train\scio_v2_377dcb31d35cc86d.jpg","Master V2 dataset image","Canonical unique Braille training/validation/test image used for V2 model lineage","Keep"
"sciobraille-model-lab\datasets\master_v2\images\train\scio_v2_37b4dbd96317ffcd.jpg","Master V2 dataset image","Canonical unique Braille training/validation/test image used for V2 model lineage","Keep"
"sciobraille-model-lab\datasets\master_v2\images\train\scio_v2_37f0eb4ef422a5f0.jpg","Master V2 dataset image","Canonical unique Braille training/validation/test image used for V2 model lineage","Keep"
"sciobraille-model-lab\datasets\master_v2\images\train\scio_v2_380d323942fa4a62.jpg","Master V2 dataset image","Canonical unique Braille training/validation/test image used for V2 model lineage","Keep"
"sciobraille-model-lab\datasets\master_v2\images\train\scio_v2_383ea5f9a4026340.jpg","Master V2 dataset image","Canonical unique Braille training/validation/test image used for V2 model lineage","Keep"
"sciobraille-model-lab\datasets\master_v2\images\train\scio_v2_38b20a2c6c390fb6.jpg","Master V2 dataset image","Canonical unique Braille training/validation/test image used for V2 model lineage","Keep"
"sciobraille-model-lab\datasets\master_v2\images\train\scio_v2_3906be8f6ae4a487.jpg","Master V2 dataset image","Canonical unique Braille training/validation/test image used for V2 model lineage","Keep"
"sciobraille-model-lab\datasets\master_v2\images\train\scio_v2_39217505dff1a587.jpg","Master V2 dataset image","Canonical unique Braille training/validation/test image used for V2 model lineage","Keep"
"sciobraille-model-lab\datasets\master_v2\images\train\scio_v2_3936076bb824fc0c.jpg","Master V2 dataset image","Canonical unique Braille training/validation/test image used for V2 model lineage","Keep"
"sciobraille-model-lab\datasets\master_v2\images\train\scio_v2_3953502ff4fc2ce9.jpg","Master V2 dataset image","Canonical unique Braille training/validation/test image used for V2 model lineage","Keep"
"sciobraille-model-lab\datasets\master_v2\images\train\scio_v2_3965f7210f1f2069.jpg","Master V2 dataset image","Canonical unique Braille training/validation/test image used for V2 model lineage","Keep"
"sciobraille-model-lab\datasets\master_v2\images\train\scio_v2_398b137aa8f631f3.jpg","Master V2 dataset image","Canonical unique Braille training/validation/test image used for V2 model lineage","Keep"
"sciobraille-model-lab\datasets\master_v2\images\train\scio_v2_3a1acb1240e5a69c.jpg","Master V2 dataset image","Canonical unique Braille training/validation/test image used for V2 model lineage","Keep"
"sciobraille-model-lab\datasets\master_v2\images\train\scio_v2_3a4045e2e7b999c8.jpg","Master V2 dataset image","Canonical unique Braille training/validation/test image used for V2 model lineage","Keep"
"sciobraille-model-lab\datasets\master_v2\images\train\scio_v2_3a423274ccbdfb2f.jpg","Master V2 dataset image","Canonical unique Braille training/validation/test image used for V2 model lineage","Keep"
"sciobraille-model-lab\datasets\master_v2\images\train\scio_v2_3abf713895bc2213.jpg","Master V2 dataset image","Canonical unique Braille training/validation/test image used for V2 model lineage","Keep"
"sciobraille-model-lab\datasets\master_v2\images\train\scio_v2_3b5adb009ed775d5.jpg","Master V2 dataset image","Canonical unique Braille training/validation/test image used for V2 model lineage","Keep"
"sciobraille-model-lab\datasets\master_v2\images\train\scio_v2_3b6ebb5ebcc07b72.jpg","Master V2 dataset image","Canonical unique Braille training/validation/test image used for V2 model lineage","Keep"
"sciobraille-model-lab\datasets\master_v2\images\train\scio_v2_3bc4229fd796f14d.jpg","Master V2 dataset image","Canonical unique Braille training/validation/test image used for V2 model lineage","Keep"
"sciobraille-model-lab\datasets\master_v2\images\train\scio_v2_3be1931bbacbcca2.jpg","Master V2 dataset image","Canonical unique Braille training/validation/test image used for V2 model lineage","Keep"
"sciobraille-model-lab\datasets\master_v2\images\train\scio_v2_3bf36a3625d5cc51.jpg","Master V2 dataset image","Canonical unique Braille training/validation/test image used for V2 model lineage","Keep"
"sciobraille-model-lab\datasets\master_v2\images\train\scio_v2_3c1812c573270aa1.jpg","Master V2 dataset image","Canonical unique Braille training/validation/test image used for V2 model lineage","Keep"
"sciobraille-model-lab\datasets\master_v2\images\train\scio_v2_3c33c0171c90fd84.jpg","Master V2 dataset image","Canonical unique Braille training/validation/test image used for V2 model lineage","Keep"
"sciobraille-model-lab\datasets\master_v2\images\train\scio_v2_3c8272244f18a201.jpg","Master V2 dataset image","Canonical unique Braille training/validation/test image used for V2 model lineage","Keep"
"sciobraille-model-lab\datasets\master_v2\images\train\scio_v2_3c98a60b74f88461.jpg","Master V2 dataset image","Canonical unique Braille training/validation/test image used for V2 model lineage","Keep"
"sciobraille-model-lab\datasets\master_v2\images\train\scio_v2_3cc192598f5f8f77.jpg","Master V2 dataset image","Canonical unique Braille training/validation/test image used for V2 model lineage","Keep"
"sciobraille-model-lab\datasets\master_v2\images\train\scio_v2_3cce43ac7a4be468.jpg","Master V2 dataset image","Canonical unique Braille training/validation/test image used for V2 model lineage","Keep"
"sciobraille-model-lab\datasets\master_v2\images\train\scio_v2_3d45d95d11c7a995.jpg","Master V2 dataset image","Canonical unique Braille training/validation/test image used for V2 model lineage","Keep"
"sciobraille-model-lab\datasets\master_v2\images\train\scio_v2_3d535b70c884d77f.jpg","Master V2 dataset image","Canonical unique Braille training/validation/test image used for V2 model lineage","Keep"
"sciobraille-model-lab\datasets\master_v2\images\train\scio_v2_3dc43461969429ae.jpg","Master V2 dataset image","Canonical unique Braille training/validation/test image used for V2 model lineage","Keep"
"sciobraille-model-lab\datasets\master_v2\images\train\scio_v2_3e5ff3a6e7b5294b.jpg","Master V2 dataset image","Canonical unique Braille training/validation/test image used for V2 model lineage","Keep"
"sciobraille-model-lab\datasets\master_v2\images\train\scio_v2_3e63414684e81118.jpg","Master V2 dataset image","Canonical unique Braille training/validation/test image used for V2 model lineage","Keep"
"sciobraille-model-lab\datasets\master_v2\images\train\scio_v2_3ec4fb9fc930e88a.jpg","Master V2 dataset image","Canonical unique Braille training/validation/test image used for V2 model lineage","Keep"
"sciobraille-model-lab\datasets\master_v2\images\train\scio_v2_3f74eecbdb571346.jpg","Master V2 dataset image","Canonical unique Braille training/validation/test image used for V2 model lineage","Keep"
"sciobraille-model-lab\datasets\master_v2\images\train\scio_v2_3f7aa53e8f0447f1.jpg","Master V2 dataset image","Canonical unique Braille training/validation/test image used for V2 model lineage","Keep"
"sciobraille-model-lab\datasets\master_v2\images\train\scio_v2_3fd60642447e9cb8.jpg","Master V2 dataset image","Canonical unique Braille training/validation/test image used for V2 model lineage","Keep"
"sciobraille-model-lab\datasets\master_v2\images\train\scio_v2_3ff1431f2dbfc165.jpg","Master V2 dataset image","Canonical unique Braille training/validation/test image used for V2 model lineage","Keep"
"sciobraille-model-lab\datasets\master_v2\images\train\scio_v2_40022230938cf8f1.jpg","Master V2 dataset image","Canonical unique Braille training/validation/test image used for V2 model lineage","Keep"
"sciobraille-model-lab\datasets\master_v2\images\train\scio_v2_40263d4c1bb48f94.jpg","Master V2 dataset image","Canonical unique Braille training/validation/test image used for V2 model lineage","Keep"
"sciobraille-model-lab\datasets\master_v2\images\train\scio_v2_404d9ba343cb0ffc.jpg","Master V2 dataset image","Canonical unique Braille training/validation/test image used for V2 model lineage","Keep"
"sciobraille-model-lab\datasets\master_v2\images\train\scio_v2_40585dbabaef5e9e.jpg","Master V2 dataset image","Canonical unique Braille training/validation/test image used for V2 model lineage","Keep"
"sciobraille-model-lab\datasets\master_v2\images\train\scio_v2_40a15bc7218d91a0.jpg","Master V2 dataset image","Canonical unique Braille training/validation/test image used for V2 model lineage","Keep"
"sciobraille-model-lab\datasets\master_v2\images\train\scio_v2_40a77da9c1f80ed0.jpg","Master V2 dataset image","Canonical unique Braille training/validation/test image used for V2 model lineage","Keep"
"sciobraille-model-lab\datasets\master_v2\images\train\scio_v2_40a9c7d76ec04bc3.jpg","Master V2 dataset image","Canonical unique Braille training/validation/test image used for V2 model lineage","Keep"
"sciobraille-model-lab\datasets\master_v2\images\train\scio_v2_40ddc332b330057b.jpg","Master V2 dataset image","Canonical unique Braille training/validation/test image used for V2 model lineage","Keep"
"sciobraille-model-lab\datasets\master_v2\images\train\scio_v2_41a31adced06e46f.jpg","Master V2 dataset image","Canonical unique Braille training/validation/test image used for V2 model lineage","Keep"
"sciobraille-model-lab\datasets\master_v2\images\train\scio_v2_41cf8bd00e25819c.jpg","Master V2 dataset image","Canonical unique Braille training/validation/test image used for V2 model lineage","Keep"
"sciobraille-model-lab\datasets\master_v2\images\train\scio_v2_4247fbeaaa526482.jpg","Master V2 dataset image","Canonical unique Braille training/validation/test image used for V2 model lineage","Keep"
"sciobraille-model-lab\datasets\master_v2\images\train\scio_v2_424c70762c1fd65a.jpg","Master V2 dataset image","Canonical unique Braille training/validation/test image used for V2 model lineage","Keep"
"sciobraille-model-lab\datasets\master_v2\images\train\scio_v2_42cd55326b3eb22c.jpg","Master V2 dataset image","Canonical unique Braille training/validation/test image used for V2 model lineage","Keep"
"sciobraille-model-lab\datasets\master_v2\images\train\scio_v2_43512bfc9303bbfd.jpg","Master V2 dataset image","Canonical unique Braille training/validation/test image used for V2 model lineage","Keep"
"sciobraille-model-lab\datasets\master_v2\images\train\scio_v2_436e21740b14d0d3.jpg","Master V2 dataset image","Canonical unique Braille training/validation/test image used for V2 model lineage","Keep"
"sciobraille-model-lab\datasets\master_v2\images\train\scio_v2_437f103794d36579.jpg","Master V2 dataset image","Canonical unique Braille training/validation/test image used for V2 model lineage","Keep"
"sciobraille-model-lab\datasets\master_v2\images\train\scio_v2_43cd5b50fcd0517d.jpg","Master V2 dataset image","Canonical unique Braille training/validation/test image used for V2 model lineage","Keep"
"sciobraille-model-lab\datasets\master_v2\images\train\scio_v2_43e17ce8bbd61d22.jpg","Master V2 dataset image","Canonical unique Braille training/validation/test image used for V2 model lineage","Keep"
"sciobraille-model-lab\datasets\master_v2\images\train\scio_v2_43f7be998fb5edc4.jpg","Master V2 dataset image","Canonical unique Braille training/validation/test image used for V2 model lineage","Keep"
"sciobraille-model-lab\datasets\master_v2\images\train\scio_v2_4403e382b8dab887.jpg","Master V2 dataset image","Canonical unique Braille training/validation/test image used for V2 model lineage","Keep"
"sciobraille-model-lab\datasets\master_v2\images\train\scio_v2_4429a9e564329887.jpg","Master V2 dataset image","Canonical unique Braille training/validation/test image used for V2 model lineage","Keep"
"sciobraille-model-lab\datasets\master_v2\images\train\scio_v2_44833ba6f34c89ed.jpg","Master V2 dataset image","Canonical unique Braille training/validation/test image used for V2 model lineage","Keep"
"sciobraille-model-lab\datasets\master_v2\images\train\scio_v2_449a6fc250968bef.jpg","Master V2 dataset image","Canonical unique Braille training/validation/test image used for V2 model lineage","Keep"
"sciobraille-model-lab\datasets\master_v2\images\train\scio_v2_449fd9fcd361ba1f.jpg","Master V2 dataset image","Canonical unique Braille training/validation/test image used for V2 model lineage","Keep"
"sciobraille-model-lab\datasets\master_v2\images\train\scio_v2_44f6c14f89e41975.jpg","Master V2 dataset image","Canonical unique Braille training/validation/test image used for V2 model lineage","Keep"
"sciobraille-model-lab\datasets\master_v2\images\train\scio_v2_4543016d1ff7efb6.jpg","Master V2 dataset image","Canonical unique Braille training/validation/test image used for V2 model lineage","Keep"
"sciobraille-model-lab\datasets\master_v2\images\train\scio_v2_454b4f0e0544c45c.jpg","Master V2 dataset image","Canonical unique Braille training/validation/test image used for V2 model lineage","Keep"
"sciobraille-model-lab\datasets\master_v2\images\train\scio_v2_4552c078b3bea52c.jpg","Master V2 dataset image","Canonical unique Braille training/validation/test image used for V2 model lineage","Keep"
"sciobraille-model-lab\datasets\master_v2\images\train\scio_v2_4569c6a8213b2f69.jpg","Master V2 dataset image","Canonical unique Braille training/validation/test image used for V2 model lineage","Keep"
"sciobraille-model-lab\datasets\master_v2\images\train\scio_v2_45b6d4d2c03d3102.jpg","Master V2 dataset image","Canonical unique Braille training/validation/test image used for V2 model lineage","Keep"
"sciobraille-model-lab\datasets\master_v2\images\train\scio_v2_45c366c517a0dcb3.jpg","Master V2 dataset image","Canonical unique Braille training/validation/test image used for V2 model lineage","Keep"
"sciobraille-model-lab\datasets\master_v2\images\train\scio_v2_45ebd4d697e008f6.jpg","Master V2 dataset image","Canonical unique Braille training/validation/test image used for V2 model lineage","Keep"
"sciobraille-model-lab\datasets\master_v2\images\train\scio_v2_45eccf3f2c12f494.jpg","Master V2 dataset image","Canonical unique Braille training/validation/test image used for V2 model lineage","Keep"
"sciobraille-model-lab\datasets\master_v2\images\train\scio_v2_4624ed493784c3ae.jpg","Master V2 dataset image","Canonical unique Braille training/validation/test image used for V2 model lineage","Keep"
"sciobraille-model-lab\datasets\master_v2\images\train\scio_v2_46268de5320bd783.jpg","Master V2 dataset image","Canonical unique Braille training/validation/test image used for V2 model lineage","Keep"
"sciobraille-model-lab\datasets\master_v2\images\train\scio_v2_4645f31c8ad38b29.jpg","Master V2 dataset image","Canonical unique Braille training/validation/test image used for V2 model lineage","Keep"
"sciobraille-model-lab\datasets\master_v2\images\train\scio_v2_46b7d38512779e33.jpg","Master V2 dataset image","Canonical unique Braille training/validation/test image used for V2 model lineage","Keep"
"sciobraille-model-lab\datasets\master_v2\images\train\scio_v2_46e952c49a30eb8c.jpg","Master V2 dataset image","Canonical unique Braille training/validation/test image used for V2 model lineage","Keep"
"sciobraille-model-lab\datasets\master_v2\images\train\scio_v2_471c134dba8238d4.jpg","Master V2 dataset image","Canonical unique Braille training/validation/test image used for V2 model lineage","Keep"
"sciobraille-model-lab\datasets\master_v2\images\train\scio_v2_4730c52031c8c1c7.jpg","Master V2 dataset image","Canonical unique Braille training/validation/test image used for V2 model lineage","Keep"
"sciobraille-model-lab\datasets\master_v2\images\train\scio_v2_479f2dd3fa8f9500.jpg","Master V2 dataset image","Canonical unique Braille training/validation/test image used for V2 model lineage","Keep"
"sciobraille-model-lab\datasets\master_v2\images\train\scio_v2_47dd73f11ed4f06d.jpg","Master V2 dataset image","Canonical unique Braille training/validation/test image used for V2 model lineage","Keep"
"sciobraille-model-lab\datasets\master_v2\images\train\scio_v2_48265bf7a40584a8.jpg","Master V2 dataset image","Canonical unique Braille training/validation/test image used for V2 model lineage","Keep"
"sciobraille-model-lab\datasets\master_v2\images\train\scio_v2_483a7c07a19195d9.jpg","Master V2 dataset image","Canonical unique Braille training/validation/test image used for V2 model lineage","Keep"
"sciobraille-model-lab\datasets\master_v2\images\train\scio_v2_485e508b5a1970a0.jpg","Master V2 dataset image","Canonical unique Braille training/validation/test image used for V2 model lineage","Keep"
"sciobraille-model-lab\datasets\master_v2\images\train\scio_v2_486b6f3d9b44c6e9.jpg","Master V2 dataset image","Canonical unique Braille training/validation/test image used for V2 model lineage","Keep"
"sciobraille-model-lab\datasets\master_v2\images\train\scio_v2_4872a4fff4e8ebe3.jpg","Master V2 dataset image","Canonical unique Braille training/validation/test image used for V2 model lineage","Keep"
"sciobraille-model-lab\datasets\master_v2\images\train\scio_v2_488f69f0a59e6430.jpg","Master V2 dataset image","Canonical unique Braille training/validation/test image used for V2 model lineage","Keep"
"sciobraille-model-lab\datasets\master_v2\images\train\scio_v2_48a24f94599af00a.jpg","Master V2 dataset image","Canonical unique Braille training/validation/test image used for V2 model lineage","Keep"
"sciobraille-model-lab\datasets\master_v2\images\train\scio_v2_48c130297af2b814.jpg","Master V2 dataset image","Canonical unique Braille training/validation/test image used for V2 model lineage","Keep"
"sciobraille-model-lab\datasets\master_v2\images\train\scio_v2_48cc527d6ba02159.jpg","Master V2 dataset image","Canonical unique Braille training/validation/test image used for V2 model lineage","Keep"
"sciobraille-model-lab\datasets\master_v2\images\train\scio_v2_494f75e1fa158a70.jpg","Master V2 dataset image","Canonical unique Braille training/validation/test image used for V2 model lineage","Keep"
"sciobraille-model-lab\datasets\master_v2\images\train\scio_v2_49739ac750c823b7.jpg","Master V2 dataset image","Canonical unique Braille training/validation/test image used for V2 model lineage","Keep"
"sciobraille-model-lab\datasets\master_v2\images\train\scio_v2_499956309f79542a.jpg","Master V2 dataset image","Canonical unique Braille training/validation/test image used for V2 model lineage","Keep"
"sciobraille-model-lab\datasets\master_v2\images\train\scio_v2_499e404c5534be4e.jpg","Master V2 dataset image","Canonical unique Braille training/validation/test image used for V2 model lineage","Keep"
"sciobraille-model-lab\datasets\master_v2\images\train\scio_v2_49c85ac00d146adf.jpg","Master V2 dataset image","Canonical unique Braille training/validation/test image used for V2 model lineage","Keep"
"sciobraille-model-lab\datasets\master_v2\images\train\scio_v2_4a38f5da6b78a11a.jpg","Master V2 dataset image","Canonical unique Braille training/validation/test image used for V2 model lineage","Keep"
"sciobraille-model-lab\datasets\master_v2\images\train\scio_v2_4a8bc84dd704833e.jpg","Master V2 dataset image","Canonical unique Braille training/validation/test image used for V2 model lineage","Keep"
"sciobraille-model-lab\datasets\master_v2\images\train\scio_v2_4aa071cf9d31b5d6.jpg","Master V2 dataset image","Canonical unique Braille training/validation/test image used for V2 model lineage","Keep"
"sciobraille-model-lab\datasets\master_v2\images\train\scio_v2_4abcafed82634cc9.jpg","Master V2 dataset image","Canonical unique Braille training/validation/test image used for V2 model lineage","Keep"
"sciobraille-model-lab\datasets\master_v2\images\train\scio_v2_4ad83f51e17cc0e6.jpg","Master V2 dataset image","Canonical unique Braille training/validation/test image used for V2 model lineage","Keep"
"sciobraille-model-lab\datasets\master_v2\images\train\scio_v2_4af1ccbf38bd1958.jpg","Master V2 dataset image","Canonical unique Braille training/validation/test image used for V2 model lineage","Keep"
"sciobraille-model-lab\datasets\master_v2\images\train\scio_v2_4b29635b5e4dd006.jpg","Master V2 dataset image","Canonical unique Braille training/validation/test image used for V2 model lineage","Keep"
"sciobraille-model-lab\datasets\master_v2\images\train\scio_v2_4b2fab48bf3c682b.jpg","Master V2 dataset image","Canonical unique Braille training/validation/test image used for V2 model lineage","Keep"
"sciobraille-model-lab\datasets\master_v2\images\train\scio_v2_4b5dce06c419b1c9.jpg","Master V2 dataset image","Canonical unique Braille training/validation/test image used for V2 model lineage","Keep"
"sciobraille-model-lab\datasets\master_v2\images\train\scio_v2_4ba77281f006d2c8.jpg","Master V2 dataset image","Canonical unique Braille training/validation/test image used for V2 model lineage","Keep"
"sciobraille-model-lab\datasets\master_v2\images\train\scio_v2_4be9acdbaaf60f30.jpg","Master V2 dataset image","Canonical unique Braille training/validation/test image used for V2 model lineage","Keep"
"sciobraille-model-lab\datasets\master_v2\images\train\scio_v2_4c730d913a3e8dbf.jpg","Master V2 dataset image","Canonical unique Braille training/validation/test image used for V2 model lineage","Keep"
"sciobraille-model-lab\datasets\master_v2\images\train\scio_v2_4c8d3f3f757c4064.jpg","Master V2 dataset image","Canonical unique Braille training/validation/test image used for V2 model lineage","Keep"
"sciobraille-model-lab\datasets\master_v2\images\train\scio_v2_4ced225e974ea03c.jpg","Master V2 dataset image","Canonical unique Braille training/validation/test image used for V2 model lineage","Keep"
"sciobraille-model-lab\datasets\master_v2\images\train\scio_v2_4d1fa4a094a23ade.jpg","Master V2 dataset image","Canonical unique Braille training/validation/test image used for V2 model lineage","Keep"
"sciobraille-model-lab\datasets\master_v2\images\train\scio_v2_4da7325d9af76723.jpg","Master V2 dataset image","Canonical unique Braille training/validation/test image used for V2 model lineage","Keep"
"sciobraille-model-lab\datasets\master_v2\images\train\scio_v2_4dc6474f99dcbeda.jpg","Master V2 dataset image","Canonical unique Braille training/validation/test image used for V2 model lineage","Keep"
"sciobraille-model-lab\datasets\master_v2\images\train\scio_v2_4dee4b8d66ba79ea.jpg","Master V2 dataset image","Canonical unique Braille training/validation/test image used for V2 model lineage","Keep"
"sciobraille-model-lab\datasets\master_v2\images\train\scio_v2_4e53f3081ad980ff.jpg","Master V2 dataset image","Canonical unique Braille training/validation/test image used for V2 model lineage","Keep"
"sciobraille-model-lab\datasets\master_v2\images\train\scio_v2_4e5b4359b7b87870.jpg","Master V2 dataset image","Canonical unique Braille training/validation/test image used for V2 model lineage","Keep"
"sciobraille-model-lab\datasets\master_v2\images\train\scio_v2_4e6b85565e6eb77e.jpg","Master V2 dataset image","Canonical unique Braille training/validation/test image used for V2 model lineage","Keep"
"sciobraille-model-lab\datasets\master_v2\images\train\scio_v2_4ecfceb0e156d998.jpg","Master V2 dataset image","Canonical unique Braille training/validation/test image used for V2 model lineage","Keep"
"sciobraille-model-lab\datasets\master_v2\images\train\scio_v2_4f0b023b09ade4aa.jpg","Master V2 dataset image","Canonical unique Braille training/validation/test image used for V2 model lineage","Keep"
"sciobraille-model-lab\datasets\master_v2\images\train\scio_v2_4f42b7d5180a78d2.jpg","Master V2 dataset image","Canonical unique Braille training/validation/test image used for V2 model lineage","Keep"
"sciobraille-model-lab\datasets\master_v2\images\train\scio_v2_4f46c873f4323fa1.jpg","Master V2 dataset image","Canonical unique Braille training/validation/test image used for V2 model lineage","Keep"
"sciobraille-model-lab\datasets\master_v2\images\train\scio_v2_4f7900a5300badbb.jpg","Master V2 dataset image","Canonical unique Braille training/validation/test image used for V2 model lineage","Keep"
"sciobraille-model-lab\datasets\master_v2\images\train\scio_v2_4f85ac6253896988.jpg","Master V2 dataset image","Canonical unique Braille training/validation/test image used for V2 model lineage","Keep"
"sciobraille-model-lab\datasets\master_v2\images\train\scio_v2_4fc8dc91bfa3068d.jpg","Master V2 dataset image","Canonical unique Braille training/validation/test image used for V2 model lineage","Keep"
"sciobraille-model-lab\datasets\master_v2\images\train\scio_v2_4fed0d7b329e03f9.jpg","Master V2 dataset image","Canonical unique Braille training/validation/test image used for V2 model lineage","Keep"
"sciobraille-model-lab\datasets\master_v2\images\train\scio_v2_4ff221efa566d835.jpg","Master V2 dataset image","Canonical unique Braille training/validation/test image used for V2 model lineage","Keep"
"sciobraille-model-lab\datasets\master_v2\images\train\scio_v2_504b1d91e62aae42.jpg","Master V2 dataset image","Canonical unique Braille training/validation/test image used for V2 model lineage","Keep"
"sciobraille-model-lab\datasets\master_v2\images\train\scio_v2_5067f0eff17ecddc.jpg","Master V2 dataset image","Canonical unique Braille training/validation/test image used for V2 model lineage","Keep"
"sciobraille-model-lab\datasets\master_v2\images\train\scio_v2_506ae79ca3bbd4e4.jpg","Master V2 dataset image","Canonical unique Braille training/validation/test image used for V2 model lineage","Keep"
"sciobraille-model-lab\datasets\master_v2\images\train\scio_v2_50711c523fa2443a.jpg","Master V2 dataset image","Canonical unique Braille training/validation/test image used for V2 model lineage","Keep"
"sciobraille-model-lab\datasets\master_v2\images\train\scio_v2_507f46575491dc92.jpg","Master V2 dataset image","Canonical unique Braille training/validation/test image used for V2 model lineage","Keep"
"sciobraille-model-lab\datasets\master_v2\images\train\scio_v2_50d3d3c3f132bc39.jpg","Master V2 dataset image","Canonical unique Braille training/validation/test image used for V2 model lineage","Keep"
"sciobraille-model-lab\datasets\master_v2\images\train\scio_v2_51287902f312b375.jpg","Master V2 dataset image","Canonical unique Braille training/validation/test image used for V2 model lineage","Keep"
"sciobraille-model-lab\datasets\master_v2\images\train\scio_v2_5162bf81dbd1b19c.jpg","Master V2 dataset image","Canonical unique Braille training/validation/test image used for V2 model lineage","Keep"
"sciobraille-model-lab\datasets\master_v2\images\train\scio_v2_51a46e420664bac3.jpg","Master V2 dataset image","Canonical unique Braille training/validation/test image used for V2 model lineage","Keep"
"sciobraille-model-lab\datasets\master_v2\images\train\scio_v2_51c1b1720e352835.jpg","Master V2 dataset image","Canonical unique Braille training/validation/test image used for V2 model lineage","Keep"
"sciobraille-model-lab\datasets\master_v2\images\train\scio_v2_51c60cf1185d4772.jpg","Master V2 dataset image","Canonical unique Braille training/validation/test image used for V2 model lineage","Keep"
"sciobraille-model-lab\datasets\master_v2\images\train\scio_v2_51fa6bca5730cf1b.jpg","Master V2 dataset image","Canonical unique Braille training/validation/test image used for V2 model lineage","Keep"
"sciobraille-model-lab\datasets\master_v2\images\train\scio_v2_5216e5f0ca979984.jpg","Master V2 dataset image","Canonical unique Braille training/validation/test image used for V2 model lineage","Keep"
"sciobraille-model-lab\datasets\master_v2\images\train\scio_v2_523293b83ded4836.jpg","Master V2 dataset image","Canonical unique Braille training/validation/test image used for V2 model lineage","Keep"
"sciobraille-model-lab\datasets\master_v2\images\train\scio_v2_5232f9040130c86b.jpg","Master V2 dataset image","Canonical unique Braille training/validation/test image used for V2 model lineage","Keep"
"sciobraille-model-lab\datasets\master_v2\images\train\scio_v2_52565d70c408f2ab.jpg","Master V2 dataset image","Canonical unique Braille training/validation/test image used for V2 model lineage","Keep"
"sciobraille-model-lab\datasets\master_v2\images\train\scio_v2_5273a746c22e7a31.jpg","Master V2 dataset image","Canonical unique Braille training/validation/test image used for V2 model lineage","Keep"
"sciobraille-model-lab\datasets\master_v2\images\train\scio_v2_529652a6694e9f4c.jpg","Master V2 dataset image","Canonical unique Braille training/validation/test image used for V2 model lineage","Keep"
"sciobraille-model-lab\datasets\master_v2\images\train\scio_v2_52b8c6178fb7c3f6.jpg","Master V2 dataset image","Canonical unique Braille training/validation/test image used for V2 model lineage","Keep"
"sciobraille-model-lab\datasets\master_v2\images\train\scio_v2_52da8701604f9c3a.jpg","Master V2 dataset image","Canonical unique Braille training/validation/test image used for V2 model lineage","Keep"
"sciobraille-model-lab\datasets\master_v2\images\train\scio_v2_52e6e4b80ee24b14.jpg","Master V2 dataset image","Canonical unique Braille training/validation/test image used for V2 model lineage","Keep"
"sciobraille-model-lab\datasets\master_v2\images\train\scio_v2_53257bc5a5aaa101.jpg","Master V2 dataset image","Canonical unique Braille training/validation/test image used for V2 model lineage","Keep"
"sciobraille-model-lab\datasets\master_v2\images\train\scio_v2_532e789f8041ae70.jpg","Master V2 dataset image","Canonical unique Braille training/validation/test image used for V2 model lineage","Keep"
"sciobraille-model-lab\datasets\master_v2\images\train\scio_v2_5338312d22686e68.jpg","Master V2 dataset image","Canonical unique Braille training/validation/test image used for V2 model lineage","Keep"
"sciobraille-model-lab\datasets\master_v2\images\train\scio_v2_53514c0f72633784.jpg","Master V2 dataset image","Canonical unique Braille training/validation/test image used for V2 model lineage","Keep"
"sciobraille-model-lab\datasets\master_v2\images\train\scio_v2_5357389fb9417d05.jpg","Master V2 dataset image","Canonical unique Braille training/validation/test image used for V2 model lineage","Keep"
"sciobraille-model-lab\datasets\master_v2\images\train\scio_v2_537e496a67765d6f.jpg","Master V2 dataset image","Canonical unique Braille training/validation/test image used for V2 model lineage","Keep"
"sciobraille-model-lab\datasets\master_v2\images\train\scio_v2_537eda60180b7a52.jpg","Master V2 dataset image","Canonical unique Braille training/validation/test image used for V2 model lineage","Keep"
"sciobraille-model-lab\datasets\master_v2\images\train\scio_v2_537f5096f482c79f.jpg","Master V2 dataset image","Canonical unique Braille training/validation/test image used for V2 model lineage","Keep"
"sciobraille-model-lab\datasets\master_v2\images\train\scio_v2_53820ea684843b44.jpg","Master V2 dataset image","Canonical unique Braille training/validation/test image used for V2 model lineage","Keep"
"sciobraille-model-lab\datasets\master_v2\images\train\scio_v2_53864be19e4c93c1.jpg","Master V2 dataset image","Canonical unique Braille training/validation/test image used for V2 model lineage","Keep"
"sciobraille-model-lab\datasets\master_v2\images\train\scio_v2_53ca406045ef2e2c.jpg","Master V2 dataset image","Canonical unique Braille training/validation/test image used for V2 model lineage","Keep"
"sciobraille-model-lab\datasets\master_v2\images\train\scio_v2_540bdbc4c227fd03.jpg","Master V2 dataset image","Canonical unique Braille training/validation/test image used for V2 model lineage","Keep"
"sciobraille-model-lab\datasets\master_v2\images\train\scio_v2_54208a254adfdfc6.jpg","Master V2 dataset image","Canonical unique Braille training/validation/test image used for V2 model lineage","Keep"
"sciobraille-model-lab\datasets\master_v2\images\train\scio_v2_54557207421372ba.jpg","Master V2 dataset image","Canonical unique Braille training/validation/test image used for V2 model lineage","Keep"
"sciobraille-model-lab\datasets\master_v2\images\train\scio_v2_551a977de3ffd908.jpg","Master V2 dataset image","Canonical unique Braille training/validation/test image used for V2 model lineage","Keep"
"sciobraille-model-lab\datasets\master_v2\images\train\scio_v2_55267bbdb42e0298.jpg","Master V2 dataset image","Canonical unique Braille training/validation/test image used for V2 model lineage","Keep"
"sciobraille-model-lab\datasets\master_v2\images\train\scio_v2_55293b986a43b8b1.jpg","Master V2 dataset image","Canonical unique Braille training/validation/test image used for V2 model lineage","Keep"
"sciobraille-model-lab\datasets\master_v2\images\train\scio_v2_5550fdb3ac781a0e.jpg","Master V2 dataset image","Canonical unique Braille training/validation/test image used for V2 model lineage","Keep"
"sciobraille-model-lab\datasets\master_v2\images\train\scio_v2_55d71b928fee451c.jpg","Master V2 dataset image","Canonical unique Braille training/validation/test image used for V2 model lineage","Keep"
"sciobraille-model-lab\datasets\master_v2\images\train\scio_v2_5679be43c38f8104.jpg","Master V2 dataset image","Canonical unique Braille training/validation/test image used for V2 model lineage","Keep"
"sciobraille-model-lab\datasets\master_v2\images\train\scio_v2_5689cc447768740d.jpg","Master V2 dataset image","Canonical unique Braille training/validation/test image used for V2 model lineage","Keep"
"sciobraille-model-lab\datasets\master_v2\images\train\scio_v2_56ae0ccf4c8667b9.jpg","Master V2 dataset image","Canonical unique Braille training/validation/test image used for V2 model lineage","Keep"
"sciobraille-model-lab\datasets\master_v2\images\train\scio_v2_56d3968ce82706c4.jpg","Master V2 dataset image","Canonical unique Braille training/validation/test image used for V2 model lineage","Keep"
"sciobraille-model-lab\datasets\master_v2\images\train\scio_v2_57260f71887cfad1.jpg","Master V2 dataset image","Canonical unique Braille training/validation/test image used for V2 model lineage","Keep"
"sciobraille-model-lab\datasets\master_v2\images\train\scio_v2_5790c23a6a8a1102.jpg","Master V2 dataset image","Canonical unique Braille training/validation/test image used for V2 model lineage","Keep"
"sciobraille-model-lab\datasets\master_v2\images\train\scio_v2_57cf0156078c656b.jpg","Master V2 dataset image","Canonical unique Braille training/validation/test image used for V2 model lineage","Keep"
"sciobraille-model-lab\datasets\master_v2\images\train\scio_v2_57d12cfe2cbadf15.jpg","Master V2 dataset image","Canonical unique Braille training/validation/test image used for V2 model lineage","Keep"
"sciobraille-model-lab\datasets\master_v2\images\train\scio_v2_581059b5b76b10e7.jpg","Master V2 dataset image","Canonical unique Braille training/validation/test image used for V2 model lineage","Keep"
"sciobraille-model-lab\datasets\master_v2\images\train\scio_v2_58217a96434a51a8.jpg","Master V2 dataset image","Canonical unique Braille training/validation/test image used for V2 model lineage","Keep"
"sciobraille-model-lab\datasets\master_v2\images\train\scio_v2_583500cf79ea22bc.jpg","Master V2 dataset image","Canonical unique Braille training/validation/test image used for V2 model lineage","Keep"
"sciobraille-model-lab\datasets\master_v2\images\train\scio_v2_58aa218d0cb26b68.jpg","Master V2 dataset image","Canonical unique Braille training/validation/test image used for V2 model lineage","Keep"
"sciobraille-model-lab\datasets\master_v2\images\train\scio_v2_58f8eccf6b6ca314.jpg","Master V2 dataset image","Canonical unique Braille training/validation/test image used for V2 model lineage","Keep"
"sciobraille-model-lab\datasets\master_v2\images\train\scio_v2_59217c00e915dae5.jpg","Master V2 dataset image","Canonical unique Braille training/validation/test image used for V2 model lineage","Keep"
"sciobraille-model-lab\datasets\master_v2\images\train\scio_v2_59843e79c802eb2a.jpg","Master V2 dataset image","Canonical unique Braille training/validation/test image used for V2 model lineage","Keep"
"sciobraille-model-lab\datasets\master_v2\images\train\scio_v2_59bd9f50c21f8cd7.jpg","Master V2 dataset image","Canonical unique Braille training/validation/test image used for V2 model lineage","Keep"
"sciobraille-model-lab\datasets\master_v2\images\train\scio_v2_59c4632829c99073.jpg","Master V2 dataset image","Canonical unique Braille training/validation/test image used for V2 model lineage","Keep"
"sciobraille-model-lab\datasets\master_v2\images\train\scio_v2_59e2bc4aa05fc4ce.jpg","Master V2 dataset image","Canonical unique Braille training/validation/test image used for V2 model lineage","Keep"
"sciobraille-model-lab\datasets\master_v2\images\train\scio_v2_5a2522a5c236928c.jpg","Master V2 dataset image","Canonical unique Braille training/validation/test image used for V2 model lineage","Keep"
"sciobraille-model-lab\datasets\master_v2\images\train\scio_v2_5a53792991a0cb2e.jpg","Master V2 dataset image","Canonical unique Braille training/validation/test image used for V2 model lineage","Keep"
"sciobraille-model-lab\datasets\master_v2\images\train\scio_v2_5ad513c7a84673cd.jpg","Master V2 dataset image","Canonical unique Braille training/validation/test image used for V2 model lineage","Keep"
"sciobraille-model-lab\datasets\master_v2\images\train\scio_v2_5aea431e977ee446.jpg","Master V2 dataset image","Canonical unique Braille training/validation/test image used for V2 model lineage","Keep"
"sciobraille-model-lab\datasets\master_v2\images\train\scio_v2_5b303c02f433b48f.jpg","Master V2 dataset image","Canonical unique Braille training/validation/test image used for V2 model lineage","Keep"
"sciobraille-model-lab\datasets\master_v2\images\train\scio_v2_5b83f821008b58ad.jpg","Master V2 dataset image","Canonical unique Braille training/validation/test image used for V2 model lineage","Keep"
"sciobraille-model-lab\datasets\master_v2\images\train\scio_v2_5b8595fa72f387d3.jpg","Master V2 dataset image","Canonical unique Braille training/validation/test image used for V2 model lineage","Keep"
"sciobraille-model-lab\datasets\master_v2\images\train\scio_v2_5ba75d3dca2e7a00.jpg","Master V2 dataset image","Canonical unique Braille training/validation/test image used for V2 model lineage","Keep"
"sciobraille-model-lab\datasets\master_v2\images\train\scio_v2_5c8314d34a64c33a.jpg","Master V2 dataset image","Canonical unique Braille training/validation/test image used for V2 model lineage","Keep"
"sciobraille-model-lab\datasets\master_v2\images\train\scio_v2_5cecd0552b2c2dba.jpg","Master V2 dataset image","Canonical unique Braille training/validation/test image used for V2 model lineage","Keep"
"sciobraille-model-lab\datasets\master_v2\images\train\scio_v2_5ceef6d251cbdee1.jpg","Master V2 dataset image","Canonical unique Braille training/validation/test image used for V2 model lineage","Keep"
"sciobraille-model-lab\datasets\master_v2\images\train\scio_v2_5d693ed7c7277932.jpg","Master V2 dataset image","Canonical unique Braille training/validation/test image used for V2 model lineage","Keep"
"sciobraille-model-lab\datasets\master_v2\images\train\scio_v2_5db0c1e01afeecc3.jpg","Master V2 dataset image","Canonical unique Braille training/validation/test image used for V2 model lineage","Keep"
"sciobraille-model-lab\datasets\master_v2\images\train\scio_v2_5de50b83543398a8.jpg","Master V2 dataset image","Canonical unique Braille training/validation/test image used for V2 model lineage","Keep"
"sciobraille-model-lab\datasets\master_v2\images\train\scio_v2_5e16e33f8f64e2b3.jpg","Master V2 dataset image","Canonical unique Braille training/validation/test image used for V2 model lineage","Keep"
"sciobraille-model-lab\datasets\master_v2\images\train\scio_v2_5e4674dc22ebb5cb.jpg","Master V2 dataset image","Canonical unique Braille training/validation/test image used for V2 model lineage","Keep"
"sciobraille-model-lab\datasets\master_v2\images\train\scio_v2_5e886ae0327538b5.jpg","Master V2 dataset image","Canonical unique Braille training/validation/test image used for V2 model lineage","Keep"
"sciobraille-model-lab\datasets\master_v2\images\train\scio_v2_5e8b948efd5c1c32.jpg","Master V2 dataset image","Canonical unique Braille training/validation/test image used for V2 model lineage","Keep"
"sciobraille-model-lab\datasets\master_v2\images\train\scio_v2_5efb97f5fa1c8ad8.jpg","Master V2 dataset image","Canonical unique Braille training/validation/test image used for V2 model lineage","Keep"
"sciobraille-model-lab\datasets\master_v2\images\train\scio_v2_5f46f31619d55cde.jpg","Master V2 dataset image","Canonical unique Braille training/validation/test image used for V2 model lineage","Keep"
"sciobraille-model-lab\datasets\master_v2\images\train\scio_v2_5fc74b844eef3ec5.jpg","Master V2 dataset image","Canonical unique Braille training/validation/test image used for V2 model lineage","Keep"
"sciobraille-model-lab\datasets\master_v2\images\train\scio_v2_5fd4cbf9c4da8ede.jpg","Master V2 dataset image","Canonical unique Braille training/validation/test image used for V2 model lineage","Keep"
"sciobraille-model-lab\datasets\master_v2\images\train\scio_v2_5fdd072812a93f97.jpg","Master V2 dataset image","Canonical unique Braille training/validation/test image used for V2 model lineage","Keep"
"sciobraille-model-lab\datasets\master_v2\images\train\scio_v2_601bf484a864ab45.jpg","Master V2 dataset image","Canonical unique Braille training/validation/test image used for V2 model lineage","Keep"
"sciobraille-model-lab\datasets\master_v2\images\train\scio_v2_6038bf15cdb2938e.jpg","Master V2 dataset image","Canonical unique Braille training/validation/test image used for V2 model lineage","Keep"
"sciobraille-model-lab\datasets\master_v2\images\train\scio_v2_603ee72ec324162b.jpg","Master V2 dataset image","Canonical unique Braille training/validation/test image used for V2 model lineage","Keep"
"sciobraille-model-lab\datasets\master_v2\images\train\scio_v2_604e604294602611.jpg","Master V2 dataset image","Canonical unique Braille training/validation/test image used for V2 model lineage","Keep"
"sciobraille-model-lab\datasets\master_v2\images\train\scio_v2_6085748cd767e115.jpg","Master V2 dataset image","Canonical unique Braille training/validation/test image used for V2 model lineage","Keep"
"sciobraille-model-lab\datasets\master_v2\images\train\scio_v2_610b3aff41306e7a.jpg","Master V2 dataset image","Canonical unique Braille training/validation/test image used for V2 model lineage","Keep"
"sciobraille-model-lab\datasets\master_v2\images\train\scio_v2_619fc08e1c155e14.jpg","Master V2 dataset image","Canonical unique Braille training/validation/test image used for V2 model lineage","Keep"
"sciobraille-model-lab\datasets\master_v2\images\train\scio_v2_61bbf85164e416ed.jpg","Master V2 dataset image","Canonical unique Braille training/validation/test image used for V2 model lineage","Keep"
"sciobraille-model-lab\datasets\master_v2\images\train\scio_v2_61f2088be15cb4f3.jpg","Master V2 dataset image","Canonical unique Braille training/validation/test image used for V2 model lineage","Keep"
"sciobraille-model-lab\datasets\master_v2\images\train\scio_v2_6211acf405eb957c.jpg","Master V2 dataset image","Canonical unique Braille training/validation/test image used for V2 model lineage","Keep"
"sciobraille-model-lab\datasets\master_v2\images\train\scio_v2_62e046d438b0f03e.jpg","Master V2 dataset image","Canonical unique Braille training/validation/test image used for V2 model lineage","Keep"
"sciobraille-model-lab\datasets\master_v2\images\train\scio_v2_634c33741d1f9457.jpg","Master V2 dataset image","Canonical unique Braille training/validation/test image used for V2 model lineage","Keep"
"sciobraille-model-lab\datasets\master_v2\images\train\scio_v2_63793c881e815a64.jpg","Master V2 dataset image","Canonical unique Braille training/validation/test image used for V2 model lineage","Keep"
"sciobraille-model-lab\datasets\master_v2\images\train\scio_v2_63e00e3c848a44e5.jpg","Master V2 dataset image","Canonical unique Braille training/validation/test image used for V2 model lineage","Keep"
"sciobraille-model-lab\datasets\master_v2\images\train\scio_v2_64008631ab52aec4.jpg","Master V2 dataset image","Canonical unique Braille training/validation/test image used for V2 model lineage","Keep"
"sciobraille-model-lab\datasets\master_v2\images\train\scio_v2_6421ebf13120e3a5.jpg","Master V2 dataset image","Canonical unique Braille training/validation/test image used for V2 model lineage","Keep"
"sciobraille-model-lab\datasets\master_v2\images\train\scio_v2_64241d58bdc0516e.jpg","Master V2 dataset image","Canonical unique Braille training/validation/test image used for V2 model lineage","Keep"
"sciobraille-model-lab\datasets\master_v2\images\train\scio_v2_64eeeb725e3d3f9e.jpg","Master V2 dataset image","Canonical unique Braille training/validation/test image used for V2 model lineage","Keep"
"sciobraille-model-lab\datasets\master_v2\images\train\scio_v2_6515507a9312d9c4.jpg","Master V2 dataset image","Canonical unique Braille training/validation/test image used for V2 model lineage","Keep"
"sciobraille-model-lab\datasets\master_v2\images\train\scio_v2_65788411351d9616.jpg","Master V2 dataset image","Canonical unique Braille training/validation/test image used for V2 model lineage","Keep"
"sciobraille-model-lab\datasets\master_v2\images\train\scio_v2_6584033dcb3f7337.jpg","Master V2 dataset image","Canonical unique Braille training/validation/test image used for V2 model lineage","Keep"
"sciobraille-model-lab\datasets\master_v2\images\train\scio_v2_658d7ae63fd08382.jpg","Master V2 dataset image","Canonical unique Braille training/validation/test image used for V2 model lineage","Keep"
"sciobraille-model-lab\datasets\master_v2\images\train\scio_v2_65ad22cae8023184.jpg","Master V2 dataset image","Canonical unique Braille training/validation/test image used for V2 model lineage","Keep"
"sciobraille-model-lab\datasets\master_v2\images\train\scio_v2_65e606e4f3c70819.jpg","Master V2 dataset image","Canonical unique Braille training/validation/test image used for V2 model lineage","Keep"
"sciobraille-model-lab\datasets\master_v2\images\train\scio_v2_660bfe7504c0fc10.jpg","Master V2 dataset image","Canonical unique Braille training/validation/test image used for V2 model lineage","Keep"
"sciobraille-model-lab\datasets\master_v2\images\train\scio_v2_661806552d5124bc.jpg","Master V2 dataset image","Canonical unique Braille training/validation/test image used for V2 model lineage","Keep"
"sciobraille-model-lab\datasets\master_v2\images\train\scio_v2_66492aa2cfb21548.jpg","Master V2 dataset image","Canonical unique Braille training/validation/test image used for V2 model lineage","Keep"
"sciobraille-model-lab\datasets\master_v2\images\train\scio_v2_6659e9c9c8ec5f96.jpg","Master V2 dataset image","Canonical unique Braille training/validation/test image used for V2 model lineage","Keep"
"sciobraille-model-lab\datasets\master_v2\images\train\scio_v2_665db86b1489195d.jpg","Master V2 dataset image","Canonical unique Braille training/validation/test image used for V2 model lineage","Keep"
"sciobraille-model-lab\datasets\master_v2\images\train\scio_v2_66e7f9f3bdef226f.jpg","Master V2 dataset image","Canonical unique Braille training/validation/test image used for V2 model lineage","Keep"
"sciobraille-model-lab\datasets\master_v2\images\train\scio_v2_6708797da01b8762.jpg","Master V2 dataset image","Canonical unique Braille training/validation/test image used for V2 model lineage","Keep"
"sciobraille-model-lab\datasets\master_v2\images\train\scio_v2_6730f718fc809ca9.jpg","Master V2 dataset image","Canonical unique Braille training/validation/test image used for V2 model lineage","Keep"
"sciobraille-model-lab\datasets\master_v2\images\train\scio_v2_6755f09972263683.jpg","Master V2 dataset image","Canonical unique Braille training/validation/test image used for V2 model lineage","Keep"
"sciobraille-model-lab\datasets\master_v2\images\train\scio_v2_675aedf24fb32e5c.jpg","Master V2 dataset image","Canonical unique Braille training/validation/test image used for V2 model lineage","Keep"
"sciobraille-model-lab\datasets\master_v2\images\train\scio_v2_676c1a9494edd45b.jpg","Master V2 dataset image","Canonical unique Braille training/validation/test image used for V2 model lineage","Keep"
"sciobraille-model-lab\datasets\master_v2\images\train\scio_v2_67bae0fe5b779314.jpg","Master V2 dataset image","Canonical unique Braille training/validation/test image used for V2 model lineage","Keep"
"sciobraille-model-lab\datasets\master_v2\images\train\scio_v2_67be6e7c10b14003.jpg","Master V2 dataset image","Canonical unique Braille training/validation/test image used for V2 model lineage","Keep"
"sciobraille-model-lab\datasets\master_v2\images\train\scio_v2_67ddbd200c7f519e.jpg","Master V2 dataset image","Canonical unique Braille training/validation/test image used for V2 model lineage","Keep"
"sciobraille-model-lab\datasets\master_v2\images\train\scio_v2_6813235401e96f60.jpg","Master V2 dataset image","Canonical unique Braille training/validation/test image used for V2 model lineage","Keep"
"sciobraille-model-lab\datasets\master_v2\images\train\scio_v2_681dccd48c072f3c.jpg","Master V2 dataset image","Canonical unique Braille training/validation/test image used for V2 model lineage","Keep"
"sciobraille-model-lab\datasets\master_v2\images\train\scio_v2_686d0c38d173c1d9.jpg","Master V2 dataset image","Canonical unique Braille training/validation/test image used for V2 model lineage","Keep"
"sciobraille-model-lab\datasets\master_v2\images\train\scio_v2_687db4118e552f72.jpg","Master V2 dataset image","Canonical unique Braille training/validation/test image used for V2 model lineage","Keep"
"sciobraille-model-lab\datasets\master_v2\images\train\scio_v2_68a7b8cca5881b1f.jpg","Master V2 dataset image","Canonical unique Braille training/validation/test image used for V2 model lineage","Keep"
"sciobraille-model-lab\datasets\master_v2\images\train\scio_v2_68b18295834eab76.jpg","Master V2 dataset image","Canonical unique Braille training/validation/test image used for V2 model lineage","Keep"
"sciobraille-model-lab\datasets\master_v2\images\train\scio_v2_69283e6a48b2d6b1.jpg","Master V2 dataset image","Canonical unique Braille training/validation/test image used for V2 model lineage","Keep"
"sciobraille-model-lab\datasets\master_v2\images\train\scio_v2_692cec9121b28e1a.jpg","Master V2 dataset image","Canonical unique Braille training/validation/test image used for V2 model lineage","Keep"
"sciobraille-model-lab\datasets\master_v2\images\train\scio_v2_6955b600540d0492.jpg","Master V2 dataset image","Canonical unique Braille training/validation/test image used for V2 model lineage","Keep"
"sciobraille-model-lab\datasets\master_v2\images\train\scio_v2_695e6fee0fa0f3e2.jpg","Master V2 dataset image","Canonical unique Braille training/validation/test image used for V2 model lineage","Keep"
"sciobraille-model-lab\datasets\master_v2\images\train\scio_v2_69df608c186d5960.jpg","Master V2 dataset image","Canonical unique Braille training/validation/test image used for V2 model lineage","Keep"
"sciobraille-model-lab\datasets\master_v2\images\train\scio_v2_69ec7b497527c1b1.jpg","Master V2 dataset image","Canonical unique Braille training/validation/test image used for V2 model lineage","Keep"
"sciobraille-model-lab\datasets\master_v2\images\train\scio_v2_69f16e706ecffaa4.jpg","Master V2 dataset image","Canonical unique Braille training/validation/test image used for V2 model lineage","Keep"
"sciobraille-model-lab\datasets\master_v2\images\train\scio_v2_6a1abe6fcb7eec1a.jpg","Master V2 dataset image","Canonical unique Braille training/validation/test image used for V2 model lineage","Keep"
"sciobraille-model-lab\datasets\master_v2\images\train\scio_v2_6a30fb974abb8e1f.jpg","Master V2 dataset image","Canonical unique Braille training/validation/test image used for V2 model lineage","Keep"
"sciobraille-model-lab\datasets\master_v2\images\train\scio_v2_6a39662afca501fb.jpg","Master V2 dataset image","Canonical unique Braille training/validation/test image used for V2 model lineage","Keep"
"sciobraille-model-lab\datasets\master_v2\images\train\scio_v2_6b570a062d244c3f.jpg","Master V2 dataset image","Canonical unique Braille training/validation/test image used for V2 model lineage","Keep"
"sciobraille-model-lab\datasets\master_v2\images\train\scio_v2_6b5fe7fdc74044c9.jpg","Master V2 dataset image","Canonical unique Braille training/validation/test image used for V2 model lineage","Keep"
"sciobraille-model-lab\datasets\master_v2\images\train\scio_v2_6b644d0c7c554119.jpg","Master V2 dataset image","Canonical unique Braille training/validation/test image used for V2 model lineage","Keep"
"sciobraille-model-lab\datasets\master_v2\images\train\scio_v2_6b73cbcc39b7c6ef.jpg","Master V2 dataset image","Canonical unique Braille training/validation/test image used for V2 model lineage","Keep"
"sciobraille-model-lab\datasets\master_v2\images\train\scio_v2_6b7e5747a29638d8.jpg","Master V2 dataset image","Canonical unique Braille training/validation/test image used for V2 model lineage","Keep"
"sciobraille-model-lab\datasets\master_v2\images\train\scio_v2_6ba51db152016ba4.jpg","Master V2 dataset image","Canonical unique Braille training/validation/test image used for V2 model lineage","Keep"
"sciobraille-model-lab\datasets\master_v2\images\train\scio_v2_6c17bb82e2aad620.jpg","Master V2 dataset image","Canonical unique Braille training/validation/test image used for V2 model lineage","Keep"
"sciobraille-model-lab\datasets\master_v2\images\train\scio_v2_6c1ca07eafe59d7a.jpg","Master V2 dataset image","Canonical unique Braille training/validation/test image used for V2 model lineage","Keep"
"sciobraille-model-lab\datasets\master_v2\images\train\scio_v2_6c1fdcb2fa813c6c.jpg","Master V2 dataset image","Canonical unique Braille training/validation/test image used for V2 model lineage","Keep"
"sciobraille-model-lab\datasets\master_v2\images\train\scio_v2_6c5fa0e7409126cd.jpg","Master V2 dataset image","Canonical unique Braille training/validation/test image used for V2 model lineage","Keep"
"sciobraille-model-lab\datasets\master_v2\images\train\scio_v2_6c977b42df1af5a1.jpg","Master V2 dataset image","Canonical unique Braille training/validation/test image used for V2 model lineage","Keep"
"sciobraille-model-lab\datasets\master_v2\images\train\scio_v2_6d1ab05d914c6d97.jpg","Master V2 dataset image","Canonical unique Braille training/validation/test image used for V2 model lineage","Keep"
"sciobraille-model-lab\datasets\master_v2\images\train\scio_v2_6d5dd85ddbe5faa6.jpg","Master V2 dataset image","Canonical unique Braille training/validation/test image used for V2 model lineage","Keep"
"sciobraille-model-lab\datasets\master_v2\images\train\scio_v2_6daf9cf5c0ab17e0.jpg","Master V2 dataset image","Canonical unique Braille training/validation/test image used for V2 model lineage","Keep"
"sciobraille-model-lab\datasets\master_v2\images\train\scio_v2_6dbec940ccddd208.jpg","Master V2 dataset image","Canonical unique Braille training/validation/test image used for V2 model lineage","Keep"
"sciobraille-model-lab\datasets\master_v2\images\train\scio_v2_6dd07cde26eefcab.jpg","Master V2 dataset image","Canonical unique Braille training/validation/test image used for V2 model lineage","Keep"
"sciobraille-model-lab\datasets\master_v2\images\train\scio_v2_6dd3b0e0ef3847e1.jpg","Master V2 dataset image","Canonical unique Braille training/validation/test image used for V2 model lineage","Keep"
"sciobraille-model-lab\datasets\master_v2\images\train\scio_v2_6df9defdafde1224.jpg","Master V2 dataset image","Canonical unique Braille training/validation/test image used for V2 model lineage","Keep"
"sciobraille-model-lab\datasets\master_v2\images\train\scio_v2_6e91c6d5b1e1c12d.jpg","Master V2 dataset image","Canonical unique Braille training/validation/test image used for V2 model lineage","Keep"
"sciobraille-model-lab\datasets\master_v2\images\train\scio_v2_6eaa91f6261ff0b8.jpg","Master V2 dataset image","Canonical unique Braille training/validation/test image used for V2 model lineage","Keep"
"sciobraille-model-lab\datasets\master_v2\images\train\scio_v2_6eb3bd16602e67a9.jpg","Master V2 dataset image","Canonical unique Braille training/validation/test image used for V2 model lineage","Keep"
"sciobraille-model-lab\datasets\master_v2\images\train\scio_v2_6f7c1164023ef65d.jpg","Master V2 dataset image","Canonical unique Braille training/validation/test image used for V2 model lineage","Keep"
"sciobraille-model-lab\datasets\master_v2\images\train\scio_v2_70769c4887f85fe0.jpg","Master V2 dataset image","Canonical unique Braille training/validation/test image used for V2 model lineage","Keep"
"sciobraille-model-lab\datasets\master_v2\images\train\scio_v2_70dbb55f8d88d3a9.jpg","Master V2 dataset image","Canonical unique Braille training/validation/test image used for V2 model lineage","Keep"
"sciobraille-model-lab\datasets\master_v2\images\train\scio_v2_70fa712565bbf624.jpg","Master V2 dataset image","Canonical unique Braille training/validation/test image used for V2 model lineage","Keep"
"sciobraille-model-lab\datasets\master_v2\images\train\scio_v2_7138d80de7dbffb6.jpg","Master V2 dataset image","Canonical unique Braille training/validation/test image used for V2 model lineage","Keep"
"sciobraille-model-lab\datasets\master_v2\images\train\scio_v2_71b5705f0ba85703.jpg","Master V2 dataset image","Canonical unique Braille training/validation/test image used for V2 model lineage","Keep"
"sciobraille-model-lab\datasets\master_v2\images\train\scio_v2_71c10f9106d0993c.jpg","Master V2 dataset image","Canonical unique Braille training/validation/test image used for V2 model lineage","Keep"
"sciobraille-model-lab\datasets\master_v2\images\train\scio_v2_71e9ed1f12fc8dfd.jpg","Master V2 dataset image","Canonical unique Braille training/validation/test image used for V2 model lineage","Keep"
"sciobraille-model-lab\datasets\master_v2\images\train\scio_v2_728a00a0af62fc4a.jpg","Master V2 dataset image","Canonical unique Braille training/validation/test image used for V2 model lineage","Keep"
"sciobraille-model-lab\datasets\master_v2\images\train\scio_v2_72c39c1626279c73.jpg","Master V2 dataset image","Canonical unique Braille training/validation/test image used for V2 model lineage","Keep"
"sciobraille-model-lab\datasets\master_v2\images\train\scio_v2_72dc11f24cf656cb.jpg","Master V2 dataset image","Canonical unique Braille training/validation/test image used for V2 model lineage","Keep"
"sciobraille-model-lab\datasets\master_v2\images\train\scio_v2_72e1818a060c8804.jpg","Master V2 dataset image","Canonical unique Braille training/validation/test image used for V2 model lineage","Keep"
"sciobraille-model-lab\datasets\master_v2\images\train\scio_v2_7373cc9d3d2be9a3.jpg","Master V2 dataset image","Canonical unique Braille training/validation/test image used for V2 model lineage","Keep"
"sciobraille-model-lab\datasets\master_v2\images\train\scio_v2_73eec380ed2f3421.jpg","Master V2 dataset image","Canonical unique Braille training/validation/test image used for V2 model lineage","Keep"
"sciobraille-model-lab\datasets\master_v2\images\train\scio_v2_73f17b023eafb8e2.jpg","Master V2 dataset image","Canonical unique Braille training/validation/test image used for V2 model lineage","Keep"
"sciobraille-model-lab\datasets\master_v2\images\train\scio_v2_7418d59e1ab8a6a4.jpg","Master V2 dataset image","Canonical unique Braille training/validation/test image used for V2 model lineage","Keep"
"sciobraille-model-lab\datasets\master_v2\images\train\scio_v2_741a9d9fac2db0f8.jpg","Master V2 dataset image","Canonical unique Braille training/validation/test image used for V2 model lineage","Keep"
"sciobraille-model-lab\datasets\master_v2\images\train\scio_v2_742f394c0b5a805d.jpg","Master V2 dataset image","Canonical unique Braille training/validation/test image used for V2 model lineage","Keep"
"sciobraille-model-lab\datasets\master_v2\images\train\scio_v2_7436d02e6eb3911d.jpg","Master V2 dataset image","Canonical unique Braille training/validation/test image used for V2 model lineage","Keep"
"sciobraille-model-lab\datasets\master_v2\images\train\scio_v2_74965b6cf392861d.jpg","Master V2 dataset image","Canonical unique Braille training/validation/test image used for V2 model lineage","Keep"
"sciobraille-model-lab\datasets\master_v2\images\train\scio_v2_74c1a0460b5480bd.jpg","Master V2 dataset image","Canonical unique Braille training/validation/test image used for V2 model lineage","Keep"
"sciobraille-model-lab\datasets\master_v2\images\train\scio_v2_7561d2f97b0d5516.jpg","Master V2 dataset image","Canonical unique Braille training/validation/test image used for V2 model lineage","Keep"
"sciobraille-model-lab\datasets\master_v2\images\train\scio_v2_75c80c315e1a2398.jpg","Master V2 dataset image","Canonical unique Braille training/validation/test image used for V2 model lineage","Keep"
"sciobraille-model-lab\datasets\master_v2\images\train\scio_v2_75fb7f10bf5c3d9e.jpg","Master V2 dataset image","Canonical unique Braille training/validation/test image used for V2 model lineage","Keep"
"sciobraille-model-lab\datasets\master_v2\images\train\scio_v2_75fbd8a369c16051.jpg","Master V2 dataset image","Canonical unique Braille training/validation/test image used for V2 model lineage","Keep"
"sciobraille-model-lab\datasets\master_v2\images\train\scio_v2_76525f213d94c7bf.jpg","Master V2 dataset image","Canonical unique Braille training/validation/test image used for V2 model lineage","Keep"
"sciobraille-model-lab\datasets\master_v2\images\train\scio_v2_766ff6bc0c37b383.jpg","Master V2 dataset image","Canonical unique Braille training/validation/test image used for V2 model lineage","Keep"
"sciobraille-model-lab\datasets\master_v2\images\train\scio_v2_7681bbcfa80f72fa.jpg","Master V2 dataset image","Canonical unique Braille training/validation/test image used for V2 model lineage","Keep"
"sciobraille-model-lab\datasets\master_v2\images\train\scio_v2_76867ab4dd7fec9e.jpg","Master V2 dataset image","Canonical unique Braille training/validation/test image used for V2 model lineage","Keep"
"sciobraille-model-lab\datasets\master_v2\images\train\scio_v2_768c482ab274665d.jpg","Master V2 dataset image","Canonical unique Braille training/validation/test image used for V2 model lineage","Keep"
"sciobraille-model-lab\datasets\master_v2\images\train\scio_v2_769105ad298aac89.jpg","Master V2 dataset image","Canonical unique Braille training/validation/test image used for V2 model lineage","Keep"
"sciobraille-model-lab\datasets\master_v2\images\train\scio_v2_7692e8d89f534bde.jpg","Master V2 dataset image","Canonical unique Braille training/validation/test image used for V2 model lineage","Keep"
"sciobraille-model-lab\datasets\master_v2\images\train\scio_v2_769354129f1ac491.jpg","Master V2 dataset image","Canonical unique Braille training/validation/test image used for V2 model lineage","Keep"
"sciobraille-model-lab\datasets\master_v2\images\train\scio_v2_76ac042b23bfcaad.jpg","Master V2 dataset image","Canonical unique Braille training/validation/test image used for V2 model lineage","Keep"
"sciobraille-model-lab\datasets\master_v2\images\train\scio_v2_76b6b2e2524ad5c8.jpg","Master V2 dataset image","Canonical unique Braille training/validation/test image used for V2 model lineage","Keep"
"sciobraille-model-lab\datasets\master_v2\images\train\scio_v2_76b910b9deec2f23.jpg","Master V2 dataset image","Canonical unique Braille training/validation/test image used for V2 model lineage","Keep"
"sciobraille-model-lab\datasets\master_v2\images\train\scio_v2_7727b3de92a82aa4.jpg","Master V2 dataset image","Canonical unique Braille training/validation/test image used for V2 model lineage","Keep"
"sciobraille-model-lab\datasets\master_v2\images\train\scio_v2_77383570529fdd90.jpg","Master V2 dataset image","Canonical unique Braille training/validation/test image used for V2 model lineage","Keep"
"sciobraille-model-lab\datasets\master_v2\images\train\scio_v2_773c77d0409805e9.jpg","Master V2 dataset image","Canonical unique Braille training/validation/test image used for V2 model lineage","Keep"
"sciobraille-model-lab\datasets\master_v2\images\train\scio_v2_7769049839e745db.jpg","Master V2 dataset image","Canonical unique Braille training/validation/test image used for V2 model lineage","Keep"
"sciobraille-model-lab\datasets\master_v2\images\train\scio_v2_77f996db4b32a3ac.jpg","Master V2 dataset image","Canonical unique Braille training/validation/test image used for V2 model lineage","Keep"
"sciobraille-model-lab\datasets\master_v2\images\train\scio_v2_7842042d526e7a71.jpg","Master V2 dataset image","Canonical unique Braille training/validation/test image used for V2 model lineage","Keep"
"sciobraille-model-lab\datasets\master_v2\images\train\scio_v2_784c25f2355a0d43.jpg","Master V2 dataset image","Canonical unique Braille training/validation/test image used for V2 model lineage","Keep"
"sciobraille-model-lab\datasets\master_v2\images\train\scio_v2_786e7675d28f27ab.jpg","Master V2 dataset image","Canonical unique Braille training/validation/test image used for V2 model lineage","Keep"
"sciobraille-model-lab\datasets\master_v2\images\train\scio_v2_78b94f0cd97e9b3f.jpg","Master V2 dataset image","Canonical unique Braille training/validation/test image used for V2 model lineage","Keep"
"sciobraille-model-lab\datasets\master_v2\images\train\scio_v2_78cce84579e71a6a.jpg","Master V2 dataset image","Canonical unique Braille training/validation/test image used for V2 model lineage","Keep"
"sciobraille-model-lab\datasets\master_v2\images\train\scio_v2_790339cbed5cd04e.jpg","Master V2 dataset image","Canonical unique Braille training/validation/test image used for V2 model lineage","Keep"
"sciobraille-model-lab\datasets\master_v2\images\train\scio_v2_7918573f6afe7cc0.jpg","Master V2 dataset image","Canonical unique Braille training/validation/test image used for V2 model lineage","Keep"
"sciobraille-model-lab\datasets\master_v2\images\train\scio_v2_79333e7dc07da9be.jpg","Master V2 dataset image","Canonical unique Braille training/validation/test image used for V2 model lineage","Keep"
"sciobraille-model-lab\datasets\master_v2\images\train\scio_v2_7948fe9d1e194df1.jpg","Master V2 dataset image","Canonical unique Braille training/validation/test image used for V2 model lineage","Keep"
"sciobraille-model-lab\datasets\master_v2\images\train\scio_v2_79a6104f3ff60b9e.jpg","Master V2 dataset image","Canonical unique Braille training/validation/test image used for V2 model lineage","Keep"
"sciobraille-model-lab\datasets\master_v2\images\train\scio_v2_7a3cd6c41fceba58.jpg","Master V2 dataset image","Canonical unique Braille training/validation/test image used for V2 model lineage","Keep"
"sciobraille-model-lab\datasets\master_v2\images\train\scio_v2_7a67f0222e5e8ea7.jpg","Master V2 dataset image","Canonical unique Braille training/validation/test image used for V2 model lineage","Keep"
"sciobraille-model-lab\datasets\master_v2\images\train\scio_v2_7a6af2ec42f71c9c.jpg","Master V2 dataset image","Canonical unique Braille training/validation/test image used for V2 model lineage","Keep"
"sciobraille-model-lab\datasets\master_v2\images\train\scio_v2_7aed73edb04e5cf3.jpg","Master V2 dataset image","Canonical unique Braille training/validation/test image used for V2 model lineage","Keep"
"sciobraille-model-lab\datasets\master_v2\images\train\scio_v2_7aedcb76db55733f.jpg","Master V2 dataset image","Canonical unique Braille training/validation/test image used for V2 model lineage","Keep"
"sciobraille-model-lab\datasets\master_v2\images\train\scio_v2_7b6d38f2593f84e2.jpg","Master V2 dataset image","Canonical unique Braille training/validation/test image used for V2 model lineage","Keep"
"sciobraille-model-lab\datasets\master_v2\images\train\scio_v2_7bba70c220453baa.jpg","Master V2 dataset image","Canonical unique Braille training/validation/test image used for V2 model lineage","Keep"
"sciobraille-model-lab\datasets\master_v2\images\train\scio_v2_7bc0a604b3abc9c1.jpg","Master V2 dataset image","Canonical unique Braille training/validation/test image used for V2 model lineage","Keep"
"sciobraille-model-lab\datasets\master_v2\images\train\scio_v2_7bc624d8bd3a6510.jpg","Master V2 dataset image","Canonical unique Braille training/validation/test image used for V2 model lineage","Keep"
"sciobraille-model-lab\datasets\master_v2\images\train\scio_v2_7bd47170e2a6ea01.jpg","Master V2 dataset image","Canonical unique Braille training/validation/test image used for V2 model lineage","Keep"
"sciobraille-model-lab\datasets\master_v2\images\train\scio_v2_7c43c21a0b3cc6d6.jpg","Master V2 dataset image","Canonical unique Braille training/validation/test image used for V2 model lineage","Keep"
"sciobraille-model-lab\datasets\master_v2\images\train\scio_v2_7c972665b473472f.jpg","Master V2 dataset image","Canonical unique Braille training/validation/test image used for V2 model lineage","Keep"
"sciobraille-model-lab\datasets\master_v2\images\train\scio_v2_7cb4aef840de1986.jpg","Master V2 dataset image","Canonical unique Braille training/validation/test image used for V2 model lineage","Keep"
"sciobraille-model-lab\datasets\master_v2\images\train\scio_v2_7cb8db324a1072c6.jpg","Master V2 dataset image","Canonical unique Braille training/validation/test image used for V2 model lineage","Keep"
"sciobraille-model-lab\datasets\master_v2\images\train\scio_v2_7d017cfc8d666ec4.jpg","Master V2 dataset image","Canonical unique Braille training/validation/test image used for V2 model lineage","Keep"
"sciobraille-model-lab\datasets\master_v2\images\train\scio_v2_7d2913a0c61b31eb.jpg","Master V2 dataset image","Canonical unique Braille training/validation/test image used for V2 model lineage","Keep"
"sciobraille-model-lab\datasets\master_v2\images\train\scio_v2_7d51760d832bd7a6.jpg","Master V2 dataset image","Canonical unique Braille training/validation/test image used for V2 model lineage","Keep"
"sciobraille-model-lab\datasets\master_v2\images\train\scio_v2_7d52bcd412b2b638.jpg","Master V2 dataset image","Canonical unique Braille training/validation/test image used for V2 model lineage","Keep"
"sciobraille-model-lab\datasets\master_v2\images\train\scio_v2_7d814b16070f8b30.jpg","Master V2 dataset image","Canonical unique Braille training/validation/test image used for V2 model lineage","Keep"
"sciobraille-model-lab\datasets\master_v2\images\train\scio_v2_7d840574f0c9e8b3.jpg","Master V2 dataset image","Canonical unique Braille training/validation/test image used for V2 model lineage","Keep"
"sciobraille-model-lab\datasets\master_v2\images\train\scio_v2_7d9e71a2af15ce28.jpg","Master V2 dataset image","Canonical unique Braille training/validation/test image used for V2 model lineage","Keep"
"sciobraille-model-lab\datasets\master_v2\images\train\scio_v2_7de5f39ec2da3747.jpg","Master V2 dataset image","Canonical unique Braille training/validation/test image used for V2 model lineage","Keep"
"sciobraille-model-lab\datasets\master_v2\images\train\scio_v2_7e0a8d76ea6532c1.jpg","Master V2 dataset image","Canonical unique Braille training/validation/test image used for V2 model lineage","Keep"
"sciobraille-model-lab\datasets\master_v2\images\train\scio_v2_7e26930a42b96b8f.jpg","Master V2 dataset image","Canonical unique Braille training/validation/test image used for V2 model lineage","Keep"
"sciobraille-model-lab\datasets\master_v2\images\train\scio_v2_7e45ac0e63a381d9.jpg","Master V2 dataset image","Canonical unique Braille training/validation/test image used for V2 model lineage","Keep"
"sciobraille-model-lab\datasets\master_v2\images\train\scio_v2_7e4bfc38fc555508.jpg","Master V2 dataset image","Canonical unique Braille training/validation/test image used for V2 model lineage","Keep"
"sciobraille-model-lab\datasets\master_v2\images\train\scio_v2_7e86645cb6a62605.jpg","Master V2 dataset image","Canonical unique Braille training/validation/test image used for V2 model lineage","Keep"
"sciobraille-model-lab\datasets\master_v2\images\train\scio_v2_7e873199ba4f4ebb.jpg","Master V2 dataset image","Canonical unique Braille training/validation/test image used for V2 model lineage","Keep"
"sciobraille-model-lab\datasets\master_v2\images\train\scio_v2_7ed9e5af825d89f8.jpg","Master V2 dataset image","Canonical unique Braille training/validation/test image used for V2 model lineage","Keep"
"sciobraille-model-lab\datasets\master_v2\images\train\scio_v2_7f0d7e56f12a1948.jpg","Master V2 dataset image","Canonical unique Braille training/validation/test image used for V2 model lineage","Keep"
"sciobraille-model-lab\datasets\master_v2\images\train\scio_v2_7f38c2db41e64b8c.jpg","Master V2 dataset image","Canonical unique Braille training/validation/test image used for V2 model lineage","Keep"
"sciobraille-model-lab\datasets\master_v2\images\train\scio_v2_7f5434e88dcb0d01.jpg","Master V2 dataset image","Canonical unique Braille training/validation/test image used for V2 model lineage","Keep"
"sciobraille-model-lab\datasets\master_v2\images\train\scio_v2_7f845817b1d3031b.jpg","Master V2 dataset image","Canonical unique Braille training/validation/test image used for V2 model lineage","Keep"
"sciobraille-model-lab\datasets\master_v2\images\train\scio_v2_7fceea48d0af1a09.jpg","Master V2 dataset image","Canonical unique Braille training/validation/test image used for V2 model lineage","Keep"
"sciobraille-model-lab\datasets\master_v2\images\train\scio_v2_7fdc16b74afb0de2.jpg","Master V2 dataset image","Canonical unique Braille training/validation/test image used for V2 model lineage","Keep"
"sciobraille-model-lab\datasets\master_v2\images\train\scio_v2_80532f09cede1cb2.jpg","Master V2 dataset image","Canonical unique Braille training/validation/test image used for V2 model lineage","Keep"
"sciobraille-model-lab\datasets\master_v2\images\train\scio_v2_80fcd8f7331dbfc6.jpg","Master V2 dataset image","Canonical unique Braille training/validation/test image used for V2 model lineage","Keep"
"sciobraille-model-lab\datasets\master_v2\images\train\scio_v2_8112e9447d931ffa.jpg","Master V2 dataset image","Canonical unique Braille training/validation/test image used for V2 model lineage","Keep"
"sciobraille-model-lab\datasets\master_v2\images\train\scio_v2_8121ea1dac7985a3.jpg","Master V2 dataset image","Canonical unique Braille training/validation/test image used for V2 model lineage","Keep"
"sciobraille-model-lab\datasets\master_v2\images\train\scio_v2_8160c8ea5ebbbb92.jpg","Master V2 dataset image","Canonical unique Braille training/validation/test image used for V2 model lineage","Keep"
"sciobraille-model-lab\datasets\master_v2\images\train\scio_v2_817ba2012f87abb5.jpg","Master V2 dataset image","Canonical unique Braille training/validation/test image used for V2 model lineage","Keep"
"sciobraille-model-lab\datasets\master_v2\images\train\scio_v2_81e6671a96b1a1b9.jpg","Master V2 dataset image","Canonical unique Braille training/validation/test image used for V2 model lineage","Keep"
"sciobraille-model-lab\datasets\master_v2\images\train\scio_v2_81fe9d70706b0bc4.jpg","Master V2 dataset image","Canonical unique Braille training/validation/test image used for V2 model lineage","Keep"
"sciobraille-model-lab\datasets\master_v2\images\train\scio_v2_82c9ecda94f094a7.jpg","Master V2 dataset image","Canonical unique Braille training/validation/test image used for V2 model lineage","Keep"
"sciobraille-model-lab\datasets\master_v2\images\train\scio_v2_82d19320e6dd6472.jpg","Master V2 dataset image","Canonical unique Braille training/validation/test image used for V2 model lineage","Keep"
"sciobraille-model-lab\datasets\master_v2\images\train\scio_v2_82d97451047ee434.jpg","Master V2 dataset image","Canonical unique Braille training/validation/test image used for V2 model lineage","Keep"
"sciobraille-model-lab\datasets\master_v2\images\train\scio_v2_83051189d0a00fa9.jpg","Master V2 dataset image","Canonical unique Braille training/validation/test image used for V2 model lineage","Keep"
"sciobraille-model-lab\datasets\master_v2\images\train\scio_v2_83171d9726b6f520.jpg","Master V2 dataset image","Canonical unique Braille training/validation/test image used for V2 model lineage","Keep"
"sciobraille-model-lab\datasets\master_v2\images\train\scio_v2_83174eef4623c380.jpg","Master V2 dataset image","Canonical unique Braille training/validation/test image used for V2 model lineage","Keep"
"sciobraille-model-lab\datasets\master_v2\images\train\scio_v2_837c95b5bbbfd59b.jpg","Master V2 dataset image","Canonical unique Braille training/validation/test image used for V2 model lineage","Keep"
"sciobraille-model-lab\datasets\master_v2\images\train\scio_v2_8393a2bb445824c3.jpg","Master V2 dataset image","Canonical unique Braille training/validation/test image used for V2 model lineage","Keep"
"sciobraille-model-lab\datasets\master_v2\images\train\scio_v2_83e838c2509751f3.jpg","Master V2 dataset image","Canonical unique Braille training/validation/test image used for V2 model lineage","Keep"
"sciobraille-model-lab\datasets\master_v2\images\train\scio_v2_83ee5c25a321dc2f.jpg","Master V2 dataset image","Canonical unique Braille training/validation/test image used for V2 model lineage","Keep"
"sciobraille-model-lab\datasets\master_v2\images\train\scio_v2_83fc29e424f53d17.jpg","Master V2 dataset image","Canonical unique Braille training/validation/test image used for V2 model lineage","Keep"
"sciobraille-model-lab\datasets\master_v2\images\train\scio_v2_8421878a7e176059.jpg","Master V2 dataset image","Canonical unique Braille training/validation/test image used for V2 model lineage","Keep"
"sciobraille-model-lab\datasets\master_v2\images\train\scio_v2_84ca2a266ccf1011.jpg","Master V2 dataset image","Canonical unique Braille training/validation/test image used for V2 model lineage","Keep"
"sciobraille-model-lab\datasets\master_v2\images\train\scio_v2_850692c82952e3d8.jpg","Master V2 dataset image","Canonical unique Braille training/validation/test image used for V2 model lineage","Keep"
"sciobraille-model-lab\datasets\master_v2\images\train\scio_v2_8506eb434e2502f7.jpg","Master V2 dataset image","Canonical unique Braille training/validation/test image used for V2 model lineage","Keep"
"sciobraille-model-lab\datasets\master_v2\images\train\scio_v2_852eace8183a9945.jpg","Master V2 dataset image","Canonical unique Braille training/validation/test image used for V2 model lineage","Keep"
"sciobraille-model-lab\datasets\master_v2\images\train\scio_v2_85401ab7adce0475.jpg","Master V2 dataset image","Canonical unique Braille training/validation/test image used for V2 model lineage","Keep"
"sciobraille-model-lab\datasets\master_v2\images\train\scio_v2_854c49b55654e4df.jpg","Master V2 dataset image","Canonical unique Braille training/validation/test image used for V2 model lineage","Keep"
"sciobraille-model-lab\datasets\master_v2\images\train\scio_v2_855ab024712aeda5.jpg","Master V2 dataset image","Canonical unique Braille training/validation/test image used for V2 model lineage","Keep"
"sciobraille-model-lab\datasets\master_v2\images\train\scio_v2_8596388cdddda47f.jpg","Master V2 dataset image","Canonical unique Braille training/validation/test image used for V2 model lineage","Keep"
"sciobraille-model-lab\datasets\master_v2\images\train\scio_v2_859a676e7337665c.jpg","Master V2 dataset image","Canonical unique Braille training/validation/test image used for V2 model lineage","Keep"
"sciobraille-model-lab\datasets\master_v2\images\train\scio_v2_85d6119a2027b9ef.jpg","Master V2 dataset image","Canonical unique Braille training/validation/test image used for V2 model lineage","Keep"
"sciobraille-model-lab\datasets\master_v2\images\train\scio_v2_861201ae7ab4c2ba.jpg","Master V2 dataset image","Canonical unique Braille training/validation/test image used for V2 model lineage","Keep"
"sciobraille-model-lab\datasets\master_v2\images\train\scio_v2_8647ec490ac9f722.jpg","Master V2 dataset image","Canonical unique Braille training/validation/test image used for V2 model lineage","Keep"
"sciobraille-model-lab\datasets\master_v2\images\train\scio_v2_864c2579c394f7df.jpg","Master V2 dataset image","Canonical unique Braille training/validation/test image used for V2 model lineage","Keep"
"sciobraille-model-lab\datasets\master_v2\images\train\scio_v2_864d753a2574462d.jpg","Master V2 dataset image","Canonical unique Braille training/validation/test image used for V2 model lineage","Keep"
"sciobraille-model-lab\datasets\master_v2\images\train\scio_v2_864f63d7c7136346.jpg","Master V2 dataset image","Canonical unique Braille training/validation/test image used for V2 model lineage","Keep"
"sciobraille-model-lab\datasets\master_v2\images\train\scio_v2_864fd77241575ef6.jpg","Master V2 dataset image","Canonical unique Braille training/validation/test image used for V2 model lineage","Keep"
"sciobraille-model-lab\datasets\master_v2\images\train\scio_v2_86873d042cc6582c.jpg","Master V2 dataset image","Canonical unique Braille training/validation/test image used for V2 model lineage","Keep"
"sciobraille-model-lab\datasets\master_v2\images\train\scio_v2_869219e5ff6f8a69.jpg","Master V2 dataset image","Canonical unique Braille training/validation/test image used for V2 model lineage","Keep"
"sciobraille-model-lab\datasets\master_v2\images\train\scio_v2_86a1357028096836.jpg","Master V2 dataset image","Canonical unique Braille training/validation/test image used for V2 model lineage","Keep"
"sciobraille-model-lab\datasets\master_v2\images\train\scio_v2_86ac761861737212.jpg","Master V2 dataset image","Canonical unique Braille training/validation/test image used for V2 model lineage","Keep"
"sciobraille-model-lab\datasets\master_v2\images\train\scio_v2_872539fb8744a9c4.jpg","Master V2 dataset image","Canonical unique Braille training/validation/test image used for V2 model lineage","Keep"
"sciobraille-model-lab\datasets\master_v2\images\train\scio_v2_87a53f20d2fbde86.jpg","Master V2 dataset image","Canonical unique Braille training/validation/test image used for V2 model lineage","Keep"
"sciobraille-model-lab\datasets\master_v2\images\train\scio_v2_87d10d3bfcc8dea5.jpg","Master V2 dataset image","Canonical unique Braille training/validation/test image used for V2 model lineage","Keep"
"sciobraille-model-lab\datasets\master_v2\images\train\scio_v2_87deed47e5964ce1.jpg","Master V2 dataset image","Canonical unique Braille training/validation/test image used for V2 model lineage","Keep"
"sciobraille-model-lab\datasets\master_v2\images\train\scio_v2_87f1aafbc919c441.jpg","Master V2 dataset image","Canonical unique Braille training/validation/test image used for V2 model lineage","Keep"
"sciobraille-model-lab\datasets\master_v2\images\train\scio_v2_883a8c5a501e0242.jpg","Master V2 dataset image","Canonical unique Braille training/validation/test image used for V2 model lineage","Keep"
"sciobraille-model-lab\datasets\master_v2\images\train\scio_v2_8844738465da4a69.jpg","Master V2 dataset image","Canonical unique Braille training/validation/test image used for V2 model lineage","Keep"
"sciobraille-model-lab\datasets\master_v2\images\train\scio_v2_887c878c7405c1de.jpg","Master V2 dataset image","Canonical unique Braille training/validation/test image used for V2 model lineage","Keep"
"sciobraille-model-lab\datasets\master_v2\images\train\scio_v2_88c599ba00700bcf.jpg","Master V2 dataset image","Canonical unique Braille training/validation/test image used for V2 model lineage","Keep"
"sciobraille-model-lab\datasets\master_v2\images\train\scio_v2_88ea4c1c422241d0.jpg","Master V2 dataset image","Canonical unique Braille training/validation/test image used for V2 model lineage","Keep"
"sciobraille-model-lab\datasets\master_v2\images\train\scio_v2_8909605191150d96.jpg","Master V2 dataset image","Canonical unique Braille training/validation/test image used for V2 model lineage","Keep"
"sciobraille-model-lab\datasets\master_v2\images\train\scio_v2_8911790ff83359f3.jpg","Master V2 dataset image","Canonical unique Braille training/validation/test image used for V2 model lineage","Keep"
"sciobraille-model-lab\datasets\master_v2\images\train\scio_v2_894949cea773f3a5.jpg","Master V2 dataset image","Canonical unique Braille training/validation/test image used for V2 model lineage","Keep"
"sciobraille-model-lab\datasets\master_v2\images\train\scio_v2_8961554ea876e4c6.jpg","Master V2 dataset image","Canonical unique Braille training/validation/test image used for V2 model lineage","Keep"
"sciobraille-model-lab\datasets\master_v2\images\train\scio_v2_896a69fbd930254c.jpg","Master V2 dataset image","Canonical unique Braille training/validation/test image used for V2 model lineage","Keep"
"sciobraille-model-lab\datasets\master_v2\images\train\scio_v2_899b24314e4349ce.jpg","Master V2 dataset image","Canonical unique Braille training/validation/test image used for V2 model lineage","Keep"
"sciobraille-model-lab\datasets\master_v2\images\train\scio_v2_8a188ee932923248.jpg","Master V2 dataset image","Canonical unique Braille training/validation/test image used for V2 model lineage","Keep"
"sciobraille-model-lab\datasets\master_v2\images\train\scio_v2_8a22dad99fb4c659.jpg","Master V2 dataset image","Canonical unique Braille training/validation/test image used for V2 model lineage","Keep"
"sciobraille-model-lab\datasets\master_v2\images\train\scio_v2_8a53bc58c2ebb6ec.jpg","Master V2 dataset image","Canonical unique Braille training/validation/test image used for V2 model lineage","Keep"
"sciobraille-model-lab\datasets\master_v2\images\train\scio_v2_8a68b794524883fc.jpg","Master V2 dataset image","Canonical unique Braille training/validation/test image used for V2 model lineage","Keep"
"sciobraille-model-lab\datasets\master_v2\images\train\scio_v2_8a85b1bf06f7f44e.jpg","Master V2 dataset image","Canonical unique Braille training/validation/test image used for V2 model lineage","Keep"
"sciobraille-model-lab\datasets\master_v2\images\train\scio_v2_8a9164f5e5540353.jpg","Master V2 dataset image","Canonical unique Braille training/validation/test image used for V2 model lineage","Keep"
"sciobraille-model-lab\datasets\master_v2\images\train\scio_v2_8ab5c34b9f4d69d5.jpg","Master V2 dataset image","Canonical unique Braille training/validation/test image used for V2 model lineage","Keep"
"sciobraille-model-lab\datasets\master_v2\images\train\scio_v2_8ab99935b4e3e344.jpg","Master V2 dataset image","Canonical unique Braille training/validation/test image used for V2 model lineage","Keep"
"sciobraille-model-lab\datasets\master_v2\images\train\scio_v2_8ae719e164301b83.jpg","Master V2 dataset image","Canonical unique Braille training/validation/test image used for V2 model lineage","Keep"
"sciobraille-model-lab\datasets\master_v2\images\train\scio_v2_8ae8cc2fd46265fe.jpg","Master V2 dataset image","Canonical unique Braille training/validation/test image used for V2 model lineage","Keep"
"sciobraille-model-lab\datasets\master_v2\images\train\scio_v2_8b65336b39026468.jpg","Master V2 dataset image","Canonical unique Braille training/validation/test image used for V2 model lineage","Keep"
"sciobraille-model-lab\datasets\master_v2\images\train\scio_v2_8b9df506cce30a44.jpg","Master V2 dataset image","Canonical unique Braille training/validation/test image used for V2 model lineage","Keep"
"sciobraille-model-lab\datasets\master_v2\images\train\scio_v2_8bb67dc6a2f46cb6.jpg","Master V2 dataset image","Canonical unique Braille training/validation/test image used for V2 model lineage","Keep"
"sciobraille-model-lab\datasets\master_v2\images\train\scio_v2_8bd4d2b7bd04c0d0.jpg","Master V2 dataset image","Canonical unique Braille training/validation/test image used for V2 model lineage","Keep"
"sciobraille-model-lab\datasets\master_v2\images\train\scio_v2_8c056baba7373453.jpg","Master V2 dataset image","Canonical unique Braille training/validation/test image used for V2 model lineage","Keep"
"sciobraille-model-lab\datasets\master_v2\images\train\scio_v2_8c283caf87f25b7a.jpg","Master V2 dataset image","Canonical unique Braille training/validation/test image used for V2 model lineage","Keep"
"sciobraille-model-lab\datasets\master_v2\images\train\scio_v2_8c3c67011e47f3ec.jpg","Master V2 dataset image","Canonical unique Braille training/validation/test image used for V2 model lineage","Keep"
"sciobraille-model-lab\datasets\master_v2\images\train\scio_v2_8c4298721096f074.jpg","Master V2 dataset image","Canonical unique Braille training/validation/test image used for V2 model lineage","Keep"
"sciobraille-model-lab\datasets\master_v2\images\train\scio_v2_8c5522f4da90708e.jpg","Master V2 dataset image","Canonical unique Braille training/validation/test image used for V2 model lineage","Keep"
"sciobraille-model-lab\datasets\master_v2\images\train\scio_v2_8c6408a0cd6f0bbe.jpg","Master V2 dataset image","Canonical unique Braille training/validation/test image used for V2 model lineage","Keep"
"sciobraille-model-lab\datasets\master_v2\images\train\scio_v2_8c80d010e7d38c10.jpg","Master V2 dataset image","Canonical unique Braille training/validation/test image used for V2 model lineage","Keep"
"sciobraille-model-lab\datasets\master_v2\images\train\scio_v2_8c81bd8d4fa4f888.jpg","Master V2 dataset image","Canonical unique Braille training/validation/test image used for V2 model lineage","Keep"
"sciobraille-model-lab\datasets\master_v2\images\train\scio_v2_8ca508e223395450.jpg","Master V2 dataset image","Canonical unique Braille training/validation/test image used for V2 model lineage","Keep"
"sciobraille-model-lab\datasets\master_v2\images\train\scio_v2_8cd974c9d578fc6b.jpg","Master V2 dataset image","Canonical unique Braille training/validation/test image used for V2 model lineage","Keep"
"sciobraille-model-lab\datasets\master_v2\images\train\scio_v2_8cee8bd07fbed039.jpg","Master V2 dataset image","Canonical unique Braille training/validation/test image used for V2 model lineage","Keep"
"sciobraille-model-lab\datasets\master_v2\images\train\scio_v2_8d154ba2a68ce593.jpg","Master V2 dataset image","Canonical unique Braille training/validation/test image used for V2 model lineage","Keep"
"sciobraille-model-lab\datasets\master_v2\images\train\scio_v2_8d2cfd78a61f60b2.jpg","Master V2 dataset image","Canonical unique Braille training/validation/test image used for V2 model lineage","Keep"
"sciobraille-model-lab\datasets\master_v2\images\train\scio_v2_8d37308408709da4.jpg","Master V2 dataset image","Canonical unique Braille training/validation/test image used for V2 model lineage","Keep"
"sciobraille-model-lab\datasets\master_v2\images\train\scio_v2_8d4cf155d7cd1f2c.jpg","Master V2 dataset image","Canonical unique Braille training/validation/test image used for V2 model lineage","Keep"
"sciobraille-model-lab\datasets\master_v2\images\train\scio_v2_8d8f821a025c9219.jpg","Master V2 dataset image","Canonical unique Braille training/validation/test image used for V2 model lineage","Keep"
"sciobraille-model-lab\datasets\master_v2\images\train\scio_v2_8d921b205a5022b7.jpg","Master V2 dataset image","Canonical unique Braille training/validation/test image used for V2 model lineage","Keep"
"sciobraille-model-lab\datasets\master_v2\images\train\scio_v2_8da929a97fe13684.jpg","Master V2 dataset image","Canonical unique Braille training/validation/test image used for V2 model lineage","Keep"
"sciobraille-model-lab\datasets\master_v2\images\train\scio_v2_8dcd1f1e68aeeef6.jpg","Master V2 dataset image","Canonical unique Braille training/validation/test image used for V2 model lineage","Keep"
"sciobraille-model-lab\datasets\master_v2\images\train\scio_v2_8de76872883a5d7a.jpg","Master V2 dataset image","Canonical unique Braille training/validation/test image used for V2 model lineage","Keep"
"sciobraille-model-lab\datasets\master_v2\images\train\scio_v2_8dff892478687d35.jpg","Master V2 dataset image","Canonical unique Braille training/validation/test image used for V2 model lineage","Keep"
"sciobraille-model-lab\datasets\master_v2\images\train\scio_v2_8e0605cd54745c4b.jpg","Master V2 dataset image","Canonical unique Braille training/validation/test image used for V2 model lineage","Keep"
"sciobraille-model-lab\datasets\master_v2\images\train\scio_v2_8e0607d65ca2036e.jpg","Master V2 dataset image","Canonical unique Braille training/validation/test image used for V2 model lineage","Keep"
"sciobraille-model-lab\datasets\master_v2\images\train\scio_v2_8e38c51a5cac02a7.jpg","Master V2 dataset image","Canonical unique Braille training/validation/test image used for V2 model lineage","Keep"
"sciobraille-model-lab\datasets\master_v2\images\train\scio_v2_8e74bf7cde86ee98.jpg","Master V2 dataset image","Canonical unique Braille training/validation/test image used for V2 model lineage","Keep"
"sciobraille-model-lab\datasets\master_v2\images\train\scio_v2_8ed1498498ccd252.jpg","Master V2 dataset image","Canonical unique Braille training/validation/test image used for V2 model lineage","Keep"
"sciobraille-model-lab\datasets\master_v2\images\train\scio_v2_8ee1c0afdc41d654.jpg","Master V2 dataset image","Canonical unique Braille training/validation/test image used for V2 model lineage","Keep"
"sciobraille-model-lab\datasets\master_v2\images\train\scio_v2_8f0d6dd5105423eb.jpg","Master V2 dataset image","Canonical unique Braille training/validation/test image used for V2 model lineage","Keep"
"sciobraille-model-lab\datasets\master_v2\images\train\scio_v2_8f3b33dccc0135f1.jpg","Master V2 dataset image","Canonical unique Braille training/validation/test image used for V2 model lineage","Keep"
"sciobraille-model-lab\datasets\master_v2\images\train\scio_v2_8f3e5c43bce4ba5c.jpg","Master V2 dataset image","Canonical unique Braille training/validation/test image used for V2 model lineage","Keep"
"sciobraille-model-lab\datasets\master_v2\images\train\scio_v2_8f4f9c90d7859db7.jpg","Master V2 dataset image","Canonical unique Braille training/validation/test image used for V2 model lineage","Keep"
"sciobraille-model-lab\datasets\master_v2\images\train\scio_v2_8f82e6523466cc2e.jpg","Master V2 dataset image","Canonical unique Braille training/validation/test image used for V2 model lineage","Keep"
"sciobraille-model-lab\datasets\master_v2\images\train\scio_v2_8f8cd3ba29deae2e.jpg","Master V2 dataset image","Canonical unique Braille training/validation/test image used for V2 model lineage","Keep"
"sciobraille-model-lab\datasets\master_v2\images\train\scio_v2_8fd1226733aa9dbb.jpg","Master V2 dataset image","Canonical unique Braille training/validation/test image used for V2 model lineage","Keep"
"sciobraille-model-lab\datasets\master_v2\images\train\scio_v2_9005652ab230ddfd.jpg","Master V2 dataset image","Canonical unique Braille training/validation/test image used for V2 model lineage","Keep"
"sciobraille-model-lab\datasets\master_v2\images\train\scio_v2_903e778af9f4cac4.jpg","Master V2 dataset image","Canonical unique Braille training/validation/test image used for V2 model lineage","Keep"
"sciobraille-model-lab\datasets\master_v2\images\train\scio_v2_909b5ce7b7f3542b.jpg","Master V2 dataset image","Canonical unique Braille training/validation/test image used for V2 model lineage","Keep"
"sciobraille-model-lab\datasets\master_v2\images\train\scio_v2_90f3054fa5f88816.jpg","Master V2 dataset image","Canonical unique Braille training/validation/test image used for V2 model lineage","Keep"
"sciobraille-model-lab\datasets\master_v2\images\train\scio_v2_914da38888a719d6.jpg","Master V2 dataset image","Canonical unique Braille training/validation/test image used for V2 model lineage","Keep"
"sciobraille-model-lab\datasets\master_v2\images\train\scio_v2_9156330742a72881.jpg","Master V2 dataset image","Canonical unique Braille training/validation/test image used for V2 model lineage","Keep"
"sciobraille-model-lab\datasets\master_v2\images\train\scio_v2_917960bda05a17fa.jpg","Master V2 dataset image","Canonical unique Braille training/validation/test image used for V2 model lineage","Keep"
"sciobraille-model-lab\datasets\master_v2\images\train\scio_v2_918929d7a835ae0d.jpg","Master V2 dataset image","Canonical unique Braille training/validation/test image used for V2 model lineage","Keep"
"sciobraille-model-lab\datasets\master_v2\images\train\scio_v2_91ad7caf0e376cdb.jpg","Master V2 dataset image","Canonical unique Braille training/validation/test image used for V2 model lineage","Keep"
"sciobraille-model-lab\datasets\master_v2\images\train\scio_v2_92837013aa9eaebc.jpg","Master V2 dataset image","Canonical unique Braille training/validation/test image used for V2 model lineage","Keep"
"sciobraille-model-lab\datasets\master_v2\images\train\scio_v2_9287746e144325f2.jpg","Master V2 dataset image","Canonical unique Braille training/validation/test image used for V2 model lineage","Keep"
"sciobraille-model-lab\datasets\master_v2\images\train\scio_v2_928e880e96e8777d.jpg","Master V2 dataset image","Canonical unique Braille training/validation/test image used for V2 model lineage","Keep"
"sciobraille-model-lab\datasets\master_v2\images\train\scio_v2_92e9eda70251f5a6.jpg","Master V2 dataset image","Canonical unique Braille training/validation/test image used for V2 model lineage","Keep"
"sciobraille-model-lab\datasets\master_v2\images\train\scio_v2_936810e61bdad313.jpg","Master V2 dataset image","Canonical unique Braille training/validation/test image used for V2 model lineage","Keep"
"sciobraille-model-lab\datasets\master_v2\images\train\scio_v2_936852e13713b5e2.jpg","Master V2 dataset image","Canonical unique Braille training/validation/test image used for V2 model lineage","Keep"
"sciobraille-model-lab\datasets\master_v2\images\train\scio_v2_93691469a80e4c68.jpg","Master V2 dataset image","Canonical unique Braille training/validation/test image used for V2 model lineage","Keep"
"sciobraille-model-lab\datasets\master_v2\images\train\scio_v2_937b51e00d612a8e.jpg","Master V2 dataset image","Canonical unique Braille training/validation/test image used for V2 model lineage","Keep"
"sciobraille-model-lab\datasets\master_v2\images\train\scio_v2_9393b3c6943ce013.jpg","Master V2 dataset image","Canonical unique Braille training/validation/test image used for V2 model lineage","Keep"
"sciobraille-model-lab\datasets\master_v2\images\train\scio_v2_93ae05e6d8d6356c.jpg","Master V2 dataset image","Canonical unique Braille training/validation/test image used for V2 model lineage","Keep"
"sciobraille-model-lab\datasets\master_v2\images\train\scio_v2_93c9d1b6128b4bd0.jpg","Master V2 dataset image","Canonical unique Braille training/validation/test image used for V2 model lineage","Keep"
"sciobraille-model-lab\datasets\master_v2\images\train\scio_v2_93caa54bd120867f.jpg","Master V2 dataset image","Canonical unique Braille training/validation/test image used for V2 model lineage","Keep"
"sciobraille-model-lab\datasets\master_v2\images\train\scio_v2_93e0534a9b4d801c.jpg","Master V2 dataset image","Canonical unique Braille training/validation/test image used for V2 model lineage","Keep"
"sciobraille-model-lab\datasets\master_v2\images\train\scio_v2_93e4941cd61347ac.jpg","Master V2 dataset image","Canonical unique Braille training/validation/test image used for V2 model lineage","Keep"
"sciobraille-model-lab\datasets\master_v2\images\train\scio_v2_93e5546d5217b307.jpg","Master V2 dataset image","Canonical unique Braille training/validation/test image used for V2 model lineage","Keep"
"sciobraille-model-lab\datasets\master_v2\images\train\scio_v2_93eabdc868b2eea3.jpg","Master V2 dataset image","Canonical unique Braille training/validation/test image used for V2 model lineage","Keep"
"sciobraille-model-lab\datasets\master_v2\images\train\scio_v2_93fa1699ca3452c3.jpg","Master V2 dataset image","Canonical unique Braille training/validation/test image used for V2 model lineage","Keep"
"sciobraille-model-lab\datasets\master_v2\images\train\scio_v2_944a161fd1260a64.jpg","Master V2 dataset image","Canonical unique Braille training/validation/test image used for V2 model lineage","Keep"
"sciobraille-model-lab\datasets\master_v2\images\train\scio_v2_94878e0fead2f4f0.jpg","Master V2 dataset image","Canonical unique Braille training/validation/test image used for V2 model lineage","Keep"
"sciobraille-model-lab\datasets\master_v2\images\train\scio_v2_9497a845f70c6dc0.jpg","Master V2 dataset image","Canonical unique Braille training/validation/test image used for V2 model lineage","Keep"
"sciobraille-model-lab\datasets\master_v2\images\train\scio_v2_94a0154cfb441bcf.jpg","Master V2 dataset image","Canonical unique Braille training/validation/test image used for V2 model lineage","Keep"
"sciobraille-model-lab\datasets\master_v2\images\train\scio_v2_94b5a8953184fc23.jpg","Master V2 dataset image","Canonical unique Braille training/validation/test image used for V2 model lineage","Keep"
"sciobraille-model-lab\datasets\master_v2\images\train\scio_v2_94ba481f153e862b.jpg","Master V2 dataset image","Canonical unique Braille training/validation/test image used for V2 model lineage","Keep"
"sciobraille-model-lab\datasets\master_v2\images\train\scio_v2_94dddcf504335947.jpg","Master V2 dataset image","Canonical unique Braille training/validation/test image used for V2 model lineage","Keep"
"sciobraille-model-lab\datasets\master_v2\images\train\scio_v2_94e727f7fe03e8da.jpg","Master V2 dataset image","Canonical unique Braille training/validation/test image used for V2 model lineage","Keep"
"sciobraille-model-lab\datasets\master_v2\images\train\scio_v2_94f69207152eb45a.jpg","Master V2 dataset image","Canonical unique Braille training/validation/test image used for V2 model lineage","Keep"
"sciobraille-model-lab\datasets\master_v2\images\train\scio_v2_9574af453f5ec045.jpg","Master V2 dataset image","Canonical unique Braille training/validation/test image used for V2 model lineage","Keep"
"sciobraille-model-lab\datasets\master_v2\images\train\scio_v2_960986a8883de6d0.jpg","Master V2 dataset image","Canonical unique Braille training/validation/test image used for V2 model lineage","Keep"
"sciobraille-model-lab\datasets\master_v2\images\train\scio_v2_9623deabb7e0c696.jpg","Master V2 dataset image","Canonical unique Braille training/validation/test image used for V2 model lineage","Keep"
"sciobraille-model-lab\datasets\master_v2\images\train\scio_v2_9669f7d596d55ecc.jpg","Master V2 dataset image","Canonical unique Braille training/validation/test image used for V2 model lineage","Keep"
"sciobraille-model-lab\datasets\master_v2\images\train\scio_v2_968ee0f1c6602f18.jpg","Master V2 dataset image","Canonical unique Braille training/validation/test image used for V2 model lineage","Keep"
"sciobraille-model-lab\datasets\master_v2\images\train\scio_v2_969890dd72636c1d.jpg","Master V2 dataset image","Canonical unique Braille training/validation/test image used for V2 model lineage","Keep"
"sciobraille-model-lab\datasets\master_v2\images\train\scio_v2_96a43bedfbf720d1.jpg","Master V2 dataset image","Canonical unique Braille training/validation/test image used for V2 model lineage","Keep"
"sciobraille-model-lab\datasets\master_v2\images\train\scio_v2_96c8732cb14c83d2.jpg","Master V2 dataset image","Canonical unique Braille training/validation/test image used for V2 model lineage","Keep"
"sciobraille-model-lab\datasets\master_v2\images\train\scio_v2_96d03b27859065ff.jpg","Master V2 dataset image","Canonical unique Braille training/validation/test image used for V2 model lineage","Keep"
"sciobraille-model-lab\datasets\master_v2\images\train\scio_v2_96d514d01b554643.jpg","Master V2 dataset image","Canonical unique Braille training/validation/test image used for V2 model lineage","Keep"
"sciobraille-model-lab\datasets\master_v2\images\train\scio_v2_96dad7e08bd5c5fc.jpg","Master V2 dataset image","Canonical unique Braille training/validation/test image used for V2 model lineage","Keep"
"sciobraille-model-lab\datasets\master_v2\images\train\scio_v2_970bc579cff604c3.jpg","Master V2 dataset image","Canonical unique Braille training/validation/test image used for V2 model lineage","Keep"
"sciobraille-model-lab\datasets\master_v2\images\train\scio_v2_97385ec543788e51.jpg","Master V2 dataset image","Canonical unique Braille training/validation/test image used for V2 model lineage","Keep"
"sciobraille-model-lab\datasets\master_v2\images\train\scio_v2_9744ed8772e5bf75.jpg","Master V2 dataset image","Canonical unique Braille training/validation/test image used for V2 model lineage","Keep"
"sciobraille-model-lab\datasets\master_v2\images\train\scio_v2_97b62e19a157ca68.jpg","Master V2 dataset image","Canonical unique Braille training/validation/test image used for V2 model lineage","Keep"
"sciobraille-model-lab\datasets\master_v2\images\train\scio_v2_97d1930f363b0bcb.jpg","Master V2 dataset image","Canonical unique Braille training/validation/test image used for V2 model lineage","Keep"
"sciobraille-model-lab\datasets\master_v2\images\train\scio_v2_97d20af27e3ba11e.jpg","Master V2 dataset image","Canonical unique Braille training/validation/test image used for V2 model lineage","Keep"
"sciobraille-model-lab\datasets\master_v2\images\train\scio_v2_982531e4960d17f1.jpg","Master V2 dataset image","Canonical unique Braille training/validation/test image used for V2 model lineage","Keep"
"sciobraille-model-lab\datasets\master_v2\images\train\scio_v2_98417fd8ebb9639e.jpg","Master V2 dataset image","Canonical unique Braille training/validation/test image used for V2 model lineage","Keep"
"sciobraille-model-lab\datasets\master_v2\images\train\scio_v2_98a95ccf10d9a44c.jpg","Master V2 dataset image","Canonical unique Braille training/validation/test image used for V2 model lineage","Keep"
"sciobraille-model-lab\datasets\master_v2\images\train\scio_v2_98e50cedf8ce0b68.jpg","Master V2 dataset image","Canonical unique Braille training/validation/test image used for V2 model lineage","Keep"
"sciobraille-model-lab\datasets\master_v2\images\train\scio_v2_98f8f5873082cb1d.jpg","Master V2 dataset image","Canonical unique Braille training/validation/test image used for V2 model lineage","Keep"
"sciobraille-model-lab\datasets\master_v2\images\train\scio_v2_9926fab73b97206d.jpg","Master V2 dataset image","Canonical unique Braille training/validation/test image used for V2 model lineage","Keep"
"sciobraille-model-lab\datasets\master_v2\images\train\scio_v2_99444bf77d846983.jpg","Master V2 dataset image","Canonical unique Braille training/validation/test image used for V2 model lineage","Keep"
"sciobraille-model-lab\datasets\master_v2\images\train\scio_v2_9947a7772c837c28.jpg","Master V2 dataset image","Canonical unique Braille training/validation/test image used for V2 model lineage","Keep"
"sciobraille-model-lab\datasets\master_v2\images\train\scio_v2_99a0808500ef9f86.jpg","Master V2 dataset image","Canonical unique Braille training/validation/test image used for V2 model lineage","Keep"
"sciobraille-model-lab\datasets\master_v2\images\train\scio_v2_99dc6a52321229be.jpg","Master V2 dataset image","Canonical unique Braille training/validation/test image used for V2 model lineage","Keep"
"sciobraille-model-lab\datasets\master_v2\images\train\scio_v2_9a20795c32d2db72.jpg","Master V2 dataset image","Canonical unique Braille training/validation/test image used for V2 model lineage","Keep"
"sciobraille-model-lab\datasets\master_v2\images\train\scio_v2_9a3090691e8ac519.jpg","Master V2 dataset image","Canonical unique Braille training/validation/test image used for V2 model lineage","Keep"
"sciobraille-model-lab\datasets\master_v2\images\train\scio_v2_9a39b21797644389.jpg","Master V2 dataset image","Canonical unique Braille training/validation/test image used for V2 model lineage","Keep"
"sciobraille-model-lab\datasets\master_v2\images\train\scio_v2_9a50989d6f61cb1c.jpg","Master V2 dataset image","Canonical unique Braille training/validation/test image used for V2 model lineage","Keep"
"sciobraille-model-lab\datasets\master_v2\images\train\scio_v2_9a972c8aa6ce3f62.jpg","Master V2 dataset image","Canonical unique Braille training/validation/test image used for V2 model lineage","Keep"
"sciobraille-model-lab\datasets\master_v2\images\train\scio_v2_9a9beafc7511ef4e.jpg","Master V2 dataset image","Canonical unique Braille training/validation/test image used for V2 model lineage","Keep"
"sciobraille-model-lab\datasets\master_v2\images\train\scio_v2_9ad3d98140eb6c0f.jpg","Master V2 dataset image","Canonical unique Braille training/validation/test image used for V2 model lineage","Keep"
"sciobraille-model-lab\datasets\master_v2\images\train\scio_v2_9af9b1dc79822da7.jpg","Master V2 dataset image","Canonical unique Braille training/validation/test image used for V2 model lineage","Keep"
"sciobraille-model-lab\datasets\master_v2\images\train\scio_v2_9b0e764e9e20dc51.jpg","Master V2 dataset image","Canonical unique Braille training/validation/test image used for V2 model lineage","Keep"
"sciobraille-model-lab\datasets\master_v2\images\train\scio_v2_9b0ea800e23e7df0.jpg","Master V2 dataset image","Canonical unique Braille training/validation/test image used for V2 model lineage","Keep"
"sciobraille-model-lab\datasets\master_v2\images\train\scio_v2_9b2c653609f0094e.jpg","Master V2 dataset image","Canonical unique Braille training/validation/test image used for V2 model lineage","Keep"
"sciobraille-model-lab\datasets\master_v2\images\train\scio_v2_9bbd16b8744a2a90.jpg","Master V2 dataset image","Canonical unique Braille training/validation/test image used for V2 model lineage","Keep"
"sciobraille-model-lab\datasets\master_v2\images\train\scio_v2_9c6f5cae694b8a38.jpg","Master V2 dataset image","Canonical unique Braille training/validation/test image used for V2 model lineage","Keep"
"sciobraille-model-lab\datasets\master_v2\images\train\scio_v2_9c7ab933b2626bb8.jpg","Master V2 dataset image","Canonical unique Braille training/validation/test image used for V2 model lineage","Keep"
"sciobraille-model-lab\datasets\master_v2\images\train\scio_v2_9ca18eb3e8b00e4a.jpg","Master V2 dataset image","Canonical unique Braille training/validation/test image used for V2 model lineage","Keep"
"sciobraille-model-lab\datasets\master_v2\images\train\scio_v2_9ca8bebde639009b.jpg","Master V2 dataset image","Canonical unique Braille training/validation/test image used for V2 model lineage","Keep"
"sciobraille-model-lab\datasets\master_v2\images\train\scio_v2_9ce54e54648ae7a4.jpg","Master V2 dataset image","Canonical unique Braille training/validation/test image used for V2 model lineage","Keep"
"sciobraille-model-lab\datasets\master_v2\images\train\scio_v2_9d0228b48828a822.jpg","Master V2 dataset image","Canonical unique Braille training/validation/test image used for V2 model lineage","Keep"
"sciobraille-model-lab\datasets\master_v2\images\train\scio_v2_9db0ba5c0ab6043b.jpg","Master V2 dataset image","Canonical unique Braille training/validation/test image used for V2 model lineage","Keep"
"sciobraille-model-lab\datasets\master_v2\images\train\scio_v2_9dfa5fa3922af2f6.jpg","Master V2 dataset image","Canonical unique Braille training/validation/test image used for V2 model lineage","Keep"
"sciobraille-model-lab\datasets\master_v2\images\train\scio_v2_9dfcf4e11ec34929.jpg","Master V2 dataset image","Canonical unique Braille training/validation/test image used for V2 model lineage","Keep"
"sciobraille-model-lab\datasets\master_v2\images\train\scio_v2_9e3617939c8e3fcf.jpg","Master V2 dataset image","Canonical unique Braille training/validation/test image used for V2 model lineage","Keep"
"sciobraille-model-lab\datasets\master_v2\images\train\scio_v2_9e3b6f82c43d4abf.jpg","Master V2 dataset image","Canonical unique Braille training/validation/test image used for V2 model lineage","Keep"
"sciobraille-model-lab\datasets\master_v2\images\train\scio_v2_9e9ce47ee87230aa.jpg","Master V2 dataset image","Canonical unique Braille training/validation/test image used for V2 model lineage","Keep"
"sciobraille-model-lab\datasets\master_v2\images\train\scio_v2_9eceeb106fb5fcb4.jpg","Master V2 dataset image","Canonical unique Braille training/validation/test image used for V2 model lineage","Keep"
"sciobraille-model-lab\datasets\master_v2\images\train\scio_v2_9f4713711af3af68.jpg","Master V2 dataset image","Canonical unique Braille training/validation/test image used for V2 model lineage","Keep"
"sciobraille-model-lab\datasets\master_v2\images\train\scio_v2_9f6ebb48c9cd60a9.jpg","Master V2 dataset image","Canonical unique Braille training/validation/test image used for V2 model lineage","Keep"
"sciobraille-model-lab\datasets\master_v2\images\train\scio_v2_9fa7b59d06817092.jpg","Master V2 dataset image","Canonical unique Braille training/validation/test image used for V2 model lineage","Keep"
"sciobraille-model-lab\datasets\master_v2\images\train\scio_v2_9fb04479022b6ec5.jpg","Master V2 dataset image","Canonical unique Braille training/validation/test image used for V2 model lineage","Keep"
"sciobraille-model-lab\datasets\master_v2\images\train\scio_v2_9fb83928d4f8f66d.jpg","Master V2 dataset image","Canonical unique Braille training/validation/test image used for V2 model lineage","Keep"
"sciobraille-model-lab\datasets\master_v2\images\train\scio_v2_a003dd1db6be7b58.jpg","Master V2 dataset image","Canonical unique Braille training/validation/test image used for V2 model lineage","Keep"
"sciobraille-model-lab\datasets\master_v2\images\train\scio_v2_a009de0ab526a869.jpg","Master V2 dataset image","Canonical unique Braille training/validation/test image used for V2 model lineage","Keep"
"sciobraille-model-lab\datasets\master_v2\images\train\scio_v2_a01b917ac1926b04.jpg","Master V2 dataset image","Canonical unique Braille training/validation/test image used for V2 model lineage","Keep"
"sciobraille-model-lab\datasets\master_v2\images\train\scio_v2_a047814ca545114d.jpg","Master V2 dataset image","Canonical unique Braille training/validation/test image used for V2 model lineage","Keep"
"sciobraille-model-lab\datasets\master_v2\images\train\scio_v2_a05244d1f9e11736.jpg","Master V2 dataset image","Canonical unique Braille training/validation/test image used for V2 model lineage","Keep"
"sciobraille-model-lab\datasets\master_v2\images\train\scio_v2_a0632c07ec7bf062.jpg","Master V2 dataset image","Canonical unique Braille training/validation/test image used for V2 model lineage","Keep"
"sciobraille-model-lab\datasets\master_v2\images\train\scio_v2_a08c9183d12b7668.jpg","Master V2 dataset image","Canonical unique Braille training/validation/test image used for V2 model lineage","Keep"
"sciobraille-model-lab\datasets\master_v2\images\train\scio_v2_a0ad4f98e8b924b7.jpg","Master V2 dataset image","Canonical unique Braille training/validation/test image used for V2 model lineage","Keep"
"sciobraille-model-lab\datasets\master_v2\images\train\scio_v2_a0aedef0b3102205.jpg","Master V2 dataset image","Canonical unique Braille training/validation/test image used for V2 model lineage","Keep"
"sciobraille-model-lab\datasets\master_v2\images\train\scio_v2_a0da93f3c5b11055.jpg","Master V2 dataset image","Canonical unique Braille training/validation/test image used for V2 model lineage","Keep"
"sciobraille-model-lab\datasets\master_v2\images\train\scio_v2_a0ded6cee5586c1d.jpg","Master V2 dataset image","Canonical unique Braille training/validation/test image used for V2 model lineage","Keep"
"sciobraille-model-lab\datasets\master_v2\images\train\scio_v2_a1034c4fa847cf44.jpg","Master V2 dataset image","Canonical unique Braille training/validation/test image used for V2 model lineage","Keep"
"sciobraille-model-lab\datasets\master_v2\images\train\scio_v2_a1939edaa36ea13f.jpg","Master V2 dataset image","Canonical unique Braille training/validation/test image used for V2 model lineage","Keep"
"sciobraille-model-lab\datasets\master_v2\images\train\scio_v2_a1a471f819a05efb.jpg","Master V2 dataset image","Canonical unique Braille training/validation/test image used for V2 model lineage","Keep"
"sciobraille-model-lab\datasets\master_v2\images\train\scio_v2_a1d5b6ec96c9f42a.jpg","Master V2 dataset image","Canonical unique Braille training/validation/test image used for V2 model lineage","Keep"
"sciobraille-model-lab\datasets\master_v2\images\train\scio_v2_a1e1ffd583dd7c29.jpg","Master V2 dataset image","Canonical unique Braille training/validation/test image used for V2 model lineage","Keep"
"sciobraille-model-lab\datasets\master_v2\images\train\scio_v2_a1e37df9b4bc53e3.jpg","Master V2 dataset image","Canonical unique Braille training/validation/test image used for V2 model lineage","Keep"
"sciobraille-model-lab\datasets\master_v2\images\train\scio_v2_a1f78ff419aa2309.jpg","Master V2 dataset image","Canonical unique Braille training/validation/test image used for V2 model lineage","Keep"
"sciobraille-model-lab\datasets\master_v2\images\train\scio_v2_a1f8c7b23bbc1af9.jpg","Master V2 dataset image","Canonical unique Braille training/validation/test image used for V2 model lineage","Keep"
"sciobraille-model-lab\datasets\master_v2\images\train\scio_v2_a232f3f15d980106.jpg","Master V2 dataset image","Canonical unique Braille training/validation/test image used for V2 model lineage","Keep"
"sciobraille-model-lab\datasets\master_v2\images\train\scio_v2_a2344e3635c92187.jpg","Master V2 dataset image","Canonical unique Braille training/validation/test image used for V2 model lineage","Keep"
"sciobraille-model-lab\datasets\master_v2\images\train\scio_v2_a275921459720b73.jpg","Master V2 dataset image","Canonical unique Braille training/validation/test image used for V2 model lineage","Keep"
"sciobraille-model-lab\datasets\master_v2\images\train\scio_v2_a279a90f3ecffb3b.jpg","Master V2 dataset image","Canonical unique Braille training/validation/test image used for V2 model lineage","Keep"
"sciobraille-model-lab\datasets\master_v2\images\train\scio_v2_a299f391c1735f7f.jpg","Master V2 dataset image","Canonical unique Braille training/validation/test image used for V2 model lineage","Keep"
"sciobraille-model-lab\datasets\master_v2\images\train\scio_v2_a2d97fd93c3f2a2f.jpg","Master V2 dataset image","Canonical unique Braille training/validation/test image used for V2 model lineage","Keep"
"sciobraille-model-lab\datasets\master_v2\images\train\scio_v2_a305c426769d00f2.jpg","Master V2 dataset image","Canonical unique Braille training/validation/test image used for V2 model lineage","Keep"
"sciobraille-model-lab\datasets\master_v2\images\train\scio_v2_a3071a62021587a7.jpg","Master V2 dataset image","Canonical unique Braille training/validation/test image used for V2 model lineage","Keep"
"sciobraille-model-lab\datasets\master_v2\images\train\scio_v2_a3a5b97b2d3c5c1d.jpg","Master V2 dataset image","Canonical unique Braille training/validation/test image used for V2 model lineage","Keep"
"sciobraille-model-lab\datasets\master_v2\images\train\scio_v2_a41fec9085ee1bbb.jpg","Master V2 dataset image","Canonical unique Braille training/validation/test image used for V2 model lineage","Keep"
"sciobraille-model-lab\datasets\master_v2\images\train\scio_v2_a460b9c4a4a0e0d0.jpg","Master V2 dataset image","Canonical unique Braille training/validation/test image used for V2 model lineage","Keep"
"sciobraille-model-lab\datasets\master_v2\images\train\scio_v2_a46f4b7d82f7e004.jpg","Master V2 dataset image","Canonical unique Braille training/validation/test image used for V2 model lineage","Keep"
"sciobraille-model-lab\datasets\master_v2\images\train\scio_v2_a495448faeaa1714.jpg","Master V2 dataset image","Canonical unique Braille training/validation/test image used for V2 model lineage","Keep"
"sciobraille-model-lab\datasets\master_v2\images\train\scio_v2_a4b15cb6faa60ae0.jpg","Master V2 dataset image","Canonical unique Braille training/validation/test image used for V2 model lineage","Keep"
"sciobraille-model-lab\datasets\master_v2\images\train\scio_v2_a4be91d6f064dfff.jpg","Master V2 dataset image","Canonical unique Braille training/validation/test image used for V2 model lineage","Keep"
"sciobraille-model-lab\datasets\master_v2\images\train\scio_v2_a4c692274aac009f.jpg","Master V2 dataset image","Canonical unique Braille training/validation/test image used for V2 model lineage","Keep"
"sciobraille-model-lab\datasets\master_v2\images\train\scio_v2_a4dbdd15048dfdce.jpg","Master V2 dataset image","Canonical unique Braille training/validation/test image used for V2 model lineage","Keep"
"sciobraille-model-lab\datasets\master_v2\images\train\scio_v2_a5228f09ab7ace4c.jpg","Master V2 dataset image","Canonical unique Braille training/validation/test image used for V2 model lineage","Keep"
"sciobraille-model-lab\datasets\master_v2\images\train\scio_v2_a5ab10f0aaa8831d.jpg","Master V2 dataset image","Canonical unique Braille training/validation/test image used for V2 model lineage","Keep"
"sciobraille-model-lab\datasets\master_v2\images\train\scio_v2_a5ab9a271b3a3dc2.jpg","Master V2 dataset image","Canonical unique Braille training/validation/test image used for V2 model lineage","Keep"
"sciobraille-model-lab\datasets\master_v2\images\train\scio_v2_a5f089dd12222a6e.jpg","Master V2 dataset image","Canonical unique Braille training/validation/test image used for V2 model lineage","Keep"
"sciobraille-model-lab\datasets\master_v2\images\train\scio_v2_a62b613d3060394c.jpg","Master V2 dataset image","Canonical unique Braille training/validation/test image used for V2 model lineage","Keep"
"sciobraille-model-lab\datasets\master_v2\images\train\scio_v2_a6a88dcf8d52ba1c.jpg","Master V2 dataset image","Canonical unique Braille training/validation/test image used for V2 model lineage","Keep"
"sciobraille-model-lab\datasets\master_v2\images\train\scio_v2_a79dd1fa00f76639.jpg","Master V2 dataset image","Canonical unique Braille training/validation/test image used for V2 model lineage","Keep"
"sciobraille-model-lab\datasets\master_v2\images\train\scio_v2_a7a4a61bd3d6092a.jpg","Master V2 dataset image","Canonical unique Braille training/validation/test image used for V2 model lineage","Keep"
"sciobraille-model-lab\datasets\master_v2\images\train\scio_v2_a7cbd5f6defba551.jpg","Master V2 dataset image","Canonical unique Braille training/validation/test image used for V2 model lineage","Keep"
"sciobraille-model-lab\datasets\master_v2\images\train\scio_v2_a7d5a9b85f516945.jpg","Master V2 dataset image","Canonical unique Braille training/validation/test image used for V2 model lineage","Keep"
"sciobraille-model-lab\datasets\master_v2\images\train\scio_v2_a7ea723b790d71ad.jpg","Master V2 dataset image","Canonical unique Braille training/validation/test image used for V2 model lineage","Keep"
"sciobraille-model-lab\datasets\master_v2\images\train\scio_v2_a7f9eef0bb2f0d6e.jpg","Master V2 dataset image","Canonical unique Braille training/validation/test image used for V2 model lineage","Keep"
"sciobraille-model-lab\datasets\master_v2\images\train\scio_v2_a8485b15859e6bc0.jpg","Master V2 dataset image","Canonical unique Braille training/validation/test image used for V2 model lineage","Keep"
"sciobraille-model-lab\datasets\master_v2\images\train\scio_v2_a8530bfb6f7375a6.jpg","Master V2 dataset image","Canonical unique Braille training/validation/test image used for V2 model lineage","Keep"
"sciobraille-model-lab\datasets\master_v2\images\train\scio_v2_a857650858eac68c.jpg","Master V2 dataset image","Canonical unique Braille training/validation/test image used for V2 model lineage","Keep"
"sciobraille-model-lab\datasets\master_v2\images\train\scio_v2_a86e1173d15adab6.jpg","Master V2 dataset image","Canonical unique Braille training/validation/test image used for V2 model lineage","Keep"
"sciobraille-model-lab\datasets\master_v2\images\train\scio_v2_a8944631a18aef21.jpg","Master V2 dataset image","Canonical unique Braille training/validation/test image used for V2 model lineage","Keep"
"sciobraille-model-lab\datasets\master_v2\images\train\scio_v2_a8a4a71208155aef.jpg","Master V2 dataset image","Canonical unique Braille training/validation/test image used for V2 model lineage","Keep"
"sciobraille-model-lab\datasets\master_v2\images\train\scio_v2_a8ea9ec5320851ff.jpg","Master V2 dataset image","Canonical unique Braille training/validation/test image used for V2 model lineage","Keep"
"sciobraille-model-lab\datasets\master_v2\images\train\scio_v2_a90d498c42b6a391.jpg","Master V2 dataset image","Canonical unique Braille training/validation/test image used for V2 model lineage","Keep"
"sciobraille-model-lab\datasets\master_v2\images\train\scio_v2_a90d9ec8f711403e.jpg","Master V2 dataset image","Canonical unique Braille training/validation/test image used for V2 model lineage","Keep"
"sciobraille-model-lab\datasets\master_v2\images\train\scio_v2_a9336a651b3f2aa8.jpg","Master V2 dataset image","Canonical unique Braille training/validation/test image used for V2 model lineage","Keep"
"sciobraille-model-lab\datasets\master_v2\images\train\scio_v2_a9453f2989a233de.jpg","Master V2 dataset image","Canonical unique Braille training/validation/test image used for V2 model lineage","Keep"
"sciobraille-model-lab\datasets\master_v2\images\train\scio_v2_a953deb3cf55631f.jpg","Master V2 dataset image","Canonical unique Braille training/validation/test image used for V2 model lineage","Keep"
"sciobraille-model-lab\datasets\master_v2\images\train\scio_v2_a95d0f6998edce1a.jpg","Master V2 dataset image","Canonical unique Braille training/validation/test image used for V2 model lineage","Keep"
"sciobraille-model-lab\datasets\master_v2\images\train\scio_v2_a97524c37be5dd8e.jpg","Master V2 dataset image","Canonical unique Braille training/validation/test image used for V2 model lineage","Keep"
"sciobraille-model-lab\datasets\master_v2\images\train\scio_v2_a97a996395e081f2.jpg","Master V2 dataset image","Canonical unique Braille training/validation/test image used for V2 model lineage","Keep"
"sciobraille-model-lab\datasets\master_v2\images\train\scio_v2_a99333b5dcd09fff.jpg","Master V2 dataset image","Canonical unique Braille training/validation/test image used for V2 model lineage","Keep"
"sciobraille-model-lab\datasets\master_v2\images\train\scio_v2_a9ed9c3f716eb55a.jpg","Master V2 dataset image","Canonical unique Braille training/validation/test image used for V2 model lineage","Keep"
"sciobraille-model-lab\datasets\master_v2\images\train\scio_v2_a9f250bf8bece356.jpg","Master V2 dataset image","Canonical unique Braille training/validation/test image used for V2 model lineage","Keep"
"sciobraille-model-lab\datasets\master_v2\images\train\scio_v2_a9f43e85ac35eeab.jpg","Master V2 dataset image","Canonical unique Braille training/validation/test image used for V2 model lineage","Keep"
"sciobraille-model-lab\datasets\master_v2\images\train\scio_v2_aa0dcbf89fd998d2.jpg","Master V2 dataset image","Canonical unique Braille training/validation/test image used for V2 model lineage","Keep"
"sciobraille-model-lab\datasets\master_v2\images\train\scio_v2_aa7d131d40f2cc9f.jpg","Master V2 dataset image","Canonical unique Braille training/validation/test image used for V2 model lineage","Keep"
"sciobraille-model-lab\datasets\master_v2\images\train\scio_v2_aa835e0ce0b21047.jpg","Master V2 dataset image","Canonical unique Braille training/validation/test image used for V2 model lineage","Keep"
"sciobraille-model-lab\datasets\master_v2\images\train\scio_v2_aaa6261ecb2473b1.jpg","Master V2 dataset image","Canonical unique Braille training/validation/test image used for V2 model lineage","Keep"
"sciobraille-model-lab\datasets\master_v2\images\train\scio_v2_aae897e96e8eb2ca.jpg","Master V2 dataset image","Canonical unique Braille training/validation/test image used for V2 model lineage","Keep"
"sciobraille-model-lab\datasets\master_v2\images\train\scio_v2_ab115f6a573a31d9.jpg","Master V2 dataset image","Canonical unique Braille training/validation/test image used for V2 model lineage","Keep"
"sciobraille-model-lab\datasets\master_v2\images\train\scio_v2_ab86a739ce6074f2.jpg","Master V2 dataset image","Canonical unique Braille training/validation/test image used for V2 model lineage","Keep"
"sciobraille-model-lab\datasets\master_v2\images\train\scio_v2_aba2f18d9029fd4e.jpg","Master V2 dataset image","Canonical unique Braille training/validation/test image used for V2 model lineage","Keep"
"sciobraille-model-lab\datasets\master_v2\images\train\scio_v2_aba3216478e12840.jpg","Master V2 dataset image","Canonical unique Braille training/validation/test image used for V2 model lineage","Keep"
"sciobraille-model-lab\datasets\master_v2\images\train\scio_v2_abdb013c5308b1b2.jpg","Master V2 dataset image","Canonical unique Braille training/validation/test image used for V2 model lineage","Keep"
"sciobraille-model-lab\datasets\master_v2\images\train\scio_v2_ac0ca62b882eeda2.jpg","Master V2 dataset image","Canonical unique Braille training/validation/test image used for V2 model lineage","Keep"
"sciobraille-model-lab\datasets\master_v2\images\train\scio_v2_ac28b9937292d7a3.jpg","Master V2 dataset image","Canonical unique Braille training/validation/test image used for V2 model lineage","Keep"
"sciobraille-model-lab\datasets\master_v2\images\train\scio_v2_ac2a10876795be91.jpg","Master V2 dataset image","Canonical unique Braille training/validation/test image used for V2 model lineage","Keep"
"sciobraille-model-lab\datasets\master_v2\images\train\scio_v2_ad34cfbc36083d3c.jpg","Master V2 dataset image","Canonical unique Braille training/validation/test image used for V2 model lineage","Keep"
"sciobraille-model-lab\datasets\master_v2\images\train\scio_v2_ad3efb6ba86b4630.jpg","Master V2 dataset image","Canonical unique Braille training/validation/test image used for V2 model lineage","Keep"
"sciobraille-model-lab\datasets\master_v2\images\train\scio_v2_ad5c0346a3817ee6.jpg","Master V2 dataset image","Canonical unique Braille training/validation/test image used for V2 model lineage","Keep"
"sciobraille-model-lab\datasets\master_v2\images\train\scio_v2_ada7603f0cf94681.jpg","Master V2 dataset image","Canonical unique Braille training/validation/test image used for V2 model lineage","Keep"
"sciobraille-model-lab\datasets\master_v2\images\train\scio_v2_adf015e27331743e.jpg","Master V2 dataset image","Canonical unique Braille training/validation/test image used for V2 model lineage","Keep"
"sciobraille-model-lab\datasets\master_v2\images\train\scio_v2_ae2ad678b2e22c7c.jpg","Master V2 dataset image","Canonical unique Braille training/validation/test image used for V2 model lineage","Keep"
"sciobraille-model-lab\datasets\master_v2\images\train\scio_v2_ae4a389d4ec3851a.jpg","Master V2 dataset image","Canonical unique Braille training/validation/test image used for V2 model lineage","Keep"
"sciobraille-model-lab\datasets\master_v2\images\train\scio_v2_aea4f74384b3bc27.jpg","Master V2 dataset image","Canonical unique Braille training/validation/test image used for V2 model lineage","Keep"
"sciobraille-model-lab\datasets\master_v2\images\train\scio_v2_aebbecc7840aa028.jpg","Master V2 dataset image","Canonical unique Braille training/validation/test image used for V2 model lineage","Keep"
"sciobraille-model-lab\datasets\master_v2\images\train\scio_v2_aecb1e7b97521519.jpg","Master V2 dataset image","Canonical unique Braille training/validation/test image used for V2 model lineage","Keep"
"sciobraille-model-lab\datasets\master_v2\images\train\scio_v2_aed834bb448fce46.jpg","Master V2 dataset image","Canonical unique Braille training/validation/test image used for V2 model lineage","Keep"
"sciobraille-model-lab\datasets\master_v2\images\train\scio_v2_aeec34db07502c2a.jpg","Master V2 dataset image","Canonical unique Braille training/validation/test image used for V2 model lineage","Keep"
"sciobraille-model-lab\datasets\master_v2\images\train\scio_v2_af430748cff65fb7.jpg","Master V2 dataset image","Canonical unique Braille training/validation/test image used for V2 model lineage","Keep"
"sciobraille-model-lab\datasets\master_v2\images\train\scio_v2_af87bdbf127fb960.jpg","Master V2 dataset image","Canonical unique Braille training/validation/test image used for V2 model lineage","Keep"
"sciobraille-model-lab\datasets\master_v2\images\train\scio_v2_afa69df18cb0b99f.jpg","Master V2 dataset image","Canonical unique Braille training/validation/test image used for V2 model lineage","Keep"
"sciobraille-model-lab\datasets\master_v2\images\train\scio_v2_afb6d76f5824fc72.jpg","Master V2 dataset image","Canonical unique Braille training/validation/test image used for V2 model lineage","Keep"
"sciobraille-model-lab\datasets\master_v2\images\train\scio_v2_afd7f009589db35a.jpg","Master V2 dataset image","Canonical unique Braille training/validation/test image used for V2 model lineage","Keep"
"sciobraille-model-lab\datasets\master_v2\images\train\scio_v2_afe787e66592e1a3.jpg","Master V2 dataset image","Canonical unique Braille training/validation/test image used for V2 model lineage","Keep"
"sciobraille-model-lab\datasets\master_v2\images\train\scio_v2_b015d74a208e3d5e.jpg","Master V2 dataset image","Canonical unique Braille training/validation/test image used for V2 model lineage","Keep"
"sciobraille-model-lab\datasets\master_v2\images\train\scio_v2_b01610fdacec9513.jpg","Master V2 dataset image","Canonical unique Braille training/validation/test image used for V2 model lineage","Keep"
"sciobraille-model-lab\datasets\master_v2\images\train\scio_v2_b0267db3a25ccdb7.jpg","Master V2 dataset image","Canonical unique Braille training/validation/test image used for V2 model lineage","Keep"
"sciobraille-model-lab\datasets\master_v2\images\train\scio_v2_b056c3c88063dcda.jpg","Master V2 dataset image","Canonical unique Braille training/validation/test image used for V2 model lineage","Keep"
"sciobraille-model-lab\datasets\master_v2\images\train\scio_v2_b05a4783ee680645.jpg","Master V2 dataset image","Canonical unique Braille training/validation/test image used for V2 model lineage","Keep"
"sciobraille-model-lab\datasets\master_v2\images\train\scio_v2_b05e550ef97eae50.jpg","Master V2 dataset image","Canonical unique Braille training/validation/test image used for V2 model lineage","Keep"
"sciobraille-model-lab\datasets\master_v2\images\train\scio_v2_b0f90b2bd76afd4b.jpg","Master V2 dataset image","Canonical unique Braille training/validation/test image used for V2 model lineage","Keep"
"sciobraille-model-lab\datasets\master_v2\images\train\scio_v2_b109f9f0bd626133.jpg","Master V2 dataset image","Canonical unique Braille training/validation/test image used for V2 model lineage","Keep"
"sciobraille-model-lab\datasets\master_v2\images\train\scio_v2_b11b1343a91be4ac.jpg","Master V2 dataset image","Canonical unique Braille training/validation/test image used for V2 model lineage","Keep"
"sciobraille-model-lab\datasets\master_v2\images\train\scio_v2_b133e290d06d9cfe.jpg","Master V2 dataset image","Canonical unique Braille training/validation/test image used for V2 model lineage","Keep"
"sciobraille-model-lab\datasets\master_v2\images\train\scio_v2_b1d40676c8dbcfc8.jpg","Master V2 dataset image","Canonical unique Braille training/validation/test image used for V2 model lineage","Keep"
"sciobraille-model-lab\datasets\master_v2\images\train\scio_v2_b1ed0ccbbbd2748d.jpg","Master V2 dataset image","Canonical unique Braille training/validation/test image used for V2 model lineage","Keep"
"sciobraille-model-lab\datasets\master_v2\images\train\scio_v2_b231ac90b51af9db.jpg","Master V2 dataset image","Canonical unique Braille training/validation/test image used for V2 model lineage","Keep"
"sciobraille-model-lab\datasets\master_v2\images\train\scio_v2_b23aa464a5820d3c.jpg","Master V2 dataset image","Canonical unique Braille training/validation/test image used for V2 model lineage","Keep"
"sciobraille-model-lab\datasets\master_v2\images\train\scio_v2_b30112842a6956c3.jpg","Master V2 dataset image","Canonical unique Braille training/validation/test image used for V2 model lineage","Keep"
"sciobraille-model-lab\datasets\master_v2\images\train\scio_v2_b304c03122952ff8.jpg","Master V2 dataset image","Canonical unique Braille training/validation/test image used for V2 model lineage","Keep"
"sciobraille-model-lab\datasets\master_v2\images\train\scio_v2_b3fbbe5d7114a7e1.jpg","Master V2 dataset image","Canonical unique Braille training/validation/test image used for V2 model lineage","Keep"
"sciobraille-model-lab\datasets\master_v2\images\train\scio_v2_b3ff7f88b2b7ca2c.jpg","Master V2 dataset image","Canonical unique Braille training/validation/test image used for V2 model lineage","Keep"
"sciobraille-model-lab\datasets\master_v2\images\train\scio_v2_b428538fe136ab1f.jpg","Master V2 dataset image","Canonical unique Braille training/validation/test image used for V2 model lineage","Keep"
"sciobraille-model-lab\datasets\master_v2\images\train\scio_v2_b4f58d7a5e3a571f.jpg","Master V2 dataset image","Canonical unique Braille training/validation/test image used for V2 model lineage","Keep"
"sciobraille-model-lab\datasets\master_v2\images\train\scio_v2_b53c0c7042f9b031.jpg","Master V2 dataset image","Canonical unique Braille training/validation/test image used for V2 model lineage","Keep"
"sciobraille-model-lab\datasets\master_v2\images\train\scio_v2_b54fe9c4a909ea94.jpg","Master V2 dataset image","Canonical unique Braille training/validation/test image used for V2 model lineage","Keep"
"sciobraille-model-lab\datasets\master_v2\images\train\scio_v2_b581fbc3943d490f.jpg","Master V2 dataset image","Canonical unique Braille training/validation/test image used for V2 model lineage","Keep"
"sciobraille-model-lab\datasets\master_v2\images\train\scio_v2_b5a763190a18b458.jpg","Master V2 dataset image","Canonical unique Braille training/validation/test image used for V2 model lineage","Keep"
"sciobraille-model-lab\datasets\master_v2\images\train\scio_v2_b5e493081c49de92.jpg","Master V2 dataset image","Canonical unique Braille training/validation/test image used for V2 model lineage","Keep"
"sciobraille-model-lab\datasets\master_v2\images\train\scio_v2_b6214b9cc3829525.jpg","Master V2 dataset image","Canonical unique Braille training/validation/test image used for V2 model lineage","Keep"
"sciobraille-model-lab\datasets\master_v2\images\train\scio_v2_b6545e59d4bc10cb.jpg","Master V2 dataset image","Canonical unique Braille training/validation/test image used for V2 model lineage","Keep"
"sciobraille-model-lab\datasets\master_v2\images\train\scio_v2_b6e37bbeeb0ff96b.jpg","Master V2 dataset image","Canonical unique Braille training/validation/test image used for V2 model lineage","Keep"
"sciobraille-model-lab\datasets\master_v2\images\train\scio_v2_b6fdf6b40cb36288.jpg","Master V2 dataset image","Canonical unique Braille training/validation/test image used for V2 model lineage","Keep"
"sciobraille-model-lab\datasets\master_v2\images\train\scio_v2_b749a601e872e967.jpg","Master V2 dataset image","Canonical unique Braille training/validation/test image used for V2 model lineage","Keep"
"sciobraille-model-lab\datasets\master_v2\images\train\scio_v2_b7713a29ba52c931.jpg","Master V2 dataset image","Canonical unique Braille training/validation/test image used for V2 model lineage","Keep"
"sciobraille-model-lab\datasets\master_v2\images\train\scio_v2_b8333d4319675786.jpg","Master V2 dataset image","Canonical unique Braille training/validation/test image used for V2 model lineage","Keep"
"sciobraille-model-lab\datasets\master_v2\images\train\scio_v2_b8373ca791748b9c.jpg","Master V2 dataset image","Canonical unique Braille training/validation/test image used for V2 model lineage","Keep"
"sciobraille-model-lab\datasets\master_v2\images\train\scio_v2_b8452f8769baf3dc.jpg","Master V2 dataset image","Canonical unique Braille training/validation/test image used for V2 model lineage","Keep"
"sciobraille-model-lab\datasets\master_v2\images\train\scio_v2_b853520f1a21b219.jpg","Master V2 dataset image","Canonical unique Braille training/validation/test image used for V2 model lineage","Keep"
"sciobraille-model-lab\datasets\master_v2\images\train\scio_v2_b87a603c21647b80.jpg","Master V2 dataset image","Canonical unique Braille training/validation/test image used for V2 model lineage","Keep"
"sciobraille-model-lab\datasets\master_v2\images\train\scio_v2_b8939a7b8cfa77ae.jpg","Master V2 dataset image","Canonical unique Braille training/validation/test image used for V2 model lineage","Keep"
"sciobraille-model-lab\datasets\master_v2\images\train\scio_v2_b8b088fc1d889251.jpg","Master V2 dataset image","Canonical unique Braille training/validation/test image used for V2 model lineage","Keep"
"sciobraille-model-lab\datasets\master_v2\images\train\scio_v2_b8d45308e95d3823.jpg","Master V2 dataset image","Canonical unique Braille training/validation/test image used for V2 model lineage","Keep"
"sciobraille-model-lab\datasets\master_v2\images\train\scio_v2_b8fd235ef959d4e3.jpg","Master V2 dataset image","Canonical unique Braille training/validation/test image used for V2 model lineage","Keep"
"sciobraille-model-lab\datasets\master_v2\images\train\scio_v2_b906354bb85dbd43.jpg","Master V2 dataset image","Canonical unique Braille training/validation/test image used for V2 model lineage","Keep"
"sciobraille-model-lab\datasets\master_v2\images\train\scio_v2_b92f690b2e6184fc.jpg","Master V2 dataset image","Canonical unique Braille training/validation/test image used for V2 model lineage","Keep"
"sciobraille-model-lab\datasets\master_v2\images\train\scio_v2_b94fddfdc8859018.jpg","Master V2 dataset image","Canonical unique Braille training/validation/test image used for V2 model lineage","Keep"
"sciobraille-model-lab\datasets\master_v2\images\train\scio_v2_b9953d8032800490.jpg","Master V2 dataset image","Canonical unique Braille training/validation/test image used for V2 model lineage","Keep"
"sciobraille-model-lab\datasets\master_v2\images\train\scio_v2_b9d7f156937b3c41.jpg","Master V2 dataset image","Canonical unique Braille training/validation/test image used for V2 model lineage","Keep"
"sciobraille-model-lab\datasets\master_v2\images\train\scio_v2_b9de82bbf18f6353.jpg","Master V2 dataset image","Canonical unique Braille training/validation/test image used for V2 model lineage","Keep"
"sciobraille-model-lab\datasets\master_v2\images\train\scio_v2_b9f605a22fbb7eea.jpg","Master V2 dataset image","Canonical unique Braille training/validation/test image used for V2 model lineage","Keep"
"sciobraille-model-lab\datasets\master_v2\images\train\scio_v2_ba072f013698b3b1.jpg","Master V2 dataset image","Canonical unique Braille training/validation/test image used for V2 model lineage","Keep"
"sciobraille-model-lab\datasets\master_v2\images\train\scio_v2_ba0ccc03f3ff8462.jpg","Master V2 dataset image","Canonical unique Braille training/validation/test image used for V2 model lineage","Keep"
"sciobraille-model-lab\datasets\master_v2\images\train\scio_v2_ba1ec678d868aa6d.jpg","Master V2 dataset image","Canonical unique Braille training/validation/test image used for V2 model lineage","Keep"
"sciobraille-model-lab\datasets\master_v2\images\train\scio_v2_ba7768e4e571e7cb.jpg","Master V2 dataset image","Canonical unique Braille training/validation/test image used for V2 model lineage","Keep"
"sciobraille-model-lab\datasets\master_v2\images\train\scio_v2_ba7e5a8c2133e231.jpg","Master V2 dataset image","Canonical unique Braille training/validation/test image used for V2 model lineage","Keep"
"sciobraille-model-lab\datasets\master_v2\images\train\scio_v2_baa699e411f229fb.jpg","Master V2 dataset image","Canonical unique Braille training/validation/test image used for V2 model lineage","Keep"
"sciobraille-model-lab\datasets\master_v2\images\train\scio_v2_bad7b9acb4076910.jpg","Master V2 dataset image","Canonical unique Braille training/validation/test image used for V2 model lineage","Keep"
"sciobraille-model-lab\datasets\master_v2\images\train\scio_v2_baefc966e8df7489.jpg","Master V2 dataset image","Canonical unique Braille training/validation/test image used for V2 model lineage","Keep"
"sciobraille-model-lab\datasets\master_v2\images\train\scio_v2_bb07ccf02f43d1d9.jpg","Master V2 dataset image","Canonical unique Braille training/validation/test image used for V2 model lineage","Keep"
"sciobraille-model-lab\datasets\master_v2\images\train\scio_v2_bb359a6da5940f2e.jpg","Master V2 dataset image","Canonical unique Braille training/validation/test image used for V2 model lineage","Keep"
"sciobraille-model-lab\datasets\master_v2\images\train\scio_v2_bb367ee9eee62e9a.jpg","Master V2 dataset image","Canonical unique Braille training/validation/test image used for V2 model lineage","Keep"
"sciobraille-model-lab\datasets\master_v2\images\train\scio_v2_bb50460f3a127877.jpg","Master V2 dataset image","Canonical unique Braille training/validation/test image used for V2 model lineage","Keep"
"sciobraille-model-lab\datasets\master_v2\images\train\scio_v2_bb6988b43673ebfd.jpg","Master V2 dataset image","Canonical unique Braille training/validation/test image used for V2 model lineage","Keep"
"sciobraille-model-lab\datasets\master_v2\images\train\scio_v2_bb808ce6ccb03f98.jpg","Master V2 dataset image","Canonical unique Braille training/validation/test image used for V2 model lineage","Keep"
"sciobraille-model-lab\datasets\master_v2\images\train\scio_v2_bb8350cd2737ddb8.jpg","Master V2 dataset image","Canonical unique Braille training/validation/test image used for V2 model lineage","Keep"
"sciobraille-model-lab\datasets\master_v2\images\train\scio_v2_bbbfdb0b80b9da34.jpg","Master V2 dataset image","Canonical unique Braille training/validation/test image used for V2 model lineage","Keep"
"sciobraille-model-lab\datasets\master_v2\images\train\scio_v2_bbc24955c3bf7886.jpg","Master V2 dataset image","Canonical unique Braille training/validation/test image used for V2 model lineage","Keep"
"sciobraille-model-lab\datasets\master_v2\images\train\scio_v2_bbff56112b1d0f0d.jpg","Master V2 dataset image","Canonical unique Braille training/validation/test image used for V2 model lineage","Keep"
"sciobraille-model-lab\datasets\master_v2\images\train\scio_v2_bc07de3cd5adbb26.jpg","Master V2 dataset image","Canonical unique Braille training/validation/test image used for V2 model lineage","Keep"
"sciobraille-model-lab\datasets\master_v2\images\train\scio_v2_bc0b63fe5f8c1de7.jpg","Master V2 dataset image","Canonical unique Braille training/validation/test image used for V2 model lineage","Keep"
"sciobraille-model-lab\datasets\master_v2\images\train\scio_v2_bc20b66b4b92a325.jpg","Master V2 dataset image","Canonical unique Braille training/validation/test image used for V2 model lineage","Keep"
"sciobraille-model-lab\datasets\master_v2\images\train\scio_v2_bc499b824e49e150.jpg","Master V2 dataset image","Canonical unique Braille training/validation/test image used for V2 model lineage","Keep"
"sciobraille-model-lab\datasets\master_v2\images\train\scio_v2_bc7bdbe80f38a18c.jpg","Master V2 dataset image","Canonical unique Braille training/validation/test image used for V2 model lineage","Keep"
"sciobraille-model-lab\datasets\master_v2\images\train\scio_v2_bc97124c8fc72384.jpg","Master V2 dataset image","Canonical unique Braille training/validation/test image used for V2 model lineage","Keep"
"sciobraille-model-lab\datasets\master_v2\images\train\scio_v2_bca857647e9f2cba.jpg","Master V2 dataset image","Canonical unique Braille training/validation/test image used for V2 model lineage","Keep"
"sciobraille-model-lab\datasets\master_v2\images\train\scio_v2_bce31eb52a1c3efb.jpg","Master V2 dataset image","Canonical unique Braille training/validation/test image used for V2 model lineage","Keep"
"sciobraille-model-lab\datasets\master_v2\images\train\scio_v2_bcf741bc7db0f79c.jpg","Master V2 dataset image","Canonical unique Braille training/validation/test image used for V2 model lineage","Keep"
"sciobraille-model-lab\datasets\master_v2\images\train\scio_v2_bcf9e7ceb45467a6.jpg","Master V2 dataset image","Canonical unique Braille training/validation/test image used for V2 model lineage","Keep"
"sciobraille-model-lab\datasets\master_v2\images\train\scio_v2_bd2ee945596923d1.jpg","Master V2 dataset image","Canonical unique Braille training/validation/test image used for V2 model lineage","Keep"
"sciobraille-model-lab\datasets\master_v2\images\train\scio_v2_bd3be5148e6a835c.jpg","Master V2 dataset image","Canonical unique Braille training/validation/test image used for V2 model lineage","Keep"
"sciobraille-model-lab\datasets\master_v2\images\train\scio_v2_bd735f7b55a130a0.jpg","Master V2 dataset image","Canonical unique Braille training/validation/test image used for V2 model lineage","Keep"
"sciobraille-model-lab\datasets\master_v2\images\train\scio_v2_bdb009d9d0894c1b.jpg","Master V2 dataset image","Canonical unique Braille training/validation/test image used for V2 model lineage","Keep"
"sciobraille-model-lab\datasets\master_v2\images\train\scio_v2_bde4783c4047dcaa.jpg","Master V2 dataset image","Canonical unique Braille training/validation/test image used for V2 model lineage","Keep"
"sciobraille-model-lab\datasets\master_v2\images\train\scio_v2_be19883ef7cacb61.jpg","Master V2 dataset image","Canonical unique Braille training/validation/test image used for V2 model lineage","Keep"
"sciobraille-model-lab\datasets\master_v2\images\train\scio_v2_be384025396bde7e.jpg","Master V2 dataset image","Canonical unique Braille training/validation/test image used for V2 model lineage","Keep"
"sciobraille-model-lab\datasets\master_v2\images\train\scio_v2_be67c5d778bf2d4e.jpg","Master V2 dataset image","Canonical unique Braille training/validation/test image used for V2 model lineage","Keep"
"sciobraille-model-lab\datasets\master_v2\images\train\scio_v2_beb3094d0f2accc0.jpg","Master V2 dataset image","Canonical unique Braille training/validation/test image used for V2 model lineage","Keep"
"sciobraille-model-lab\datasets\master_v2\images\train\scio_v2_beb9c8493bc6178c.jpg","Master V2 dataset image","Canonical unique Braille training/validation/test image used for V2 model lineage","Keep"
"sciobraille-model-lab\datasets\master_v2\images\train\scio_v2_bf09ef6ce177f30a.jpg","Master V2 dataset image","Canonical unique Braille training/validation/test image used for V2 model lineage","Keep"
"sciobraille-model-lab\datasets\master_v2\images\train\scio_v2_bf0de3625e62433d.jpg","Master V2 dataset image","Canonical unique Braille training/validation/test image used for V2 model lineage","Keep"
"sciobraille-model-lab\datasets\master_v2\images\train\scio_v2_bf15617d0da6c013.jpg","Master V2 dataset image","Canonical unique Braille training/validation/test image used for V2 model lineage","Keep"
"sciobraille-model-lab\datasets\master_v2\images\train\scio_v2_bf1a1756e7204eac.jpg","Master V2 dataset image","Canonical unique Braille training/validation/test image used for V2 model lineage","Keep"
"sciobraille-model-lab\datasets\master_v2\images\train\scio_v2_bf72fd3af6a9bf66.jpg","Master V2 dataset image","Canonical unique Braille training/validation/test image used for V2 model lineage","Keep"
"sciobraille-model-lab\datasets\master_v2\images\train\scio_v2_bfaecd2413e83c5e.jpg","Master V2 dataset image","Canonical unique Braille training/validation/test image used for V2 model lineage","Keep"
"sciobraille-model-lab\datasets\master_v2\images\train\scio_v2_c068b1e8b9777ac6.jpg","Master V2 dataset image","Canonical unique Braille training/validation/test image used for V2 model lineage","Keep"
"sciobraille-model-lab\datasets\master_v2\images\train\scio_v2_c069f8be3ac98923.jpg","Master V2 dataset image","Canonical unique Braille training/validation/test image used for V2 model lineage","Keep"
"sciobraille-model-lab\datasets\master_v2\images\train\scio_v2_c084c5b3ae5ad2b8.jpg","Master V2 dataset image","Canonical unique Braille training/validation/test image used for V2 model lineage","Keep"
"sciobraille-model-lab\datasets\master_v2\images\train\scio_v2_c0c57b43d3833bf7.jpg","Master V2 dataset image","Canonical unique Braille training/validation/test image used for V2 model lineage","Keep"
"sciobraille-model-lab\datasets\master_v2\images\train\scio_v2_c0ce055b93b3bba8.jpg","Master V2 dataset image","Canonical unique Braille training/validation/test image used for V2 model lineage","Keep"
"sciobraille-model-lab\datasets\master_v2\images\train\scio_v2_c0ea10b0cd11444d.jpg","Master V2 dataset image","Canonical unique Braille training/validation/test image used for V2 model lineage","Keep"
"sciobraille-model-lab\datasets\master_v2\images\train\scio_v2_c116d0d3839a4802.jpg","Master V2 dataset image","Canonical unique Braille training/validation/test image used for V2 model lineage","Keep"
"sciobraille-model-lab\datasets\master_v2\images\train\scio_v2_c146a5eb8abba299.jpg","Master V2 dataset image","Canonical unique Braille training/validation/test image used for V2 model lineage","Keep"
"sciobraille-model-lab\datasets\master_v2\images\train\scio_v2_c162b31d172d494e.jpg","Master V2 dataset image","Canonical unique Braille training/validation/test image used for V2 model lineage","Keep"
"sciobraille-model-lab\datasets\master_v2\images\train\scio_v2_c1a57a82a9d2543b.jpg","Master V2 dataset image","Canonical unique Braille training/validation/test image used for V2 model lineage","Keep"
"sciobraille-model-lab\datasets\master_v2\images\train\scio_v2_c1c1f07c825ece7d.jpg","Master V2 dataset image","Canonical unique Braille training/validation/test image used for V2 model lineage","Keep"
"sciobraille-model-lab\datasets\master_v2\images\train\scio_v2_c225d6901d3b4a15.jpg","Master V2 dataset image","Canonical unique Braille training/validation/test image used for V2 model lineage","Keep"
"sciobraille-model-lab\datasets\master_v2\images\train\scio_v2_c2820c89853f6d7b.jpg","Master V2 dataset image","Canonical unique Braille training/validation/test image used for V2 model lineage","Keep"
"sciobraille-model-lab\datasets\master_v2\images\train\scio_v2_c3111bd188b2dc38.jpg","Master V2 dataset image","Canonical unique Braille training/validation/test image used for V2 model lineage","Keep"
"sciobraille-model-lab\datasets\master_v2\images\train\scio_v2_c339302f77f00fc8.jpg","Master V2 dataset image","Canonical unique Braille training/validation/test image used for V2 model lineage","Keep"
"sciobraille-model-lab\datasets\master_v2\images\train\scio_v2_c36d2d4b1fcd9dde.jpg","Master V2 dataset image","Canonical unique Braille training/validation/test image used for V2 model lineage","Keep"
"sciobraille-model-lab\datasets\master_v2\images\train\scio_v2_c3728b39ae9b041c.jpg","Master V2 dataset image","Canonical unique Braille training/validation/test image used for V2 model lineage","Keep"
"sciobraille-model-lab\datasets\master_v2\images\train\scio_v2_c399662f3790d0b5.jpg","Master V2 dataset image","Canonical unique Braille training/validation/test image used for V2 model lineage","Keep"
"sciobraille-model-lab\datasets\master_v2\images\train\scio_v2_c3998778a5c446d0.jpg","Master V2 dataset image","Canonical unique Braille training/validation/test image used for V2 model lineage","Keep"
"sciobraille-model-lab\datasets\master_v2\images\train\scio_v2_c399df80fe06deb5.jpg","Master V2 dataset image","Canonical unique Braille training/validation/test image used for V2 model lineage","Keep"
"sciobraille-model-lab\datasets\master_v2\images\train\scio_v2_c4ee8f2743ec6652.jpg","Master V2 dataset image","Canonical unique Braille training/validation/test image used for V2 model lineage","Keep"
"sciobraille-model-lab\datasets\master_v2\images\train\scio_v2_c52ad68ef00284ca.jpg","Master V2 dataset image","Canonical unique Braille training/validation/test image used for V2 model lineage","Keep"
"sciobraille-model-lab\datasets\master_v2\images\train\scio_v2_c532a2b834eed31b.jpg","Master V2 dataset image","Canonical unique Braille training/validation/test image used for V2 model lineage","Keep"
"sciobraille-model-lab\datasets\master_v2\images\train\scio_v2_c587e1b0fcad9bd8.jpg","Master V2 dataset image","Canonical unique Braille training/validation/test image used for V2 model lineage","Keep"
"sciobraille-model-lab\datasets\master_v2\images\train\scio_v2_c5aab7fc2cd68a72.jpg","Master V2 dataset image","Canonical unique Braille training/validation/test image used for V2 model lineage","Keep"
"sciobraille-model-lab\datasets\master_v2\images\train\scio_v2_c5c2d1dd7712343e.jpg","Master V2 dataset image","Canonical unique Braille training/validation/test image used for V2 model lineage","Keep"
"sciobraille-model-lab\datasets\master_v2\images\train\scio_v2_c5cb31d2d68ae83f.jpg","Master V2 dataset image","Canonical unique Braille training/validation/test image used for V2 model lineage","Keep"
"sciobraille-model-lab\datasets\master_v2\images\train\scio_v2_c5d062b956dd22fe.jpg","Master V2 dataset image","Canonical unique Braille training/validation/test image used for V2 model lineage","Keep"
"sciobraille-model-lab\datasets\master_v2\images\train\scio_v2_c5ed4828c5d5674f.jpg","Master V2 dataset image","Canonical unique Braille training/validation/test image used for V2 model lineage","Keep"
"sciobraille-model-lab\datasets\master_v2\images\train\scio_v2_c5ee702f2b54afbb.jpg","Master V2 dataset image","Canonical unique Braille training/validation/test image used for V2 model lineage","Keep"
"sciobraille-model-lab\datasets\master_v2\images\train\scio_v2_c61bbb5dd6853d4a.jpg","Master V2 dataset image","Canonical unique Braille training/validation/test image used for V2 model lineage","Keep"
"sciobraille-model-lab\datasets\master_v2\images\train\scio_v2_c61db4d1a9afa00f.jpg","Master V2 dataset image","Canonical unique Braille training/validation/test image used for V2 model lineage","Keep"
"sciobraille-model-lab\datasets\master_v2\images\train\scio_v2_c62b67aad1ea8c5e.jpg","Master V2 dataset image","Canonical unique Braille training/validation/test image used for V2 model lineage","Keep"
"sciobraille-model-lab\datasets\master_v2\images\train\scio_v2_c63077cb83f817e1.jpg","Master V2 dataset image","Canonical unique Braille training/validation/test image used for V2 model lineage","Keep"
"sciobraille-model-lab\datasets\master_v2\images\train\scio_v2_c666680211596a32.jpg","Master V2 dataset image","Canonical unique Braille training/validation/test image used for V2 model lineage","Keep"
"sciobraille-model-lab\datasets\master_v2\images\train\scio_v2_c68ab26ac43c0eb5.jpg","Master V2 dataset image","Canonical unique Braille training/validation/test image used for V2 model lineage","Keep"
"sciobraille-model-lab\datasets\master_v2\images\train\scio_v2_c6a233fbf6bc146b.jpg","Master V2 dataset image","Canonical unique Braille training/validation/test image used for V2 model lineage","Keep"
"sciobraille-model-lab\datasets\master_v2\images\train\scio_v2_c7050eb60a82c1a6.jpg","Master V2 dataset image","Canonical unique Braille training/validation/test image used for V2 model lineage","Keep"
"sciobraille-model-lab\datasets\master_v2\images\train\scio_v2_c716fe68dd86a194.jpg","Master V2 dataset image","Canonical unique Braille training/validation/test image used for V2 model lineage","Keep"
"sciobraille-model-lab\datasets\master_v2\images\train\scio_v2_c7835e719f3e241c.jpg","Master V2 dataset image","Canonical unique Braille training/validation/test image used for V2 model lineage","Keep"
"sciobraille-model-lab\datasets\master_v2\images\train\scio_v2_c7929bce03fef075.jpg","Master V2 dataset image","Canonical unique Braille training/validation/test image used for V2 model lineage","Keep"
"sciobraille-model-lab\datasets\master_v2\images\train\scio_v2_c7a6a6432d4db993.jpg","Master V2 dataset image","Canonical unique Braille training/validation/test image used for V2 model lineage","Keep"
"sciobraille-model-lab\datasets\master_v2\images\train\scio_v2_c7bc10b7e6c90ff2.jpg","Master V2 dataset image","Canonical unique Braille training/validation/test image used for V2 model lineage","Keep"
"sciobraille-model-lab\datasets\master_v2\images\train\scio_v2_c7e63f487c84d0f1.jpg","Master V2 dataset image","Canonical unique Braille training/validation/test image used for V2 model lineage","Keep"
"sciobraille-model-lab\datasets\master_v2\images\train\scio_v2_c80d0dc986e35d3a.jpg","Master V2 dataset image","Canonical unique Braille training/validation/test image used for V2 model lineage","Keep"
"sciobraille-model-lab\datasets\master_v2\images\train\scio_v2_c826a145adb28d70.jpg","Master V2 dataset image","Canonical unique Braille training/validation/test image used for V2 model lineage","Keep"
"sciobraille-model-lab\datasets\master_v2\images\train\scio_v2_c85099a4fa357c87.jpg","Master V2 dataset image","Canonical unique Braille training/validation/test image used for V2 model lineage","Keep"
"sciobraille-model-lab\datasets\master_v2\images\train\scio_v2_c85b7be34a65db26.jpg","Master V2 dataset image","Canonical unique Braille training/validation/test image used for V2 model lineage","Keep"
"sciobraille-model-lab\datasets\master_v2\images\train\scio_v2_c87c8e86a796601a.jpg","Master V2 dataset image","Canonical unique Braille training/validation/test image used for V2 model lineage","Keep"
"sciobraille-model-lab\datasets\master_v2\images\train\scio_v2_c8c4eb4261bb438d.jpg","Master V2 dataset image","Canonical unique Braille training/validation/test image used for V2 model lineage","Keep"
"sciobraille-model-lab\datasets\master_v2\images\train\scio_v2_c8e2a69889bb5524.jpg","Master V2 dataset image","Canonical unique Braille training/validation/test image used for V2 model lineage","Keep"
"sciobraille-model-lab\datasets\master_v2\images\train\scio_v2_c91b2c24552ba575.jpg","Master V2 dataset image","Canonical unique Braille training/validation/test image used for V2 model lineage","Keep"
"sciobraille-model-lab\datasets\master_v2\images\train\scio_v2_c9235a002f6ba927.jpg","Master V2 dataset image","Canonical unique Braille training/validation/test image used for V2 model lineage","Keep"
"sciobraille-model-lab\datasets\master_v2\images\train\scio_v2_c9c60beaa8f06325.jpg","Master V2 dataset image","Canonical unique Braille training/validation/test image used for V2 model lineage","Keep"
"sciobraille-model-lab\datasets\master_v2\images\train\scio_v2_c9d0b22c1179f785.jpg","Master V2 dataset image","Canonical unique Braille training/validation/test image used for V2 model lineage","Keep"
"sciobraille-model-lab\datasets\master_v2\images\train\scio_v2_ca1dca0a60c49d75.jpg","Master V2 dataset image","Canonical unique Braille training/validation/test image used for V2 model lineage","Keep"
"sciobraille-model-lab\datasets\master_v2\images\train\scio_v2_ca48f96615daadb2.jpg","Master V2 dataset image","Canonical unique Braille training/validation/test image used for V2 model lineage","Keep"
"sciobraille-model-lab\datasets\master_v2\images\train\scio_v2_ca4ce87563621be8.jpg","Master V2 dataset image","Canonical unique Braille training/validation/test image used for V2 model lineage","Keep"
"sciobraille-model-lab\datasets\master_v2\images\train\scio_v2_ca60308ce7f70b11.jpg","Master V2 dataset image","Canonical unique Braille training/validation/test image used for V2 model lineage","Keep"
"sciobraille-model-lab\datasets\master_v2\images\train\scio_v2_ca87e1b7a4549e4e.jpg","Master V2 dataset image","Canonical unique Braille training/validation/test image used for V2 model lineage","Keep"
"sciobraille-model-lab\datasets\master_v2\images\train\scio_v2_cab4644e937954eb.jpg","Master V2 dataset image","Canonical unique Braille training/validation/test image used for V2 model lineage","Keep"
"sciobraille-model-lab\datasets\master_v2\images\train\scio_v2_cabbd5c840e9427a.jpg","Master V2 dataset image","Canonical unique Braille training/validation/test image used for V2 model lineage","Keep"
"sciobraille-model-lab\datasets\master_v2\images\train\scio_v2_caca39357a8067af.jpg","Master V2 dataset image","Canonical unique Braille training/validation/test image used for V2 model lineage","Keep"
"sciobraille-model-lab\datasets\master_v2\images\train\scio_v2_caeb2a5de4c3d1ce.jpg","Master V2 dataset image","Canonical unique Braille training/validation/test image used for V2 model lineage","Keep"
"sciobraille-model-lab\datasets\master_v2\images\train\scio_v2_cb10d4904debc4d4.jpg","Master V2 dataset image","Canonical unique Braille training/validation/test image used for V2 model lineage","Keep"
"sciobraille-model-lab\datasets\master_v2\images\train\scio_v2_cb55d99061156ffc.jpg","Master V2 dataset image","Canonical unique Braille training/validation/test image used for V2 model lineage","Keep"
"sciobraille-model-lab\datasets\master_v2\images\train\scio_v2_cb6b5080477f999a.jpg","Master V2 dataset image","Canonical unique Braille training/validation/test image used for V2 model lineage","Keep"
"sciobraille-model-lab\datasets\master_v2\images\train\scio_v2_cbcb5d18c7066091.jpg","Master V2 dataset image","Canonical unique Braille training/validation/test image used for V2 model lineage","Keep"
"sciobraille-model-lab\datasets\master_v2\images\train\scio_v2_cc71af9fcd029001.jpg","Master V2 dataset image","Canonical unique Braille training/validation/test image used for V2 model lineage","Keep"
"sciobraille-model-lab\datasets\master_v2\images\train\scio_v2_cc74e333c5fa99c2.jpg","Master V2 dataset image","Canonical unique Braille training/validation/test image used for V2 model lineage","Keep"
"sciobraille-model-lab\datasets\master_v2\images\train\scio_v2_cc7a7b730a3e3417.jpg","Master V2 dataset image","Canonical unique Braille training/validation/test image used for V2 model lineage","Keep"
"sciobraille-model-lab\datasets\master_v2\images\train\scio_v2_cc97a91271f26eef.jpg","Master V2 dataset image","Canonical unique Braille training/validation/test image used for V2 model lineage","Keep"
"sciobraille-model-lab\datasets\master_v2\images\train\scio_v2_cce20ff6c0517721.jpg","Master V2 dataset image","Canonical unique Braille training/validation/test image used for V2 model lineage","Keep"
"sciobraille-model-lab\datasets\master_v2\images\train\scio_v2_ccf9b9b8089a96c7.jpg","Master V2 dataset image","Canonical unique Braille training/validation/test image used for V2 model lineage","Keep"
"sciobraille-model-lab\datasets\master_v2\images\train\scio_v2_cd27001c56ba8fec.jpg","Master V2 dataset image","Canonical unique Braille training/validation/test image used for V2 model lineage","Keep"
"sciobraille-model-lab\datasets\master_v2\images\train\scio_v2_cd39230c62df3bee.jpg","Master V2 dataset image","Canonical unique Braille training/validation/test image used for V2 model lineage","Keep"
"sciobraille-model-lab\datasets\master_v2\images\train\scio_v2_cd62d2b21eddbdaa.jpg","Master V2 dataset image","Canonical unique Braille training/validation/test image used for V2 model lineage","Keep"
"sciobraille-model-lab\datasets\master_v2\images\train\scio_v2_cd873d96bcf08aa3.jpg","Master V2 dataset image","Canonical unique Braille training/validation/test image used for V2 model lineage","Keep"
"sciobraille-model-lab\datasets\master_v2\images\train\scio_v2_cd8c5a0bf9e35be6.jpg","Master V2 dataset image","Canonical unique Braille training/validation/test image used for V2 model lineage","Keep"
"sciobraille-model-lab\datasets\master_v2\images\train\scio_v2_cdefa2b1146c916f.jpg","Master V2 dataset image","Canonical unique Braille training/validation/test image used for V2 model lineage","Keep"
"sciobraille-model-lab\datasets\master_v2\images\train\scio_v2_ce0dea5c92420840.jpg","Master V2 dataset image","Canonical unique Braille training/validation/test image used for V2 model lineage","Keep"
"sciobraille-model-lab\datasets\master_v2\images\train\scio_v2_ce586cebfd2abb62.jpg","Master V2 dataset image","Canonical unique Braille training/validation/test image used for V2 model lineage","Keep"
"sciobraille-model-lab\datasets\master_v2\images\train\scio_v2_ce616e49f5adedb0.jpg","Master V2 dataset image","Canonical unique Braille training/validation/test image used for V2 model lineage","Keep"
"sciobraille-model-lab\datasets\master_v2\images\train\scio_v2_ce8492f58b06a9cb.jpg","Master V2 dataset image","Canonical unique Braille training/validation/test image used for V2 model lineage","Keep"
"sciobraille-model-lab\datasets\master_v2\images\train\scio_v2_cebab7724f897728.jpg","Master V2 dataset image","Canonical unique Braille training/validation/test image used for V2 model lineage","Keep"
"sciobraille-model-lab\datasets\master_v2\images\train\scio_v2_ceccd3f0d7320886.jpg","Master V2 dataset image","Canonical unique Braille training/validation/test image used for V2 model lineage","Keep"
"sciobraille-model-lab\datasets\master_v2\images\train\scio_v2_ced599dff53b4fe6.jpg","Master V2 dataset image","Canonical unique Braille training/validation/test image used for V2 model lineage","Keep"
"sciobraille-model-lab\datasets\master_v2\images\train\scio_v2_cedc3c24e81d6438.jpg","Master V2 dataset image","Canonical unique Braille training/validation/test image used for V2 model lineage","Keep"
"sciobraille-model-lab\datasets\master_v2\images\train\scio_v2_cede861456dd1738.jpg","Master V2 dataset image","Canonical unique Braille training/validation/test image used for V2 model lineage","Keep"
"sciobraille-model-lab\datasets\master_v2\images\train\scio_v2_cf11e55ca2667653.jpg","Master V2 dataset image","Canonical unique Braille training/validation/test image used for V2 model lineage","Keep"
"sciobraille-model-lab\datasets\master_v2\images\train\scio_v2_cf3ccb6cc34eed2d.jpg","Master V2 dataset image","Canonical unique Braille training/validation/test image used for V2 model lineage","Keep"
"sciobraille-model-lab\datasets\master_v2\images\train\scio_v2_cf53761a8450b47d.jpg","Master V2 dataset image","Canonical unique Braille training/validation/test image used for V2 model lineage","Keep"
"sciobraille-model-lab\datasets\master_v2\images\train\scio_v2_cf73d667a4361922.jpg","Master V2 dataset image","Canonical unique Braille training/validation/test image used for V2 model lineage","Keep"
"sciobraille-model-lab\datasets\master_v2\images\train\scio_v2_cf84616ba385ba53.jpg","Master V2 dataset image","Canonical unique Braille training/validation/test image used for V2 model lineage","Keep"
"sciobraille-model-lab\datasets\master_v2\images\train\scio_v2_cf8815c3d4a0eff3.jpg","Master V2 dataset image","Canonical unique Braille training/validation/test image used for V2 model lineage","Keep"
"sciobraille-model-lab\datasets\master_v2\images\train\scio_v2_cfc43acc7ee47366.jpg","Master V2 dataset image","Canonical unique Braille training/validation/test image used for V2 model lineage","Keep"
"sciobraille-model-lab\datasets\master_v2\images\train\scio_v2_d018ca43163d2512.jpg","Master V2 dataset image","Canonical unique Braille training/validation/test image used for V2 model lineage","Keep"
"sciobraille-model-lab\datasets\master_v2\images\train\scio_v2_d01d387208db287e.jpg","Master V2 dataset image","Canonical unique Braille training/validation/test image used for V2 model lineage","Keep"
"sciobraille-model-lab\datasets\master_v2\images\train\scio_v2_d05d255af6157073.jpg","Master V2 dataset image","Canonical unique Braille training/validation/test image used for V2 model lineage","Keep"
"sciobraille-model-lab\datasets\master_v2\images\train\scio_v2_d06516835fcb21c4.jpg","Master V2 dataset image","Canonical unique Braille training/validation/test image used for V2 model lineage","Keep"
"sciobraille-model-lab\datasets\master_v2\images\train\scio_v2_d0daa980259c8cbf.jpg","Master V2 dataset image","Canonical unique Braille training/validation/test image used for V2 model lineage","Keep"
"sciobraille-model-lab\datasets\master_v2\images\train\scio_v2_d118f8b37e81902e.jpg","Master V2 dataset image","Canonical unique Braille training/validation/test image used for V2 model lineage","Keep"
"sciobraille-model-lab\datasets\master_v2\images\train\scio_v2_d11a8ed4c09c6854.jpg","Master V2 dataset image","Canonical unique Braille training/validation/test image used for V2 model lineage","Keep"
"sciobraille-model-lab\datasets\master_v2\images\train\scio_v2_d19c76f2d31d039f.jpg","Master V2 dataset image","Canonical unique Braille training/validation/test image used for V2 model lineage","Keep"
"sciobraille-model-lab\datasets\master_v2\images\train\scio_v2_d1aec0f802074a42.jpg","Master V2 dataset image","Canonical unique Braille training/validation/test image used for V2 model lineage","Keep"
"sciobraille-model-lab\datasets\master_v2\images\train\scio_v2_d1fdfef51dfbfd33.jpg","Master V2 dataset image","Canonical unique Braille training/validation/test image used for V2 model lineage","Keep"
"sciobraille-model-lab\datasets\master_v2\images\train\scio_v2_d20bdf34da8bda3b.jpg","Master V2 dataset image","Canonical unique Braille training/validation/test image used for V2 model lineage","Keep"
"sciobraille-model-lab\datasets\master_v2\images\train\scio_v2_d21b6a7aec631805.jpg","Master V2 dataset image","Canonical unique Braille training/validation/test image used for V2 model lineage","Keep"
"sciobraille-model-lab\datasets\master_v2\images\train\scio_v2_d257a8e4ca6d9f64.jpg","Master V2 dataset image","Canonical unique Braille training/validation/test image used for V2 model lineage","Keep"
"sciobraille-model-lab\datasets\master_v2\images\train\scio_v2_d264ea35c6317a46.jpg","Master V2 dataset image","Canonical unique Braille training/validation/test image used for V2 model lineage","Keep"
"sciobraille-model-lab\datasets\master_v2\images\train\scio_v2_d2869aaf47e71a8b.jpg","Master V2 dataset image","Canonical unique Braille training/validation/test image used for V2 model lineage","Keep"
"sciobraille-model-lab\datasets\master_v2\images\train\scio_v2_d293d69fee5217c7.jpg","Master V2 dataset image","Canonical unique Braille training/validation/test image used for V2 model lineage","Keep"
"sciobraille-model-lab\datasets\master_v2\images\train\scio_v2_d2c4ba28e000bb0e.jpg","Master V2 dataset image","Canonical unique Braille training/validation/test image used for V2 model lineage","Keep"
"sciobraille-model-lab\datasets\master_v2\images\train\scio_v2_d30ca2e1229489e7.jpg","Master V2 dataset image","Canonical unique Braille training/validation/test image used for V2 model lineage","Keep"
"sciobraille-model-lab\datasets\master_v2\images\train\scio_v2_d355b67cef808195.jpg","Master V2 dataset image","Canonical unique Braille training/validation/test image used for V2 model lineage","Keep"
"sciobraille-model-lab\datasets\master_v2\images\train\scio_v2_d39f2ec1e71d76bd.jpg","Master V2 dataset image","Canonical unique Braille training/validation/test image used for V2 model lineage","Keep"
"sciobraille-model-lab\datasets\master_v2\images\train\scio_v2_d3f377c7d137d106.jpg","Master V2 dataset image","Canonical unique Braille training/validation/test image used for V2 model lineage","Keep"
"sciobraille-model-lab\datasets\master_v2\images\train\scio_v2_d4151a6f9e86b804.jpg","Master V2 dataset image","Canonical unique Braille training/validation/test image used for V2 model lineage","Keep"
"sciobraille-model-lab\datasets\master_v2\images\train\scio_v2_d45cec1e141d4ea3.jpg","Master V2 dataset image","Canonical unique Braille training/validation/test image used for V2 model lineage","Keep"
"sciobraille-model-lab\datasets\master_v2\images\train\scio_v2_d47fe4d111658140.jpg","Master V2 dataset image","Canonical unique Braille training/validation/test image used for V2 model lineage","Keep"
"sciobraille-model-lab\datasets\master_v2\images\train\scio_v2_d4a6ef1e1bda8b13.jpg","Master V2 dataset image","Canonical unique Braille training/validation/test image used for V2 model lineage","Keep"
"sciobraille-model-lab\datasets\master_v2\images\train\scio_v2_d4bf5993eac4d735.jpg","Master V2 dataset image","Canonical unique Braille training/validation/test image used for V2 model lineage","Keep"
"sciobraille-model-lab\datasets\master_v2\images\train\scio_v2_d4c3d09f66254295.jpg","Master V2 dataset image","Canonical unique Braille training/validation/test image used for V2 model lineage","Keep"
"sciobraille-model-lab\datasets\master_v2\images\train\scio_v2_d4e3dd1d3b4b80ec.jpg","Master V2 dataset image","Canonical unique Braille training/validation/test image used for V2 model lineage","Keep"
"sciobraille-model-lab\datasets\master_v2\images\train\scio_v2_d504b28f3a78b31d.jpg","Master V2 dataset image","Canonical unique Braille training/validation/test image used for V2 model lineage","Keep"
"sciobraille-model-lab\datasets\master_v2\images\train\scio_v2_d53f8bdc32143cde.jpg","Master V2 dataset image","Canonical unique Braille training/validation/test image used for V2 model lineage","Keep"
"sciobraille-model-lab\datasets\master_v2\images\train\scio_v2_d55bdeabb81f9516.jpg","Master V2 dataset image","Canonical unique Braille training/validation/test image used for V2 model lineage","Keep"
"sciobraille-model-lab\datasets\master_v2\images\train\scio_v2_d5c131b6818b0c68.jpg","Master V2 dataset image","Canonical unique Braille training/validation/test image used for V2 model lineage","Keep"
"sciobraille-model-lab\datasets\master_v2\images\train\scio_v2_d66621d126c4e9b2.jpg","Master V2 dataset image","Canonical unique Braille training/validation/test image used for V2 model lineage","Keep"
"sciobraille-model-lab\datasets\master_v2\images\train\scio_v2_d66be94981e301d2.jpg","Master V2 dataset image","Canonical unique Braille training/validation/test image used for V2 model lineage","Keep"
"sciobraille-model-lab\datasets\master_v2\images\train\scio_v2_d688eb0f3342188a.jpg","Master V2 dataset image","Canonical unique Braille training/validation/test image used for V2 model lineage","Keep"
"sciobraille-model-lab\datasets\master_v2\images\train\scio_v2_d6898cd25dbfcced.jpg","Master V2 dataset image","Canonical unique Braille training/validation/test image used for V2 model lineage","Keep"
"sciobraille-model-lab\datasets\master_v2\images\train\scio_v2_d705a95df4cb9645.jpg","Master V2 dataset image","Canonical unique Braille training/validation/test image used for V2 model lineage","Keep"
"sciobraille-model-lab\datasets\master_v2\images\train\scio_v2_d7320896419b59fc.jpg","Master V2 dataset image","Canonical unique Braille training/validation/test image used for V2 model lineage","Keep"
"sciobraille-model-lab\datasets\master_v2\images\train\scio_v2_d74d207223bddeed.jpg","Master V2 dataset image","Canonical unique Braille training/validation/test image used for V2 model lineage","Keep"
"sciobraille-model-lab\datasets\master_v2\images\train\scio_v2_d74f4553759a1e98.jpg","Master V2 dataset image","Canonical unique Braille training/validation/test image used for V2 model lineage","Keep"
"sciobraille-model-lab\datasets\master_v2\images\train\scio_v2_d7bbca6686b99537.jpg","Master V2 dataset image","Canonical unique Braille training/validation/test image used for V2 model lineage","Keep"
"sciobraille-model-lab\datasets\master_v2\images\train\scio_v2_d7c53298feb15d5d.jpg","Master V2 dataset image","Canonical unique Braille training/validation/test image used for V2 model lineage","Keep"
"sciobraille-model-lab\datasets\master_v2\images\train\scio_v2_d7c945d4ecf2e182.jpg","Master V2 dataset image","Canonical unique Braille training/validation/test image used for V2 model lineage","Keep"
"sciobraille-model-lab\datasets\master_v2\images\train\scio_v2_d80a6b70b643f621.jpg","Master V2 dataset image","Canonical unique Braille training/validation/test image used for V2 model lineage","Keep"
"sciobraille-model-lab\datasets\master_v2\images\train\scio_v2_d8295953bf61a479.jpg","Master V2 dataset image","Canonical unique Braille training/validation/test image used for V2 model lineage","Keep"
"sciobraille-model-lab\datasets\master_v2\images\train\scio_v2_d85e350f24ccf94c.jpg","Master V2 dataset image","Canonical unique Braille training/validation/test image used for V2 model lineage","Keep"
"sciobraille-model-lab\datasets\master_v2\images\train\scio_v2_d866db1ef88d922b.jpg","Master V2 dataset image","Canonical unique Braille training/validation/test image used for V2 model lineage","Keep"
"sciobraille-model-lab\datasets\master_v2\images\train\scio_v2_d86ba19aecee4ebe.jpg","Master V2 dataset image","Canonical unique Braille training/validation/test image used for V2 model lineage","Keep"
"sciobraille-model-lab\datasets\master_v2\images\train\scio_v2_d893b1675c110ed4.jpg","Master V2 dataset image","Canonical unique Braille training/validation/test image used for V2 model lineage","Keep"
"sciobraille-model-lab\datasets\master_v2\images\train\scio_v2_d8b525479a5d5606.jpg","Master V2 dataset image","Canonical unique Braille training/validation/test image used for V2 model lineage","Keep"
"sciobraille-model-lab\datasets\master_v2\images\train\scio_v2_d8da0099fb5e22b0.jpg","Master V2 dataset image","Canonical unique Braille training/validation/test image used for V2 model lineage","Keep"
"sciobraille-model-lab\datasets\master_v2\images\train\scio_v2_d91cd6e86864ef39.jpg","Master V2 dataset image","Canonical unique Braille training/validation/test image used for V2 model lineage","Keep"
"sciobraille-model-lab\datasets\master_v2\images\train\scio_v2_d92bb070627dbc84.jpg","Master V2 dataset image","Canonical unique Braille training/validation/test image used for V2 model lineage","Keep"
"sciobraille-model-lab\datasets\master_v2\images\train\scio_v2_d9bccc305c06ba27.jpg","Master V2 dataset image","Canonical unique Braille training/validation/test image used for V2 model lineage","Keep"
"sciobraille-model-lab\datasets\master_v2\images\train\scio_v2_d9c6541389071721.jpg","Master V2 dataset image","Canonical unique Braille training/validation/test image used for V2 model lineage","Keep"
"sciobraille-model-lab\datasets\master_v2\images\train\scio_v2_d9d5903ccacb8d74.jpg","Master V2 dataset image","Canonical unique Braille training/validation/test image used for V2 model lineage","Keep"
"sciobraille-model-lab\datasets\master_v2\images\train\scio_v2_d9d6609c00463f8e.jpg","Master V2 dataset image","Canonical unique Braille training/validation/test image used for V2 model lineage","Keep"
"sciobraille-model-lab\datasets\master_v2\images\train\scio_v2_da5458bd89813889.jpg","Master V2 dataset image","Canonical unique Braille training/validation/test image used for V2 model lineage","Keep"
"sciobraille-model-lab\datasets\master_v2\images\train\scio_v2_daa54db6544a7414.jpg","Master V2 dataset image","Canonical unique Braille training/validation/test image used for V2 model lineage","Keep"
"sciobraille-model-lab\datasets\master_v2\images\train\scio_v2_dab8bce84821f742.jpg","Master V2 dataset image","Canonical unique Braille training/validation/test image used for V2 model lineage","Keep"
"sciobraille-model-lab\datasets\master_v2\images\train\scio_v2_db05257994d7a54b.jpg","Master V2 dataset image","Canonical unique Braille training/validation/test image used for V2 model lineage","Keep"
"sciobraille-model-lab\datasets\master_v2\images\train\scio_v2_db5943c872306253.jpg","Master V2 dataset image","Canonical unique Braille training/validation/test image used for V2 model lineage","Keep"
"sciobraille-model-lab\datasets\master_v2\images\train\scio_v2_db59577cbe073fbb.jpg","Master V2 dataset image","Canonical unique Braille training/validation/test image used for V2 model lineage","Keep"
"sciobraille-model-lab\datasets\master_v2\images\train\scio_v2_db70ea6d3b2d8d98.jpg","Master V2 dataset image","Canonical unique Braille training/validation/test image used for V2 model lineage","Keep"
"sciobraille-model-lab\datasets\master_v2\images\train\scio_v2_db75c2fa093b8ed3.jpg","Master V2 dataset image","Canonical unique Braille training/validation/test image used for V2 model lineage","Keep"
"sciobraille-model-lab\datasets\master_v2\images\train\scio_v2_db877c48af83525c.jpg","Master V2 dataset image","Canonical unique Braille training/validation/test image used for V2 model lineage","Keep"
"sciobraille-model-lab\datasets\master_v2\images\train\scio_v2_db910eca2be6ce8b.jpg","Master V2 dataset image","Canonical unique Braille training/validation/test image used for V2 model lineage","Keep"
"sciobraille-model-lab\datasets\master_v2\images\train\scio_v2_dbab892957799490.jpg","Master V2 dataset image","Canonical unique Braille training/validation/test image used for V2 model lineage","Keep"
"sciobraille-model-lab\datasets\master_v2\images\train\scio_v2_dbd2504fcda855fd.jpg","Master V2 dataset image","Canonical unique Braille training/validation/test image used for V2 model lineage","Keep"
"sciobraille-model-lab\datasets\master_v2\images\train\scio_v2_dbd3a19f465009b9.jpg","Master V2 dataset image","Canonical unique Braille training/validation/test image used for V2 model lineage","Keep"
"sciobraille-model-lab\datasets\master_v2\images\train\scio_v2_dbd3e7d0e028d491.jpg","Master V2 dataset image","Canonical unique Braille training/validation/test image used for V2 model lineage","Keep"
"sciobraille-model-lab\datasets\master_v2\images\train\scio_v2_dbffd263c14cba5f.jpg","Master V2 dataset image","Canonical unique Braille training/validation/test image used for V2 model lineage","Keep"
"sciobraille-model-lab\datasets\master_v2\images\train\scio_v2_dc1201a78f30599b.jpg","Master V2 dataset image","Canonical unique Braille training/validation/test image used for V2 model lineage","Keep"
"sciobraille-model-lab\datasets\master_v2\images\train\scio_v2_dc338e03730c6d76.jpg","Master V2 dataset image","Canonical unique Braille training/validation/test image used for V2 model lineage","Keep"
"sciobraille-model-lab\datasets\master_v2\images\train\scio_v2_dc39f3a75b990011.jpg","Master V2 dataset image","Canonical unique Braille training/validation/test image used for V2 model lineage","Keep"
"sciobraille-model-lab\datasets\master_v2\images\train\scio_v2_dc3aa6d6acfe74de.jpg","Master V2 dataset image","Canonical unique Braille training/validation/test image used for V2 model lineage","Keep"
"sciobraille-model-lab\datasets\master_v2\images\train\scio_v2_dc412d854910b504.jpg","Master V2 dataset image","Canonical unique Braille training/validation/test image used for V2 model lineage","Keep"
"sciobraille-model-lab\datasets\master_v2\images\train\scio_v2_dc4a23593975bf61.jpg","Master V2 dataset image","Canonical unique Braille training/validation/test image used for V2 model lineage","Keep"
"sciobraille-model-lab\datasets\master_v2\images\train\scio_v2_dc4cb4109bf58ce5.jpg","Master V2 dataset image","Canonical unique Braille training/validation/test image used for V2 model lineage","Keep"
"sciobraille-model-lab\datasets\master_v2\images\train\scio_v2_dc4ecb8410fa40ec.jpg","Master V2 dataset image","Canonical unique Braille training/validation/test image used for V2 model lineage","Keep"
"sciobraille-model-lab\datasets\master_v2\images\train\scio_v2_dca56a4791e3f328.jpg","Master V2 dataset image","Canonical unique Braille training/validation/test image used for V2 model lineage","Keep"
"sciobraille-model-lab\datasets\master_v2\images\train\scio_v2_dca8a90eae5aee76.jpg","Master V2 dataset image","Canonical unique Braille training/validation/test image used for V2 model lineage","Keep"
"sciobraille-model-lab\datasets\master_v2\images\train\scio_v2_dcb2479b847ebf10.jpg","Master V2 dataset image","Canonical unique Braille training/validation/test image used for V2 model lineage","Keep"
"sciobraille-model-lab\datasets\master_v2\images\train\scio_v2_dcfc8fbe96bb16c1.jpg","Master V2 dataset image","Canonical unique Braille training/validation/test image used for V2 model lineage","Keep"
"sciobraille-model-lab\datasets\master_v2\images\train\scio_v2_dd061fedb880b95c.jpg","Master V2 dataset image","Canonical unique Braille training/validation/test image used for V2 model lineage","Keep"
"sciobraille-model-lab\datasets\master_v2\images\train\scio_v2_dd3d8834a6b4b9e0.jpg","Master V2 dataset image","Canonical unique Braille training/validation/test image used for V2 model lineage","Keep"
"sciobraille-model-lab\datasets\master_v2\images\train\scio_v2_dd5ab7a3bec15fcd.jpg","Master V2 dataset image","Canonical unique Braille training/validation/test image used for V2 model lineage","Keep"
"sciobraille-model-lab\datasets\master_v2\images\train\scio_v2_dd79caf2a10ddc01.jpg","Master V2 dataset image","Canonical unique Braille training/validation/test image used for V2 model lineage","Keep"
"sciobraille-model-lab\datasets\master_v2\images\train\scio_v2_ddc55d9e2d6c4c23.jpg","Master V2 dataset image","Canonical unique Braille training/validation/test image used for V2 model lineage","Keep"
"sciobraille-model-lab\datasets\master_v2\images\train\scio_v2_de0b963495b57e88.jpg","Master V2 dataset image","Canonical unique Braille training/validation/test image used for V2 model lineage","Keep"
"sciobraille-model-lab\datasets\master_v2\images\train\scio_v2_de13ae5bab48f16d.jpg","Master V2 dataset image","Canonical unique Braille training/validation/test image used for V2 model lineage","Keep"
"sciobraille-model-lab\datasets\master_v2\images\train\scio_v2_de158393df54913f.jpg","Master V2 dataset image","Canonical unique Braille training/validation/test image used for V2 model lineage","Keep"
"sciobraille-model-lab\datasets\master_v2\images\train\scio_v2_de20591daab653e3.jpg","Master V2 dataset image","Canonical unique Braille training/validation/test image used for V2 model lineage","Keep"
"sciobraille-model-lab\datasets\master_v2\images\train\scio_v2_de295e41736ff238.jpg","Master V2 dataset image","Canonical unique Braille training/validation/test image used for V2 model lineage","Keep"
"sciobraille-model-lab\datasets\master_v2\images\train\scio_v2_de71431fb53a2969.jpg","Master V2 dataset image","Canonical unique Braille training/validation/test image used for V2 model lineage","Keep"
"sciobraille-model-lab\datasets\master_v2\images\train\scio_v2_dea9906f7892bd6d.jpg","Master V2 dataset image","Canonical unique Braille training/validation/test image used for V2 model lineage","Keep"
"sciobraille-model-lab\datasets\master_v2\images\train\scio_v2_deae882fad7ebf5c.jpg","Master V2 dataset image","Canonical unique Braille training/validation/test image used for V2 model lineage","Keep"
"sciobraille-model-lab\datasets\master_v2\images\train\scio_v2_defdef34302ac32b.jpg","Master V2 dataset image","Canonical unique Braille training/validation/test image used for V2 model lineage","Keep"
"sciobraille-model-lab\datasets\master_v2\images\train\scio_v2_df1ed679e592525e.jpg","Master V2 dataset image","Canonical unique Braille training/validation/test image used for V2 model lineage","Keep"
"sciobraille-model-lab\datasets\master_v2\images\train\scio_v2_df2bfbfed067b07d.jpg","Master V2 dataset image","Canonical unique Braille training/validation/test image used for V2 model lineage","Keep"
"sciobraille-model-lab\datasets\master_v2\images\train\scio_v2_df401b1e5a2bf8c0.jpg","Master V2 dataset image","Canonical unique Braille training/validation/test image used for V2 model lineage","Keep"
"sciobraille-model-lab\datasets\master_v2\images\train\scio_v2_df9ae1254a953199.jpg","Master V2 dataset image","Canonical unique Braille training/validation/test image used for V2 model lineage","Keep"
"sciobraille-model-lab\datasets\master_v2\images\train\scio_v2_e055a465e1bc07ac.jpg","Master V2 dataset image","Canonical unique Braille training/validation/test image used for V2 model lineage","Keep"
"sciobraille-model-lab\datasets\master_v2\images\train\scio_v2_e06c1d0037d2b8a3.jpg","Master V2 dataset image","Canonical unique Braille training/validation/test image used for V2 model lineage","Keep"
"sciobraille-model-lab\datasets\master_v2\images\train\scio_v2_e0799adcf92af213.jpg","Master V2 dataset image","Canonical unique Braille training/validation/test image used for V2 model lineage","Keep"
"sciobraille-model-lab\datasets\master_v2\images\train\scio_v2_e07b5a36b0f99b0a.jpg","Master V2 dataset image","Canonical unique Braille training/validation/test image used for V2 model lineage","Keep"
"sciobraille-model-lab\datasets\master_v2\images\train\scio_v2_e092c13f3725484b.jpg","Master V2 dataset image","Canonical unique Braille training/validation/test image used for V2 model lineage","Keep"
"sciobraille-model-lab\datasets\master_v2\images\train\scio_v2_e0984d9b7deb766b.jpg","Master V2 dataset image","Canonical unique Braille training/validation/test image used for V2 model lineage","Keep"
"sciobraille-model-lab\datasets\master_v2\images\train\scio_v2_e0bc683c96af419a.jpg","Master V2 dataset image","Canonical unique Braille training/validation/test image used for V2 model lineage","Keep"
"sciobraille-model-lab\datasets\master_v2\images\train\scio_v2_e0c7390eda6614d4.jpg","Master V2 dataset image","Canonical unique Braille training/validation/test image used for V2 model lineage","Keep"
"sciobraille-model-lab\datasets\master_v2\images\train\scio_v2_e0f4e99280675a2d.jpg","Master V2 dataset image","Canonical unique Braille training/validation/test image used for V2 model lineage","Keep"
"sciobraille-model-lab\datasets\master_v2\images\train\scio_v2_e116f0138b607f77.jpg","Master V2 dataset image","Canonical unique Braille training/validation/test image used for V2 model lineage","Keep"
"sciobraille-model-lab\datasets\master_v2\images\train\scio_v2_e1282ce4959a5bef.jpg","Master V2 dataset image","Canonical unique Braille training/validation/test image used for V2 model lineage","Keep"
"sciobraille-model-lab\datasets\master_v2\images\train\scio_v2_e128f80b81ba3ecd.jpg","Master V2 dataset image","Canonical unique Braille training/validation/test image used for V2 model lineage","Keep"
"sciobraille-model-lab\datasets\master_v2\images\train\scio_v2_e133f718fcc8228c.jpg","Master V2 dataset image","Canonical unique Braille training/validation/test image used for V2 model lineage","Keep"
"sciobraille-model-lab\datasets\master_v2\images\train\scio_v2_e17247f9fdece700.jpg","Master V2 dataset image","Canonical unique Braille training/validation/test image used for V2 model lineage","Keep"
"sciobraille-model-lab\datasets\master_v2\images\train\scio_v2_e1ab42b0539bf202.jpg","Master V2 dataset image","Canonical unique Braille training/validation/test image used for V2 model lineage","Keep"
"sciobraille-model-lab\datasets\master_v2\images\train\scio_v2_e1afcb48bb1c1fe4.jpg","Master V2 dataset image","Canonical unique Braille training/validation/test image used for V2 model lineage","Keep"
"sciobraille-model-lab\datasets\master_v2\images\train\scio_v2_e1cf2df66e00cdbf.jpg","Master V2 dataset image","Canonical unique Braille training/validation/test image used for V2 model lineage","Keep"
"sciobraille-model-lab\datasets\master_v2\images\train\scio_v2_e2683c34c7dcfc12.jpg","Master V2 dataset image","Canonical unique Braille training/validation/test image used for V2 model lineage","Keep"
"sciobraille-model-lab\datasets\master_v2\images\train\scio_v2_e2c1227bca8d544f.jpg","Master V2 dataset image","Canonical unique Braille training/validation/test image used for V2 model lineage","Keep"
"sciobraille-model-lab\datasets\master_v2\images\train\scio_v2_e2f0ab45520d95c4.jpg","Master V2 dataset image","Canonical unique Braille training/validation/test image used for V2 model lineage","Keep"
"sciobraille-model-lab\datasets\master_v2\images\train\scio_v2_e2faa75ef0fbac3d.jpg","Master V2 dataset image","Canonical unique Braille training/validation/test image used for V2 model lineage","Keep"
"sciobraille-model-lab\datasets\master_v2\images\train\scio_v2_e3602de230e82a0c.jpg","Master V2 dataset image","Canonical unique Braille training/validation/test image used for V2 model lineage","Keep"
"sciobraille-model-lab\datasets\master_v2\images\train\scio_v2_e376382e75eec72c.jpg","Master V2 dataset image","Canonical unique Braille training/validation/test image used for V2 model lineage","Keep"
"sciobraille-model-lab\datasets\master_v2\images\train\scio_v2_e3c21df2b8b75d01.jpg","Master V2 dataset image","Canonical unique Braille training/validation/test image used for V2 model lineage","Keep"
"sciobraille-model-lab\datasets\master_v2\images\train\scio_v2_e4b25fd3a663aae4.jpg","Master V2 dataset image","Canonical unique Braille training/validation/test image used for V2 model lineage","Keep"
"sciobraille-model-lab\datasets\master_v2\images\train\scio_v2_e4cb860d0fc11b6d.jpg","Master V2 dataset image","Canonical unique Braille training/validation/test image used for V2 model lineage","Keep"
"sciobraille-model-lab\datasets\master_v2\images\train\scio_v2_e4dcbcb01fde755a.jpg","Master V2 dataset image","Canonical unique Braille training/validation/test image used for V2 model lineage","Keep"
"sciobraille-model-lab\datasets\master_v2\images\train\scio_v2_e4f7106a198f240e.jpg","Master V2 dataset image","Canonical unique Braille training/validation/test image used for V2 model lineage","Keep"
"sciobraille-model-lab\datasets\master_v2\images\train\scio_v2_e4f93669e6049825.jpg","Master V2 dataset image","Canonical unique Braille training/validation/test image used for V2 model lineage","Keep"
"sciobraille-model-lab\datasets\master_v2\images\train\scio_v2_e549958896310f29.jpg","Master V2 dataset image","Canonical unique Braille training/validation/test image used for V2 model lineage","Keep"
"sciobraille-model-lab\datasets\master_v2\images\train\scio_v2_e57544d8766381f9.jpg","Master V2 dataset image","Canonical unique Braille training/validation/test image used for V2 model lineage","Keep"
"sciobraille-model-lab\datasets\master_v2\images\train\scio_v2_e58b0ff0e305f7a2.jpg","Master V2 dataset image","Canonical unique Braille training/validation/test image used for V2 model lineage","Keep"
"sciobraille-model-lab\datasets\master_v2\images\train\scio_v2_e5ba48d654895bce.jpg","Master V2 dataset image","Canonical unique Braille training/validation/test image used for V2 model lineage","Keep"
"sciobraille-model-lab\datasets\master_v2\images\train\scio_v2_e623aa0d64d62db2.jpg","Master V2 dataset image","Canonical unique Braille training/validation/test image used for V2 model lineage","Keep"
"sciobraille-model-lab\datasets\master_v2\images\train\scio_v2_e631017d6981a35f.jpg","Master V2 dataset image","Canonical unique Braille training/validation/test image used for V2 model lineage","Keep"
"sciobraille-model-lab\datasets\master_v2\images\train\scio_v2_e6731824f11365ae.jpg","Master V2 dataset image","Canonical unique Braille training/validation/test image used for V2 model lineage","Keep"
"sciobraille-model-lab\datasets\master_v2\images\train\scio_v2_e6e3a7ce2ec0c486.jpg","Master V2 dataset image","Canonical unique Braille training/validation/test image used for V2 model lineage","Keep"
"sciobraille-model-lab\datasets\master_v2\images\train\scio_v2_e71ffc75749d4a2a.jpg","Master V2 dataset image","Canonical unique Braille training/validation/test image used for V2 model lineage","Keep"
"sciobraille-model-lab\datasets\master_v2\images\train\scio_v2_e7200ecb764a188f.jpg","Master V2 dataset image","Canonical unique Braille training/validation/test image used for V2 model lineage","Keep"
"sciobraille-model-lab\datasets\master_v2\images\train\scio_v2_e72c086928043219.jpg","Master V2 dataset image","Canonical unique Braille training/validation/test image used for V2 model lineage","Keep"
"sciobraille-model-lab\datasets\master_v2\images\train\scio_v2_e745306c97074fd3.jpg","Master V2 dataset image","Canonical unique Braille training/validation/test image used for V2 model lineage","Keep"
"sciobraille-model-lab\datasets\master_v2\images\train\scio_v2_e7a5df1caab7370e.jpg","Master V2 dataset image","Canonical unique Braille training/validation/test image used for V2 model lineage","Keep"
"sciobraille-model-lab\datasets\master_v2\images\train\scio_v2_e7adefb26c74a2fb.jpg","Master V2 dataset image","Canonical unique Braille training/validation/test image used for V2 model lineage","Keep"
"sciobraille-model-lab\datasets\master_v2\images\train\scio_v2_e7c0a81016dcf89f.jpg","Master V2 dataset image","Canonical unique Braille training/validation/test image used for V2 model lineage","Keep"
"sciobraille-model-lab\datasets\master_v2\images\train\scio_v2_e7f273e32810d334.jpg","Master V2 dataset image","Canonical unique Braille training/validation/test image used for V2 model lineage","Keep"
"sciobraille-model-lab\datasets\master_v2\images\train\scio_v2_e83109da0a6bf4ed.jpg","Master V2 dataset image","Canonical unique Braille training/validation/test image used for V2 model lineage","Keep"
"sciobraille-model-lab\datasets\master_v2\images\train\scio_v2_e844415d7bcb0cf9.jpg","Master V2 dataset image","Canonical unique Braille training/validation/test image used for V2 model lineage","Keep"
"sciobraille-model-lab\datasets\master_v2\images\train\scio_v2_e876887ca8664cf9.jpg","Master V2 dataset image","Canonical unique Braille training/validation/test image used for V2 model lineage","Keep"
"sciobraille-model-lab\datasets\master_v2\images\train\scio_v2_e899c373e2c06dd2.jpg","Master V2 dataset image","Canonical unique Braille training/validation/test image used for V2 model lineage","Keep"
"sciobraille-model-lab\datasets\master_v2\images\train\scio_v2_e89df789ec0c338d.jpg","Master V2 dataset image","Canonical unique Braille training/validation/test image used for V2 model lineage","Keep"
"sciobraille-model-lab\datasets\master_v2\images\train\scio_v2_e8b0d5ada054eb1f.jpg","Master V2 dataset image","Canonical unique Braille training/validation/test image used for V2 model lineage","Keep"
"sciobraille-model-lab\datasets\master_v2\images\train\scio_v2_e8cde4a71c67092e.jpg","Master V2 dataset image","Canonical unique Braille training/validation/test image used for V2 model lineage","Keep"
"sciobraille-model-lab\datasets\master_v2\images\train\scio_v2_e8dd8549808330aa.jpg","Master V2 dataset image","Canonical unique Braille training/validation/test image used for V2 model lineage","Keep"
"sciobraille-model-lab\datasets\master_v2\images\train\scio_v2_e8e76b0eb4020d09.jpg","Master V2 dataset image","Canonical unique Braille training/validation/test image used for V2 model lineage","Keep"
"sciobraille-model-lab\datasets\master_v2\images\train\scio_v2_e94e7dcf8cd4bc86.jpg","Master V2 dataset image","Canonical unique Braille training/validation/test image used for V2 model lineage","Keep"
"sciobraille-model-lab\datasets\master_v2\images\train\scio_v2_e991116724f163f3.jpg","Master V2 dataset image","Canonical unique Braille training/validation/test image used for V2 model lineage","Keep"
"sciobraille-model-lab\datasets\master_v2\images\train\scio_v2_e9adc32c1be1cf70.jpg","Master V2 dataset image","Canonical unique Braille training/validation/test image used for V2 model lineage","Keep"
"sciobraille-model-lab\datasets\master_v2\images\train\scio_v2_e9ba67c78f1e9e78.jpg","Master V2 dataset image","Canonical unique Braille training/validation/test image used for V2 model lineage","Keep"
"sciobraille-model-lab\datasets\master_v2\images\train\scio_v2_e9ddba8cbd821883.jpg","Master V2 dataset image","Canonical unique Braille training/validation/test image used for V2 model lineage","Keep"
"sciobraille-model-lab\datasets\master_v2\images\train\scio_v2_e9f602df018d95c1.jpg","Master V2 dataset image","Canonical unique Braille training/validation/test image used for V2 model lineage","Keep"
"sciobraille-model-lab\datasets\master_v2\images\train\scio_v2_ea3517fce02eaf51.jpg","Master V2 dataset image","Canonical unique Braille training/validation/test image used for V2 model lineage","Keep"
"sciobraille-model-lab\datasets\master_v2\images\train\scio_v2_ea40fdbb530932b1.jpg","Master V2 dataset image","Canonical unique Braille training/validation/test image used for V2 model lineage","Keep"
"sciobraille-model-lab\datasets\master_v2\images\train\scio_v2_ea48bb28d2240de3.jpg","Master V2 dataset image","Canonical unique Braille training/validation/test image used for V2 model lineage","Keep"
"sciobraille-model-lab\datasets\master_v2\images\train\scio_v2_ea5e41cb3062fb56.jpg","Master V2 dataset image","Canonical unique Braille training/validation/test image used for V2 model lineage","Keep"
"sciobraille-model-lab\datasets\master_v2\images\train\scio_v2_ea687d94f411f64c.jpg","Master V2 dataset image","Canonical unique Braille training/validation/test image used for V2 model lineage","Keep"
"sciobraille-model-lab\datasets\master_v2\images\train\scio_v2_ea7abdbe8cff500b.jpg","Master V2 dataset image","Canonical unique Braille training/validation/test image used for V2 model lineage","Keep"
"sciobraille-model-lab\datasets\master_v2\images\train\scio_v2_ea80786492cc63d6.jpg","Master V2 dataset image","Canonical unique Braille training/validation/test image used for V2 model lineage","Keep"
"sciobraille-model-lab\datasets\master_v2\images\train\scio_v2_eaa79aaa2d9bf2d9.jpg","Master V2 dataset image","Canonical unique Braille training/validation/test image used for V2 model lineage","Keep"
"sciobraille-model-lab\datasets\master_v2\images\train\scio_v2_eae7fdd136a1ec43.jpg","Master V2 dataset image","Canonical unique Braille training/validation/test image used for V2 model lineage","Keep"
"sciobraille-model-lab\datasets\master_v2\images\train\scio_v2_eaf6f9e2a6498055.jpg","Master V2 dataset image","Canonical unique Braille training/validation/test image used for V2 model lineage","Keep"
"sciobraille-model-lab\datasets\master_v2\images\train\scio_v2_eb737e1239d2cb81.jpg","Master V2 dataset image","Canonical unique Braille training/validation/test image used for V2 model lineage","Keep"
"sciobraille-model-lab\datasets\master_v2\images\train\scio_v2_eb844b1a3053e7e5.jpg","Master V2 dataset image","Canonical unique Braille training/validation/test image used for V2 model lineage","Keep"
"sciobraille-model-lab\datasets\master_v2\images\train\scio_v2_eb96825f295d5cfb.jpg","Master V2 dataset image","Canonical unique Braille training/validation/test image used for V2 model lineage","Keep"
"sciobraille-model-lab\datasets\master_v2\images\train\scio_v2_eba682d0f3fd397a.jpg","Master V2 dataset image","Canonical unique Braille training/validation/test image used for V2 model lineage","Keep"
"sciobraille-model-lab\datasets\master_v2\images\train\scio_v2_ebde9aba2cd81088.jpg","Master V2 dataset image","Canonical unique Braille training/validation/test image used for V2 model lineage","Keep"
"sciobraille-model-lab\datasets\master_v2\images\train\scio_v2_ebe90167fa371605.jpg","Master V2 dataset image","Canonical unique Braille training/validation/test image used for V2 model lineage","Keep"
"sciobraille-model-lab\datasets\master_v2\images\train\scio_v2_ec210bf107a9dd27.jpg","Master V2 dataset image","Canonical unique Braille training/validation/test image used for V2 model lineage","Keep"
"sciobraille-model-lab\datasets\master_v2\images\train\scio_v2_ec3eb52730c22071.jpg","Master V2 dataset image","Canonical unique Braille training/validation/test image used for V2 model lineage","Keep"
"sciobraille-model-lab\datasets\master_v2\images\train\scio_v2_ec47d96a03c0d130.jpg","Master V2 dataset image","Canonical unique Braille training/validation/test image used for V2 model lineage","Keep"
"sciobraille-model-lab\datasets\master_v2\images\train\scio_v2_ec72b370887f8a72.jpg","Master V2 dataset image","Canonical unique Braille training/validation/test image used for V2 model lineage","Keep"
"sciobraille-model-lab\datasets\master_v2\images\train\scio_v2_ec8bc297282de7b6.jpg","Master V2 dataset image","Canonical unique Braille training/validation/test image used for V2 model lineage","Keep"
"sciobraille-model-lab\datasets\master_v2\images\train\scio_v2_ec900860617a7376.jpg","Master V2 dataset image","Canonical unique Braille training/validation/test image used for V2 model lineage","Keep"
"sciobraille-model-lab\datasets\master_v2\images\train\scio_v2_ecccab1980fa2181.jpg","Master V2 dataset image","Canonical unique Braille training/validation/test image used for V2 model lineage","Keep"
"sciobraille-model-lab\datasets\master_v2\images\train\scio_v2_ecccf7edf8385537.jpg","Master V2 dataset image","Canonical unique Braille training/validation/test image used for V2 model lineage","Keep"
"sciobraille-model-lab\datasets\master_v2\images\train\scio_v2_ecf470d0eb5212c1.jpg","Master V2 dataset image","Canonical unique Braille training/validation/test image used for V2 model lineage","Keep"
"sciobraille-model-lab\datasets\master_v2\images\train\scio_v2_ed58dd76872a52f0.jpg","Master V2 dataset image","Canonical unique Braille training/validation/test image used for V2 model lineage","Keep"
"sciobraille-model-lab\datasets\master_v2\images\train\scio_v2_ed6c7fb8ba9180cc.jpg","Master V2 dataset image","Canonical unique Braille training/validation/test image used for V2 model lineage","Keep"
"sciobraille-model-lab\datasets\master_v2\images\train\scio_v2_ed8b1b6656385c61.jpg","Master V2 dataset image","Canonical unique Braille training/validation/test image used for V2 model lineage","Keep"
"sciobraille-model-lab\datasets\master_v2\images\train\scio_v2_ed96a9bb2ff32b7f.jpg","Master V2 dataset image","Canonical unique Braille training/validation/test image used for V2 model lineage","Keep"
"sciobraille-model-lab\datasets\master_v2\images\train\scio_v2_eda14ce59e09b746.jpg","Master V2 dataset image","Canonical unique Braille training/validation/test image used for V2 model lineage","Keep"
"sciobraille-model-lab\datasets\master_v2\images\train\scio_v2_edb3b9e9d73adb62.jpg","Master V2 dataset image","Canonical unique Braille training/validation/test image used for V2 model lineage","Keep"
"sciobraille-model-lab\datasets\master_v2\images\train\scio_v2_edf7461bb308cfae.jpg","Master V2 dataset image","Canonical unique Braille training/validation/test image used for V2 model lineage","Keep"
"sciobraille-model-lab\datasets\master_v2\images\train\scio_v2_edfcb4201d17db4e.jpg","Master V2 dataset image","Canonical unique Braille training/validation/test image used for V2 model lineage","Keep"
"sciobraille-model-lab\datasets\master_v2\images\train\scio_v2_ee73a65b833146ee.jpg","Master V2 dataset image","Canonical unique Braille training/validation/test image used for V2 model lineage","Keep"
"sciobraille-model-lab\datasets\master_v2\images\train\scio_v2_ee7530d6d5a095d9.jpg","Master V2 dataset image","Canonical unique Braille training/validation/test image used for V2 model lineage","Keep"
"sciobraille-model-lab\datasets\master_v2\images\train\scio_v2_ee82db6c3880a3c4.jpg","Master V2 dataset image","Canonical unique Braille training/validation/test image used for V2 model lineage","Keep"
"sciobraille-model-lab\datasets\master_v2\images\train\scio_v2_eeb791f41553893e.jpg","Master V2 dataset image","Canonical unique Braille training/validation/test image used for V2 model lineage","Keep"
"sciobraille-model-lab\datasets\master_v2\images\train\scio_v2_eec100ce68b0625a.jpg","Master V2 dataset image","Canonical unique Braille training/validation/test image used for V2 model lineage","Keep"
"sciobraille-model-lab\datasets\master_v2\images\train\scio_v2_eecb77bb03370557.jpg","Master V2 dataset image","Canonical unique Braille training/validation/test image used for V2 model lineage","Keep"
"sciobraille-model-lab\datasets\master_v2\images\train\scio_v2_eee6ce360ed6417a.jpg","Master V2 dataset image","Canonical unique Braille training/validation/test image used for V2 model lineage","Keep"
"sciobraille-model-lab\datasets\master_v2\images\train\scio_v2_eefb5dab94706f35.jpg","Master V2 dataset image","Canonical unique Braille training/validation/test image used for V2 model lineage","Keep"
"sciobraille-model-lab\datasets\master_v2\images\train\scio_v2_ef53f2800dddf607.jpg","Master V2 dataset image","Canonical unique Braille training/validation/test image used for V2 model lineage","Keep"
"sciobraille-model-lab\datasets\master_v2\images\train\scio_v2_ef5992424a7f988c.jpg","Master V2 dataset image","Canonical unique Braille training/validation/test image used for V2 model lineage","Keep"
"sciobraille-model-lab\datasets\master_v2\images\train\scio_v2_ef9d0c689248609b.jpg","Master V2 dataset image","Canonical unique Braille training/validation/test image used for V2 model lineage","Keep"
"sciobraille-model-lab\datasets\master_v2\images\train\scio_v2_ef9dea79e5c9da24.jpg","Master V2 dataset image","Canonical unique Braille training/validation/test image used for V2 model lineage","Keep"
"sciobraille-model-lab\datasets\master_v2\images\train\scio_v2_efbb9ef1a26093de.jpg","Master V2 dataset image","Canonical unique Braille training/validation/test image used for V2 model lineage","Keep"
"sciobraille-model-lab\datasets\master_v2\images\train\scio_v2_efc8f431758afadf.jpg","Master V2 dataset image","Canonical unique Braille training/validation/test image used for V2 model lineage","Keep"
"sciobraille-model-lab\datasets\master_v2\images\train\scio_v2_efe78ee063076e14.jpg","Master V2 dataset image","Canonical unique Braille training/validation/test image used for V2 model lineage","Keep"
"sciobraille-model-lab\datasets\master_v2\images\train\scio_v2_eff6702df0a1eb4f.jpg","Master V2 dataset image","Canonical unique Braille training/validation/test image used for V2 model lineage","Keep"
"sciobraille-model-lab\datasets\master_v2\images\train\scio_v2_f02f0680abec9653.jpg","Master V2 dataset image","Canonical unique Braille training/validation/test image used for V2 model lineage","Keep"
"sciobraille-model-lab\datasets\master_v2\images\train\scio_v2_f03dcca51b2cd474.jpg","Master V2 dataset image","Canonical unique Braille training/validation/test image used for V2 model lineage","Keep"
"sciobraille-model-lab\datasets\master_v2\images\train\scio_v2_f058c93150a8dae9.jpg","Master V2 dataset image","Canonical unique Braille training/validation/test image used for V2 model lineage","Keep"
"sciobraille-model-lab\datasets\master_v2\images\train\scio_v2_f064e920981e5a0d.jpg","Master V2 dataset image","Canonical unique Braille training/validation/test image used for V2 model lineage","Keep"
"sciobraille-model-lab\datasets\master_v2\images\train\scio_v2_f0764f814426f558.jpg","Master V2 dataset image","Canonical unique Braille training/validation/test image used for V2 model lineage","Keep"
"sciobraille-model-lab\datasets\master_v2\images\train\scio_v2_f0b33b9a7ac1d875.jpg","Master V2 dataset image","Canonical unique Braille training/validation/test image used for V2 model lineage","Keep"
"sciobraille-model-lab\datasets\master_v2\images\train\scio_v2_f0d88da8937a6b85.jpg","Master V2 dataset image","Canonical unique Braille training/validation/test image used for V2 model lineage","Keep"
"sciobraille-model-lab\datasets\master_v2\images\train\scio_v2_f10ccb4bc919c789.jpg","Master V2 dataset image","Canonical unique Braille training/validation/test image used for V2 model lineage","Keep"
"sciobraille-model-lab\datasets\master_v2\images\train\scio_v2_f16045ba2c748d88.jpg","Master V2 dataset image","Canonical unique Braille training/validation/test image used for V2 model lineage","Keep"
"sciobraille-model-lab\datasets\master_v2\images\train\scio_v2_f1ef101184e2b151.jpg","Master V2 dataset image","Canonical unique Braille training/validation/test image used for V2 model lineage","Keep"
"sciobraille-model-lab\datasets\master_v2\images\train\scio_v2_f21a2ff3d3859d62.jpg","Master V2 dataset image","Canonical unique Braille training/validation/test image used for V2 model lineage","Keep"
"sciobraille-model-lab\datasets\master_v2\images\train\scio_v2_f24d1399a291e730.jpg","Master V2 dataset image","Canonical unique Braille training/validation/test image used for V2 model lineage","Keep"
"sciobraille-model-lab\datasets\master_v2\images\train\scio_v2_f2635fa77dc3b1ae.jpg","Master V2 dataset image","Canonical unique Braille training/validation/test image used for V2 model lineage","Keep"
"sciobraille-model-lab\datasets\master_v2\images\train\scio_v2_f2b91072faa0c36e.jpg","Master V2 dataset image","Canonical unique Braille training/validation/test image used for V2 model lineage","Keep"
"sciobraille-model-lab\datasets\master_v2\images\train\scio_v2_f2c93a0a4c45e779.jpg","Master V2 dataset image","Canonical unique Braille training/validation/test image used for V2 model lineage","Keep"
"sciobraille-model-lab\datasets\master_v2\images\train\scio_v2_f2e9b01544636bf2.jpg","Master V2 dataset image","Canonical unique Braille training/validation/test image used for V2 model lineage","Keep"
"sciobraille-model-lab\datasets\master_v2\images\train\scio_v2_f2f73a46347ed3ef.jpg","Master V2 dataset image","Canonical unique Braille training/validation/test image used for V2 model lineage","Keep"
"sciobraille-model-lab\datasets\master_v2\images\train\scio_v2_f389c1553660a514.jpg","Master V2 dataset image","Canonical unique Braille training/validation/test image used for V2 model lineage","Keep"
"sciobraille-model-lab\datasets\master_v2\images\train\scio_v2_f3ae36ab860de8bb.jpg","Master V2 dataset image","Canonical unique Braille training/validation/test image used for V2 model lineage","Keep"
"sciobraille-model-lab\datasets\master_v2\images\train\scio_v2_f3d5f2d36fae136b.jpg","Master V2 dataset image","Canonical unique Braille training/validation/test image used for V2 model lineage","Keep"
"sciobraille-model-lab\datasets\master_v2\images\train\scio_v2_f3d74750be3acbd1.jpg","Master V2 dataset image","Canonical unique Braille training/validation/test image used for V2 model lineage","Keep"
"sciobraille-model-lab\datasets\master_v2\images\train\scio_v2_f3ef58184457f678.jpg","Master V2 dataset image","Canonical unique Braille training/validation/test image used for V2 model lineage","Keep"
"sciobraille-model-lab\datasets\master_v2\images\train\scio_v2_f41d49340d915728.jpg","Master V2 dataset image","Canonical unique Braille training/validation/test image used for V2 model lineage","Keep"
"sciobraille-model-lab\datasets\master_v2\images\train\scio_v2_f4497ef432c7cc30.jpg","Master V2 dataset image","Canonical unique Braille training/validation/test image used for V2 model lineage","Keep"
"sciobraille-model-lab\datasets\master_v2\images\train\scio_v2_f454e6ef9d87711f.jpg","Master V2 dataset image","Canonical unique Braille training/validation/test image used for V2 model lineage","Keep"
"sciobraille-model-lab\datasets\master_v2\images\train\scio_v2_f474e836ec1357c0.jpg","Master V2 dataset image","Canonical unique Braille training/validation/test image used for V2 model lineage","Keep"
"sciobraille-model-lab\datasets\master_v2\images\train\scio_v2_f485bb20b82a0f61.jpg","Master V2 dataset image","Canonical unique Braille training/validation/test image used for V2 model lineage","Keep"
"sciobraille-model-lab\datasets\master_v2\images\train\scio_v2_f4e6111345d4f7bf.jpg","Master V2 dataset image","Canonical unique Braille training/validation/test image used for V2 model lineage","Keep"
"sciobraille-model-lab\datasets\master_v2\images\train\scio_v2_f535fc9828296120.jpg","Master V2 dataset image","Canonical unique Braille training/validation/test image used for V2 model lineage","Keep"
"sciobraille-model-lab\datasets\master_v2\images\train\scio_v2_f57ae0549b71b4d0.jpg","Master V2 dataset image","Canonical unique Braille training/validation/test image used for V2 model lineage","Keep"
"sciobraille-model-lab\datasets\master_v2\images\train\scio_v2_f5918abee16198f5.jpg","Master V2 dataset image","Canonical unique Braille training/validation/test image used for V2 model lineage","Keep"
"sciobraille-model-lab\datasets\master_v2\images\train\scio_v2_f59d21479716a59e.jpg","Master V2 dataset image","Canonical unique Braille training/validation/test image used for V2 model lineage","Keep"
"sciobraille-model-lab\datasets\master_v2\images\train\scio_v2_f62f965f89bc2323.jpg","Master V2 dataset image","Canonical unique Braille training/validation/test image used for V2 model lineage","Keep"
"sciobraille-model-lab\datasets\master_v2\images\train\scio_v2_f66dc3007350edd4.jpg","Master V2 dataset image","Canonical unique Braille training/validation/test image used for V2 model lineage","Keep"
"sciobraille-model-lab\datasets\master_v2\images\train\scio_v2_f6a4f68c2fc2570e.jpg","Master V2 dataset image","Canonical unique Braille training/validation/test image used for V2 model lineage","Keep"
"sciobraille-model-lab\datasets\master_v2\images\train\scio_v2_f6af0bbb561d548d.jpg","Master V2 dataset image","Canonical unique Braille training/validation/test image used for V2 model lineage","Keep"
"sciobraille-model-lab\datasets\master_v2\images\train\scio_v2_f6b02c54d5669a39.jpg","Master V2 dataset image","Canonical unique Braille training/validation/test image used for V2 model lineage","Keep"
"sciobraille-model-lab\datasets\master_v2\images\train\scio_v2_f73591bb966fca6f.jpg","Master V2 dataset image","Canonical unique Braille training/validation/test image used for V2 model lineage","Keep"
"sciobraille-model-lab\datasets\master_v2\images\train\scio_v2_f740c2ffc0d12086.jpg","Master V2 dataset image","Canonical unique Braille training/validation/test image used for V2 model lineage","Keep"
"sciobraille-model-lab\datasets\master_v2\images\train\scio_v2_f743aed7f3969974.jpg","Master V2 dataset image","Canonical unique Braille training/validation/test image used for V2 model lineage","Keep"
"sciobraille-model-lab\datasets\master_v2\images\train\scio_v2_f7450360e8112f36.jpg","Master V2 dataset image","Canonical unique Braille training/validation/test image used for V2 model lineage","Keep"
"sciobraille-model-lab\datasets\master_v2\images\train\scio_v2_f74bebd6e793f2d8.jpg","Master V2 dataset image","Canonical unique Braille training/validation/test image used for V2 model lineage","Keep"
"sciobraille-model-lab\datasets\master_v2\images\train\scio_v2_f76a8028eb6847bd.jpg","Master V2 dataset image","Canonical unique Braille training/validation/test image used for V2 model lineage","Keep"
"sciobraille-model-lab\datasets\master_v2\images\train\scio_v2_f78d9ba45631435b.jpg","Master V2 dataset image","Canonical unique Braille training/validation/test image used for V2 model lineage","Keep"
"sciobraille-model-lab\datasets\master_v2\images\train\scio_v2_f7d0bcb55cf0ee7b.jpg","Master V2 dataset image","Canonical unique Braille training/validation/test image used for V2 model lineage","Keep"
"sciobraille-model-lab\datasets\master_v2\images\train\scio_v2_f7e49ac137cbbd7b.jpg","Master V2 dataset image","Canonical unique Braille training/validation/test image used for V2 model lineage","Keep"
"sciobraille-model-lab\datasets\master_v2\images\train\scio_v2_f805f46a9243d2bb.jpg","Master V2 dataset image","Canonical unique Braille training/validation/test image used for V2 model lineage","Keep"
"sciobraille-model-lab\datasets\master_v2\images\train\scio_v2_f80ed6a19a0e0d1f.jpg","Master V2 dataset image","Canonical unique Braille training/validation/test image used for V2 model lineage","Keep"
"sciobraille-model-lab\datasets\master_v2\images\train\scio_v2_f81015a3ffc02bef.jpg","Master V2 dataset image","Canonical unique Braille training/validation/test image used for V2 model lineage","Keep"
"sciobraille-model-lab\datasets\master_v2\images\train\scio_v2_f8695d9429091198.jpg","Master V2 dataset image","Canonical unique Braille training/validation/test image used for V2 model lineage","Keep"
"sciobraille-model-lab\datasets\master_v2\images\train\scio_v2_f885284140696c28.jpg","Master V2 dataset image","Canonical unique Braille training/validation/test image used for V2 model lineage","Keep"
"sciobraille-model-lab\datasets\master_v2\images\train\scio_v2_f8b0fa091f69b163.jpg","Master V2 dataset image","Canonical unique Braille training/validation/test image used for V2 model lineage","Keep"
"sciobraille-model-lab\datasets\master_v2\images\train\scio_v2_f8c709a9aeb0582b.jpg","Master V2 dataset image","Canonical unique Braille training/validation/test image used for V2 model lineage","Keep"
"sciobraille-model-lab\datasets\master_v2\images\train\scio_v2_f9266bb811513888.jpg","Master V2 dataset image","Canonical unique Braille training/validation/test image used for V2 model lineage","Keep"
"sciobraille-model-lab\datasets\master_v2\images\train\scio_v2_f94ade3359b60454.jpg","Master V2 dataset image","Canonical unique Braille training/validation/test image used for V2 model lineage","Keep"
"sciobraille-model-lab\datasets\master_v2\images\train\scio_v2_f959c23e748ced8f.jpg","Master V2 dataset image","Canonical unique Braille training/validation/test image used for V2 model lineage","Keep"
"sciobraille-model-lab\datasets\master_v2\images\train\scio_v2_f96f6326dede9f17.jpg","Master V2 dataset image","Canonical unique Braille training/validation/test image used for V2 model lineage","Keep"
"sciobraille-model-lab\datasets\master_v2\images\train\scio_v2_f98861edc74c9847.jpg","Master V2 dataset image","Canonical unique Braille training/validation/test image used for V2 model lineage","Keep"
"sciobraille-model-lab\datasets\master_v2\images\train\scio_v2_f9d473463b510b36.jpg","Master V2 dataset image","Canonical unique Braille training/validation/test image used for V2 model lineage","Keep"
"sciobraille-model-lab\datasets\master_v2\images\train\scio_v2_fab4d002130330c7.jpg","Master V2 dataset image","Canonical unique Braille training/validation/test image used for V2 model lineage","Keep"
"sciobraille-model-lab\datasets\master_v2\images\train\scio_v2_fad5ed755f235d33.jpg","Master V2 dataset image","Canonical unique Braille training/validation/test image used for V2 model lineage","Keep"
"sciobraille-model-lab\datasets\master_v2\images\train\scio_v2_fb041a992882b82e.jpg","Master V2 dataset image","Canonical unique Braille training/validation/test image used for V2 model lineage","Keep"
"sciobraille-model-lab\datasets\master_v2\images\train\scio_v2_fb12be72b587b2aa.jpg","Master V2 dataset image","Canonical unique Braille training/validation/test image used for V2 model lineage","Keep"
"sciobraille-model-lab\datasets\master_v2\images\train\scio_v2_fb4989b66d806fda.jpg","Master V2 dataset image","Canonical unique Braille training/validation/test image used for V2 model lineage","Keep"
"sciobraille-model-lab\datasets\master_v2\images\train\scio_v2_fb872002412d82d8.jpg","Master V2 dataset image","Canonical unique Braille training/validation/test image used for V2 model lineage","Keep"
"sciobraille-model-lab\datasets\master_v2\images\train\scio_v2_fb90e07d21785bdd.jpg","Master V2 dataset image","Canonical unique Braille training/validation/test image used for V2 model lineage","Keep"
"sciobraille-model-lab\datasets\master_v2\images\train\scio_v2_fbe06af4605f5360.jpg","Master V2 dataset image","Canonical unique Braille training/validation/test image used for V2 model lineage","Keep"
"sciobraille-model-lab\datasets\master_v2\images\train\scio_v2_fc249eaa5ba63a75.jpg","Master V2 dataset image","Canonical unique Braille training/validation/test image used for V2 model lineage","Keep"
"sciobraille-model-lab\datasets\master_v2\images\train\scio_v2_fc2dec8816ec501e.jpg","Master V2 dataset image","Canonical unique Braille training/validation/test image used for V2 model lineage","Keep"
"sciobraille-model-lab\datasets\master_v2\images\train\scio_v2_fc4cfd46a25f684f.jpg","Master V2 dataset image","Canonical unique Braille training/validation/test image used for V2 model lineage","Keep"
"sciobraille-model-lab\datasets\master_v2\images\train\scio_v2_fc8efa612af5c4f7.jpg","Master V2 dataset image","Canonical unique Braille training/validation/test image used for V2 model lineage","Keep"
"sciobraille-model-lab\datasets\master_v2\images\train\scio_v2_fcd613ef13d5a265.jpg","Master V2 dataset image","Canonical unique Braille training/validation/test image used for V2 model lineage","Keep"
"sciobraille-model-lab\datasets\master_v2\images\train\scio_v2_fce130c412e62f19.jpg","Master V2 dataset image","Canonical unique Braille training/validation/test image used for V2 model lineage","Keep"
"sciobraille-model-lab\datasets\master_v2\images\train\scio_v2_fce90929fc87be86.jpg","Master V2 dataset image","Canonical unique Braille training/validation/test image used for V2 model lineage","Keep"
"sciobraille-model-lab\datasets\master_v2\images\train\scio_v2_fd3b2371d5a3991d.jpg","Master V2 dataset image","Canonical unique Braille training/validation/test image used for V2 model lineage","Keep"
"sciobraille-model-lab\datasets\master_v2\images\train\scio_v2_fd58325e7e3422db.jpg","Master V2 dataset image","Canonical unique Braille training/validation/test image used for V2 model lineage","Keep"
"sciobraille-model-lab\datasets\master_v2\images\train\scio_v2_fdc1082e386cf93e.jpg","Master V2 dataset image","Canonical unique Braille training/validation/test image used for V2 model lineage","Keep"
"sciobraille-model-lab\datasets\master_v2\images\train\scio_v2_fdfaa7fed15d8200.jpg","Master V2 dataset image","Canonical unique Braille training/validation/test image used for V2 model lineage","Keep"
"sciobraille-model-lab\datasets\master_v2\images\train\scio_v2_fe00d13f9222066d.jpg","Master V2 dataset image","Canonical unique Braille training/validation/test image used for V2 model lineage","Keep"
"sciobraille-model-lab\datasets\master_v2\images\train\scio_v2_fe2b05f6df931b77.jpg","Master V2 dataset image","Canonical unique Braille training/validation/test image used for V2 model lineage","Keep"
"sciobraille-model-lab\datasets\master_v2\images\train\scio_v2_fe39105d19f4bdc6.jpg","Master V2 dataset image","Canonical unique Braille training/validation/test image used for V2 model lineage","Keep"
"sciobraille-model-lab\datasets\master_v2\images\train\scio_v2_fe63d9bfa683cd8e.jpg","Master V2 dataset image","Canonical unique Braille training/validation/test image used for V2 model lineage","Keep"
"sciobraille-model-lab\datasets\master_v2\images\train\scio_v2_fe64f81e8f329e22.jpg","Master V2 dataset image","Canonical unique Braille training/validation/test image used for V2 model lineage","Keep"
"sciobraille-model-lab\datasets\master_v2\images\train\scio_v2_fe82a5da1c03d910.jpg","Master V2 dataset image","Canonical unique Braille training/validation/test image used for V2 model lineage","Keep"
"sciobraille-model-lab\datasets\master_v2\images\train\scio_v2_fe87ff169a3d1a9b.jpg","Master V2 dataset image","Canonical unique Braille training/validation/test image used for V2 model lineage","Keep"
"sciobraille-model-lab\datasets\master_v2\images\train\scio_v2_fe882bee5c54bf2e.jpg","Master V2 dataset image","Canonical unique Braille training/validation/test image used for V2 model lineage","Keep"
"sciobraille-model-lab\datasets\master_v2\images\train\scio_v2_fe8bb23a4e2969e9.jpg","Master V2 dataset image","Canonical unique Braille training/validation/test image used for V2 model lineage","Keep"
"sciobraille-model-lab\datasets\master_v2\images\train\scio_v2_fe8c66bda439debd.jpg","Master V2 dataset image","Canonical unique Braille training/validation/test image used for V2 model lineage","Keep"
"sciobraille-model-lab\datasets\master_v2\images\train\scio_v2_fe960d6bf581b7b5.jpg","Master V2 dataset image","Canonical unique Braille training/validation/test image used for V2 model lineage","Keep"
"sciobraille-model-lab\datasets\master_v2\images\train\scio_v2_fe96d38417a3a5f8.jpg","Master V2 dataset image","Canonical unique Braille training/validation/test image used for V2 model lineage","Keep"
"sciobraille-model-lab\datasets\master_v2\images\train\scio_v2_fe997637fa6a78c9.jpg","Master V2 dataset image","Canonical unique Braille training/validation/test image used for V2 model lineage","Keep"
"sciobraille-model-lab\datasets\master_v2\images\train\scio_v2_fe9eff5c21b52e2a.jpg","Master V2 dataset image","Canonical unique Braille training/validation/test image used for V2 model lineage","Keep"
"sciobraille-model-lab\datasets\master_v2\images\train\scio_v2_feced4961b10e3b8.jpg","Master V2 dataset image","Canonical unique Braille training/validation/test image used for V2 model lineage","Keep"
"sciobraille-model-lab\datasets\master_v2\images\train\scio_v2_fee3873bc9ac619b.jpg","Master V2 dataset image","Canonical unique Braille training/validation/test image used for V2 model lineage","Keep"
"sciobraille-model-lab\datasets\master_v2\images\train\scio_v2_fef0d66349fa818f.jpg","Master V2 dataset image","Canonical unique Braille training/validation/test image used for V2 model lineage","Keep"
"sciobraille-model-lab\datasets\master_v2\images\train\scio_v2_ff14a9ef9184b035.jpg","Master V2 dataset image","Canonical unique Braille training/validation/test image used for V2 model lineage","Keep"
"sciobraille-model-lab\datasets\master_v2\images\train\scio_v2_ff1bf2d0736227e9.jpg","Master V2 dataset image","Canonical unique Braille training/validation/test image used for V2 model lineage","Keep"
"sciobraille-model-lab\datasets\master_v2\images\train\scio_v2_ff1d0273d8f214d3.jpg","Master V2 dataset image","Canonical unique Braille training/validation/test image used for V2 model lineage","Keep"
"sciobraille-model-lab\datasets\master_v2\images\train\scio_v2_ff3607bc03930524.jpg","Master V2 dataset image","Canonical unique Braille training/validation/test image used for V2 model lineage","Keep"
"sciobraille-model-lab\datasets\master_v2\images\train\scio_v2_ff3a96ba7df88a2e.jpg","Master V2 dataset image","Canonical unique Braille training/validation/test image used for V2 model lineage","Keep"
"sciobraille-model-lab\datasets\master_v2\images\train\scio_v2_ff40cdd61530c465.jpg","Master V2 dataset image","Canonical unique Braille training/validation/test image used for V2 model lineage","Keep"
"sciobraille-model-lab\datasets\master_v2\images\train\scio_v2_ff454277c57ed5a7.jpg","Master V2 dataset image","Canonical unique Braille training/validation/test image used for V2 model lineage","Keep"
"sciobraille-model-lab\datasets\master_v2\images\train\scio_v2_ffc341179674b77d.jpg","Master V2 dataset image","Canonical unique Braille training/validation/test image used for V2 model lineage","Keep"
"sciobraille-model-lab\datasets\master_v2\images\train\scio_v2_ffd3f1e106884d8f.jpg","Master V2 dataset image","Canonical unique Braille training/validation/test image used for V2 model lineage","Keep"
"sciobraille-model-lab\datasets\master_v2\images\val\scio_v2_014abff3b1d12b5d.jpg","Master V2 dataset image","Canonical unique Braille training/validation/test image used for V2 model lineage","Keep"
"sciobraille-model-lab\datasets\master_v2\images\val\scio_v2_0578fa58aec7c7b0.jpg","Master V2 dataset image","Canonical unique Braille training/validation/test image used for V2 model lineage","Keep"
"sciobraille-model-lab\datasets\master_v2\images\val\scio_v2_07881fed9dcee5fd.jpg","Master V2 dataset image","Canonical unique Braille training/validation/test image used for V2 model lineage","Keep"
"sciobraille-model-lab\datasets\master_v2\images\val\scio_v2_084dd229b5886c0d.jpg","Master V2 dataset image","Canonical unique Braille training/validation/test image used for V2 model lineage","Keep"
"sciobraille-model-lab\datasets\master_v2\images\val\scio_v2_09ce69d4cdb1fda3.jpg","Master V2 dataset image","Canonical unique Braille training/validation/test image used for V2 model lineage","Keep"
"sciobraille-model-lab\datasets\master_v2\images\val\scio_v2_0a391e6d24e3041c.jpg","Master V2 dataset image","Canonical unique Braille training/validation/test image used for V2 model lineage","Keep"
"sciobraille-model-lab\datasets\master_v2\images\val\scio_v2_0be99affd639209b.jpg","Master V2 dataset image","Canonical unique Braille training/validation/test image used for V2 model lineage","Keep"
"sciobraille-model-lab\datasets\master_v2\images\val\scio_v2_0f5511af378a2aa6.jpg","Master V2 dataset image","Canonical unique Braille training/validation/test image used for V2 model lineage","Keep"
"sciobraille-model-lab\datasets\master_v2\images\val\scio_v2_0fa8b48413598e8c.jpg","Master V2 dataset image","Canonical unique Braille training/validation/test image used for V2 model lineage","Keep"
"sciobraille-model-lab\datasets\master_v2\images\val\scio_v2_0fea54c255d2c3ce.jpg","Master V2 dataset image","Canonical unique Braille training/validation/test image used for V2 model lineage","Keep"
"sciobraille-model-lab\datasets\master_v2\images\val\scio_v2_1055b883bef872d8.jpg","Master V2 dataset image","Canonical unique Braille training/validation/test image used for V2 model lineage","Keep"
"sciobraille-model-lab\datasets\master_v2\images\val\scio_v2_11c33e482828ce50.jpg","Master V2 dataset image","Canonical unique Braille training/validation/test image used for V2 model lineage","Keep"
"sciobraille-model-lab\datasets\master_v2\images\val\scio_v2_145794d713f92507.jpg","Master V2 dataset image","Canonical unique Braille training/validation/test image used for V2 model lineage","Keep"
"sciobraille-model-lab\datasets\master_v2\images\val\scio_v2_15210d43af486369.jpg","Master V2 dataset image","Canonical unique Braille training/validation/test image used for V2 model lineage","Keep"
"sciobraille-model-lab\datasets\master_v2\images\val\scio_v2_191b698b2e82342f.jpg","Master V2 dataset image","Canonical unique Braille training/validation/test image used for V2 model lineage","Keep"
"sciobraille-model-lab\datasets\master_v2\images\val\scio_v2_1a37af46c0086195.jpg","Master V2 dataset image","Canonical unique Braille training/validation/test image used for V2 model lineage","Keep"
"sciobraille-model-lab\datasets\master_v2\images\val\scio_v2_1ad3b0bac64b2d1c.jpg","Master V2 dataset image","Canonical unique Braille training/validation/test image used for V2 model lineage","Keep"
"sciobraille-model-lab\datasets\master_v2\images\val\scio_v2_1b557b5760403e02.jpg","Master V2 dataset image","Canonical unique Braille training/validation/test image used for V2 model lineage","Keep"
"sciobraille-model-lab\datasets\master_v2\images\val\scio_v2_1c2bb120ee598ae7.jpg","Master V2 dataset image","Canonical unique Braille training/validation/test image used for V2 model lineage","Keep"
"sciobraille-model-lab\datasets\master_v2\images\val\scio_v2_1d47f954615c451e.jpg","Master V2 dataset image","Canonical unique Braille training/validation/test image used for V2 model lineage","Keep"
"sciobraille-model-lab\datasets\master_v2\images\val\scio_v2_1e47a4bd06d7605e.jpg","Master V2 dataset image","Canonical unique Braille training/validation/test image used for V2 model lineage","Keep"
"sciobraille-model-lab\datasets\master_v2\images\val\scio_v2_24607fdd9f6b24c8.jpg","Master V2 dataset image","Canonical unique Braille training/validation/test image used for V2 model lineage","Keep"
"sciobraille-model-lab\datasets\master_v2\images\val\scio_v2_246e6ff9a9a914ee.jpg","Master V2 dataset image","Canonical unique Braille training/validation/test image used for V2 model lineage","Keep"
"sciobraille-model-lab\datasets\master_v2\images\val\scio_v2_2472f33a41f163e4.jpg","Master V2 dataset image","Canonical unique Braille training/validation/test image used for V2 model lineage","Keep"
"sciobraille-model-lab\datasets\master_v2\images\val\scio_v2_24965e38796f3049.jpg","Master V2 dataset image","Canonical unique Braille training/validation/test image used for V2 model lineage","Keep"
"sciobraille-model-lab\datasets\master_v2\images\val\scio_v2_24bb95d2608d0363.jpg","Master V2 dataset image","Canonical unique Braille training/validation/test image used for V2 model lineage","Keep"
"sciobraille-model-lab\datasets\master_v2\images\val\scio_v2_24d3dfb25d9d4cfd.jpg","Master V2 dataset image","Canonical unique Braille training/validation/test image used for V2 model lineage","Keep"
"sciobraille-model-lab\datasets\master_v2\images\val\scio_v2_26d002d5cea05cf6.jpg","Master V2 dataset image","Canonical unique Braille training/validation/test image used for V2 model lineage","Keep"
"sciobraille-model-lab\datasets\master_v2\images\val\scio_v2_281bbe4cb23681fc.jpg","Master V2 dataset image","Canonical unique Braille training/validation/test image used for V2 model lineage","Keep"
"sciobraille-model-lab\datasets\master_v2\images\val\scio_v2_28276d188474e04a.jpg","Master V2 dataset image","Canonical unique Braille training/validation/test image used for V2 model lineage","Keep"
"sciobraille-model-lab\datasets\master_v2\images\val\scio_v2_28c293d8764af71b.jpg","Master V2 dataset image","Canonical unique Braille training/validation/test image used for V2 model lineage","Keep"
"sciobraille-model-lab\datasets\master_v2\images\val\scio_v2_2ac4062f8d8e6ce2.jpg","Master V2 dataset image","Canonical unique Braille training/validation/test image used for V2 model lineage","Keep"
"sciobraille-model-lab\datasets\master_v2\images\val\scio_v2_3039f4d99263d30b.jpg","Master V2 dataset image","Canonical unique Braille training/validation/test image used for V2 model lineage","Keep"
"sciobraille-model-lab\datasets\master_v2\images\val\scio_v2_310f5c86893fda5b.jpg","Master V2 dataset image","Canonical unique Braille training/validation/test image used for V2 model lineage","Keep"
"sciobraille-model-lab\datasets\master_v2\images\val\scio_v2_33e9191356972539.jpg","Master V2 dataset image","Canonical unique Braille training/validation/test image used for V2 model lineage","Keep"
"sciobraille-model-lab\datasets\master_v2\images\val\scio_v2_3569acd7824a6f03.jpg","Master V2 dataset image","Canonical unique Braille training/validation/test image used for V2 model lineage","Keep"
"sciobraille-model-lab\datasets\master_v2\images\val\scio_v2_35b18318c00d655b.jpg","Master V2 dataset image","Canonical unique Braille training/validation/test image used for V2 model lineage","Keep"
"sciobraille-model-lab\datasets\master_v2\images\val\scio_v2_366041e532249611.jpg","Master V2 dataset image","Canonical unique Braille training/validation/test image used for V2 model lineage","Keep"
"sciobraille-model-lab\datasets\master_v2\images\val\scio_v2_375ed601132f5d5b.jpg","Master V2 dataset image","Canonical unique Braille training/validation/test image used for V2 model lineage","Keep"
"sciobraille-model-lab\datasets\master_v2\images\val\scio_v2_38c417ac2b09818e.jpg","Master V2 dataset image","Canonical unique Braille training/validation/test image used for V2 model lineage","Keep"
"sciobraille-model-lab\datasets\master_v2\images\val\scio_v2_3bfba88919dadbe1.jpg","Master V2 dataset image","Canonical unique Braille training/validation/test image used for V2 model lineage","Keep"
"sciobraille-model-lab\datasets\master_v2\images\val\scio_v2_3cdb51e27fb7443a.jpg","Master V2 dataset image","Canonical unique Braille training/validation/test image used for V2 model lineage","Keep"
"sciobraille-model-lab\datasets\master_v2\images\val\scio_v2_40538fd7f8b5fff2.jpg","Master V2 dataset image","Canonical unique Braille training/validation/test image used for V2 model lineage","Keep"
"sciobraille-model-lab\datasets\master_v2\images\val\scio_v2_41dc0784fadf4c9a.jpg","Master V2 dataset image","Canonical unique Braille training/validation/test image used for V2 model lineage","Keep"
"sciobraille-model-lab\datasets\master_v2\images\val\scio_v2_438b9b9543caa8d4.jpg","Master V2 dataset image","Canonical unique Braille training/validation/test image used for V2 model lineage","Keep"
"sciobraille-model-lab\datasets\master_v2\images\val\scio_v2_45d05f111858c4ec.jpg","Master V2 dataset image","Canonical unique Braille training/validation/test image used for V2 model lineage","Keep"
"sciobraille-model-lab\datasets\master_v2\images\val\scio_v2_478cfafa892a297e.jpg","Master V2 dataset image","Canonical unique Braille training/validation/test image used for V2 model lineage","Keep"
"sciobraille-model-lab\datasets\master_v2\images\val\scio_v2_491857b78a4ecc65.jpg","Master V2 dataset image","Canonical unique Braille training/validation/test image used for V2 model lineage","Keep"
"sciobraille-model-lab\datasets\master_v2\images\val\scio_v2_4933ef66f5f025af.jpg","Master V2 dataset image","Canonical unique Braille training/validation/test image used for V2 model lineage","Keep"
"sciobraille-model-lab\datasets\master_v2\images\val\scio_v2_495d0f3dc3b190c3.jpg","Master V2 dataset image","Canonical unique Braille training/validation/test image used for V2 model lineage","Keep"
"sciobraille-model-lab\datasets\master_v2\images\val\scio_v2_4c7e3a55fd7abccd.jpg","Master V2 dataset image","Canonical unique Braille training/validation/test image used for V2 model lineage","Keep"
"sciobraille-model-lab\datasets\master_v2\images\val\scio_v2_4d2dda63e9784dce.jpg","Master V2 dataset image","Canonical unique Braille training/validation/test image used for V2 model lineage","Keep"
"sciobraille-model-lab\datasets\master_v2\images\val\scio_v2_4dbefa93820f61d9.jpg","Master V2 dataset image","Canonical unique Braille training/validation/test image used for V2 model lineage","Keep"
"sciobraille-model-lab\datasets\master_v2\images\val\scio_v2_500d1bd0c035d3fb.jpg","Master V2 dataset image","Canonical unique Braille training/validation/test image used for V2 model lineage","Keep"
"sciobraille-model-lab\datasets\master_v2\images\val\scio_v2_51dd5069ffd4a62d.jpg","Master V2 dataset image","Canonical unique Braille training/validation/test image used for V2 model lineage","Keep"
"sciobraille-model-lab\datasets\master_v2\images\val\scio_v2_53eb8a5ac49f07ec.jpg","Master V2 dataset image","Canonical unique Braille training/validation/test image used for V2 model lineage","Keep"
"sciobraille-model-lab\datasets\master_v2\images\val\scio_v2_58752a4ef27a74ad.jpg","Master V2 dataset image","Canonical unique Braille training/validation/test image used for V2 model lineage","Keep"
"sciobraille-model-lab\datasets\master_v2\images\val\scio_v2_58c0348a309a63a5.jpg","Master V2 dataset image","Canonical unique Braille training/validation/test image used for V2 model lineage","Keep"
"sciobraille-model-lab\datasets\master_v2\images\val\scio_v2_5910f05e2deff866.jpg","Master V2 dataset image","Canonical unique Braille training/validation/test image used for V2 model lineage","Keep"
"sciobraille-model-lab\datasets\master_v2\images\val\scio_v2_59a4fb954dd7518d.jpg","Master V2 dataset image","Canonical unique Braille training/validation/test image used for V2 model lineage","Keep"
"sciobraille-model-lab\datasets\master_v2\images\val\scio_v2_5a2b38f8d4838031.jpg","Master V2 dataset image","Canonical unique Braille training/validation/test image used for V2 model lineage","Keep"
"sciobraille-model-lab\datasets\master_v2\images\val\scio_v2_5c3895b92009cd83.jpg","Master V2 dataset image","Canonical unique Braille training/validation/test image used for V2 model lineage","Keep"
"sciobraille-model-lab\datasets\master_v2\images\val\scio_v2_5dea7079344f7c32.jpg","Master V2 dataset image","Canonical unique Braille training/validation/test image used for V2 model lineage","Keep"
"sciobraille-model-lab\datasets\master_v2\images\val\scio_v2_5f25c7c745c084ca.jpg","Master V2 dataset image","Canonical unique Braille training/validation/test image used for V2 model lineage","Keep"
"sciobraille-model-lab\datasets\master_v2\images\val\scio_v2_6385259404583ebb.jpg","Master V2 dataset image","Canonical unique Braille training/validation/test image used for V2 model lineage","Keep"
"sciobraille-model-lab\datasets\master_v2\images\val\scio_v2_662df78bcf4ed26c.jpg","Master V2 dataset image","Canonical unique Braille training/validation/test image used for V2 model lineage","Keep"
"sciobraille-model-lab\datasets\master_v2\images\val\scio_v2_6659bf965efc17b7.jpg","Master V2 dataset image","Canonical unique Braille training/validation/test image used for V2 model lineage","Keep"
"sciobraille-model-lab\datasets\master_v2\images\val\scio_v2_6728f21ce5709147.jpg","Master V2 dataset image","Canonical unique Braille training/validation/test image used for V2 model lineage","Keep"
"sciobraille-model-lab\datasets\master_v2\images\val\scio_v2_6791ba228ae434de.jpg","Master V2 dataset image","Canonical unique Braille training/validation/test image used for V2 model lineage","Keep"
"sciobraille-model-lab\datasets\master_v2\images\val\scio_v2_67ff0355d7b8953d.jpg","Master V2 dataset image","Canonical unique Braille training/validation/test image used for V2 model lineage","Keep"
"sciobraille-model-lab\datasets\master_v2\images\val\scio_v2_68593072716f74ac.jpg","Master V2 dataset image","Canonical unique Braille training/validation/test image used for V2 model lineage","Keep"
"sciobraille-model-lab\datasets\master_v2\images\val\scio_v2_6cf931ac883500b1.jpg","Master V2 dataset image","Canonical unique Braille training/validation/test image used for V2 model lineage","Keep"
"sciobraille-model-lab\datasets\master_v2\images\val\scio_v2_6dcd1db0895ee9cf.jpg","Master V2 dataset image","Canonical unique Braille training/validation/test image used for V2 model lineage","Keep"
"sciobraille-model-lab\datasets\master_v2\images\val\scio_v2_6fa65c9ae755fa34.jpg","Master V2 dataset image","Canonical unique Braille training/validation/test image used for V2 model lineage","Keep"
"sciobraille-model-lab\datasets\master_v2\images\val\scio_v2_77493c92be626530.jpg","Master V2 dataset image","Canonical unique Braille training/validation/test image used for V2 model lineage","Keep"
"sciobraille-model-lab\datasets\master_v2\images\val\scio_v2_77a82e78b10c99c7.jpg","Master V2 dataset image","Canonical unique Braille training/validation/test image used for V2 model lineage","Keep"
"sciobraille-model-lab\datasets\master_v2\images\val\scio_v2_78676da5b83bc6ad.jpg","Master V2 dataset image","Canonical unique Braille training/validation/test image used for V2 model lineage","Keep"
"sciobraille-model-lab\datasets\master_v2\images\val\scio_v2_7963eaa9ee7de1a1.jpg","Master V2 dataset image","Canonical unique Braille training/validation/test image used for V2 model lineage","Keep"
"sciobraille-model-lab\datasets\master_v2\images\val\scio_v2_7af7757b3c65c622.jpg","Master V2 dataset image","Canonical unique Braille training/validation/test image used for V2 model lineage","Keep"
"sciobraille-model-lab\datasets\master_v2\images\val\scio_v2_7bbf2a7b865d19e9.jpg","Master V2 dataset image","Canonical unique Braille training/validation/test image used for V2 model lineage","Keep"
"sciobraille-model-lab\datasets\master_v2\images\val\scio_v2_7e917e73a633d537.jpg","Master V2 dataset image","Canonical unique Braille training/validation/test image used for V2 model lineage","Keep"
"sciobraille-model-lab\datasets\master_v2\images\val\scio_v2_7f510836a0ea62f8.jpg","Master V2 dataset image","Canonical unique Braille training/validation/test image used for V2 model lineage","Keep"
"sciobraille-model-lab\datasets\master_v2\images\val\scio_v2_805979d812a045db.jpg","Master V2 dataset image","Canonical unique Braille training/validation/test image used for V2 model lineage","Keep"
"sciobraille-model-lab\datasets\master_v2\images\val\scio_v2_855e933cbd3a9c8a.jpg","Master V2 dataset image","Canonical unique Braille training/validation/test image used for V2 model lineage","Keep"
"sciobraille-model-lab\datasets\master_v2\images\val\scio_v2_857de08a561f1a1c.jpg","Master V2 dataset image","Canonical unique Braille training/validation/test image used for V2 model lineage","Keep"
"sciobraille-model-lab\datasets\master_v2\images\val\scio_v2_86b467134a639129.jpg","Master V2 dataset image","Canonical unique Braille training/validation/test image used for V2 model lineage","Keep"
"sciobraille-model-lab\datasets\master_v2\images\val\scio_v2_87d8d203ef1c5b8b.jpg","Master V2 dataset image","Canonical unique Braille training/validation/test image used for V2 model lineage","Keep"
"sciobraille-model-lab\datasets\master_v2\images\val\scio_v2_8dec6901d25908c3.jpg","Master V2 dataset image","Canonical unique Braille training/validation/test image used for V2 model lineage","Keep"
"sciobraille-model-lab\datasets\master_v2\images\val\scio_v2_9098fce2a38fc7ef.jpg","Master V2 dataset image","Canonical unique Braille training/validation/test image used for V2 model lineage","Keep"
"sciobraille-model-lab\datasets\master_v2\images\val\scio_v2_917d9d5ff6acbdbd.jpg","Master V2 dataset image","Canonical unique Braille training/validation/test image used for V2 model lineage","Keep"
"sciobraille-model-lab\datasets\master_v2\images\val\scio_v2_91cc466f89a939fc.jpg","Master V2 dataset image","Canonical unique Braille training/validation/test image used for V2 model lineage","Keep"
"sciobraille-model-lab\datasets\master_v2\images\val\scio_v2_92b91692f6c8c00c.jpg","Master V2 dataset image","Canonical unique Braille training/validation/test image used for V2 model lineage","Keep"
"sciobraille-model-lab\datasets\master_v2\images\val\scio_v2_94bcd69bffb7dc6c.jpg","Master V2 dataset image","Canonical unique Braille training/validation/test image used for V2 model lineage","Keep"
"sciobraille-model-lab\datasets\master_v2\images\val\scio_v2_960de3e05e931e42.jpg","Master V2 dataset image","Canonical unique Braille training/validation/test image used for V2 model lineage","Keep"
"sciobraille-model-lab\datasets\master_v2\images\val\scio_v2_96bb198fc00a02c8.jpg","Master V2 dataset image","Canonical unique Braille training/validation/test image used for V2 model lineage","Keep"
"sciobraille-model-lab\datasets\master_v2\images\val\scio_v2_9c1fa585d85d025f.jpg","Master V2 dataset image","Canonical unique Braille training/validation/test image used for V2 model lineage","Keep"
"sciobraille-model-lab\datasets\master_v2\images\val\scio_v2_9c75681b40d44cd2.jpg","Master V2 dataset image","Canonical unique Braille training/validation/test image used for V2 model lineage","Keep"
"sciobraille-model-lab\datasets\master_v2\images\val\scio_v2_9fb009d122d404cf.jpg","Master V2 dataset image","Canonical unique Braille training/validation/test image used for V2 model lineage","Keep"
"sciobraille-model-lab\datasets\master_v2\images\val\scio_v2_9fc6aed7a4a5876a.jpg","Master V2 dataset image","Canonical unique Braille training/validation/test image used for V2 model lineage","Keep"
"sciobraille-model-lab\datasets\master_v2\images\val\scio_v2_a01beac0556b43a4.jpg","Master V2 dataset image","Canonical unique Braille training/validation/test image used for V2 model lineage","Keep"
"sciobraille-model-lab\datasets\master_v2\images\val\scio_v2_a0b2ec50b4395ec6.jpg","Master V2 dataset image","Canonical unique Braille training/validation/test image used for V2 model lineage","Keep"
"sciobraille-model-lab\datasets\master_v2\images\val\scio_v2_a13651fc3feb2d5c.jpg","Master V2 dataset image","Canonical unique Braille training/validation/test image used for V2 model lineage","Keep"
"sciobraille-model-lab\datasets\master_v2\images\val\scio_v2_a1620a914b56ab41.jpg","Master V2 dataset image","Canonical unique Braille training/validation/test image used for V2 model lineage","Keep"
"sciobraille-model-lab\datasets\master_v2\images\val\scio_v2_a224ec6eab48a2a4.jpg","Master V2 dataset image","Canonical unique Braille training/validation/test image used for V2 model lineage","Keep"
"sciobraille-model-lab\datasets\master_v2\images\val\scio_v2_a340945b860f8ae0.jpg","Master V2 dataset image","Canonical unique Braille training/validation/test image used for V2 model lineage","Keep"
"sciobraille-model-lab\datasets\master_v2\images\val\scio_v2_a462afd83334a4c5.jpg","Master V2 dataset image","Canonical unique Braille training/validation/test image used for V2 model lineage","Keep"
"sciobraille-model-lab\datasets\master_v2\images\val\scio_v2_a4c3156d7641532d.jpg","Master V2 dataset image","Canonical unique Braille training/validation/test image used for V2 model lineage","Keep"
"sciobraille-model-lab\datasets\master_v2\images\val\scio_v2_a9edb6e5731e9d89.jpg","Master V2 dataset image","Canonical unique Braille training/validation/test image used for V2 model lineage","Keep"
"sciobraille-model-lab\datasets\master_v2\images\val\scio_v2_ab94cec2d4286160.jpg","Master V2 dataset image","Canonical unique Braille training/validation/test image used for V2 model lineage","Keep"
"sciobraille-model-lab\datasets\master_v2\images\val\scio_v2_ac603ea740e87120.jpg","Master V2 dataset image","Canonical unique Braille training/validation/test image used for V2 model lineage","Keep"
"sciobraille-model-lab\datasets\master_v2\images\val\scio_v2_acd31443106a1bcc.jpg","Master V2 dataset image","Canonical unique Braille training/validation/test image used for V2 model lineage","Keep"
"sciobraille-model-lab\datasets\master_v2\images\val\scio_v2_adfeda08dbe84e69.jpg","Master V2 dataset image","Canonical unique Braille training/validation/test image used for V2 model lineage","Keep"
"sciobraille-model-lab\datasets\master_v2\images\val\scio_v2_b13d9c6b48c3045f.jpg","Master V2 dataset image","Canonical unique Braille training/validation/test image used for V2 model lineage","Keep"
"sciobraille-model-lab\datasets\master_v2\images\val\scio_v2_b1bab81c9fb80b3c.jpg","Master V2 dataset image","Canonical unique Braille training/validation/test image used for V2 model lineage","Keep"
"sciobraille-model-lab\datasets\master_v2\images\val\scio_v2_b399fb608aa50cac.jpg","Master V2 dataset image","Canonical unique Braille training/validation/test image used for V2 model lineage","Keep"
"sciobraille-model-lab\datasets\master_v2\images\val\scio_v2_b60b639a9e718377.jpg","Master V2 dataset image","Canonical unique Braille training/validation/test image used for V2 model lineage","Keep"
"sciobraille-model-lab\datasets\master_v2\images\val\scio_v2_b67006ff249e912f.jpg","Master V2 dataset image","Canonical unique Braille training/validation/test image used for V2 model lineage","Keep"
"sciobraille-model-lab\datasets\master_v2\images\val\scio_v2_b74dede2ffda8329.jpg","Master V2 dataset image","Canonical unique Braille training/validation/test image used for V2 model lineage","Keep"
"sciobraille-model-lab\datasets\master_v2\images\val\scio_v2_bab87e372d938871.jpg","Master V2 dataset image","Canonical unique Braille training/validation/test image used for V2 model lineage","Keep"
"sciobraille-model-lab\datasets\master_v2\images\val\scio_v2_bbdc59e7d2b1d2e8.jpg","Master V2 dataset image","Canonical unique Braille training/validation/test image used for V2 model lineage","Keep"
"sciobraille-model-lab\datasets\master_v2\images\val\scio_v2_bc3877249580948a.jpg","Master V2 dataset image","Canonical unique Braille training/validation/test image used for V2 model lineage","Keep"
"sciobraille-model-lab\datasets\master_v2\images\val\scio_v2_bc8cd49314e51d18.jpg","Master V2 dataset image","Canonical unique Braille training/validation/test image used for V2 model lineage","Keep"
"sciobraille-model-lab\datasets\master_v2\images\val\scio_v2_c07190569d21c65f.jpg","Master V2 dataset image","Canonical unique Braille training/validation/test image used for V2 model lineage","Keep"
"sciobraille-model-lab\datasets\master_v2\images\val\scio_v2_c07297b36feca83d.jpg","Master V2 dataset image","Canonical unique Braille training/validation/test image used for V2 model lineage","Keep"
"sciobraille-model-lab\datasets\master_v2\images\val\scio_v2_c3cf936d8f51163e.jpg","Master V2 dataset image","Canonical unique Braille training/validation/test image used for V2 model lineage","Keep"
"sciobraille-model-lab\datasets\master_v2\images\val\scio_v2_c48a60c39506edf0.jpg","Master V2 dataset image","Canonical unique Braille training/validation/test image used for V2 model lineage","Keep"
"sciobraille-model-lab\datasets\master_v2\images\val\scio_v2_c5acd206837b10f4.jpg","Master V2 dataset image","Canonical unique Braille training/validation/test image used for V2 model lineage","Keep"
"sciobraille-model-lab\datasets\master_v2\images\val\scio_v2_c6f85482842ebf04.jpg","Master V2 dataset image","Canonical unique Braille training/validation/test image used for V2 model lineage","Keep"
"sciobraille-model-lab\datasets\master_v2\images\val\scio_v2_c881fe18b82ac7ef.jpg","Master V2 dataset image","Canonical unique Braille training/validation/test image used for V2 model lineage","Keep"
"sciobraille-model-lab\datasets\master_v2\images\val\scio_v2_c938c4a808196d0c.jpg","Master V2 dataset image","Canonical unique Braille training/validation/test image used for V2 model lineage","Keep"
"sciobraille-model-lab\datasets\master_v2\images\val\scio_v2_cb7c23d8fb3936d1.jpg","Master V2 dataset image","Canonical unique Braille training/validation/test image used for V2 model lineage","Keep"
"sciobraille-model-lab\datasets\master_v2\images\val\scio_v2_cc0ff3561798ba48.jpg","Master V2 dataset image","Canonical unique Braille training/validation/test image used for V2 model lineage","Keep"
"sciobraille-model-lab\datasets\master_v2\images\val\scio_v2_cc93bc6bfef79cd4.jpg","Master V2 dataset image","Canonical unique Braille training/validation/test image used for V2 model lineage","Keep"
"sciobraille-model-lab\datasets\master_v2\images\val\scio_v2_cdd71f4cc25d3f8b.jpg","Master V2 dataset image","Canonical unique Braille training/validation/test image used for V2 model lineage","Keep"
"sciobraille-model-lab\datasets\master_v2\images\val\scio_v2_cef6684543f43ff8.jpg","Master V2 dataset image","Canonical unique Braille training/validation/test image used for V2 model lineage","Keep"
"sciobraille-model-lab\datasets\master_v2\images\val\scio_v2_d1e7c878916a5cd2.jpg","Master V2 dataset image","Canonical unique Braille training/validation/test image used for V2 model lineage","Keep"
"sciobraille-model-lab\datasets\master_v2\images\val\scio_v2_d70d9061cada51a6.jpg","Master V2 dataset image","Canonical unique Braille training/validation/test image used for V2 model lineage","Keep"
"sciobraille-model-lab\datasets\master_v2\images\val\scio_v2_d8742fbb5ac57cd9.jpg","Master V2 dataset image","Canonical unique Braille training/validation/test image used for V2 model lineage","Keep"
"sciobraille-model-lab\datasets\master_v2\images\val\scio_v2_d8fc9c5bf06d7a77.jpg","Master V2 dataset image","Canonical unique Braille training/validation/test image used for V2 model lineage","Keep"
"sciobraille-model-lab\datasets\master_v2\images\val\scio_v2_e0df3ed8ba4c6cca.jpg","Master V2 dataset image","Canonical unique Braille training/validation/test image used for V2 model lineage","Keep"
"sciobraille-model-lab\datasets\master_v2\images\val\scio_v2_e1aa344690fae898.jpg","Master V2 dataset image","Canonical unique Braille training/validation/test image used for V2 model lineage","Keep"
"sciobraille-model-lab\datasets\master_v2\images\val\scio_v2_e1fe66b3e3cc26a0.jpg","Master V2 dataset image","Canonical unique Braille training/validation/test image used for V2 model lineage","Keep"
"sciobraille-model-lab\datasets\master_v2\images\val\scio_v2_e2d8c1033612b5e5.jpg","Master V2 dataset image","Canonical unique Braille training/validation/test image used for V2 model lineage","Keep"
"sciobraille-model-lab\datasets\master_v2\images\val\scio_v2_e3bb6a76f3ebc844.jpg","Master V2 dataset image","Canonical unique Braille training/validation/test image used for V2 model lineage","Keep"
"sciobraille-model-lab\datasets\master_v2\images\val\scio_v2_e86b342199c9bb33.jpg","Master V2 dataset image","Canonical unique Braille training/validation/test image used for V2 model lineage","Keep"
"sciobraille-model-lab\datasets\master_v2\images\val\scio_v2_e89fb21118825c5d.jpg","Master V2 dataset image","Canonical unique Braille training/validation/test image used for V2 model lineage","Keep"
"sciobraille-model-lab\datasets\master_v2\images\val\scio_v2_eac63beaa1f6ac83.jpg","Master V2 dataset image","Canonical unique Braille training/validation/test image used for V2 model lineage","Keep"
"sciobraille-model-lab\datasets\master_v2\images\val\scio_v2_eb26fa78a72e6270.jpg","Master V2 dataset image","Canonical unique Braille training/validation/test image used for V2 model lineage","Keep"
"sciobraille-model-lab\datasets\master_v2\images\val\scio_v2_eb983272bca3b05d.jpg","Master V2 dataset image","Canonical unique Braille training/validation/test image used for V2 model lineage","Keep"
"sciobraille-model-lab\datasets\master_v2\images\val\scio_v2_efca0cc5b3845bb8.jpg","Master V2 dataset image","Canonical unique Braille training/validation/test image used for V2 model lineage","Keep"
"sciobraille-model-lab\datasets\master_v2\images\val\scio_v2_f0a68d6b475a8476.jpg","Master V2 dataset image","Canonical unique Braille training/validation/test image used for V2 model lineage","Keep"
"sciobraille-model-lab\datasets\master_v2\images\val\scio_v2_f1410143b4d075d1.jpg","Master V2 dataset image","Canonical unique Braille training/validation/test image used for V2 model lineage","Keep"
"sciobraille-model-lab\datasets\master_v2\images\val\scio_v2_f1bb91d4b5c3bca4.jpg","Master V2 dataset image","Canonical unique Braille training/validation/test image used for V2 model lineage","Keep"
"sciobraille-model-lab\datasets\master_v2\images\val\scio_v2_f354a73bfe33eb16.jpg","Master V2 dataset image","Canonical unique Braille training/validation/test image used for V2 model lineage","Keep"
"sciobraille-model-lab\datasets\master_v2\images\val\scio_v2_f5240c66c99c2aab.jpg","Master V2 dataset image","Canonical unique Braille training/validation/test image used for V2 model lineage","Keep"
"sciobraille-model-lab\datasets\master_v2\images\val\scio_v2_f6fbb46348fcae79.jpg","Master V2 dataset image","Canonical unique Braille training/validation/test image used for V2 model lineage","Keep"
"sciobraille-model-lab\datasets\master_v2\images\val\scio_v2_f70c07cfeef18495.jpg","Master V2 dataset image","Canonical unique Braille training/validation/test image used for V2 model lineage","Keep"
"sciobraille-model-lab\datasets\master_v2\images\val\scio_v2_fafe276847119802.jpg","Master V2 dataset image","Canonical unique Braille training/validation/test image used for V2 model lineage","Keep"
"sciobraille-model-lab\datasets\master_v2\images\val\scio_v2_fc58d41ec58e7c2a.jpg","Master V2 dataset image","Canonical unique Braille training/validation/test image used for V2 model lineage","Keep"
"sciobraille-model-lab\datasets\master_v2\images\val\scio_v2_fe2e6aeeb2a6f11f.jpg","Master V2 dataset image","Canonical unique Braille training/validation/test image used for V2 model lineage","Keep"
"sciobraille-model-lab\datasets\master_v2\images\val\scio_v2_fe49bbdf9d58eff9.jpg","Master V2 dataset image","Canonical unique Braille training/validation/test image used for V2 model lineage","Keep"
"sciobraille-model-lab\datasets\master_v2\images\val\scio_v2_fe84c5ae57fe0cfc.jpg","Master V2 dataset image","Canonical unique Braille training/validation/test image used for V2 model lineage","Keep"
"sciobraille-model-lab\datasets\master_v2\images\val\scio_v2_feece7cccad0a59c.jpg","Master V2 dataset image","Canonical unique Braille training/validation/test image used for V2 model lineage","Keep"
"sciobraille-model-lab\datasets\master_v2\images\val\scio_v2_ff45f615a1d86592.jpg","Master V2 dataset image","Canonical unique Braille training/validation/test image used for V2 model lineage","Keep"
"sciobraille-model-lab\datasets\master_v2\images\val\scio_v2_ffa84f9ae202fe89.jpg","Master V2 dataset image","Canonical unique Braille training/validation/test image used for V2 model lineage","Keep"
"sciobraille-model-lab\datasets\master_v2\labels\test\scio_v2_001c4ee1ed9e2480.txt","Master V2 YOLO label","YOLO annotation file paired with a Master V2 image","Keep"
"sciobraille-model-lab\datasets\master_v2\labels\test\scio_v2_0127312c406d239e.txt","Master V2 YOLO label","YOLO annotation file paired with a Master V2 image","Keep"
"sciobraille-model-lab\datasets\master_v2\labels\test\scio_v2_019d359294e93af6.txt","Master V2 YOLO label","YOLO annotation file paired with a Master V2 image","Keep"
"sciobraille-model-lab\datasets\master_v2\labels\test\scio_v2_05297354fa61ef6b.txt","Master V2 YOLO label","YOLO annotation file paired with a Master V2 image","Keep"
"sciobraille-model-lab\datasets\master_v2\labels\test\scio_v2_058d04014f3d166c.txt","Master V2 YOLO label","YOLO annotation file paired with a Master V2 image","Keep"
"sciobraille-model-lab\datasets\master_v2\labels\test\scio_v2_0b766b2a4160ca12.txt","Master V2 YOLO label","YOLO annotation file paired with a Master V2 image","Keep"
"sciobraille-model-lab\datasets\master_v2\labels\test\scio_v2_0b965ad8cab6fccb.txt","Master V2 YOLO label","YOLO annotation file paired with a Master V2 image","Keep"
"sciobraille-model-lab\datasets\master_v2\labels\test\scio_v2_0b9813605d1ec239.txt","Master V2 YOLO label","YOLO annotation file paired with a Master V2 image","Keep"
"sciobraille-model-lab\datasets\master_v2\labels\test\scio_v2_0c9225dbdb82cdaa.txt","Master V2 YOLO label","YOLO annotation file paired with a Master V2 image","Keep"
"sciobraille-model-lab\datasets\master_v2\labels\test\scio_v2_0d7f97470635e02b.txt","Master V2 YOLO label","YOLO annotation file paired with a Master V2 image","Keep"
"sciobraille-model-lab\datasets\master_v2\labels\test\scio_v2_0d80e91e6fcbfdf6.txt","Master V2 YOLO label","YOLO annotation file paired with a Master V2 image","Keep"
"sciobraille-model-lab\datasets\master_v2\labels\test\scio_v2_0e857d63a1bc45d8.txt","Master V2 YOLO label","YOLO annotation file paired with a Master V2 image","Keep"
"sciobraille-model-lab\datasets\master_v2\labels\test\scio_v2_10902ba9144ff8e5.txt","Master V2 YOLO label","YOLO annotation file paired with a Master V2 image","Keep"
"sciobraille-model-lab\datasets\master_v2\labels\test\scio_v2_10eeeae357b1ee86.txt","Master V2 YOLO label","YOLO annotation file paired with a Master V2 image","Keep"
"sciobraille-model-lab\datasets\master_v2\labels\test\scio_v2_132f784e6c83604a.txt","Master V2 YOLO label","YOLO annotation file paired with a Master V2 image","Keep"
"sciobraille-model-lab\datasets\master_v2\labels\test\scio_v2_1416b82d526b95f0.txt","Master V2 YOLO label","YOLO annotation file paired with a Master V2 image","Keep"
"sciobraille-model-lab\datasets\master_v2\labels\test\scio_v2_181d5aafeef56c81.txt","Master V2 YOLO label","YOLO annotation file paired with a Master V2 image","Keep"
"sciobraille-model-lab\datasets\master_v2\labels\test\scio_v2_1d6cf27919c83ea7.txt","Master V2 YOLO label","YOLO annotation file paired with a Master V2 image","Keep"
"sciobraille-model-lab\datasets\master_v2\labels\test\scio_v2_1e09a60ddcc387c3.txt","Master V2 YOLO label","YOLO annotation file paired with a Master V2 image","Keep"
"sciobraille-model-lab\datasets\master_v2\labels\test\scio_v2_1f18371213c3f762.txt","Master V2 YOLO label","YOLO annotation file paired with a Master V2 image","Keep"
"sciobraille-model-lab\datasets\master_v2\labels\test\scio_v2_2182be17dde1e7aa.txt","Master V2 YOLO label","YOLO annotation file paired with a Master V2 image","Keep"
"sciobraille-model-lab\datasets\master_v2\labels\test\scio_v2_21d75cf7c3bf30f5.txt","Master V2 YOLO label","YOLO annotation file paired with a Master V2 image","Keep"
"sciobraille-model-lab\datasets\master_v2\labels\test\scio_v2_22053a26c9bc8638.txt","Master V2 YOLO label","YOLO annotation file paired with a Master V2 image","Keep"
"sciobraille-model-lab\datasets\master_v2\labels\test\scio_v2_247b25eccbe8caa9.txt","Master V2 YOLO label","YOLO annotation file paired with a Master V2 image","Keep"
"sciobraille-model-lab\datasets\master_v2\labels\test\scio_v2_2657003b99c13e3c.txt","Master V2 YOLO label","YOLO annotation file paired with a Master V2 image","Keep"
"sciobraille-model-lab\datasets\master_v2\labels\test\scio_v2_271a34134e1d82fa.txt","Master V2 YOLO label","YOLO annotation file paired with a Master V2 image","Keep"
"sciobraille-model-lab\datasets\master_v2\labels\test\scio_v2_289f9d2061ca7066.txt","Master V2 YOLO label","YOLO annotation file paired with a Master V2 image","Keep"
"sciobraille-model-lab\datasets\master_v2\labels\test\scio_v2_2a2c6144cc869701.txt","Master V2 YOLO label","YOLO annotation file paired with a Master V2 image","Keep"
"sciobraille-model-lab\datasets\master_v2\labels\test\scio_v2_2b6aa455b373c751.txt","Master V2 YOLO label","YOLO annotation file paired with a Master V2 image","Keep"
"sciobraille-model-lab\datasets\master_v2\labels\test\scio_v2_2c1628d15c9452b1.txt","Master V2 YOLO label","YOLO annotation file paired with a Master V2 image","Keep"
"sciobraille-model-lab\datasets\master_v2\labels\test\scio_v2_2c540ef1349c7b09.txt","Master V2 YOLO label","YOLO annotation file paired with a Master V2 image","Keep"
"sciobraille-model-lab\datasets\master_v2\labels\test\scio_v2_2f1f277762eb340a.txt","Master V2 YOLO label","YOLO annotation file paired with a Master V2 image","Keep"
"sciobraille-model-lab\datasets\master_v2\labels\test\scio_v2_3092d5a32623bcad.txt","Master V2 YOLO label","YOLO annotation file paired with a Master V2 image","Keep"
"sciobraille-model-lab\datasets\master_v2\labels\test\scio_v2_318e243b96db9755.txt","Master V2 YOLO label","YOLO annotation file paired with a Master V2 image","Keep"
"sciobraille-model-lab\datasets\master_v2\labels\test\scio_v2_352cc664e2ae972a.txt","Master V2 YOLO label","YOLO annotation file paired with a Master V2 image","Keep"
"sciobraille-model-lab\datasets\master_v2\labels\test\scio_v2_36913c500746fe7d.txt","Master V2 YOLO label","YOLO annotation file paired with a Master V2 image","Keep"
"sciobraille-model-lab\datasets\master_v2\labels\test\scio_v2_3a9206bcafa23196.txt","Master V2 YOLO label","YOLO annotation file paired with a Master V2 image","Keep"
"sciobraille-model-lab\datasets\master_v2\labels\test\scio_v2_3f88f36141f2b09f.txt","Master V2 YOLO label","YOLO annotation file paired with a Master V2 image","Keep"
"sciobraille-model-lab\datasets\master_v2\labels\test\scio_v2_40005bcccb317528.txt","Master V2 YOLO label","YOLO annotation file paired with a Master V2 image","Keep"
"sciobraille-model-lab\datasets\master_v2\labels\test\scio_v2_42043c913826b7f4.txt","Master V2 YOLO label","YOLO annotation file paired with a Master V2 image","Keep"
"sciobraille-model-lab\datasets\master_v2\labels\test\scio_v2_42ebb83e86fd1b8d.txt","Master V2 YOLO label","YOLO annotation file paired with a Master V2 image","Keep"
"sciobraille-model-lab\datasets\master_v2\labels\test\scio_v2_4541bd03bdcad716.txt","Master V2 YOLO label","YOLO annotation file paired with a Master V2 image","Keep"
"sciobraille-model-lab\datasets\master_v2\labels\test\scio_v2_456e354f7595628e.txt","Master V2 YOLO label","YOLO annotation file paired with a Master V2 image","Keep"
"sciobraille-model-lab\datasets\master_v2\labels\test\scio_v2_4859b667ee70ffee.txt","Master V2 YOLO label","YOLO annotation file paired with a Master V2 image","Keep"
"sciobraille-model-lab\datasets\master_v2\labels\test\scio_v2_49b6494264003abe.txt","Master V2 YOLO label","YOLO annotation file paired with a Master V2 image","Keep"
"sciobraille-model-lab\datasets\master_v2\labels\test\scio_v2_4c70de94339acb34.txt","Master V2 YOLO label","YOLO annotation file paired with a Master V2 image","Keep"
"sciobraille-model-lab\datasets\master_v2\labels\test\scio_v2_4ce5d5809318d24c.txt","Master V2 YOLO label","YOLO annotation file paired with a Master V2 image","Keep"
"sciobraille-model-lab\datasets\master_v2\labels\test\scio_v2_4e16b4f2cfb2576b.txt","Master V2 YOLO label","YOLO annotation file paired with a Master V2 image","Keep"
"sciobraille-model-lab\datasets\master_v2\labels\test\scio_v2_4f8cffff9339aff8.txt","Master V2 YOLO label","YOLO annotation file paired with a Master V2 image","Keep"
"sciobraille-model-lab\datasets\master_v2\labels\test\scio_v2_513abdb6ff648747.txt","Master V2 YOLO label","YOLO annotation file paired with a Master V2 image","Keep"
"sciobraille-model-lab\datasets\master_v2\labels\test\scio_v2_52e0441ac0bc3793.txt","Master V2 YOLO label","YOLO annotation file paired with a Master V2 image","Keep"
"sciobraille-model-lab\datasets\master_v2\labels\test\scio_v2_52f49e690d06fb55.txt","Master V2 YOLO label","YOLO annotation file paired with a Master V2 image","Keep"
"sciobraille-model-lab\datasets\master_v2\labels\test\scio_v2_557352fc3299596f.txt","Master V2 YOLO label","YOLO annotation file paired with a Master V2 image","Keep"
"sciobraille-model-lab\datasets\master_v2\labels\test\scio_v2_57a7b7568ebf3514.txt","Master V2 YOLO label","YOLO annotation file paired with a Master V2 image","Keep"
"sciobraille-model-lab\datasets\master_v2\labels\test\scio_v2_58fa7b50dd10c561.txt","Master V2 YOLO label","YOLO annotation file paired with a Master V2 image","Keep"
"sciobraille-model-lab\datasets\master_v2\labels\test\scio_v2_59bc6a969a8d7699.txt","Master V2 YOLO label","YOLO annotation file paired with a Master V2 image","Keep"
"sciobraille-model-lab\datasets\master_v2\labels\test\scio_v2_5b0e1708525853d6.txt","Master V2 YOLO label","YOLO annotation file paired with a Master V2 image","Keep"
"sciobraille-model-lab\datasets\master_v2\labels\test\scio_v2_5e8da8371c599ae9.txt","Master V2 YOLO label","YOLO annotation file paired with a Master V2 image","Keep"
"sciobraille-model-lab\datasets\master_v2\labels\test\scio_v2_5ea1379db291b978.txt","Master V2 YOLO label","YOLO annotation file paired with a Master V2 image","Keep"
"sciobraille-model-lab\datasets\master_v2\labels\test\scio_v2_5f9497157aa60e6c.txt","Master V2 YOLO label","YOLO annotation file paired with a Master V2 image","Keep"
"sciobraille-model-lab\datasets\master_v2\labels\test\scio_v2_6013c258610c350b.txt","Master V2 YOLO label","YOLO annotation file paired with a Master V2 image","Keep"
"sciobraille-model-lab\datasets\master_v2\labels\test\scio_v2_615e9a3019de082c.txt","Master V2 YOLO label","YOLO annotation file paired with a Master V2 image","Keep"
"sciobraille-model-lab\datasets\master_v2\labels\test\scio_v2_62c88a768bb81001.txt","Master V2 YOLO label","YOLO annotation file paired with a Master V2 image","Keep"
"sciobraille-model-lab\datasets\master_v2\labels\test\scio_v2_64e126c56cfdfa2a.txt","Master V2 YOLO label","YOLO annotation file paired with a Master V2 image","Keep"
"sciobraille-model-lab\datasets\master_v2\labels\test\scio_v2_65aef9661b17009b.txt","Master V2 YOLO label","YOLO annotation file paired with a Master V2 image","Keep"
"sciobraille-model-lab\datasets\master_v2\labels\test\scio_v2_65e1491115b7d988.txt","Master V2 YOLO label","YOLO annotation file paired with a Master V2 image","Keep"
"sciobraille-model-lab\datasets\master_v2\labels\test\scio_v2_66ab94b9baf2518b.txt","Master V2 YOLO label","YOLO annotation file paired with a Master V2 image","Keep"
"sciobraille-model-lab\datasets\master_v2\labels\test\scio_v2_66c49d8fbad2b4c8.txt","Master V2 YOLO label","YOLO annotation file paired with a Master V2 image","Keep"
"sciobraille-model-lab\datasets\master_v2\labels\test\scio_v2_67dc4934fa8e8efc.txt","Master V2 YOLO label","YOLO annotation file paired with a Master V2 image","Keep"
"sciobraille-model-lab\datasets\master_v2\labels\test\scio_v2_687b66dddfbe4151.txt","Master V2 YOLO label","YOLO annotation file paired with a Master V2 image","Keep"
"sciobraille-model-lab\datasets\master_v2\labels\test\scio_v2_68de4485ede0ba72.txt","Master V2 YOLO label","YOLO annotation file paired with a Master V2 image","Keep"
"sciobraille-model-lab\datasets\master_v2\labels\test\scio_v2_699ae5db208af7b8.txt","Master V2 YOLO label","YOLO annotation file paired with a Master V2 image","Keep"
"sciobraille-model-lab\datasets\master_v2\labels\test\scio_v2_6cc7bf0611bd68a4.txt","Master V2 YOLO label","YOLO annotation file paired with a Master V2 image","Keep"
"sciobraille-model-lab\datasets\master_v2\labels\test\scio_v2_70a2eb5985666478.txt","Master V2 YOLO label","YOLO annotation file paired with a Master V2 image","Keep"
"sciobraille-model-lab\datasets\master_v2\labels\test\scio_v2_778a1578946f4b94.txt","Master V2 YOLO label","YOLO annotation file paired with a Master V2 image","Keep"
"sciobraille-model-lab\datasets\master_v2\labels\test\scio_v2_78277e0bf47659a1.txt","Master V2 YOLO label","YOLO annotation file paired with a Master V2 image","Keep"
"sciobraille-model-lab\datasets\master_v2\labels\test\scio_v2_799eea8b20f75775.txt","Master V2 YOLO label","YOLO annotation file paired with a Master V2 image","Keep"
"sciobraille-model-lab\datasets\master_v2\labels\test\scio_v2_79acf660f506b338.txt","Master V2 YOLO label","YOLO annotation file paired with a Master V2 image","Keep"
"sciobraille-model-lab\datasets\master_v2\labels\test\scio_v2_7c02dbf8d961b52d.txt","Master V2 YOLO label","YOLO annotation file paired with a Master V2 image","Keep"
"sciobraille-model-lab\datasets\master_v2\labels\test\scio_v2_7ca4bb3012174d5e.txt","Master V2 YOLO label","YOLO annotation file paired with a Master V2 image","Keep"
"sciobraille-model-lab\datasets\master_v2\labels\test\scio_v2_7d4bc70fae6c09f8.txt","Master V2 YOLO label","YOLO annotation file paired with a Master V2 image","Keep"
"sciobraille-model-lab\datasets\master_v2\labels\test\scio_v2_7da03c03f2302291.txt","Master V2 YOLO label","YOLO annotation file paired with a Master V2 image","Keep"
"sciobraille-model-lab\datasets\master_v2\labels\test\scio_v2_81e9b2541e97ed05.txt","Master V2 YOLO label","YOLO annotation file paired with a Master V2 image","Keep"
"sciobraille-model-lab\datasets\master_v2\labels\test\scio_v2_82002a30012a717b.txt","Master V2 YOLO label","YOLO annotation file paired with a Master V2 image","Keep"
"sciobraille-model-lab\datasets\master_v2\labels\test\scio_v2_833b9ca20ae9c795.txt","Master V2 YOLO label","YOLO annotation file paired with a Master V2 image","Keep"
"sciobraille-model-lab\datasets\master_v2\labels\test\scio_v2_8376c0ba5baa7b9f.txt","Master V2 YOLO label","YOLO annotation file paired with a Master V2 image","Keep"
"sciobraille-model-lab\datasets\master_v2\labels\test\scio_v2_8435373e18bcb79d.txt","Master V2 YOLO label","YOLO annotation file paired with a Master V2 image","Keep"
"sciobraille-model-lab\datasets\master_v2\labels\test\scio_v2_84abffd79c0d6c78.txt","Master V2 YOLO label","YOLO annotation file paired with a Master V2 image","Keep"
"sciobraille-model-lab\datasets\master_v2\labels\test\scio_v2_856b22b0c828f077.txt","Master V2 YOLO label","YOLO annotation file paired with a Master V2 image","Keep"
"sciobraille-model-lab\datasets\master_v2\labels\test\scio_v2_87400b61a8757beb.txt","Master V2 YOLO label","YOLO annotation file paired with a Master V2 image","Keep"
"sciobraille-model-lab\datasets\master_v2\labels\test\scio_v2_889490d03df793fb.txt","Master V2 YOLO label","YOLO annotation file paired with a Master V2 image","Keep"
"sciobraille-model-lab\datasets\master_v2\labels\test\scio_v2_88a4a4a589db5992.txt","Master V2 YOLO label","YOLO annotation file paired with a Master V2 image","Keep"
"sciobraille-model-lab\datasets\master_v2\labels\test\scio_v2_88c31dbf995aceba.txt","Master V2 YOLO label","YOLO annotation file paired with a Master V2 image","Keep"
"sciobraille-model-lab\datasets\master_v2\labels\test\scio_v2_892b8386baa6f52d.txt","Master V2 YOLO label","YOLO annotation file paired with a Master V2 image","Keep"
"sciobraille-model-lab\datasets\master_v2\labels\test\scio_v2_8998e03dd28c189f.txt","Master V2 YOLO label","YOLO annotation file paired with a Master V2 image","Keep"
"sciobraille-model-lab\datasets\master_v2\labels\test\scio_v2_8fb2841631c1d037.txt","Master V2 YOLO label","YOLO annotation file paired with a Master V2 image","Keep"
"sciobraille-model-lab\datasets\master_v2\labels\test\scio_v2_911298d351cfd294.txt","Master V2 YOLO label","YOLO annotation file paired with a Master V2 image","Keep"
"sciobraille-model-lab\datasets\master_v2\labels\test\scio_v2_921e5d386a552b33.txt","Master V2 YOLO label","YOLO annotation file paired with a Master V2 image","Keep"
"sciobraille-model-lab\datasets\master_v2\labels\test\scio_v2_921e9e726b11d9fe.txt","Master V2 YOLO label","YOLO annotation file paired with a Master V2 image","Keep"
"sciobraille-model-lab\datasets\master_v2\labels\test\scio_v2_94d6eea1cb64b3fa.txt","Master V2 YOLO label","YOLO annotation file paired with a Master V2 image","Keep"
"sciobraille-model-lab\datasets\master_v2\labels\test\scio_v2_9733efc4e889fb5c.txt","Master V2 YOLO label","YOLO annotation file paired with a Master V2 image","Keep"
"sciobraille-model-lab\datasets\master_v2\labels\test\scio_v2_99d37af9b12f247d.txt","Master V2 YOLO label","YOLO annotation file paired with a Master V2 image","Keep"
"sciobraille-model-lab\datasets\master_v2\labels\test\scio_v2_9a170002fdd6eb26.txt","Master V2 YOLO label","YOLO annotation file paired with a Master V2 image","Keep"
"sciobraille-model-lab\datasets\master_v2\labels\test\scio_v2_9a3c87207c3f5700.txt","Master V2 YOLO label","YOLO annotation file paired with a Master V2 image","Keep"
"sciobraille-model-lab\datasets\master_v2\labels\test\scio_v2_9f4b18c9d96e7bbb.txt","Master V2 YOLO label","YOLO annotation file paired with a Master V2 image","Keep"
"sciobraille-model-lab\datasets\master_v2\labels\test\scio_v2_a113c91132c97a56.txt","Master V2 YOLO label","YOLO annotation file paired with a Master V2 image","Keep"
"sciobraille-model-lab\datasets\master_v2\labels\test\scio_v2_a1143a476b18145c.txt","Master V2 YOLO label","YOLO annotation file paired with a Master V2 image","Keep"
"sciobraille-model-lab\datasets\master_v2\labels\test\scio_v2_a183086a20d0e035.txt","Master V2 YOLO label","YOLO annotation file paired with a Master V2 image","Keep"
"sciobraille-model-lab\datasets\master_v2\labels\test\scio_v2_a18ff67fbff0b7b5.txt","Master V2 YOLO label","YOLO annotation file paired with a Master V2 image","Keep"
"sciobraille-model-lab\datasets\master_v2\labels\test\scio_v2_a23af0fd63b606d8.txt","Master V2 YOLO label","YOLO annotation file paired with a Master V2 image","Keep"
"sciobraille-model-lab\datasets\master_v2\labels\test\scio_v2_a2c91900710051e5.txt","Master V2 YOLO label","YOLO annotation file paired with a Master V2 image","Keep"
"sciobraille-model-lab\datasets\master_v2\labels\test\scio_v2_a38d0b26c7058fb1.txt","Master V2 YOLO label","YOLO annotation file paired with a Master V2 image","Keep"
"sciobraille-model-lab\datasets\master_v2\labels\test\scio_v2_a66146b0b2baba54.txt","Master V2 YOLO label","YOLO annotation file paired with a Master V2 image","Keep"
"sciobraille-model-lab\datasets\master_v2\labels\test\scio_v2_a81b3ca82caf2b7a.txt","Master V2 YOLO label","YOLO annotation file paired with a Master V2 image","Keep"
"sciobraille-model-lab\datasets\master_v2\labels\test\scio_v2_a93bcabbc334db06.txt","Master V2 YOLO label","YOLO annotation file paired with a Master V2 image","Keep"
"sciobraille-model-lab\datasets\master_v2\labels\test\scio_v2_aab0ba86dad6221d.txt","Master V2 YOLO label","YOLO annotation file paired with a Master V2 image","Keep"
"sciobraille-model-lab\datasets\master_v2\labels\test\scio_v2_aafccf3ba32ad56c.txt","Master V2 YOLO label","YOLO annotation file paired with a Master V2 image","Keep"
"sciobraille-model-lab\datasets\master_v2\labels\test\scio_v2_ab27454eed2f448e.txt","Master V2 YOLO label","YOLO annotation file paired with a Master V2 image","Keep"
"sciobraille-model-lab\datasets\master_v2\labels\test\scio_v2_ab506028457101ea.txt","Master V2 YOLO label","YOLO annotation file paired with a Master V2 image","Keep"
"sciobraille-model-lab\datasets\master_v2\labels\test\scio_v2_acbde90eed20f2c6.txt","Master V2 YOLO label","YOLO annotation file paired with a Master V2 image","Keep"
"sciobraille-model-lab\datasets\master_v2\labels\test\scio_v2_ae36274b4f4c2206.txt","Master V2 YOLO label","YOLO annotation file paired with a Master V2 image","Keep"
"sciobraille-model-lab\datasets\master_v2\labels\test\scio_v2_af7d7b59bc150bef.txt","Master V2 YOLO label","YOLO annotation file paired with a Master V2 image","Keep"
"sciobraille-model-lab\datasets\master_v2\labels\test\scio_v2_b2154b11d1b46df7.txt","Master V2 YOLO label","YOLO annotation file paired with a Master V2 image","Keep"
"sciobraille-model-lab\datasets\master_v2\labels\test\scio_v2_b2ce3587a228d1c8.txt","Master V2 YOLO label","YOLO annotation file paired with a Master V2 image","Keep"
"sciobraille-model-lab\datasets\master_v2\labels\test\scio_v2_b38227d1528ca7da.txt","Master V2 YOLO label","YOLO annotation file paired with a Master V2 image","Keep"
"sciobraille-model-lab\datasets\master_v2\labels\test\scio_v2_b61ef58dfffea7f8.txt","Master V2 YOLO label","YOLO annotation file paired with a Master V2 image","Keep"
"sciobraille-model-lab\datasets\master_v2\labels\test\scio_v2_b64452bde3f666d4.txt","Master V2 YOLO label","YOLO annotation file paired with a Master V2 image","Keep"
"sciobraille-model-lab\datasets\master_v2\labels\test\scio_v2_b669ea216d925a59.txt","Master V2 YOLO label","YOLO annotation file paired with a Master V2 image","Keep"
"sciobraille-model-lab\datasets\master_v2\labels\test\scio_v2_b91c35ad90c098fd.txt","Master V2 YOLO label","YOLO annotation file paired with a Master V2 image","Keep"
"sciobraille-model-lab\datasets\master_v2\labels\test\scio_v2_bcfcc4a870cb6059.txt","Master V2 YOLO label","YOLO annotation file paired with a Master V2 image","Keep"
"sciobraille-model-lab\datasets\master_v2\labels\test\scio_v2_bec8c333b0ebc188.txt","Master V2 YOLO label","YOLO annotation file paired with a Master V2 image","Keep"
"sciobraille-model-lab\datasets\master_v2\labels\test\scio_v2_c067c247312a0339.txt","Master V2 YOLO label","YOLO annotation file paired with a Master V2 image","Keep"
"sciobraille-model-lab\datasets\master_v2\labels\test\scio_v2_c1384f4df451d4d5.txt","Master V2 YOLO label","YOLO annotation file paired with a Master V2 image","Keep"
"sciobraille-model-lab\datasets\master_v2\labels\test\scio_v2_c213ea599c18ad06.txt","Master V2 YOLO label","YOLO annotation file paired with a Master V2 image","Keep"
"sciobraille-model-lab\datasets\master_v2\labels\test\scio_v2_c48dc79eedf26d12.txt","Master V2 YOLO label","YOLO annotation file paired with a Master V2 image","Keep"
"sciobraille-model-lab\datasets\master_v2\labels\test\scio_v2_c53673c7dba741b4.txt","Master V2 YOLO label","YOLO annotation file paired with a Master V2 image","Keep"
"sciobraille-model-lab\datasets\master_v2\labels\test\scio_v2_c566000626809355.txt","Master V2 YOLO label","YOLO annotation file paired with a Master V2 image","Keep"
"sciobraille-model-lab\datasets\master_v2\labels\test\scio_v2_c88c6c1df126184a.txt","Master V2 YOLO label","YOLO annotation file paired with a Master V2 image","Keep"
"sciobraille-model-lab\datasets\master_v2\labels\test\scio_v2_c9603a5c32054fbc.txt","Master V2 YOLO label","YOLO annotation file paired with a Master V2 image","Keep"
"sciobraille-model-lab\datasets\master_v2\labels\test\scio_v2_ca11f3c7b6aa42ef.txt","Master V2 YOLO label","YOLO annotation file paired with a Master V2 image","Keep"
"sciobraille-model-lab\datasets\master_v2\labels\test\scio_v2_cb1591783ffeeaff.txt","Master V2 YOLO label","YOLO annotation file paired with a Master V2 image","Keep"
"sciobraille-model-lab\datasets\master_v2\labels\test\scio_v2_cf901ff91669bdfc.txt","Master V2 YOLO label","YOLO annotation file paired with a Master V2 image","Keep"
"sciobraille-model-lab\datasets\master_v2\labels\test\scio_v2_d578c6f01eb62529.txt","Master V2 YOLO label","YOLO annotation file paired with a Master V2 image","Keep"
"sciobraille-model-lab\datasets\master_v2\labels\test\scio_v2_d65d5527cefa4042.txt","Master V2 YOLO label","YOLO annotation file paired with a Master V2 image","Keep"
"sciobraille-model-lab\datasets\master_v2\labels\test\scio_v2_d6d92e1655b4afef.txt","Master V2 YOLO label","YOLO annotation file paired with a Master V2 image","Keep"
"sciobraille-model-lab\datasets\master_v2\labels\test\scio_v2_d826af01903686fd.txt","Master V2 YOLO label","YOLO annotation file paired with a Master V2 image","Keep"
"sciobraille-model-lab\datasets\master_v2\labels\test\scio_v2_d89bf5e235c1f67b.txt","Master V2 YOLO label","YOLO annotation file paired with a Master V2 image","Keep"
"sciobraille-model-lab\datasets\master_v2\labels\test\scio_v2_d96a94546e2a9111.txt","Master V2 YOLO label","YOLO annotation file paired with a Master V2 image","Keep"
"sciobraille-model-lab\datasets\master_v2\labels\test\scio_v2_da48dac67b37dcf5.txt","Master V2 YOLO label","YOLO annotation file paired with a Master V2 image","Keep"
"sciobraille-model-lab\datasets\master_v2\labels\test\scio_v2_db86b847a32b423d.txt","Master V2 YOLO label","YOLO annotation file paired with a Master V2 image","Keep"
"sciobraille-model-lab\datasets\master_v2\labels\test\scio_v2_dc55b2ac429c876c.txt","Master V2 YOLO label","YOLO annotation file paired with a Master V2 image","Keep"
"sciobraille-model-lab\datasets\master_v2\labels\test\scio_v2_e156c085c53b8970.txt","Master V2 YOLO label","YOLO annotation file paired with a Master V2 image","Keep"
"sciobraille-model-lab\datasets\master_v2\labels\test\scio_v2_e1c01341c6e64ab7.txt","Master V2 YOLO label","YOLO annotation file paired with a Master V2 image","Keep"
"sciobraille-model-lab\datasets\master_v2\labels\test\scio_v2_e3bbcc8c732919a9.txt","Master V2 YOLO label","YOLO annotation file paired with a Master V2 image","Keep"
"sciobraille-model-lab\datasets\master_v2\labels\test\scio_v2_e441541ed6b052a4.txt","Master V2 YOLO label","YOLO annotation file paired with a Master V2 image","Keep"
"sciobraille-model-lab\datasets\master_v2\labels\test\scio_v2_e9204f50b362f4e8.txt","Master V2 YOLO label","YOLO annotation file paired with a Master V2 image","Keep"
"sciobraille-model-lab\datasets\master_v2\labels\test\scio_v2_ea8c93d00bfbdf93.txt","Master V2 YOLO label","YOLO annotation file paired with a Master V2 image","Keep"
"sciobraille-model-lab\datasets\master_v2\labels\test\scio_v2_eb7f5c17d3983e5d.txt","Master V2 YOLO label","YOLO annotation file paired with a Master V2 image","Keep"
"sciobraille-model-lab\datasets\master_v2\labels\test\scio_v2_eda613ba64afa601.txt","Master V2 YOLO label","YOLO annotation file paired with a Master V2 image","Keep"
"sciobraille-model-lab\datasets\master_v2\labels\test\scio_v2_edade643a93d7881.txt","Master V2 YOLO label","YOLO annotation file paired with a Master V2 image","Keep"
"sciobraille-model-lab\datasets\master_v2\labels\test\scio_v2_eded257b36826534.txt","Master V2 YOLO label","YOLO annotation file paired with a Master V2 image","Keep"
"sciobraille-model-lab\datasets\master_v2\labels\test\scio_v2_ee7464b556e54c6c.txt","Master V2 YOLO label","YOLO annotation file paired with a Master V2 image","Keep"
"sciobraille-model-lab\datasets\master_v2\labels\test\scio_v2_efe644de0c28d76a.txt","Master V2 YOLO label","YOLO annotation file paired with a Master V2 image","Keep"
"sciobraille-model-lab\datasets\master_v2\labels\test\scio_v2_f0e506c72908b489.txt","Master V2 YOLO label","YOLO annotation file paired with a Master V2 image","Keep"
"sciobraille-model-lab\datasets\master_v2\labels\test\scio_v2_f10de0a651ac0b7f.txt","Master V2 YOLO label","YOLO annotation file paired with a Master V2 image","Keep"
"sciobraille-model-lab\datasets\master_v2\labels\test\scio_v2_f22896d0643c36ff.txt","Master V2 YOLO label","YOLO annotation file paired with a Master V2 image","Keep"
"sciobraille-model-lab\datasets\master_v2\labels\test\scio_v2_f234eae4013e6190.txt","Master V2 YOLO label","YOLO annotation file paired with a Master V2 image","Keep"
"sciobraille-model-lab\datasets\master_v2\labels\test\scio_v2_f333a01c6cf92cc7.txt","Master V2 YOLO label","YOLO annotation file paired with a Master V2 image","Keep"
"sciobraille-model-lab\datasets\master_v2\labels\test\scio_v2_f38a5471e59c2727.txt","Master V2 YOLO label","YOLO annotation file paired with a Master V2 image","Keep"
"sciobraille-model-lab\datasets\master_v2\labels\test\scio_v2_f42c133aa49d4ff2.txt","Master V2 YOLO label","YOLO annotation file paired with a Master V2 image","Keep"
"sciobraille-model-lab\datasets\master_v2\labels\test\scio_v2_f43612fbbabbb53f.txt","Master V2 YOLO label","YOLO annotation file paired with a Master V2 image","Keep"
"sciobraille-model-lab\datasets\master_v2\labels\test\scio_v2_f48c07dbf04c4099.txt","Master V2 YOLO label","YOLO annotation file paired with a Master V2 image","Keep"
"sciobraille-model-lab\datasets\master_v2\labels\test\scio_v2_f6cd318645eae307.txt","Master V2 YOLO label","YOLO annotation file paired with a Master V2 image","Keep"
"sciobraille-model-lab\datasets\master_v2\labels\test\scio_v2_f79470c23afb2e16.txt","Master V2 YOLO label","YOLO annotation file paired with a Master V2 image","Keep"
"sciobraille-model-lab\datasets\master_v2\labels\test\scio_v2_f7f8467dc33c3668.txt","Master V2 YOLO label","YOLO annotation file paired with a Master V2 image","Keep"
"sciobraille-model-lab\datasets\master_v2\labels\test\scio_v2_f8b5fef3c432339b.txt","Master V2 YOLO label","YOLO annotation file paired with a Master V2 image","Keep"
"sciobraille-model-lab\datasets\master_v2\labels\test\scio_v2_fb131d983b894d26.txt","Master V2 YOLO label","YOLO annotation file paired with a Master V2 image","Keep"
"sciobraille-model-lab\datasets\master_v2\labels\test\scio_v2_fc357ccc52ae9de7.txt","Master V2 YOLO label","YOLO annotation file paired with a Master V2 image","Keep"
"sciobraille-model-lab\datasets\master_v2\labels\test\scio_v2_ff5ee5d651b0efc3.txt","Master V2 YOLO label","YOLO annotation file paired with a Master V2 image","Keep"
"sciobraille-model-lab\datasets\master_v2\labels\train\scio_v2_002759b8c021e7d4.txt","Master V2 YOLO label","YOLO annotation file paired with a Master V2 image","Keep"
"sciobraille-model-lab\datasets\master_v2\labels\train\scio_v2_002d748477492b0a.txt","Master V2 YOLO label","YOLO annotation file paired with a Master V2 image","Keep"
"sciobraille-model-lab\datasets\master_v2\labels\train\scio_v2_004c148780098106.txt","Master V2 YOLO label","YOLO annotation file paired with a Master V2 image","Keep"
"sciobraille-model-lab\datasets\master_v2\labels\train\scio_v2_0050f95aff808a37.txt","Master V2 YOLO label","YOLO annotation file paired with a Master V2 image","Keep"
"sciobraille-model-lab\datasets\master_v2\labels\train\scio_v2_0066ee085444d476.txt","Master V2 YOLO label","YOLO annotation file paired with a Master V2 image","Keep"
"sciobraille-model-lab\datasets\master_v2\labels\train\scio_v2_006946f9a439fadf.txt","Master V2 YOLO label","YOLO annotation file paired with a Master V2 image","Keep"
"sciobraille-model-lab\datasets\master_v2\labels\train\scio_v2_0078e82457cab86c.txt","Master V2 YOLO label","YOLO annotation file paired with a Master V2 image","Keep"
"sciobraille-model-lab\datasets\master_v2\labels\train\scio_v2_00d6621cf3d9b8ce.txt","Master V2 YOLO label","YOLO annotation file paired with a Master V2 image","Keep"
"sciobraille-model-lab\datasets\master_v2\labels\train\scio_v2_00e9d078e6341b9d.txt","Master V2 YOLO label","YOLO annotation file paired with a Master V2 image","Keep"
"sciobraille-model-lab\datasets\master_v2\labels\train\scio_v2_00f9cfa904116fef.txt","Master V2 YOLO label","YOLO annotation file paired with a Master V2 image","Keep"
"sciobraille-model-lab\datasets\master_v2\labels\train\scio_v2_01472134fce4bdab.txt","Master V2 YOLO label","YOLO annotation file paired with a Master V2 image","Keep"
"sciobraille-model-lab\datasets\master_v2\labels\train\scio_v2_0159ba94b72b2f2e.txt","Master V2 YOLO label","YOLO annotation file paired with a Master V2 image","Keep"
"sciobraille-model-lab\datasets\master_v2\labels\train\scio_v2_01c0197b1b0a7b35.txt","Master V2 YOLO label","YOLO annotation file paired with a Master V2 image","Keep"
"sciobraille-model-lab\datasets\master_v2\labels\train\scio_v2_01dac70afff1d28f.txt","Master V2 YOLO label","YOLO annotation file paired with a Master V2 image","Keep"
"sciobraille-model-lab\datasets\master_v2\labels\train\scio_v2_01dec78f4b8a82a5.txt","Master V2 YOLO label","YOLO annotation file paired with a Master V2 image","Keep"
"sciobraille-model-lab\datasets\master_v2\labels\train\scio_v2_01e02d9fe4137d7d.txt","Master V2 YOLO label","YOLO annotation file paired with a Master V2 image","Keep"
"sciobraille-model-lab\datasets\master_v2\labels\train\scio_v2_0257f838d060eccc.txt","Master V2 YOLO label","YOLO annotation file paired with a Master V2 image","Keep"
"sciobraille-model-lab\datasets\master_v2\labels\train\scio_v2_02e63aee84f644aa.txt","Master V2 YOLO label","YOLO annotation file paired with a Master V2 image","Keep"
"sciobraille-model-lab\datasets\master_v2\labels\train\scio_v2_02fbc89b64b5545b.txt","Master V2 YOLO label","YOLO annotation file paired with a Master V2 image","Keep"
"sciobraille-model-lab\datasets\master_v2\labels\train\scio_v2_0335976bd5db2734.txt","Master V2 YOLO label","YOLO annotation file paired with a Master V2 image","Keep"
"sciobraille-model-lab\datasets\master_v2\labels\train\scio_v2_0357201c1517a9a2.txt","Master V2 YOLO label","YOLO annotation file paired with a Master V2 image","Keep"
"sciobraille-model-lab\datasets\master_v2\labels\train\scio_v2_03811567341576a5.txt","Master V2 YOLO label","YOLO annotation file paired with a Master V2 image","Keep"
"sciobraille-model-lab\datasets\master_v2\labels\train\scio_v2_03ae0ed9fe68ee50.txt","Master V2 YOLO label","YOLO annotation file paired with a Master V2 image","Keep"
"sciobraille-model-lab\datasets\master_v2\labels\train\scio_v2_042affbe1906d2bb.txt","Master V2 YOLO label","YOLO annotation file paired with a Master V2 image","Keep"
"sciobraille-model-lab\datasets\master_v2\labels\train\scio_v2_04bbb1b14a6901ab.txt","Master V2 YOLO label","YOLO annotation file paired with a Master V2 image","Keep"
"sciobraille-model-lab\datasets\master_v2\labels\train\scio_v2_054eb5cf9c1eaa8b.txt","Master V2 YOLO label","YOLO annotation file paired with a Master V2 image","Keep"
"sciobraille-model-lab\datasets\master_v2\labels\train\scio_v2_0550ad7edbec1af3.txt","Master V2 YOLO label","YOLO annotation file paired with a Master V2 image","Keep"
"sciobraille-model-lab\datasets\master_v2\labels\train\scio_v2_05ad24f52b2eb7e5.txt","Master V2 YOLO label","YOLO annotation file paired with a Master V2 image","Keep"
"sciobraille-model-lab\datasets\master_v2\labels\train\scio_v2_05dc11997eb3020a.txt","Master V2 YOLO label","YOLO annotation file paired with a Master V2 image","Keep"
"sciobraille-model-lab\datasets\master_v2\labels\train\scio_v2_067de250a17bae63.txt","Master V2 YOLO label","YOLO annotation file paired with a Master V2 image","Keep"
"sciobraille-model-lab\datasets\master_v2\labels\train\scio_v2_06a533d7d7896f77.txt","Master V2 YOLO label","YOLO annotation file paired with a Master V2 image","Keep"
"sciobraille-model-lab\datasets\master_v2\labels\train\scio_v2_07423340229e4505.txt","Master V2 YOLO label","YOLO annotation file paired with a Master V2 image","Keep"
"sciobraille-model-lab\datasets\master_v2\labels\train\scio_v2_07b8f3cce94809a7.txt","Master V2 YOLO label","YOLO annotation file paired with a Master V2 image","Keep"
"sciobraille-model-lab\datasets\master_v2\labels\train\scio_v2_07f8a7610c881ed2.txt","Master V2 YOLO label","YOLO annotation file paired with a Master V2 image","Keep"
"sciobraille-model-lab\datasets\master_v2\labels\train\scio_v2_088903a5609cfacd.txt","Master V2 YOLO label","YOLO annotation file paired with a Master V2 image","Keep"
"sciobraille-model-lab\datasets\master_v2\labels\train\scio_v2_0889e6cc152f0aeb.txt","Master V2 YOLO label","YOLO annotation file paired with a Master V2 image","Keep"
"sciobraille-model-lab\datasets\master_v2\labels\train\scio_v2_08b517c711b5fc22.txt","Master V2 YOLO label","YOLO annotation file paired with a Master V2 image","Keep"
"sciobraille-model-lab\datasets\master_v2\labels\train\scio_v2_090d634c273e6703.txt","Master V2 YOLO label","YOLO annotation file paired with a Master V2 image","Keep"
"sciobraille-model-lab\datasets\master_v2\labels\train\scio_v2_09198590c21b0bcd.txt","Master V2 YOLO label","YOLO annotation file paired with a Master V2 image","Keep"
"sciobraille-model-lab\datasets\master_v2\labels\train\scio_v2_091fecf8a5f3428f.txt","Master V2 YOLO label","YOLO annotation file paired with a Master V2 image","Keep"
"sciobraille-model-lab\datasets\master_v2\labels\train\scio_v2_09265c882d37055e.txt","Master V2 YOLO label","YOLO annotation file paired with a Master V2 image","Keep"
"sciobraille-model-lab\datasets\master_v2\labels\train\scio_v2_0942724267e1e4cd.txt","Master V2 YOLO label","YOLO annotation file paired with a Master V2 image","Keep"
"sciobraille-model-lab\datasets\master_v2\labels\train\scio_v2_099c6d3eccee656d.txt","Master V2 YOLO label","YOLO annotation file paired with a Master V2 image","Keep"
"sciobraille-model-lab\datasets\master_v2\labels\train\scio_v2_09ac23a951f4c38e.txt","Master V2 YOLO label","YOLO annotation file paired with a Master V2 image","Keep"
"sciobraille-model-lab\datasets\master_v2\labels\train\scio_v2_0a23e614c4725302.txt","Master V2 YOLO label","YOLO annotation file paired with a Master V2 image","Keep"
"sciobraille-model-lab\datasets\master_v2\labels\train\scio_v2_0a50454a0842f515.txt","Master V2 YOLO label","YOLO annotation file paired with a Master V2 image","Keep"
"sciobraille-model-lab\datasets\master_v2\labels\train\scio_v2_0ac640d7856d90cb.txt","Master V2 YOLO label","YOLO annotation file paired with a Master V2 image","Keep"
"sciobraille-model-lab\datasets\master_v2\labels\train\scio_v2_0af214fee73c2eeb.txt","Master V2 YOLO label","YOLO annotation file paired with a Master V2 image","Keep"
"sciobraille-model-lab\datasets\master_v2\labels\train\scio_v2_0b0f6093142fa14d.txt","Master V2 YOLO label","YOLO annotation file paired with a Master V2 image","Keep"
"sciobraille-model-lab\datasets\master_v2\labels\train\scio_v2_0b2dfcd145207ab5.txt","Master V2 YOLO label","YOLO annotation file paired with a Master V2 image","Keep"
"sciobraille-model-lab\datasets\master_v2\labels\train\scio_v2_0b3bae68db46bb4f.txt","Master V2 YOLO label","YOLO annotation file paired with a Master V2 image","Keep"
"sciobraille-model-lab\datasets\master_v2\labels\train\scio_v2_0b46588105660903.txt","Master V2 YOLO label","YOLO annotation file paired with a Master V2 image","Keep"
"sciobraille-model-lab\datasets\master_v2\labels\train\scio_v2_0bd0f2796f98e529.txt","Master V2 YOLO label","YOLO annotation file paired with a Master V2 image","Keep"
"sciobraille-model-lab\datasets\master_v2\labels\train\scio_v2_0be8e31fa4a6c314.txt","Master V2 YOLO label","YOLO annotation file paired with a Master V2 image","Keep"
"sciobraille-model-lab\datasets\master_v2\labels\train\scio_v2_0c084b58a5ce8d41.txt","Master V2 YOLO label","YOLO annotation file paired with a Master V2 image","Keep"
"sciobraille-model-lab\datasets\master_v2\labels\train\scio_v2_0c23c5a1cfe83737.txt","Master V2 YOLO label","YOLO annotation file paired with a Master V2 image","Keep"
"sciobraille-model-lab\datasets\master_v2\labels\train\scio_v2_0c6f765c325d2a81.txt","Master V2 YOLO label","YOLO annotation file paired with a Master V2 image","Keep"
"sciobraille-model-lab\datasets\master_v2\labels\train\scio_v2_0c72e7772b7acd1f.txt","Master V2 YOLO label","YOLO annotation file paired with a Master V2 image","Keep"
"sciobraille-model-lab\datasets\master_v2\labels\train\scio_v2_0c912cf4d37396fd.txt","Master V2 YOLO label","YOLO annotation file paired with a Master V2 image","Keep"
"sciobraille-model-lab\datasets\master_v2\labels\train\scio_v2_0ca0921aa77b9853.txt","Master V2 YOLO label","YOLO annotation file paired with a Master V2 image","Keep"
"sciobraille-model-lab\datasets\master_v2\labels\train\scio_v2_0ca096ee1813a6ca.txt","Master V2 YOLO label","YOLO annotation file paired with a Master V2 image","Keep"
"sciobraille-model-lab\datasets\master_v2\labels\train\scio_v2_0cb667fd0f3ac795.txt","Master V2 YOLO label","YOLO annotation file paired with a Master V2 image","Keep"
"sciobraille-model-lab\datasets\master_v2\labels\train\scio_v2_0cc26a8f141b6fd9.txt","Master V2 YOLO label","YOLO annotation file paired with a Master V2 image","Keep"
"sciobraille-model-lab\datasets\master_v2\labels\train\scio_v2_0d1b17f26d91daaf.txt","Master V2 YOLO label","YOLO annotation file paired with a Master V2 image","Keep"
"sciobraille-model-lab\datasets\master_v2\labels\train\scio_v2_0d49d754e7186aa3.txt","Master V2 YOLO label","YOLO annotation file paired with a Master V2 image","Keep"
"sciobraille-model-lab\datasets\master_v2\labels\train\scio_v2_0d8a4535c451157a.txt","Master V2 YOLO label","YOLO annotation file paired with a Master V2 image","Keep"
"sciobraille-model-lab\datasets\master_v2\labels\train\scio_v2_0dbcd5e4cd1c1a01.txt","Master V2 YOLO label","YOLO annotation file paired with a Master V2 image","Keep"
"sciobraille-model-lab\datasets\master_v2\labels\train\scio_v2_0dc502a0f09f2151.txt","Master V2 YOLO label","YOLO annotation file paired with a Master V2 image","Keep"
"sciobraille-model-lab\datasets\master_v2\labels\train\scio_v2_0dd3faf1878e7b96.txt","Master V2 YOLO label","YOLO annotation file paired with a Master V2 image","Keep"
"sciobraille-model-lab\datasets\master_v2\labels\train\scio_v2_0e88a6b040fe6f73.txt","Master V2 YOLO label","YOLO annotation file paired with a Master V2 image","Keep"
"sciobraille-model-lab\datasets\master_v2\labels\train\scio_v2_0ee78aec22929307.txt","Master V2 YOLO label","YOLO annotation file paired with a Master V2 image","Keep"
"sciobraille-model-lab\datasets\master_v2\labels\train\scio_v2_0f0d5b3c58b2d111.txt","Master V2 YOLO label","YOLO annotation file paired with a Master V2 image","Keep"
"sciobraille-model-lab\datasets\master_v2\labels\train\scio_v2_0f11525691a7f7b1.txt","Master V2 YOLO label","YOLO annotation file paired with a Master V2 image","Keep"
"sciobraille-model-lab\datasets\master_v2\labels\train\scio_v2_0f2abc2376398bf6.txt","Master V2 YOLO label","YOLO annotation file paired with a Master V2 image","Keep"
"sciobraille-model-lab\datasets\master_v2\labels\train\scio_v2_0f625448941791a4.txt","Master V2 YOLO label","YOLO annotation file paired with a Master V2 image","Keep"
"sciobraille-model-lab\datasets\master_v2\labels\train\scio_v2_0f6eb5f21fc5cbec.txt","Master V2 YOLO label","YOLO annotation file paired with a Master V2 image","Keep"
"sciobraille-model-lab\datasets\master_v2\labels\train\scio_v2_0f94203edcd0c236.txt","Master V2 YOLO label","YOLO annotation file paired with a Master V2 image","Keep"
"sciobraille-model-lab\datasets\master_v2\labels\train\scio_v2_10270036cdd21c25.txt","Master V2 YOLO label","YOLO annotation file paired with a Master V2 image","Keep"
"sciobraille-model-lab\datasets\master_v2\labels\train\scio_v2_1040df0c57eeacae.txt","Master V2 YOLO label","YOLO annotation file paired with a Master V2 image","Keep"
"sciobraille-model-lab\datasets\master_v2\labels\train\scio_v2_105be95e5c2c55f4.txt","Master V2 YOLO label","YOLO annotation file paired with a Master V2 image","Keep"
"sciobraille-model-lab\datasets\master_v2\labels\train\scio_v2_10838ae1420de8a7.txt","Master V2 YOLO label","YOLO annotation file paired with a Master V2 image","Keep"
"sciobraille-model-lab\datasets\master_v2\labels\train\scio_v2_1117d9be045f2733.txt","Master V2 YOLO label","YOLO annotation file paired with a Master V2 image","Keep"
"sciobraille-model-lab\datasets\master_v2\labels\train\scio_v2_11644e68d6003117.txt","Master V2 YOLO label","YOLO annotation file paired with a Master V2 image","Keep"
"sciobraille-model-lab\datasets\master_v2\labels\train\scio_v2_11652f481e149f6c.txt","Master V2 YOLO label","YOLO annotation file paired with a Master V2 image","Keep"
"sciobraille-model-lab\datasets\master_v2\labels\train\scio_v2_118c3b788f964642.txt","Master V2 YOLO label","YOLO annotation file paired with a Master V2 image","Keep"
"sciobraille-model-lab\datasets\master_v2\labels\train\scio_v2_11a4eb6d7bc5db1d.txt","Master V2 YOLO label","YOLO annotation file paired with a Master V2 image","Keep"
"sciobraille-model-lab\datasets\master_v2\labels\train\scio_v2_11fba98dc786845c.txt","Master V2 YOLO label","YOLO annotation file paired with a Master V2 image","Keep"
"sciobraille-model-lab\datasets\master_v2\labels\train\scio_v2_1232341254e1d7bd.txt","Master V2 YOLO label","YOLO annotation file paired with a Master V2 image","Keep"
"sciobraille-model-lab\datasets\master_v2\labels\train\scio_v2_126439e10e20221a.txt","Master V2 YOLO label","YOLO annotation file paired with a Master V2 image","Keep"
"sciobraille-model-lab\datasets\master_v2\labels\train\scio_v2_12aeb9cf9af5ccf4.txt","Master V2 YOLO label","YOLO annotation file paired with a Master V2 image","Keep"
"sciobraille-model-lab\datasets\master_v2\labels\train\scio_v2_12c4fa94a278ae0d.txt","Master V2 YOLO label","YOLO annotation file paired with a Master V2 image","Keep"
"sciobraille-model-lab\datasets\master_v2\labels\train\scio_v2_12fa2d3dcd0d2332.txt","Master V2 YOLO label","YOLO annotation file paired with a Master V2 image","Keep"
"sciobraille-model-lab\datasets\master_v2\labels\train\scio_v2_13367f95984ab7b9.txt","Master V2 YOLO label","YOLO annotation file paired with a Master V2 image","Keep"
"sciobraille-model-lab\datasets\master_v2\labels\train\scio_v2_13bbaf98fc4f2ce2.txt","Master V2 YOLO label","YOLO annotation file paired with a Master V2 image","Keep"
"sciobraille-model-lab\datasets\master_v2\labels\train\scio_v2_13f2326e2c9affbb.txt","Master V2 YOLO label","YOLO annotation file paired with a Master V2 image","Keep"
"sciobraille-model-lab\datasets\master_v2\labels\train\scio_v2_141458612a0af692.txt","Master V2 YOLO label","YOLO annotation file paired with a Master V2 image","Keep"
"sciobraille-model-lab\datasets\master_v2\labels\train\scio_v2_141ec502eaadd5ab.txt","Master V2 YOLO label","YOLO annotation file paired with a Master V2 image","Keep"
"sciobraille-model-lab\datasets\master_v2\labels\train\scio_v2_1439a47107545e86.txt","Master V2 YOLO label","YOLO annotation file paired with a Master V2 image","Keep"
"sciobraille-model-lab\datasets\master_v2\labels\train\scio_v2_1457a8372aacb5f2.txt","Master V2 YOLO label","YOLO annotation file paired with a Master V2 image","Keep"
"sciobraille-model-lab\datasets\master_v2\labels\train\scio_v2_146407a0d726c737.txt","Master V2 YOLO label","YOLO annotation file paired with a Master V2 image","Keep"
"sciobraille-model-lab\datasets\master_v2\labels\train\scio_v2_1482ca817635e988.txt","Master V2 YOLO label","YOLO annotation file paired with a Master V2 image","Keep"
"sciobraille-model-lab\datasets\master_v2\labels\train\scio_v2_149be98d304364d2.txt","Master V2 YOLO label","YOLO annotation file paired with a Master V2 image","Keep"
"sciobraille-model-lab\datasets\master_v2\labels\train\scio_v2_149cf221cf5de29b.txt","Master V2 YOLO label","YOLO annotation file paired with a Master V2 image","Keep"
"sciobraille-model-lab\datasets\master_v2\labels\train\scio_v2_14c8d2baae795a72.txt","Master V2 YOLO label","YOLO annotation file paired with a Master V2 image","Keep"
"sciobraille-model-lab\datasets\master_v2\labels\train\scio_v2_1562cccb0d33c631.txt","Master V2 YOLO label","YOLO annotation file paired with a Master V2 image","Keep"
"sciobraille-model-lab\datasets\master_v2\labels\train\scio_v2_1588b1073c7781d4.txt","Master V2 YOLO label","YOLO annotation file paired with a Master V2 image","Keep"
"sciobraille-model-lab\datasets\master_v2\labels\train\scio_v2_15cc36ac440886e8.txt","Master V2 YOLO label","YOLO annotation file paired with a Master V2 image","Keep"
"sciobraille-model-lab\datasets\master_v2\labels\train\scio_v2_1624c9442acca097.txt","Master V2 YOLO label","YOLO annotation file paired with a Master V2 image","Keep"
"sciobraille-model-lab\datasets\master_v2\labels\train\scio_v2_16320711960cfd84.txt","Master V2 YOLO label","YOLO annotation file paired with a Master V2 image","Keep"
"sciobraille-model-lab\datasets\master_v2\labels\train\scio_v2_165d7a587ff89cb4.txt","Master V2 YOLO label","YOLO annotation file paired with a Master V2 image","Keep"
"sciobraille-model-lab\datasets\master_v2\labels\train\scio_v2_16b9983e87084d15.txt","Master V2 YOLO label","YOLO annotation file paired with a Master V2 image","Keep"
"sciobraille-model-lab\datasets\master_v2\labels\train\scio_v2_170422b5016c3fed.txt","Master V2 YOLO label","YOLO annotation file paired with a Master V2 image","Keep"
"sciobraille-model-lab\datasets\master_v2\labels\train\scio_v2_17a9dde5a7e1c44e.txt","Master V2 YOLO label","YOLO annotation file paired with a Master V2 image","Keep"
"sciobraille-model-lab\datasets\master_v2\labels\train\scio_v2_17ca1cc6529b4322.txt","Master V2 YOLO label","YOLO annotation file paired with a Master V2 image","Keep"
"sciobraille-model-lab\datasets\master_v2\labels\train\scio_v2_17f39486b40c992d.txt","Master V2 YOLO label","YOLO annotation file paired with a Master V2 image","Keep"
"sciobraille-model-lab\datasets\master_v2\labels\train\scio_v2_1852e754fbff88f2.txt","Master V2 YOLO label","YOLO annotation file paired with a Master V2 image","Keep"
"sciobraille-model-lab\datasets\master_v2\labels\train\scio_v2_187c639a759f3b70.txt","Master V2 YOLO label","YOLO annotation file paired with a Master V2 image","Keep"
"sciobraille-model-lab\datasets\master_v2\labels\train\scio_v2_1885dc302fed6a68.txt","Master V2 YOLO label","YOLO annotation file paired with a Master V2 image","Keep"
"sciobraille-model-lab\datasets\master_v2\labels\train\scio_v2_18f258eab7276561.txt","Master V2 YOLO label","YOLO annotation file paired with a Master V2 image","Keep"
"sciobraille-model-lab\datasets\master_v2\labels\train\scio_v2_18f8ca95677a2d02.txt","Master V2 YOLO label","YOLO annotation file paired with a Master V2 image","Keep"
"sciobraille-model-lab\datasets\master_v2\labels\train\scio_v2_190a49b4f8fa0e05.txt","Master V2 YOLO label","YOLO annotation file paired with a Master V2 image","Keep"
"sciobraille-model-lab\datasets\master_v2\labels\train\scio_v2_195c41ce1a65b073.txt","Master V2 YOLO label","YOLO annotation file paired with a Master V2 image","Keep"
"sciobraille-model-lab\datasets\master_v2\labels\train\scio_v2_19a56b190c48a7ae.txt","Master V2 YOLO label","YOLO annotation file paired with a Master V2 image","Keep"
"sciobraille-model-lab\datasets\master_v2\labels\train\scio_v2_19d4febead301f23.txt","Master V2 YOLO label","YOLO annotation file paired with a Master V2 image","Keep"
"sciobraille-model-lab\datasets\master_v2\labels\train\scio_v2_19f0a5b95dbd84fb.txt","Master V2 YOLO label","YOLO annotation file paired with a Master V2 image","Keep"
"sciobraille-model-lab\datasets\master_v2\labels\train\scio_v2_1a08f80793328651.txt","Master V2 YOLO label","YOLO annotation file paired with a Master V2 image","Keep"
"sciobraille-model-lab\datasets\master_v2\labels\train\scio_v2_1a4633a614ea3364.txt","Master V2 YOLO label","YOLO annotation file paired with a Master V2 image","Keep"
"sciobraille-model-lab\datasets\master_v2\labels\train\scio_v2_1a8267776f2657ca.txt","Master V2 YOLO label","YOLO annotation file paired with a Master V2 image","Keep"
"sciobraille-model-lab\datasets\master_v2\labels\train\scio_v2_1a87add4f30dd980.txt","Master V2 YOLO label","YOLO annotation file paired with a Master V2 image","Keep"
"sciobraille-model-lab\datasets\master_v2\labels\train\scio_v2_1aaa833f987f545b.txt","Master V2 YOLO label","YOLO annotation file paired with a Master V2 image","Keep"
"sciobraille-model-lab\datasets\master_v2\labels\train\scio_v2_1aaf308d744cb04b.txt","Master V2 YOLO label","YOLO annotation file paired with a Master V2 image","Keep"
"sciobraille-model-lab\datasets\master_v2\labels\train\scio_v2_1ab533bca08e1035.txt","Master V2 YOLO label","YOLO annotation file paired with a Master V2 image","Keep"
"sciobraille-model-lab\datasets\master_v2\labels\train\scio_v2_1b113766b70f4b6a.txt","Master V2 YOLO label","YOLO annotation file paired with a Master V2 image","Keep"
"sciobraille-model-lab\datasets\master_v2\labels\train\scio_v2_1b17e0038f341d49.txt","Master V2 YOLO label","YOLO annotation file paired with a Master V2 image","Keep"
"sciobraille-model-lab\datasets\master_v2\labels\train\scio_v2_1b93ebbc1a4ed3e6.txt","Master V2 YOLO label","YOLO annotation file paired with a Master V2 image","Keep"
"sciobraille-model-lab\datasets\master_v2\labels\train\scio_v2_1c34f5e4a78fc2b0.txt","Master V2 YOLO label","YOLO annotation file paired with a Master V2 image","Keep"
"sciobraille-model-lab\datasets\master_v2\labels\train\scio_v2_1c50a31d87d380f7.txt","Master V2 YOLO label","YOLO annotation file paired with a Master V2 image","Keep"
"sciobraille-model-lab\datasets\master_v2\labels\train\scio_v2_1cc95d84914a41ab.txt","Master V2 YOLO label","YOLO annotation file paired with a Master V2 image","Keep"
"sciobraille-model-lab\datasets\master_v2\labels\train\scio_v2_1cf200389cddada3.txt","Master V2 YOLO label","YOLO annotation file paired with a Master V2 image","Keep"
"sciobraille-model-lab\datasets\master_v2\labels\train\scio_v2_1d2c379d399303a0.txt","Master V2 YOLO label","YOLO annotation file paired with a Master V2 image","Keep"
"sciobraille-model-lab\datasets\master_v2\labels\train\scio_v2_1d4ac293c9fde7c8.txt","Master V2 YOLO label","YOLO annotation file paired with a Master V2 image","Keep"
"sciobraille-model-lab\datasets\master_v2\labels\train\scio_v2_1d90f680ac634bfe.txt","Master V2 YOLO label","YOLO annotation file paired with a Master V2 image","Keep"
"sciobraille-model-lab\datasets\master_v2\labels\train\scio_v2_1d953ad4a846e370.txt","Master V2 YOLO label","YOLO annotation file paired with a Master V2 image","Keep"
"sciobraille-model-lab\datasets\master_v2\labels\train\scio_v2_1dae69450f6941fd.txt","Master V2 YOLO label","YOLO annotation file paired with a Master V2 image","Keep"
"sciobraille-model-lab\datasets\master_v2\labels\train\scio_v2_1e278ce4b7158789.txt","Master V2 YOLO label","YOLO annotation file paired with a Master V2 image","Keep"
"sciobraille-model-lab\datasets\master_v2\labels\train\scio_v2_1e3946a39e2dac8a.txt","Master V2 YOLO label","YOLO annotation file paired with a Master V2 image","Keep"
"sciobraille-model-lab\datasets\master_v2\labels\train\scio_v2_1e57cb0558a75a29.txt","Master V2 YOLO label","YOLO annotation file paired with a Master V2 image","Keep"
"sciobraille-model-lab\datasets\master_v2\labels\train\scio_v2_1e873b049472a8a2.txt","Master V2 YOLO label","YOLO annotation file paired with a Master V2 image","Keep"
"sciobraille-model-lab\datasets\master_v2\labels\train\scio_v2_1e938a6d51a2f509.txt","Master V2 YOLO label","YOLO annotation file paired with a Master V2 image","Keep"
"sciobraille-model-lab\datasets\master_v2\labels\train\scio_v2_1f9c309532d0aee9.txt","Master V2 YOLO label","YOLO annotation file paired with a Master V2 image","Keep"
"sciobraille-model-lab\datasets\master_v2\labels\train\scio_v2_1ff6e3bbdfcf8326.txt","Master V2 YOLO label","YOLO annotation file paired with a Master V2 image","Keep"
"sciobraille-model-lab\datasets\master_v2\labels\train\scio_v2_209a0f02ef6c4ff3.txt","Master V2 YOLO label","YOLO annotation file paired with a Master V2 image","Keep"
"sciobraille-model-lab\datasets\master_v2\labels\train\scio_v2_2108d0f00249b4f5.txt","Master V2 YOLO label","YOLO annotation file paired with a Master V2 image","Keep"
"sciobraille-model-lab\datasets\master_v2\labels\train\scio_v2_2137225b077552c4.txt","Master V2 YOLO label","YOLO annotation file paired with a Master V2 image","Keep"
"sciobraille-model-lab\datasets\master_v2\labels\train\scio_v2_213892b55133742f.txt","Master V2 YOLO label","YOLO annotation file paired with a Master V2 image","Keep"
"sciobraille-model-lab\datasets\master_v2\labels\train\scio_v2_21be5a40201d0671.txt","Master V2 YOLO label","YOLO annotation file paired with a Master V2 image","Keep"
"sciobraille-model-lab\datasets\master_v2\labels\train\scio_v2_22343aaa755f6fe0.txt","Master V2 YOLO label","YOLO annotation file paired with a Master V2 image","Keep"
"sciobraille-model-lab\datasets\master_v2\labels\train\scio_v2_22456a5f3b46920d.txt","Master V2 YOLO label","YOLO annotation file paired with a Master V2 image","Keep"
"sciobraille-model-lab\datasets\master_v2\labels\train\scio_v2_22471bfded98752f.txt","Master V2 YOLO label","YOLO annotation file paired with a Master V2 image","Keep"
"sciobraille-model-lab\datasets\master_v2\labels\train\scio_v2_22d0a0645462dc86.txt","Master V2 YOLO label","YOLO annotation file paired with a Master V2 image","Keep"
"sciobraille-model-lab\datasets\master_v2\labels\train\scio_v2_23a4fd3495fc2e1b.txt","Master V2 YOLO label","YOLO annotation file paired with a Master V2 image","Keep"
"sciobraille-model-lab\datasets\master_v2\labels\train\scio_v2_2408042e4fc3322a.txt","Master V2 YOLO label","YOLO annotation file paired with a Master V2 image","Keep"
"sciobraille-model-lab\datasets\master_v2\labels\train\scio_v2_25041f61c74f7800.txt","Master V2 YOLO label","YOLO annotation file paired with a Master V2 image","Keep"
"sciobraille-model-lab\datasets\master_v2\labels\train\scio_v2_25179bea93086999.txt","Master V2 YOLO label","YOLO annotation file paired with a Master V2 image","Keep"
"sciobraille-model-lab\datasets\master_v2\labels\train\scio_v2_252f754340104314.txt","Master V2 YOLO label","YOLO annotation file paired with a Master V2 image","Keep"
"sciobraille-model-lab\datasets\master_v2\labels\train\scio_v2_25310e85c9553281.txt","Master V2 YOLO label","YOLO annotation file paired with a Master V2 image","Keep"
"sciobraille-model-lab\datasets\master_v2\labels\train\scio_v2_2546944493568274.txt","Master V2 YOLO label","YOLO annotation file paired with a Master V2 image","Keep"
"sciobraille-model-lab\datasets\master_v2\labels\train\scio_v2_254c82c9a54bb583.txt","Master V2 YOLO label","YOLO annotation file paired with a Master V2 image","Keep"
"sciobraille-model-lab\datasets\master_v2\labels\train\scio_v2_25599737084d84ff.txt","Master V2 YOLO label","YOLO annotation file paired with a Master V2 image","Keep"
"sciobraille-model-lab\datasets\master_v2\labels\train\scio_v2_257d797280808d03.txt","Master V2 YOLO label","YOLO annotation file paired with a Master V2 image","Keep"
"sciobraille-model-lab\datasets\master_v2\labels\train\scio_v2_25a879235ddd1e77.txt","Master V2 YOLO label","YOLO annotation file paired with a Master V2 image","Keep"
"sciobraille-model-lab\datasets\master_v2\labels\train\scio_v2_25b2da5b517e0669.txt","Master V2 YOLO label","YOLO annotation file paired with a Master V2 image","Keep"
"sciobraille-model-lab\datasets\master_v2\labels\train\scio_v2_25be5d20a8cc041c.txt","Master V2 YOLO label","YOLO annotation file paired with a Master V2 image","Keep"
"sciobraille-model-lab\datasets\master_v2\labels\train\scio_v2_2610ac2c78bc10c2.txt","Master V2 YOLO label","YOLO annotation file paired with a Master V2 image","Keep"
"sciobraille-model-lab\datasets\master_v2\labels\train\scio_v2_261a67e1cfe6ed8a.txt","Master V2 YOLO label","YOLO annotation file paired with a Master V2 image","Keep"
"sciobraille-model-lab\datasets\master_v2\labels\train\scio_v2_265097dc94093131.txt","Master V2 YOLO label","YOLO annotation file paired with a Master V2 image","Keep"
"sciobraille-model-lab\datasets\master_v2\labels\train\scio_v2_2658cf7cc5d13d3f.txt","Master V2 YOLO label","YOLO annotation file paired with a Master V2 image","Keep"
"sciobraille-model-lab\datasets\master_v2\labels\train\scio_v2_266c065553d14d0f.txt","Master V2 YOLO label","YOLO annotation file paired with a Master V2 image","Keep"
"sciobraille-model-lab\datasets\master_v2\labels\train\scio_v2_2671ebb75c563688.txt","Master V2 YOLO label","YOLO annotation file paired with a Master V2 image","Keep"
"sciobraille-model-lab\datasets\master_v2\labels\train\scio_v2_2685e7bb342ff5d4.txt","Master V2 YOLO label","YOLO annotation file paired with a Master V2 image","Keep"
"sciobraille-model-lab\datasets\master_v2\labels\train\scio_v2_2697e1b4aad896c7.txt","Master V2 YOLO label","YOLO annotation file paired with a Master V2 image","Keep"
"sciobraille-model-lab\datasets\master_v2\labels\train\scio_v2_26a74dba2b7a5f24.txt","Master V2 YOLO label","YOLO annotation file paired with a Master V2 image","Keep"
"sciobraille-model-lab\datasets\master_v2\labels\train\scio_v2_26a7602aae4b6c81.txt","Master V2 YOLO label","YOLO annotation file paired with a Master V2 image","Keep"
"sciobraille-model-lab\datasets\master_v2\labels\train\scio_v2_26dec0991c74da80.txt","Master V2 YOLO label","YOLO annotation file paired with a Master V2 image","Keep"
"sciobraille-model-lab\datasets\master_v2\labels\train\scio_v2_26f8e6cd4b6802d6.txt","Master V2 YOLO label","YOLO annotation file paired with a Master V2 image","Keep"
"sciobraille-model-lab\datasets\master_v2\labels\train\scio_v2_270f1b01e8f36674.txt","Master V2 YOLO label","YOLO annotation file paired with a Master V2 image","Keep"
"sciobraille-model-lab\datasets\master_v2\labels\train\scio_v2_274e3e31b02c38db.txt","Master V2 YOLO label","YOLO annotation file paired with a Master V2 image","Keep"
"sciobraille-model-lab\datasets\master_v2\labels\train\scio_v2_278f66e302007159.txt","Master V2 YOLO label","YOLO annotation file paired with a Master V2 image","Keep"
"sciobraille-model-lab\datasets\master_v2\labels\train\scio_v2_27e84f9006139774.txt","Master V2 YOLO label","YOLO annotation file paired with a Master V2 image","Keep"
"sciobraille-model-lab\datasets\master_v2\labels\train\scio_v2_28281ae772a29afa.txt","Master V2 YOLO label","YOLO annotation file paired with a Master V2 image","Keep"
"sciobraille-model-lab\datasets\master_v2\labels\train\scio_v2_288978bb7b049e31.txt","Master V2 YOLO label","YOLO annotation file paired with a Master V2 image","Keep"
"sciobraille-model-lab\datasets\master_v2\labels\train\scio_v2_28c9174c3ad08c5e.txt","Master V2 YOLO label","YOLO annotation file paired with a Master V2 image","Keep"
"sciobraille-model-lab\datasets\master_v2\labels\train\scio_v2_2927e9b149f9eb40.txt","Master V2 YOLO label","YOLO annotation file paired with a Master V2 image","Keep"
"sciobraille-model-lab\datasets\master_v2\labels\train\scio_v2_29376e025a1ab312.txt","Master V2 YOLO label","YOLO annotation file paired with a Master V2 image","Keep"
"sciobraille-model-lab\datasets\master_v2\labels\train\scio_v2_295ed5cbbd73f34c.txt","Master V2 YOLO label","YOLO annotation file paired with a Master V2 image","Keep"
"sciobraille-model-lab\datasets\master_v2\labels\train\scio_v2_2963f05bf09d66c3.txt","Master V2 YOLO label","YOLO annotation file paired with a Master V2 image","Keep"
"sciobraille-model-lab\datasets\master_v2\labels\train\scio_v2_297509240f22d5d0.txt","Master V2 YOLO label","YOLO annotation file paired with a Master V2 image","Keep"
"sciobraille-model-lab\datasets\master_v2\labels\train\scio_v2_298c551032d044f1.txt","Master V2 YOLO label","YOLO annotation file paired with a Master V2 image","Keep"
"sciobraille-model-lab\datasets\master_v2\labels\train\scio_v2_299384f96cdbdf00.txt","Master V2 YOLO label","YOLO annotation file paired with a Master V2 image","Keep"
"sciobraille-model-lab\datasets\master_v2\labels\train\scio_v2_29984c5d80fa300c.txt","Master V2 YOLO label","YOLO annotation file paired with a Master V2 image","Keep"
"sciobraille-model-lab\datasets\master_v2\labels\train\scio_v2_29b894569df6332f.txt","Master V2 YOLO label","YOLO annotation file paired with a Master V2 image","Keep"
"sciobraille-model-lab\datasets\master_v2\labels\train\scio_v2_29d9698bd169c763.txt","Master V2 YOLO label","YOLO annotation file paired with a Master V2 image","Keep"
"sciobraille-model-lab\datasets\master_v2\labels\train\scio_v2_29e5a56b93fd7995.txt","Master V2 YOLO label","YOLO annotation file paired with a Master V2 image","Keep"
"sciobraille-model-lab\datasets\master_v2\labels\train\scio_v2_2a82def5a0ebdce5.txt","Master V2 YOLO label","YOLO annotation file paired with a Master V2 image","Keep"
"sciobraille-model-lab\datasets\master_v2\labels\train\scio_v2_2ab0d662373607d9.txt","Master V2 YOLO label","YOLO annotation file paired with a Master V2 image","Keep"
"sciobraille-model-lab\datasets\master_v2\labels\train\scio_v2_2ae0215f228230ae.txt","Master V2 YOLO label","YOLO annotation file paired with a Master V2 image","Keep"
"sciobraille-model-lab\datasets\master_v2\labels\train\scio_v2_2b019436c6b0f659.txt","Master V2 YOLO label","YOLO annotation file paired with a Master V2 image","Keep"
"sciobraille-model-lab\datasets\master_v2\labels\train\scio_v2_2b1f4f69f1a0c5fb.txt","Master V2 YOLO label","YOLO annotation file paired with a Master V2 image","Keep"
"sciobraille-model-lab\datasets\master_v2\labels\train\scio_v2_2b2266641bd81482.txt","Master V2 YOLO label","YOLO annotation file paired with a Master V2 image","Keep"
"sciobraille-model-lab\datasets\master_v2\labels\train\scio_v2_2b43ad011e3139a6.txt","Master V2 YOLO label","YOLO annotation file paired with a Master V2 image","Keep"
"sciobraille-model-lab\datasets\master_v2\labels\train\scio_v2_2b7b8aba710f88e7.txt","Master V2 YOLO label","YOLO annotation file paired with a Master V2 image","Keep"
"sciobraille-model-lab\datasets\master_v2\labels\train\scio_v2_2b84a66551bfd1dd.txt","Master V2 YOLO label","YOLO annotation file paired with a Master V2 image","Keep"
"sciobraille-model-lab\datasets\master_v2\labels\train\scio_v2_2ba0c1035bbce9c5.txt","Master V2 YOLO label","YOLO annotation file paired with a Master V2 image","Keep"
"sciobraille-model-lab\datasets\master_v2\labels\train\scio_v2_2ba358e1318d2bad.txt","Master V2 YOLO label","YOLO annotation file paired with a Master V2 image","Keep"
"sciobraille-model-lab\datasets\master_v2\labels\train\scio_v2_2bb3c0466a6c17f0.txt","Master V2 YOLO label","YOLO annotation file paired with a Master V2 image","Keep"
"sciobraille-model-lab\datasets\master_v2\labels\train\scio_v2_2bc3e5c768039da0.txt","Master V2 YOLO label","YOLO annotation file paired with a Master V2 image","Keep"
"sciobraille-model-lab\datasets\master_v2\labels\train\scio_v2_2bed3fbb1dcb6714.txt","Master V2 YOLO label","YOLO annotation file paired with a Master V2 image","Keep"
"sciobraille-model-lab\datasets\master_v2\labels\train\scio_v2_2bf61a79c594b3cf.txt","Master V2 YOLO label","YOLO annotation file paired with a Master V2 image","Keep"
"sciobraille-model-lab\datasets\master_v2\labels\train\scio_v2_2c3e31547923597d.txt","Master V2 YOLO label","YOLO annotation file paired with a Master V2 image","Keep"
"sciobraille-model-lab\datasets\master_v2\labels\train\scio_v2_2c568c230eb6b2f0.txt","Master V2 YOLO label","YOLO annotation file paired with a Master V2 image","Keep"
"sciobraille-model-lab\datasets\master_v2\labels\train\scio_v2_2cd153bf16a06eac.txt","Master V2 YOLO label","YOLO annotation file paired with a Master V2 image","Keep"
"sciobraille-model-lab\datasets\master_v2\labels\train\scio_v2_2cd43749533584eb.txt","Master V2 YOLO label","YOLO annotation file paired with a Master V2 image","Keep"
"sciobraille-model-lab\datasets\master_v2\labels\train\scio_v2_2cefff34e161a8b6.txt","Master V2 YOLO label","YOLO annotation file paired with a Master V2 image","Keep"
"sciobraille-model-lab\datasets\master_v2\labels\train\scio_v2_2cf5929c84039339.txt","Master V2 YOLO label","YOLO annotation file paired with a Master V2 image","Keep"
"sciobraille-model-lab\datasets\master_v2\labels\train\scio_v2_2d15186729f2b321.txt","Master V2 YOLO label","YOLO annotation file paired with a Master V2 image","Keep"
"sciobraille-model-lab\datasets\master_v2\labels\train\scio_v2_2d3d023036a05b26.txt","Master V2 YOLO label","YOLO annotation file paired with a Master V2 image","Keep"
"sciobraille-model-lab\datasets\master_v2\labels\train\scio_v2_2d4a3af6065210a3.txt","Master V2 YOLO label","YOLO annotation file paired with a Master V2 image","Keep"
"sciobraille-model-lab\datasets\master_v2\labels\train\scio_v2_2db34d1008445263.txt","Master V2 YOLO label","YOLO annotation file paired with a Master V2 image","Keep"
"sciobraille-model-lab\datasets\master_v2\labels\train\scio_v2_2db402d75ca16225.txt","Master V2 YOLO label","YOLO annotation file paired with a Master V2 image","Keep"
"sciobraille-model-lab\datasets\master_v2\labels\train\scio_v2_2e1359a08db18014.txt","Master V2 YOLO label","YOLO annotation file paired with a Master V2 image","Keep"
"sciobraille-model-lab\datasets\master_v2\labels\train\scio_v2_2e19a760fe928ad9.txt","Master V2 YOLO label","YOLO annotation file paired with a Master V2 image","Keep"
"sciobraille-model-lab\datasets\master_v2\labels\train\scio_v2_2e7c7b93c97cae0b.txt","Master V2 YOLO label","YOLO annotation file paired with a Master V2 image","Keep"
"sciobraille-model-lab\datasets\master_v2\labels\train\scio_v2_2e8295ed000c6a8b.txt","Master V2 YOLO label","YOLO annotation file paired with a Master V2 image","Keep"
"sciobraille-model-lab\datasets\master_v2\labels\train\scio_v2_2e870e72c813ca64.txt","Master V2 YOLO label","YOLO annotation file paired with a Master V2 image","Keep"
"sciobraille-model-lab\datasets\master_v2\labels\train\scio_v2_2eb6cf11a7b8a8cf.txt","Master V2 YOLO label","YOLO annotation file paired with a Master V2 image","Keep"
"sciobraille-model-lab\datasets\master_v2\labels\train\scio_v2_2ee0bb1cdbde6450.txt","Master V2 YOLO label","YOLO annotation file paired with a Master V2 image","Keep"
"sciobraille-model-lab\datasets\master_v2\labels\train\scio_v2_2eef99fb63b2dc2c.txt","Master V2 YOLO label","YOLO annotation file paired with a Master V2 image","Keep"
"sciobraille-model-lab\datasets\master_v2\labels\train\scio_v2_2f03da79d2773633.txt","Master V2 YOLO label","YOLO annotation file paired with a Master V2 image","Keep"
"sciobraille-model-lab\datasets\master_v2\labels\train\scio_v2_2f8b8bc1e00e2dad.txt","Master V2 YOLO label","YOLO annotation file paired with a Master V2 image","Keep"
"sciobraille-model-lab\datasets\master_v2\labels\train\scio_v2_2fd6ab82bc9a14ad.txt","Master V2 YOLO label","YOLO annotation file paired with a Master V2 image","Keep"
"sciobraille-model-lab\datasets\master_v2\labels\train\scio_v2_2fde23d88b1bb6e2.txt","Master V2 YOLO label","YOLO annotation file paired with a Master V2 image","Keep"
"sciobraille-model-lab\datasets\master_v2\labels\train\scio_v2_2fef9a9e563f460b.txt","Master V2 YOLO label","YOLO annotation file paired with a Master V2 image","Keep"
"sciobraille-model-lab\datasets\master_v2\labels\train\scio_v2_307a50fab07bb9f0.txt","Master V2 YOLO label","YOLO annotation file paired with a Master V2 image","Keep"
"sciobraille-model-lab\datasets\master_v2\labels\train\scio_v2_308c047f4417cc4c.txt","Master V2 YOLO label","YOLO annotation file paired with a Master V2 image","Keep"
"sciobraille-model-lab\datasets\master_v2\labels\train\scio_v2_30ab77ce77db3838.txt","Master V2 YOLO label","YOLO annotation file paired with a Master V2 image","Keep"
"sciobraille-model-lab\datasets\master_v2\labels\train\scio_v2_30ec4316e9ace968.txt","Master V2 YOLO label","YOLO annotation file paired with a Master V2 image","Keep"
"sciobraille-model-lab\datasets\master_v2\labels\train\scio_v2_31376a0d732ba92c.txt","Master V2 YOLO label","YOLO annotation file paired with a Master V2 image","Keep"
"sciobraille-model-lab\datasets\master_v2\labels\train\scio_v2_317824df288a1e37.txt","Master V2 YOLO label","YOLO annotation file paired with a Master V2 image","Keep"
"sciobraille-model-lab\datasets\master_v2\labels\train\scio_v2_3217b3d865730de9.txt","Master V2 YOLO label","YOLO annotation file paired with a Master V2 image","Keep"
"sciobraille-model-lab\datasets\master_v2\labels\train\scio_v2_3283bf34ad037a2b.txt","Master V2 YOLO label","YOLO annotation file paired with a Master V2 image","Keep"
"sciobraille-model-lab\datasets\master_v2\labels\train\scio_v2_3283d38abf6a62a5.txt","Master V2 YOLO label","YOLO annotation file paired with a Master V2 image","Keep"
"sciobraille-model-lab\datasets\master_v2\labels\train\scio_v2_329ced5a433e4088.txt","Master V2 YOLO label","YOLO annotation file paired with a Master V2 image","Keep"
"sciobraille-model-lab\datasets\master_v2\labels\train\scio_v2_32ad4c20c3c7c6ff.txt","Master V2 YOLO label","YOLO annotation file paired with a Master V2 image","Keep"
"sciobraille-model-lab\datasets\master_v2\labels\train\scio_v2_32d0026d7e699839.txt","Master V2 YOLO label","YOLO annotation file paired with a Master V2 image","Keep"
"sciobraille-model-lab\datasets\master_v2\labels\train\scio_v2_32f434edf6f29930.txt","Master V2 YOLO label","YOLO annotation file paired with a Master V2 image","Keep"
"sciobraille-model-lab\datasets\master_v2\labels\train\scio_v2_33101b44f1bbbc46.txt","Master V2 YOLO label","YOLO annotation file paired with a Master V2 image","Keep"
"sciobraille-model-lab\datasets\master_v2\labels\train\scio_v2_33244e60f5e1888a.txt","Master V2 YOLO label","YOLO annotation file paired with a Master V2 image","Keep"
"sciobraille-model-lab\datasets\master_v2\labels\train\scio_v2_33307d2b479a748e.txt","Master V2 YOLO label","YOLO annotation file paired with a Master V2 image","Keep"
"sciobraille-model-lab\datasets\master_v2\labels\train\scio_v2_3336f4f62b94b1b0.txt","Master V2 YOLO label","YOLO annotation file paired with a Master V2 image","Keep"
"sciobraille-model-lab\datasets\master_v2\labels\train\scio_v2_3337adba52e43301.txt","Master V2 YOLO label","YOLO annotation file paired with a Master V2 image","Keep"
"sciobraille-model-lab\datasets\master_v2\labels\train\scio_v2_3339750ea2762f1e.txt","Master V2 YOLO label","YOLO annotation file paired with a Master V2 image","Keep"
"sciobraille-model-lab\datasets\master_v2\labels\train\scio_v2_337f498ebc71a1e0.txt","Master V2 YOLO label","YOLO annotation file paired with a Master V2 image","Keep"
"sciobraille-model-lab\datasets\master_v2\labels\train\scio_v2_33a3a85fffe1f607.txt","Master V2 YOLO label","YOLO annotation file paired with a Master V2 image","Keep"
"sciobraille-model-lab\datasets\master_v2\labels\train\scio_v2_33b804e2c0ca7906.txt","Master V2 YOLO label","YOLO annotation file paired with a Master V2 image","Keep"
"sciobraille-model-lab\datasets\master_v2\labels\train\scio_v2_34102b490c34c8bc.txt","Master V2 YOLO label","YOLO annotation file paired with a Master V2 image","Keep"
"sciobraille-model-lab\datasets\master_v2\labels\train\scio_v2_342ed5cab2cd2a06.txt","Master V2 YOLO label","YOLO annotation file paired with a Master V2 image","Keep"
"sciobraille-model-lab\datasets\master_v2\labels\train\scio_v2_3454f043c6237b53.txt","Master V2 YOLO label","YOLO annotation file paired with a Master V2 image","Keep"
"sciobraille-model-lab\datasets\master_v2\labels\train\scio_v2_346eed985b76cca3.txt","Master V2 YOLO label","YOLO annotation file paired with a Master V2 image","Keep"
"sciobraille-model-lab\datasets\master_v2\labels\train\scio_v2_3476753faeccf316.txt","Master V2 YOLO label","YOLO annotation file paired with a Master V2 image","Keep"
"sciobraille-model-lab\datasets\master_v2\labels\train\scio_v2_34bc8bf797fad423.txt","Master V2 YOLO label","YOLO annotation file paired with a Master V2 image","Keep"
"sciobraille-model-lab\datasets\master_v2\labels\train\scio_v2_352aaff2b36ca084.txt","Master V2 YOLO label","YOLO annotation file paired with a Master V2 image","Keep"
"sciobraille-model-lab\datasets\master_v2\labels\train\scio_v2_356b2e90a5c67bca.txt","Master V2 YOLO label","YOLO annotation file paired with a Master V2 image","Keep"
"sciobraille-model-lab\datasets\master_v2\labels\train\scio_v2_357f0b655361b97b.txt","Master V2 YOLO label","YOLO annotation file paired with a Master V2 image","Keep"
"sciobraille-model-lab\datasets\master_v2\labels\train\scio_v2_3583265503f06951.txt","Master V2 YOLO label","YOLO annotation file paired with a Master V2 image","Keep"
"sciobraille-model-lab\datasets\master_v2\labels\train\scio_v2_370052346a7e3189.txt","Master V2 YOLO label","YOLO annotation file paired with a Master V2 image","Keep"
"sciobraille-model-lab\datasets\master_v2\labels\train\scio_v2_372690d0b56af7b9.txt","Master V2 YOLO label","YOLO annotation file paired with a Master V2 image","Keep"
"sciobraille-model-lab\datasets\master_v2\labels\train\scio_v2_373da1e846590f99.txt","Master V2 YOLO label","YOLO annotation file paired with a Master V2 image","Keep"
"sciobraille-model-lab\datasets\master_v2\labels\train\scio_v2_3765a23cc987a2a7.txt","Master V2 YOLO label","YOLO annotation file paired with a Master V2 image","Keep"
"sciobraille-model-lab\datasets\master_v2\labels\train\scio_v2_377695aae60ecd59.txt","Master V2 YOLO label","YOLO annotation file paired with a Master V2 image","Keep"
"sciobraille-model-lab\datasets\master_v2\labels\train\scio_v2_377dcb31d35cc86d.txt","Master V2 YOLO label","YOLO annotation file paired with a Master V2 image","Keep"
"sciobraille-model-lab\datasets\master_v2\labels\train\scio_v2_37b4dbd96317ffcd.txt","Master V2 YOLO label","YOLO annotation file paired with a Master V2 image","Keep"
"sciobraille-model-lab\datasets\master_v2\labels\train\scio_v2_37f0eb4ef422a5f0.txt","Master V2 YOLO label","YOLO annotation file paired with a Master V2 image","Keep"
"sciobraille-model-lab\datasets\master_v2\labels\train\scio_v2_380d323942fa4a62.txt","Master V2 YOLO label","YOLO annotation file paired with a Master V2 image","Keep"
"sciobraille-model-lab\datasets\master_v2\labels\train\scio_v2_383ea5f9a4026340.txt","Master V2 YOLO label","YOLO annotation file paired with a Master V2 image","Keep"
"sciobraille-model-lab\datasets\master_v2\labels\train\scio_v2_38b20a2c6c390fb6.txt","Master V2 YOLO label","YOLO annotation file paired with a Master V2 image","Keep"
"sciobraille-model-lab\datasets\master_v2\labels\train\scio_v2_3906be8f6ae4a487.txt","Master V2 YOLO label","YOLO annotation file paired with a Master V2 image","Keep"
"sciobraille-model-lab\datasets\master_v2\labels\train\scio_v2_39217505dff1a587.txt","Master V2 YOLO label","YOLO annotation file paired with a Master V2 image","Keep"
"sciobraille-model-lab\datasets\master_v2\labels\train\scio_v2_3936076bb824fc0c.txt","Master V2 YOLO label","YOLO annotation file paired with a Master V2 image","Keep"
"sciobraille-model-lab\datasets\master_v2\labels\train\scio_v2_3953502ff4fc2ce9.txt","Master V2 YOLO label","YOLO annotation file paired with a Master V2 image","Keep"
"sciobraille-model-lab\datasets\master_v2\labels\train\scio_v2_3965f7210f1f2069.txt","Master V2 YOLO label","YOLO annotation file paired with a Master V2 image","Keep"
"sciobraille-model-lab\datasets\master_v2\labels\train\scio_v2_398b137aa8f631f3.txt","Master V2 YOLO label","YOLO annotation file paired with a Master V2 image","Keep"
"sciobraille-model-lab\datasets\master_v2\labels\train\scio_v2_3a1acb1240e5a69c.txt","Master V2 YOLO label","YOLO annotation file paired with a Master V2 image","Keep"
"sciobraille-model-lab\datasets\master_v2\labels\train\scio_v2_3a4045e2e7b999c8.txt","Master V2 YOLO label","YOLO annotation file paired with a Master V2 image","Keep"
"sciobraille-model-lab\datasets\master_v2\labels\train\scio_v2_3a423274ccbdfb2f.txt","Master V2 YOLO label","YOLO annotation file paired with a Master V2 image","Keep"
"sciobraille-model-lab\datasets\master_v2\labels\train\scio_v2_3abf713895bc2213.txt","Master V2 YOLO label","YOLO annotation file paired with a Master V2 image","Keep"
"sciobraille-model-lab\datasets\master_v2\labels\train\scio_v2_3b5adb009ed775d5.txt","Master V2 YOLO label","YOLO annotation file paired with a Master V2 image","Keep"
"sciobraille-model-lab\datasets\master_v2\labels\train\scio_v2_3b6ebb5ebcc07b72.txt","Master V2 YOLO label","YOLO annotation file paired with a Master V2 image","Keep"
"sciobraille-model-lab\datasets\master_v2\labels\train\scio_v2_3bc4229fd796f14d.txt","Master V2 YOLO label","YOLO annotation file paired with a Master V2 image","Keep"
"sciobraille-model-lab\datasets\master_v2\labels\train\scio_v2_3be1931bbacbcca2.txt","Master V2 YOLO label","YOLO annotation file paired with a Master V2 image","Keep"
"sciobraille-model-lab\datasets\master_v2\labels\train\scio_v2_3bf36a3625d5cc51.txt","Master V2 YOLO label","YOLO annotation file paired with a Master V2 image","Keep"
"sciobraille-model-lab\datasets\master_v2\labels\train\scio_v2_3c1812c573270aa1.txt","Master V2 YOLO label","YOLO annotation file paired with a Master V2 image","Keep"
"sciobraille-model-lab\datasets\master_v2\labels\train\scio_v2_3c33c0171c90fd84.txt","Master V2 YOLO label","YOLO annotation file paired with a Master V2 image","Keep"
"sciobraille-model-lab\datasets\master_v2\labels\train\scio_v2_3c8272244f18a201.txt","Master V2 YOLO label","YOLO annotation file paired with a Master V2 image","Keep"
"sciobraille-model-lab\datasets\master_v2\labels\train\scio_v2_3c98a60b74f88461.txt","Master V2 YOLO label","YOLO annotation file paired with a Master V2 image","Keep"
"sciobraille-model-lab\datasets\master_v2\labels\train\scio_v2_3cc192598f5f8f77.txt","Master V2 YOLO label","YOLO annotation file paired with a Master V2 image","Keep"
"sciobraille-model-lab\datasets\master_v2\labels\train\scio_v2_3cce43ac7a4be468.txt","Master V2 YOLO label","YOLO annotation file paired with a Master V2 image","Keep"
"sciobraille-model-lab\datasets\master_v2\labels\train\scio_v2_3d45d95d11c7a995.txt","Master V2 YOLO label","YOLO annotation file paired with a Master V2 image","Keep"
"sciobraille-model-lab\datasets\master_v2\labels\train\scio_v2_3d535b70c884d77f.txt","Master V2 YOLO label","YOLO annotation file paired with a Master V2 image","Keep"
"sciobraille-model-lab\datasets\master_v2\labels\train\scio_v2_3dc43461969429ae.txt","Master V2 YOLO label","YOLO annotation file paired with a Master V2 image","Keep"
"sciobraille-model-lab\datasets\master_v2\labels\train\scio_v2_3e5ff3a6e7b5294b.txt","Master V2 YOLO label","YOLO annotation file paired with a Master V2 image","Keep"
"sciobraille-model-lab\datasets\master_v2\labels\train\scio_v2_3e63414684e81118.txt","Master V2 YOLO label","YOLO annotation file paired with a Master V2 image","Keep"
"sciobraille-model-lab\datasets\master_v2\labels\train\scio_v2_3ec4fb9fc930e88a.txt","Master V2 YOLO label","YOLO annotation file paired with a Master V2 image","Keep"
"sciobraille-model-lab\datasets\master_v2\labels\train\scio_v2_3f74eecbdb571346.txt","Master V2 YOLO label","YOLO annotation file paired with a Master V2 image","Keep"
"sciobraille-model-lab\datasets\master_v2\labels\train\scio_v2_3f7aa53e8f0447f1.txt","Master V2 YOLO label","YOLO annotation file paired with a Master V2 image","Keep"
"sciobraille-model-lab\datasets\master_v2\labels\train\scio_v2_3fd60642447e9cb8.txt","Master V2 YOLO label","YOLO annotation file paired with a Master V2 image","Keep"
"sciobraille-model-lab\datasets\master_v2\labels\train\scio_v2_3ff1431f2dbfc165.txt","Master V2 YOLO label","YOLO annotation file paired with a Master V2 image","Keep"
"sciobraille-model-lab\datasets\master_v2\labels\train\scio_v2_40022230938cf8f1.txt","Master V2 YOLO label","YOLO annotation file paired with a Master V2 image","Keep"
"sciobraille-model-lab\datasets\master_v2\labels\train\scio_v2_40263d4c1bb48f94.txt","Master V2 YOLO label","YOLO annotation file paired with a Master V2 image","Keep"
"sciobraille-model-lab\datasets\master_v2\labels\train\scio_v2_404d9ba343cb0ffc.txt","Master V2 YOLO label","YOLO annotation file paired with a Master V2 image","Keep"
"sciobraille-model-lab\datasets\master_v2\labels\train\scio_v2_40585dbabaef5e9e.txt","Master V2 YOLO label","YOLO annotation file paired with a Master V2 image","Keep"
"sciobraille-model-lab\datasets\master_v2\labels\train\scio_v2_40a15bc7218d91a0.txt","Master V2 YOLO label","YOLO annotation file paired with a Master V2 image","Keep"
"sciobraille-model-lab\datasets\master_v2\labels\train\scio_v2_40a77da9c1f80ed0.txt","Master V2 YOLO label","YOLO annotation file paired with a Master V2 image","Keep"
"sciobraille-model-lab\datasets\master_v2\labels\train\scio_v2_40a9c7d76ec04bc3.txt","Master V2 YOLO label","YOLO annotation file paired with a Master V2 image","Keep"
"sciobraille-model-lab\datasets\master_v2\labels\train\scio_v2_40ddc332b330057b.txt","Master V2 YOLO label","YOLO annotation file paired with a Master V2 image","Keep"
"sciobraille-model-lab\datasets\master_v2\labels\train\scio_v2_41a31adced06e46f.txt","Master V2 YOLO label","YOLO annotation file paired with a Master V2 image","Keep"
"sciobraille-model-lab\datasets\master_v2\labels\train\scio_v2_41cf8bd00e25819c.txt","Master V2 YOLO label","YOLO annotation file paired with a Master V2 image","Keep"
"sciobraille-model-lab\datasets\master_v2\labels\train\scio_v2_4247fbeaaa526482.txt","Master V2 YOLO label","YOLO annotation file paired with a Master V2 image","Keep"
"sciobraille-model-lab\datasets\master_v2\labels\train\scio_v2_424c70762c1fd65a.txt","Master V2 YOLO label","YOLO annotation file paired with a Master V2 image","Keep"
"sciobraille-model-lab\datasets\master_v2\labels\train\scio_v2_42cd55326b3eb22c.txt","Master V2 YOLO label","YOLO annotation file paired with a Master V2 image","Keep"
"sciobraille-model-lab\datasets\master_v2\labels\train\scio_v2_43512bfc9303bbfd.txt","Master V2 YOLO label","YOLO annotation file paired with a Master V2 image","Keep"
"sciobraille-model-lab\datasets\master_v2\labels\train\scio_v2_436e21740b14d0d3.txt","Master V2 YOLO label","YOLO annotation file paired with a Master V2 image","Keep"
"sciobraille-model-lab\datasets\master_v2\labels\train\scio_v2_437f103794d36579.txt","Master V2 YOLO label","YOLO annotation file paired with a Master V2 image","Keep"
"sciobraille-model-lab\datasets\master_v2\labels\train\scio_v2_43cd5b50fcd0517d.txt","Master V2 YOLO label","YOLO annotation file paired with a Master V2 image","Keep"
"sciobraille-model-lab\datasets\master_v2\labels\train\scio_v2_43e17ce8bbd61d22.txt","Master V2 YOLO label","YOLO annotation file paired with a Master V2 image","Keep"
"sciobraille-model-lab\datasets\master_v2\labels\train\scio_v2_43f7be998fb5edc4.txt","Master V2 YOLO label","YOLO annotation file paired with a Master V2 image","Keep"
"sciobraille-model-lab\datasets\master_v2\labels\train\scio_v2_4403e382b8dab887.txt","Master V2 YOLO label","YOLO annotation file paired with a Master V2 image","Keep"
"sciobraille-model-lab\datasets\master_v2\labels\train\scio_v2_4429a9e564329887.txt","Master V2 YOLO label","YOLO annotation file paired with a Master V2 image","Keep"
"sciobraille-model-lab\datasets\master_v2\labels\train\scio_v2_44833ba6f34c89ed.txt","Master V2 YOLO label","YOLO annotation file paired with a Master V2 image","Keep"
"sciobraille-model-lab\datasets\master_v2\labels\train\scio_v2_449a6fc250968bef.txt","Master V2 YOLO label","YOLO annotation file paired with a Master V2 image","Keep"
"sciobraille-model-lab\datasets\master_v2\labels\train\scio_v2_449fd9fcd361ba1f.txt","Master V2 YOLO label","YOLO annotation file paired with a Master V2 image","Keep"
"sciobraille-model-lab\datasets\master_v2\labels\train\scio_v2_44f6c14f89e41975.txt","Master V2 YOLO label","YOLO annotation file paired with a Master V2 image","Keep"
"sciobraille-model-lab\datasets\master_v2\labels\train\scio_v2_4543016d1ff7efb6.txt","Master V2 YOLO label","YOLO annotation file paired with a Master V2 image","Keep"
"sciobraille-model-lab\datasets\master_v2\labels\train\scio_v2_454b4f0e0544c45c.txt","Master V2 YOLO label","YOLO annotation file paired with a Master V2 image","Keep"
"sciobraille-model-lab\datasets\master_v2\labels\train\scio_v2_4552c078b3bea52c.txt","Master V2 YOLO label","YOLO annotation file paired with a Master V2 image","Keep"
"sciobraille-model-lab\datasets\master_v2\labels\train\scio_v2_4569c6a8213b2f69.txt","Master V2 YOLO label","YOLO annotation file paired with a Master V2 image","Keep"
"sciobraille-model-lab\datasets\master_v2\labels\train\scio_v2_45b6d4d2c03d3102.txt","Master V2 YOLO label","YOLO annotation file paired with a Master V2 image","Keep"
"sciobraille-model-lab\datasets\master_v2\labels\train\scio_v2_45c366c517a0dcb3.txt","Master V2 YOLO label","YOLO annotation file paired with a Master V2 image","Keep"
"sciobraille-model-lab\datasets\master_v2\labels\train\scio_v2_45ebd4d697e008f6.txt","Master V2 YOLO label","YOLO annotation file paired with a Master V2 image","Keep"
"sciobraille-model-lab\datasets\master_v2\labels\train\scio_v2_45eccf3f2c12f494.txt","Master V2 YOLO label","YOLO annotation file paired with a Master V2 image","Keep"
"sciobraille-model-lab\datasets\master_v2\labels\train\scio_v2_4624ed493784c3ae.txt","Master V2 YOLO label","YOLO annotation file paired with a Master V2 image","Keep"
"sciobraille-model-lab\datasets\master_v2\labels\train\scio_v2_46268de5320bd783.txt","Master V2 YOLO label","YOLO annotation file paired with a Master V2 image","Keep"
"sciobraille-model-lab\datasets\master_v2\labels\train\scio_v2_4645f31c8ad38b29.txt","Master V2 YOLO label","YOLO annotation file paired with a Master V2 image","Keep"
"sciobraille-model-lab\datasets\master_v2\labels\train\scio_v2_46b7d38512779e33.txt","Master V2 YOLO label","YOLO annotation file paired with a Master V2 image","Keep"
"sciobraille-model-lab\datasets\master_v2\labels\train\scio_v2_46e952c49a30eb8c.txt","Master V2 YOLO label","YOLO annotation file paired with a Master V2 image","Keep"
"sciobraille-model-lab\datasets\master_v2\labels\train\scio_v2_471c134dba8238d4.txt","Master V2 YOLO label","YOLO annotation file paired with a Master V2 image","Keep"
"sciobraille-model-lab\datasets\master_v2\labels\train\scio_v2_4730c52031c8c1c7.txt","Master V2 YOLO label","YOLO annotation file paired with a Master V2 image","Keep"
"sciobraille-model-lab\datasets\master_v2\labels\train\scio_v2_479f2dd3fa8f9500.txt","Master V2 YOLO label","YOLO annotation file paired with a Master V2 image","Keep"
"sciobraille-model-lab\datasets\master_v2\labels\train\scio_v2_47dd73f11ed4f06d.txt","Master V2 YOLO label","YOLO annotation file paired with a Master V2 image","Keep"
"sciobraille-model-lab\datasets\master_v2\labels\train\scio_v2_48265bf7a40584a8.txt","Master V2 YOLO label","YOLO annotation file paired with a Master V2 image","Keep"
"sciobraille-model-lab\datasets\master_v2\labels\train\scio_v2_483a7c07a19195d9.txt","Master V2 YOLO label","YOLO annotation file paired with a Master V2 image","Keep"
"sciobraille-model-lab\datasets\master_v2\labels\train\scio_v2_485e508b5a1970a0.txt","Master V2 YOLO label","YOLO annotation file paired with a Master V2 image","Keep"
"sciobraille-model-lab\datasets\master_v2\labels\train\scio_v2_486b6f3d9b44c6e9.txt","Master V2 YOLO label","YOLO annotation file paired with a Master V2 image","Keep"
"sciobraille-model-lab\datasets\master_v2\labels\train\scio_v2_4872a4fff4e8ebe3.txt","Master V2 YOLO label","YOLO annotation file paired with a Master V2 image","Keep"
"sciobraille-model-lab\datasets\master_v2\labels\train\scio_v2_488f69f0a59e6430.txt","Master V2 YOLO label","YOLO annotation file paired with a Master V2 image","Keep"
"sciobraille-model-lab\datasets\master_v2\labels\train\scio_v2_48a24f94599af00a.txt","Master V2 YOLO label","YOLO annotation file paired with a Master V2 image","Keep"
"sciobraille-model-lab\datasets\master_v2\labels\train\scio_v2_48c130297af2b814.txt","Master V2 YOLO label","YOLO annotation file paired with a Master V2 image","Keep"
"sciobraille-model-lab\datasets\master_v2\labels\train\scio_v2_48cc527d6ba02159.txt","Master V2 YOLO label","YOLO annotation file paired with a Master V2 image","Keep"
"sciobraille-model-lab\datasets\master_v2\labels\train\scio_v2_494f75e1fa158a70.txt","Master V2 YOLO label","YOLO annotation file paired with a Master V2 image","Keep"
"sciobraille-model-lab\datasets\master_v2\labels\train\scio_v2_49739ac750c823b7.txt","Master V2 YOLO label","YOLO annotation file paired with a Master V2 image","Keep"
"sciobraille-model-lab\datasets\master_v2\labels\train\scio_v2_499956309f79542a.txt","Master V2 YOLO label","YOLO annotation file paired with a Master V2 image","Keep"
"sciobraille-model-lab\datasets\master_v2\labels\train\scio_v2_499e404c5534be4e.txt","Master V2 YOLO label","YOLO annotation file paired with a Master V2 image","Keep"
"sciobraille-model-lab\datasets\master_v2\labels\train\scio_v2_49c85ac00d146adf.txt","Master V2 YOLO label","YOLO annotation file paired with a Master V2 image","Keep"
"sciobraille-model-lab\datasets\master_v2\labels\train\scio_v2_4a38f5da6b78a11a.txt","Master V2 YOLO label","YOLO annotation file paired with a Master V2 image","Keep"
"sciobraille-model-lab\datasets\master_v2\labels\train\scio_v2_4a8bc84dd704833e.txt","Master V2 YOLO label","YOLO annotation file paired with a Master V2 image","Keep"
"sciobraille-model-lab\datasets\master_v2\labels\train\scio_v2_4aa071cf9d31b5d6.txt","Master V2 YOLO label","YOLO annotation file paired with a Master V2 image","Keep"
"sciobraille-model-lab\datasets\master_v2\labels\train\scio_v2_4abcafed82634cc9.txt","Master V2 YOLO label","YOLO annotation file paired with a Master V2 image","Keep"
"sciobraille-model-lab\datasets\master_v2\labels\train\scio_v2_4ad83f51e17cc0e6.txt","Master V2 YOLO label","YOLO annotation file paired with a Master V2 image","Keep"
"sciobraille-model-lab\datasets\master_v2\labels\train\scio_v2_4af1ccbf38bd1958.txt","Master V2 YOLO label","YOLO annotation file paired with a Master V2 image","Keep"
"sciobraille-model-lab\datasets\master_v2\labels\train\scio_v2_4b29635b5e4dd006.txt","Master V2 YOLO label","YOLO annotation file paired with a Master V2 image","Keep"
"sciobraille-model-lab\datasets\master_v2\labels\train\scio_v2_4b2fab48bf3c682b.txt","Master V2 YOLO label","YOLO annotation file paired with a Master V2 image","Keep"
"sciobraille-model-lab\datasets\master_v2\labels\train\scio_v2_4b5dce06c419b1c9.txt","Master V2 YOLO label","YOLO annotation file paired with a Master V2 image","Keep"
"sciobraille-model-lab\datasets\master_v2\labels\train\scio_v2_4ba77281f006d2c8.txt","Master V2 YOLO label","YOLO annotation file paired with a Master V2 image","Keep"
"sciobraille-model-lab\datasets\master_v2\labels\train\scio_v2_4be9acdbaaf60f30.txt","Master V2 YOLO label","YOLO annotation file paired with a Master V2 image","Keep"
"sciobraille-model-lab\datasets\master_v2\labels\train\scio_v2_4c730d913a3e8dbf.txt","Master V2 YOLO label","YOLO annotation file paired with a Master V2 image","Keep"
"sciobraille-model-lab\datasets\master_v2\labels\train\scio_v2_4c8d3f3f757c4064.txt","Master V2 YOLO label","YOLO annotation file paired with a Master V2 image","Keep"
"sciobraille-model-lab\datasets\master_v2\labels\train\scio_v2_4ced225e974ea03c.txt","Master V2 YOLO label","YOLO annotation file paired with a Master V2 image","Keep"
"sciobraille-model-lab\datasets\master_v2\labels\train\scio_v2_4d1fa4a094a23ade.txt","Master V2 YOLO label","YOLO annotation file paired with a Master V2 image","Keep"
"sciobraille-model-lab\datasets\master_v2\labels\train\scio_v2_4da7325d9af76723.txt","Master V2 YOLO label","YOLO annotation file paired with a Master V2 image","Keep"
"sciobraille-model-lab\datasets\master_v2\labels\train\scio_v2_4dc6474f99dcbeda.txt","Master V2 YOLO label","YOLO annotation file paired with a Master V2 image","Keep"
"sciobraille-model-lab\datasets\master_v2\labels\train\scio_v2_4dee4b8d66ba79ea.txt","Master V2 YOLO label","YOLO annotation file paired with a Master V2 image","Keep"
"sciobraille-model-lab\datasets\master_v2\labels\train\scio_v2_4e53f3081ad980ff.txt","Master V2 YOLO label","YOLO annotation file paired with a Master V2 image","Keep"
"sciobraille-model-lab\datasets\master_v2\labels\train\scio_v2_4e5b4359b7b87870.txt","Master V2 YOLO label","YOLO annotation file paired with a Master V2 image","Keep"
"sciobraille-model-lab\datasets\master_v2\labels\train\scio_v2_4e6b85565e6eb77e.txt","Master V2 YOLO label","YOLO annotation file paired with a Master V2 image","Keep"
"sciobraille-model-lab\datasets\master_v2\labels\train\scio_v2_4ecfceb0e156d998.txt","Master V2 YOLO label","YOLO annotation file paired with a Master V2 image","Keep"
"sciobraille-model-lab\datasets\master_v2\labels\train\scio_v2_4f0b023b09ade4aa.txt","Master V2 YOLO label","YOLO annotation file paired with a Master V2 image","Keep"
"sciobraille-model-lab\datasets\master_v2\labels\train\scio_v2_4f42b7d5180a78d2.txt","Master V2 YOLO label","YOLO annotation file paired with a Master V2 image","Keep"
"sciobraille-model-lab\datasets\master_v2\labels\train\scio_v2_4f46c873f4323fa1.txt","Master V2 YOLO label","YOLO annotation file paired with a Master V2 image","Keep"
"sciobraille-model-lab\datasets\master_v2\labels\train\scio_v2_4f7900a5300badbb.txt","Master V2 YOLO label","YOLO annotation file paired with a Master V2 image","Keep"
"sciobraille-model-lab\datasets\master_v2\labels\train\scio_v2_4f85ac6253896988.txt","Master V2 YOLO label","YOLO annotation file paired with a Master V2 image","Keep"
"sciobraille-model-lab\datasets\master_v2\labels\train\scio_v2_4fc8dc91bfa3068d.txt","Master V2 YOLO label","YOLO annotation file paired with a Master V2 image","Keep"
"sciobraille-model-lab\datasets\master_v2\labels\train\scio_v2_4fed0d7b329e03f9.txt","Master V2 YOLO label","YOLO annotation file paired with a Master V2 image","Keep"
"sciobraille-model-lab\datasets\master_v2\labels\train\scio_v2_4ff221efa566d835.txt","Master V2 YOLO label","YOLO annotation file paired with a Master V2 image","Keep"
"sciobraille-model-lab\datasets\master_v2\labels\train\scio_v2_504b1d91e62aae42.txt","Master V2 YOLO label","YOLO annotation file paired with a Master V2 image","Keep"
"sciobraille-model-lab\datasets\master_v2\labels\train\scio_v2_5067f0eff17ecddc.txt","Master V2 YOLO label","YOLO annotation file paired with a Master V2 image","Keep"
"sciobraille-model-lab\datasets\master_v2\labels\train\scio_v2_506ae79ca3bbd4e4.txt","Master V2 YOLO label","YOLO annotation file paired with a Master V2 image","Keep"
"sciobraille-model-lab\datasets\master_v2\labels\train\scio_v2_50711c523fa2443a.txt","Master V2 YOLO label","YOLO annotation file paired with a Master V2 image","Keep"
"sciobraille-model-lab\datasets\master_v2\labels\train\scio_v2_507f46575491dc92.txt","Master V2 YOLO label","YOLO annotation file paired with a Master V2 image","Keep"
"sciobraille-model-lab\datasets\master_v2\labels\train\scio_v2_50d3d3c3f132bc39.txt","Master V2 YOLO label","YOLO annotation file paired with a Master V2 image","Keep"
"sciobraille-model-lab\datasets\master_v2\labels\train\scio_v2_51287902f312b375.txt","Master V2 YOLO label","YOLO annotation file paired with a Master V2 image","Keep"
"sciobraille-model-lab\datasets\master_v2\labels\train\scio_v2_5162bf81dbd1b19c.txt","Master V2 YOLO label","YOLO annotation file paired with a Master V2 image","Keep"
"sciobraille-model-lab\datasets\master_v2\labels\train\scio_v2_51a46e420664bac3.txt","Master V2 YOLO label","YOLO annotation file paired with a Master V2 image","Keep"
"sciobraille-model-lab\datasets\master_v2\labels\train\scio_v2_51c1b1720e352835.txt","Master V2 YOLO label","YOLO annotation file paired with a Master V2 image","Keep"
"sciobraille-model-lab\datasets\master_v2\labels\train\scio_v2_51c60cf1185d4772.txt","Master V2 YOLO label","YOLO annotation file paired with a Master V2 image","Keep"
"sciobraille-model-lab\datasets\master_v2\labels\train\scio_v2_51fa6bca5730cf1b.txt","Master V2 YOLO label","YOLO annotation file paired with a Master V2 image","Keep"
"sciobraille-model-lab\datasets\master_v2\labels\train\scio_v2_5216e5f0ca979984.txt","Master V2 YOLO label","YOLO annotation file paired with a Master V2 image","Keep"
"sciobraille-model-lab\datasets\master_v2\labels\train\scio_v2_523293b83ded4836.txt","Master V2 YOLO label","YOLO annotation file paired with a Master V2 image","Keep"
"sciobraille-model-lab\datasets\master_v2\labels\train\scio_v2_5232f9040130c86b.txt","Master V2 YOLO label","YOLO annotation file paired with a Master V2 image","Keep"
"sciobraille-model-lab\datasets\master_v2\labels\train\scio_v2_52565d70c408f2ab.txt","Master V2 YOLO label","YOLO annotation file paired with a Master V2 image","Keep"
"sciobraille-model-lab\datasets\master_v2\labels\train\scio_v2_5273a746c22e7a31.txt","Master V2 YOLO label","YOLO annotation file paired with a Master V2 image","Keep"
"sciobraille-model-lab\datasets\master_v2\labels\train\scio_v2_529652a6694e9f4c.txt","Master V2 YOLO label","YOLO annotation file paired with a Master V2 image","Keep"
"sciobraille-model-lab\datasets\master_v2\labels\train\scio_v2_52b8c6178fb7c3f6.txt","Master V2 YOLO label","YOLO annotation file paired with a Master V2 image","Keep"
"sciobraille-model-lab\datasets\master_v2\labels\train\scio_v2_52da8701604f9c3a.txt","Master V2 YOLO label","YOLO annotation file paired with a Master V2 image","Keep"
"sciobraille-model-lab\datasets\master_v2\labels\train\scio_v2_52e6e4b80ee24b14.txt","Master V2 YOLO label","YOLO annotation file paired with a Master V2 image","Keep"
"sciobraille-model-lab\datasets\master_v2\labels\train\scio_v2_53257bc5a5aaa101.txt","Master V2 YOLO label","YOLO annotation file paired with a Master V2 image","Keep"
"sciobraille-model-lab\datasets\master_v2\labels\train\scio_v2_532e789f8041ae70.txt","Master V2 YOLO label","YOLO annotation file paired with a Master V2 image","Keep"
"sciobraille-model-lab\datasets\master_v2\labels\train\scio_v2_5338312d22686e68.txt","Master V2 YOLO label","YOLO annotation file paired with a Master V2 image","Keep"
"sciobraille-model-lab\datasets\master_v2\labels\train\scio_v2_53514c0f72633784.txt","Master V2 YOLO label","YOLO annotation file paired with a Master V2 image","Keep"
"sciobraille-model-lab\datasets\master_v2\labels\train\scio_v2_5357389fb9417d05.txt","Master V2 YOLO label","YOLO annotation file paired with a Master V2 image","Keep"
"sciobraille-model-lab\datasets\master_v2\labels\train\scio_v2_537e496a67765d6f.txt","Master V2 YOLO label","YOLO annotation file paired with a Master V2 image","Keep"
"sciobraille-model-lab\datasets\master_v2\labels\train\scio_v2_537eda60180b7a52.txt","Master V2 YOLO label","YOLO annotation file paired with a Master V2 image","Keep"
"sciobraille-model-lab\datasets\master_v2\labels\train\scio_v2_537f5096f482c79f.txt","Master V2 YOLO label","YOLO annotation file paired with a Master V2 image","Keep"
"sciobraille-model-lab\datasets\master_v2\labels\train\scio_v2_53820ea684843b44.txt","Master V2 YOLO label","YOLO annotation file paired with a Master V2 image","Keep"
"sciobraille-model-lab\datasets\master_v2\labels\train\scio_v2_53864be19e4c93c1.txt","Master V2 YOLO label","YOLO annotation file paired with a Master V2 image","Keep"
"sciobraille-model-lab\datasets\master_v2\labels\train\scio_v2_53ca406045ef2e2c.txt","Master V2 YOLO label","YOLO annotation file paired with a Master V2 image","Keep"
"sciobraille-model-lab\datasets\master_v2\labels\train\scio_v2_540bdbc4c227fd03.txt","Master V2 YOLO label","YOLO annotation file paired with a Master V2 image","Keep"
"sciobraille-model-lab\datasets\master_v2\labels\train\scio_v2_54208a254adfdfc6.txt","Master V2 YOLO label","YOLO annotation file paired with a Master V2 image","Keep"
"sciobraille-model-lab\datasets\master_v2\labels\train\scio_v2_54557207421372ba.txt","Master V2 YOLO label","YOLO annotation file paired with a Master V2 image","Keep"
"sciobraille-model-lab\datasets\master_v2\labels\train\scio_v2_551a977de3ffd908.txt","Master V2 YOLO label","YOLO annotation file paired with a Master V2 image","Keep"
"sciobraille-model-lab\datasets\master_v2\labels\train\scio_v2_55267bbdb42e0298.txt","Master V2 YOLO label","YOLO annotation file paired with a Master V2 image","Keep"
"sciobraille-model-lab\datasets\master_v2\labels\train\scio_v2_55293b986a43b8b1.txt","Master V2 YOLO label","YOLO annotation file paired with a Master V2 image","Keep"
"sciobraille-model-lab\datasets\master_v2\labels\train\scio_v2_5550fdb3ac781a0e.txt","Master V2 YOLO label","YOLO annotation file paired with a Master V2 image","Keep"
"sciobraille-model-lab\datasets\master_v2\labels\train\scio_v2_55d71b928fee451c.txt","Master V2 YOLO label","YOLO annotation file paired with a Master V2 image","Keep"
"sciobraille-model-lab\datasets\master_v2\labels\train\scio_v2_5679be43c38f8104.txt","Master V2 YOLO label","YOLO annotation file paired with a Master V2 image","Keep"
"sciobraille-model-lab\datasets\master_v2\labels\train\scio_v2_5689cc447768740d.txt","Master V2 YOLO label","YOLO annotation file paired with a Master V2 image","Keep"
"sciobraille-model-lab\datasets\master_v2\labels\train\scio_v2_56ae0ccf4c8667b9.txt","Master V2 YOLO label","YOLO annotation file paired with a Master V2 image","Keep"
"sciobraille-model-lab\datasets\master_v2\labels\train\scio_v2_56d3968ce82706c4.txt","Master V2 YOLO label","YOLO annotation file paired with a Master V2 image","Keep"
"sciobraille-model-lab\datasets\master_v2\labels\train\scio_v2_57260f71887cfad1.txt","Master V2 YOLO label","YOLO annotation file paired with a Master V2 image","Keep"
"sciobraille-model-lab\datasets\master_v2\labels\train\scio_v2_5790c23a6a8a1102.txt","Master V2 YOLO label","YOLO annotation file paired with a Master V2 image","Keep"
"sciobraille-model-lab\datasets\master_v2\labels\train\scio_v2_57cf0156078c656b.txt","Master V2 YOLO label","YOLO annotation file paired with a Master V2 image","Keep"
"sciobraille-model-lab\datasets\master_v2\labels\train\scio_v2_57d12cfe2cbadf15.txt","Master V2 YOLO label","YOLO annotation file paired with a Master V2 image","Keep"
"sciobraille-model-lab\datasets\master_v2\labels\train\scio_v2_581059b5b76b10e7.txt","Master V2 YOLO label","YOLO annotation file paired with a Master V2 image","Keep"
"sciobraille-model-lab\datasets\master_v2\labels\train\scio_v2_58217a96434a51a8.txt","Master V2 YOLO label","YOLO annotation file paired with a Master V2 image","Keep"
"sciobraille-model-lab\datasets\master_v2\labels\train\scio_v2_583500cf79ea22bc.txt","Master V2 YOLO label","YOLO annotation file paired with a Master V2 image","Keep"
"sciobraille-model-lab\datasets\master_v2\labels\train\scio_v2_58aa218d0cb26b68.txt","Master V2 YOLO label","YOLO annotation file paired with a Master V2 image","Keep"
"sciobraille-model-lab\datasets\master_v2\labels\train\scio_v2_58f8eccf6b6ca314.txt","Master V2 YOLO label","YOLO annotation file paired with a Master V2 image","Keep"
"sciobraille-model-lab\datasets\master_v2\labels\train\scio_v2_59217c00e915dae5.txt","Master V2 YOLO label","YOLO annotation file paired with a Master V2 image","Keep"
"sciobraille-model-lab\datasets\master_v2\labels\train\scio_v2_59843e79c802eb2a.txt","Master V2 YOLO label","YOLO annotation file paired with a Master V2 image","Keep"
"sciobraille-model-lab\datasets\master_v2\labels\train\scio_v2_59bd9f50c21f8cd7.txt","Master V2 YOLO label","YOLO annotation file paired with a Master V2 image","Keep"
"sciobraille-model-lab\datasets\master_v2\labels\train\scio_v2_59c4632829c99073.txt","Master V2 YOLO label","YOLO annotation file paired with a Master V2 image","Keep"
"sciobraille-model-lab\datasets\master_v2\labels\train\scio_v2_59e2bc4aa05fc4ce.txt","Master V2 YOLO label","YOLO annotation file paired with a Master V2 image","Keep"
"sciobraille-model-lab\datasets\master_v2\labels\train\scio_v2_5a2522a5c236928c.txt","Master V2 YOLO label","YOLO annotation file paired with a Master V2 image","Keep"
"sciobraille-model-lab\datasets\master_v2\labels\train\scio_v2_5a53792991a0cb2e.txt","Master V2 YOLO label","YOLO annotation file paired with a Master V2 image","Keep"
"sciobraille-model-lab\datasets\master_v2\labels\train\scio_v2_5ad513c7a84673cd.txt","Master V2 YOLO label","YOLO annotation file paired with a Master V2 image","Keep"
"sciobraille-model-lab\datasets\master_v2\labels\train\scio_v2_5aea431e977ee446.txt","Master V2 YOLO label","YOLO annotation file paired with a Master V2 image","Keep"
"sciobraille-model-lab\datasets\master_v2\labels\train\scio_v2_5b303c02f433b48f.txt","Master V2 YOLO label","YOLO annotation file paired with a Master V2 image","Keep"
"sciobraille-model-lab\datasets\master_v2\labels\train\scio_v2_5b83f821008b58ad.txt","Master V2 YOLO label","YOLO annotation file paired with a Master V2 image","Keep"
"sciobraille-model-lab\datasets\master_v2\labels\train\scio_v2_5b8595fa72f387d3.txt","Master V2 YOLO label","YOLO annotation file paired with a Master V2 image","Keep"
"sciobraille-model-lab\datasets\master_v2\labels\train\scio_v2_5ba75d3dca2e7a00.txt","Master V2 YOLO label","YOLO annotation file paired with a Master V2 image","Keep"
"sciobraille-model-lab\datasets\master_v2\labels\train\scio_v2_5c8314d34a64c33a.txt","Master V2 YOLO label","YOLO annotation file paired with a Master V2 image","Keep"
"sciobraille-model-lab\datasets\master_v2\labels\train\scio_v2_5cecd0552b2c2dba.txt","Master V2 YOLO label","YOLO annotation file paired with a Master V2 image","Keep"
"sciobraille-model-lab\datasets\master_v2\labels\train\scio_v2_5ceef6d251cbdee1.txt","Master V2 YOLO label","YOLO annotation file paired with a Master V2 image","Keep"
"sciobraille-model-lab\datasets\master_v2\labels\train\scio_v2_5d693ed7c7277932.txt","Master V2 YOLO label","YOLO annotation file paired with a Master V2 image","Keep"
"sciobraille-model-lab\datasets\master_v2\labels\train\scio_v2_5db0c1e01afeecc3.txt","Master V2 YOLO label","YOLO annotation file paired with a Master V2 image","Keep"
"sciobraille-model-lab\datasets\master_v2\labels\train\scio_v2_5de50b83543398a8.txt","Master V2 YOLO label","YOLO annotation file paired with a Master V2 image","Keep"
"sciobraille-model-lab\datasets\master_v2\labels\train\scio_v2_5e16e33f8f64e2b3.txt","Master V2 YOLO label","YOLO annotation file paired with a Master V2 image","Keep"
"sciobraille-model-lab\datasets\master_v2\labels\train\scio_v2_5e4674dc22ebb5cb.txt","Master V2 YOLO label","YOLO annotation file paired with a Master V2 image","Keep"
"sciobraille-model-lab\datasets\master_v2\labels\train\scio_v2_5e886ae0327538b5.txt","Master V2 YOLO label","YOLO annotation file paired with a Master V2 image","Keep"
"sciobraille-model-lab\datasets\master_v2\labels\train\scio_v2_5e8b948efd5c1c32.txt","Master V2 YOLO label","YOLO annotation file paired with a Master V2 image","Keep"
"sciobraille-model-lab\datasets\master_v2\labels\train\scio_v2_5efb97f5fa1c8ad8.txt","Master V2 YOLO label","YOLO annotation file paired with a Master V2 image","Keep"
"sciobraille-model-lab\datasets\master_v2\labels\train\scio_v2_5f46f31619d55cde.txt","Master V2 YOLO label","YOLO annotation file paired with a Master V2 image","Keep"
"sciobraille-model-lab\datasets\master_v2\labels\train\scio_v2_5fc74b844eef3ec5.txt","Master V2 YOLO label","YOLO annotation file paired with a Master V2 image","Keep"
"sciobraille-model-lab\datasets\master_v2\labels\train\scio_v2_5fd4cbf9c4da8ede.txt","Master V2 YOLO label","YOLO annotation file paired with a Master V2 image","Keep"
"sciobraille-model-lab\datasets\master_v2\labels\train\scio_v2_5fdd072812a93f97.txt","Master V2 YOLO label","YOLO annotation file paired with a Master V2 image","Keep"
"sciobraille-model-lab\datasets\master_v2\labels\train\scio_v2_601bf484a864ab45.txt","Master V2 YOLO label","YOLO annotation file paired with a Master V2 image","Keep"
"sciobraille-model-lab\datasets\master_v2\labels\train\scio_v2_6038bf15cdb2938e.txt","Master V2 YOLO label","YOLO annotation file paired with a Master V2 image","Keep"
"sciobraille-model-lab\datasets\master_v2\labels\train\scio_v2_603ee72ec324162b.txt","Master V2 YOLO label","YOLO annotation file paired with a Master V2 image","Keep"
"sciobraille-model-lab\datasets\master_v2\labels\train\scio_v2_604e604294602611.txt","Master V2 YOLO label","YOLO annotation file paired with a Master V2 image","Keep"
"sciobraille-model-lab\datasets\master_v2\labels\train\scio_v2_6085748cd767e115.txt","Master V2 YOLO label","YOLO annotation file paired with a Master V2 image","Keep"
"sciobraille-model-lab\datasets\master_v2\labels\train\scio_v2_610b3aff41306e7a.txt","Master V2 YOLO label","YOLO annotation file paired with a Master V2 image","Keep"
"sciobraille-model-lab\datasets\master_v2\labels\train\scio_v2_619fc08e1c155e14.txt","Master V2 YOLO label","YOLO annotation file paired with a Master V2 image","Keep"
"sciobraille-model-lab\datasets\master_v2\labels\train\scio_v2_61bbf85164e416ed.txt","Master V2 YOLO label","YOLO annotation file paired with a Master V2 image","Keep"
"sciobraille-model-lab\datasets\master_v2\labels\train\scio_v2_61f2088be15cb4f3.txt","Master V2 YOLO label","YOLO annotation file paired with a Master V2 image","Keep"
"sciobraille-model-lab\datasets\master_v2\labels\train\scio_v2_6211acf405eb957c.txt","Master V2 YOLO label","YOLO annotation file paired with a Master V2 image","Keep"
"sciobraille-model-lab\datasets\master_v2\labels\train\scio_v2_62e046d438b0f03e.txt","Master V2 YOLO label","YOLO annotation file paired with a Master V2 image","Keep"
"sciobraille-model-lab\datasets\master_v2\labels\train\scio_v2_634c33741d1f9457.txt","Master V2 YOLO label","YOLO annotation file paired with a Master V2 image","Keep"
"sciobraille-model-lab\datasets\master_v2\labels\train\scio_v2_63793c881e815a64.txt","Master V2 YOLO label","YOLO annotation file paired with a Master V2 image","Keep"
"sciobraille-model-lab\datasets\master_v2\labels\train\scio_v2_63e00e3c848a44e5.txt","Master V2 YOLO label","YOLO annotation file paired with a Master V2 image","Keep"
"sciobraille-model-lab\datasets\master_v2\labels\train\scio_v2_64008631ab52aec4.txt","Master V2 YOLO label","YOLO annotation file paired with a Master V2 image","Keep"
"sciobraille-model-lab\datasets\master_v2\labels\train\scio_v2_6421ebf13120e3a5.txt","Master V2 YOLO label","YOLO annotation file paired with a Master V2 image","Keep"
"sciobraille-model-lab\datasets\master_v2\labels\train\scio_v2_64241d58bdc0516e.txt","Master V2 YOLO label","YOLO annotation file paired with a Master V2 image","Keep"
"sciobraille-model-lab\datasets\master_v2\labels\train\scio_v2_64eeeb725e3d3f9e.txt","Master V2 YOLO label","YOLO annotation file paired with a Master V2 image","Keep"
"sciobraille-model-lab\datasets\master_v2\labels\train\scio_v2_6515507a9312d9c4.txt","Master V2 YOLO label","YOLO annotation file paired with a Master V2 image","Keep"
"sciobraille-model-lab\datasets\master_v2\labels\train\scio_v2_65788411351d9616.txt","Master V2 YOLO label","YOLO annotation file paired with a Master V2 image","Keep"
"sciobraille-model-lab\datasets\master_v2\labels\train\scio_v2_6584033dcb3f7337.txt","Master V2 YOLO label","YOLO annotation file paired with a Master V2 image","Keep"
"sciobraille-model-lab\datasets\master_v2\labels\train\scio_v2_658d7ae63fd08382.txt","Master V2 YOLO label","YOLO annotation file paired with a Master V2 image","Keep"
"sciobraille-model-lab\datasets\master_v2\labels\train\scio_v2_65ad22cae8023184.txt","Master V2 YOLO label","YOLO annotation file paired with a Master V2 image","Keep"
"sciobraille-model-lab\datasets\master_v2\labels\train\scio_v2_65e606e4f3c70819.txt","Master V2 YOLO label","YOLO annotation file paired with a Master V2 image","Keep"
"sciobraille-model-lab\datasets\master_v2\labels\train\scio_v2_660bfe7504c0fc10.txt","Master V2 YOLO label","YOLO annotation file paired with a Master V2 image","Keep"
"sciobraille-model-lab\datasets\master_v2\labels\train\scio_v2_661806552d5124bc.txt","Master V2 YOLO label","YOLO annotation file paired with a Master V2 image","Keep"
"sciobraille-model-lab\datasets\master_v2\labels\train\scio_v2_66492aa2cfb21548.txt","Master V2 YOLO label","YOLO annotation file paired with a Master V2 image","Keep"
"sciobraille-model-lab\datasets\master_v2\labels\train\scio_v2_6659e9c9c8ec5f96.txt","Master V2 YOLO label","YOLO annotation file paired with a Master V2 image","Keep"
"sciobraille-model-lab\datasets\master_v2\labels\train\scio_v2_665db86b1489195d.txt","Master V2 YOLO label","YOLO annotation file paired with a Master V2 image","Keep"
"sciobraille-model-lab\datasets\master_v2\labels\train\scio_v2_66e7f9f3bdef226f.txt","Master V2 YOLO label","YOLO annotation file paired with a Master V2 image","Keep"
"sciobraille-model-lab\datasets\master_v2\labels\train\scio_v2_6708797da01b8762.txt","Master V2 YOLO label","YOLO annotation file paired with a Master V2 image","Keep"
"sciobraille-model-lab\datasets\master_v2\labels\train\scio_v2_6730f718fc809ca9.txt","Master V2 YOLO label","YOLO annotation file paired with a Master V2 image","Keep"
"sciobraille-model-lab\datasets\master_v2\labels\train\scio_v2_6755f09972263683.txt","Master V2 YOLO label","YOLO annotation file paired with a Master V2 image","Keep"
"sciobraille-model-lab\datasets\master_v2\labels\train\scio_v2_675aedf24fb32e5c.txt","Master V2 YOLO label","YOLO annotation file paired with a Master V2 image","Keep"
"sciobraille-model-lab\datasets\master_v2\labels\train\scio_v2_676c1a9494edd45b.txt","Master V2 YOLO label","YOLO annotation file paired with a Master V2 image","Keep"
"sciobraille-model-lab\datasets\master_v2\labels\train\scio_v2_67bae0fe5b779314.txt","Master V2 YOLO label","YOLO annotation file paired with a Master V2 image","Keep"
"sciobraille-model-lab\datasets\master_v2\labels\train\scio_v2_67be6e7c10b14003.txt","Master V2 YOLO label","YOLO annotation file paired with a Master V2 image","Keep"
"sciobraille-model-lab\datasets\master_v2\labels\train\scio_v2_67ddbd200c7f519e.txt","Master V2 YOLO label","YOLO annotation file paired with a Master V2 image","Keep"
"sciobraille-model-lab\datasets\master_v2\labels\train\scio_v2_6813235401e96f60.txt","Master V2 YOLO label","YOLO annotation file paired with a Master V2 image","Keep"
"sciobraille-model-lab\datasets\master_v2\labels\train\scio_v2_681dccd48c072f3c.txt","Master V2 YOLO label","YOLO annotation file paired with a Master V2 image","Keep"
"sciobraille-model-lab\datasets\master_v2\labels\train\scio_v2_686d0c38d173c1d9.txt","Master V2 YOLO label","YOLO annotation file paired with a Master V2 image","Keep"
"sciobraille-model-lab\datasets\master_v2\labels\train\scio_v2_687db4118e552f72.txt","Master V2 YOLO label","YOLO annotation file paired with a Master V2 image","Keep"
"sciobraille-model-lab\datasets\master_v2\labels\train\scio_v2_68a7b8cca5881b1f.txt","Master V2 YOLO label","YOLO annotation file paired with a Master V2 image","Keep"
"sciobraille-model-lab\datasets\master_v2\labels\train\scio_v2_68b18295834eab76.txt","Master V2 YOLO label","YOLO annotation file paired with a Master V2 image","Keep"
"sciobraille-model-lab\datasets\master_v2\labels\train\scio_v2_69283e6a48b2d6b1.txt","Master V2 YOLO label","YOLO annotation file paired with a Master V2 image","Keep"
"sciobraille-model-lab\datasets\master_v2\labels\train\scio_v2_692cec9121b28e1a.txt","Master V2 YOLO label","YOLO annotation file paired with a Master V2 image","Keep"
"sciobraille-model-lab\datasets\master_v2\labels\train\scio_v2_6955b600540d0492.txt","Master V2 YOLO label","YOLO annotation file paired with a Master V2 image","Keep"
"sciobraille-model-lab\datasets\master_v2\labels\train\scio_v2_695e6fee0fa0f3e2.txt","Master V2 YOLO label","YOLO annotation file paired with a Master V2 image","Keep"
"sciobraille-model-lab\datasets\master_v2\labels\train\scio_v2_69df608c186d5960.txt","Master V2 YOLO label","YOLO annotation file paired with a Master V2 image","Keep"
"sciobraille-model-lab\datasets\master_v2\labels\train\scio_v2_69ec7b497527c1b1.txt","Master V2 YOLO label","YOLO annotation file paired with a Master V2 image","Keep"
"sciobraille-model-lab\datasets\master_v2\labels\train\scio_v2_69f16e706ecffaa4.txt","Master V2 YOLO label","YOLO annotation file paired with a Master V2 image","Keep"
"sciobraille-model-lab\datasets\master_v2\labels\train\scio_v2_6a1abe6fcb7eec1a.txt","Master V2 YOLO label","YOLO annotation file paired with a Master V2 image","Keep"
"sciobraille-model-lab\datasets\master_v2\labels\train\scio_v2_6a30fb974abb8e1f.txt","Master V2 YOLO label","YOLO annotation file paired with a Master V2 image","Keep"
"sciobraille-model-lab\datasets\master_v2\labels\train\scio_v2_6a39662afca501fb.txt","Master V2 YOLO label","YOLO annotation file paired with a Master V2 image","Keep"
"sciobraille-model-lab\datasets\master_v2\labels\train\scio_v2_6b570a062d244c3f.txt","Master V2 YOLO label","YOLO annotation file paired with a Master V2 image","Keep"
"sciobraille-model-lab\datasets\master_v2\labels\train\scio_v2_6b5fe7fdc74044c9.txt","Master V2 YOLO label","YOLO annotation file paired with a Master V2 image","Keep"
"sciobraille-model-lab\datasets\master_v2\labels\train\scio_v2_6b644d0c7c554119.txt","Master V2 YOLO label","YOLO annotation file paired with a Master V2 image","Keep"
"sciobraille-model-lab\datasets\master_v2\labels\train\scio_v2_6b73cbcc39b7c6ef.txt","Master V2 YOLO label","YOLO annotation file paired with a Master V2 image","Keep"
"sciobraille-model-lab\datasets\master_v2\labels\train\scio_v2_6b7e5747a29638d8.txt","Master V2 YOLO label","YOLO annotation file paired with a Master V2 image","Keep"
"sciobraille-model-lab\datasets\master_v2\labels\train\scio_v2_6ba51db152016ba4.txt","Master V2 YOLO label","YOLO annotation file paired with a Master V2 image","Keep"
"sciobraille-model-lab\datasets\master_v2\labels\train\scio_v2_6c17bb82e2aad620.txt","Master V2 YOLO label","YOLO annotation file paired with a Master V2 image","Keep"
"sciobraille-model-lab\datasets\master_v2\labels\train\scio_v2_6c1ca07eafe59d7a.txt","Master V2 YOLO label","YOLO annotation file paired with a Master V2 image","Keep"
"sciobraille-model-lab\datasets\master_v2\labels\train\scio_v2_6c1fdcb2fa813c6c.txt","Master V2 YOLO label","YOLO annotation file paired with a Master V2 image","Keep"
"sciobraille-model-lab\datasets\master_v2\labels\train\scio_v2_6c5fa0e7409126cd.txt","Master V2 YOLO label","YOLO annotation file paired with a Master V2 image","Keep"
"sciobraille-model-lab\datasets\master_v2\labels\train\scio_v2_6c977b42df1af5a1.txt","Master V2 YOLO label","YOLO annotation file paired with a Master V2 image","Keep"
"sciobraille-model-lab\datasets\master_v2\labels\train\scio_v2_6d1ab05d914c6d97.txt","Master V2 YOLO label","YOLO annotation file paired with a Master V2 image","Keep"
"sciobraille-model-lab\datasets\master_v2\labels\train\scio_v2_6d5dd85ddbe5faa6.txt","Master V2 YOLO label","YOLO annotation file paired with a Master V2 image","Keep"
"sciobraille-model-lab\datasets\master_v2\labels\train\scio_v2_6daf9cf5c0ab17e0.txt","Master V2 YOLO label","YOLO annotation file paired with a Master V2 image","Keep"
"sciobraille-model-lab\datasets\master_v2\labels\train\scio_v2_6dbec940ccddd208.txt","Master V2 YOLO label","YOLO annotation file paired with a Master V2 image","Keep"
"sciobraille-model-lab\datasets\master_v2\labels\train\scio_v2_6dd07cde26eefcab.txt","Master V2 YOLO label","YOLO annotation file paired with a Master V2 image","Keep"
"sciobraille-model-lab\datasets\master_v2\labels\train\scio_v2_6dd3b0e0ef3847e1.txt","Master V2 YOLO label","YOLO annotation file paired with a Master V2 image","Keep"
"sciobraille-model-lab\datasets\master_v2\labels\train\scio_v2_6df9defdafde1224.txt","Master V2 YOLO label","YOLO annotation file paired with a Master V2 image","Keep"
"sciobraille-model-lab\datasets\master_v2\labels\train\scio_v2_6e91c6d5b1e1c12d.txt","Master V2 YOLO label","YOLO annotation file paired with a Master V2 image","Keep"
"sciobraille-model-lab\datasets\master_v2\labels\train\scio_v2_6eaa91f6261ff0b8.txt","Master V2 YOLO label","YOLO annotation file paired with a Master V2 image","Keep"
"sciobraille-model-lab\datasets\master_v2\labels\train\scio_v2_6eb3bd16602e67a9.txt","Master V2 YOLO label","YOLO annotation file paired with a Master V2 image","Keep"
"sciobraille-model-lab\datasets\master_v2\labels\train\scio_v2_6f7c1164023ef65d.txt","Master V2 YOLO label","YOLO annotation file paired with a Master V2 image","Keep"
"sciobraille-model-lab\datasets\master_v2\labels\train\scio_v2_70769c4887f85fe0.txt","Master V2 YOLO label","YOLO annotation file paired with a Master V2 image","Keep"
"sciobraille-model-lab\datasets\master_v2\labels\train\scio_v2_70dbb55f8d88d3a9.txt","Master V2 YOLO label","YOLO annotation file paired with a Master V2 image","Keep"
"sciobraille-model-lab\datasets\master_v2\labels\train\scio_v2_70fa712565bbf624.txt","Master V2 YOLO label","YOLO annotation file paired with a Master V2 image","Keep"
"sciobraille-model-lab\datasets\master_v2\labels\train\scio_v2_7138d80de7dbffb6.txt","Master V2 YOLO label","YOLO annotation file paired with a Master V2 image","Keep"
"sciobraille-model-lab\datasets\master_v2\labels\train\scio_v2_71b5705f0ba85703.txt","Master V2 YOLO label","YOLO annotation file paired with a Master V2 image","Keep"
"sciobraille-model-lab\datasets\master_v2\labels\train\scio_v2_71c10f9106d0993c.txt","Master V2 YOLO label","YOLO annotation file paired with a Master V2 image","Keep"
"sciobraille-model-lab\datasets\master_v2\labels\train\scio_v2_71e9ed1f12fc8dfd.txt","Master V2 YOLO label","YOLO annotation file paired with a Master V2 image","Keep"
"sciobraille-model-lab\datasets\master_v2\labels\train\scio_v2_728a00a0af62fc4a.txt","Master V2 YOLO label","YOLO annotation file paired with a Master V2 image","Keep"
"sciobraille-model-lab\datasets\master_v2\labels\train\scio_v2_72c39c1626279c73.txt","Master V2 YOLO label","YOLO annotation file paired with a Master V2 image","Keep"
"sciobraille-model-lab\datasets\master_v2\labels\train\scio_v2_72dc11f24cf656cb.txt","Master V2 YOLO label","YOLO annotation file paired with a Master V2 image","Keep"
"sciobraille-model-lab\datasets\master_v2\labels\train\scio_v2_72e1818a060c8804.txt","Master V2 YOLO label","YOLO annotation file paired with a Master V2 image","Keep"
"sciobraille-model-lab\datasets\master_v2\labels\train\scio_v2_7373cc9d3d2be9a3.txt","Master V2 YOLO label","YOLO annotation file paired with a Master V2 image","Keep"
"sciobraille-model-lab\datasets\master_v2\labels\train\scio_v2_73eec380ed2f3421.txt","Master V2 YOLO label","YOLO annotation file paired with a Master V2 image","Keep"
"sciobraille-model-lab\datasets\master_v2\labels\train\scio_v2_73f17b023eafb8e2.txt","Master V2 YOLO label","YOLO annotation file paired with a Master V2 image","Keep"
"sciobraille-model-lab\datasets\master_v2\labels\train\scio_v2_7418d59e1ab8a6a4.txt","Master V2 YOLO label","YOLO annotation file paired with a Master V2 image","Keep"
"sciobraille-model-lab\datasets\master_v2\labels\train\scio_v2_741a9d9fac2db0f8.txt","Master V2 YOLO label","YOLO annotation file paired with a Master V2 image","Keep"
"sciobraille-model-lab\datasets\master_v2\labels\train\scio_v2_742f394c0b5a805d.txt","Master V2 YOLO label","YOLO annotation file paired with a Master V2 image","Keep"
"sciobraille-model-lab\datasets\master_v2\labels\train\scio_v2_7436d02e6eb3911d.txt","Master V2 YOLO label","YOLO annotation file paired with a Master V2 image","Keep"
"sciobraille-model-lab\datasets\master_v2\labels\train\scio_v2_74965b6cf392861d.txt","Master V2 YOLO label","YOLO annotation file paired with a Master V2 image","Keep"
"sciobraille-model-lab\datasets\master_v2\labels\train\scio_v2_74c1a0460b5480bd.txt","Master V2 YOLO label","YOLO annotation file paired with a Master V2 image","Keep"
"sciobraille-model-lab\datasets\master_v2\labels\train\scio_v2_7561d2f97b0d5516.txt","Master V2 YOLO label","YOLO annotation file paired with a Master V2 image","Keep"
"sciobraille-model-lab\datasets\master_v2\labels\train\scio_v2_75c80c315e1a2398.txt","Master V2 YOLO label","YOLO annotation file paired with a Master V2 image","Keep"
"sciobraille-model-lab\datasets\master_v2\labels\train\scio_v2_75fb7f10bf5c3d9e.txt","Master V2 YOLO label","YOLO annotation file paired with a Master V2 image","Keep"
"sciobraille-model-lab\datasets\master_v2\labels\train\scio_v2_75fbd8a369c16051.txt","Master V2 YOLO label","YOLO annotation file paired with a Master V2 image","Keep"
"sciobraille-model-lab\datasets\master_v2\labels\train\scio_v2_76525f213d94c7bf.txt","Master V2 YOLO label","YOLO annotation file paired with a Master V2 image","Keep"
"sciobraille-model-lab\datasets\master_v2\labels\train\scio_v2_766ff6bc0c37b383.txt","Master V2 YOLO label","YOLO annotation file paired with a Master V2 image","Keep"
"sciobraille-model-lab\datasets\master_v2\labels\train\scio_v2_7681bbcfa80f72fa.txt","Master V2 YOLO label","YOLO annotation file paired with a Master V2 image","Keep"
"sciobraille-model-lab\datasets\master_v2\labels\train\scio_v2_76867ab4dd7fec9e.txt","Master V2 YOLO label","YOLO annotation file paired with a Master V2 image","Keep"
"sciobraille-model-lab\datasets\master_v2\labels\train\scio_v2_768c482ab274665d.txt","Master V2 YOLO label","YOLO annotation file paired with a Master V2 image","Keep"
"sciobraille-model-lab\datasets\master_v2\labels\train\scio_v2_769105ad298aac89.txt","Master V2 YOLO label","YOLO annotation file paired with a Master V2 image","Keep"
"sciobraille-model-lab\datasets\master_v2\labels\train\scio_v2_7692e8d89f534bde.txt","Master V2 YOLO label","YOLO annotation file paired with a Master V2 image","Keep"
"sciobraille-model-lab\datasets\master_v2\labels\train\scio_v2_769354129f1ac491.txt","Master V2 YOLO label","YOLO annotation file paired with a Master V2 image","Keep"
"sciobraille-model-lab\datasets\master_v2\labels\train\scio_v2_76ac042b23bfcaad.txt","Master V2 YOLO label","YOLO annotation file paired with a Master V2 image","Keep"
"sciobraille-model-lab\datasets\master_v2\labels\train\scio_v2_76b6b2e2524ad5c8.txt","Master V2 YOLO label","YOLO annotation file paired with a Master V2 image","Keep"
"sciobraille-model-lab\datasets\master_v2\labels\train\scio_v2_76b910b9deec2f23.txt","Master V2 YOLO label","YOLO annotation file paired with a Master V2 image","Keep"
"sciobraille-model-lab\datasets\master_v2\labels\train\scio_v2_7727b3de92a82aa4.txt","Master V2 YOLO label","YOLO annotation file paired with a Master V2 image","Keep"
"sciobraille-model-lab\datasets\master_v2\labels\train\scio_v2_77383570529fdd90.txt","Master V2 YOLO label","YOLO annotation file paired with a Master V2 image","Keep"
"sciobraille-model-lab\datasets\master_v2\labels\train\scio_v2_773c77d0409805e9.txt","Master V2 YOLO label","YOLO annotation file paired with a Master V2 image","Keep"
"sciobraille-model-lab\datasets\master_v2\labels\train\scio_v2_7769049839e745db.txt","Master V2 YOLO label","YOLO annotation file paired with a Master V2 image","Keep"
"sciobraille-model-lab\datasets\master_v2\labels\train\scio_v2_77f996db4b32a3ac.txt","Master V2 YOLO label","YOLO annotation file paired with a Master V2 image","Keep"
"sciobraille-model-lab\datasets\master_v2\labels\train\scio_v2_7842042d526e7a71.txt","Master V2 YOLO label","YOLO annotation file paired with a Master V2 image","Keep"
"sciobraille-model-lab\datasets\master_v2\labels\train\scio_v2_784c25f2355a0d43.txt","Master V2 YOLO label","YOLO annotation file paired with a Master V2 image","Keep"
"sciobraille-model-lab\datasets\master_v2\labels\train\scio_v2_786e7675d28f27ab.txt","Master V2 YOLO label","YOLO annotation file paired with a Master V2 image","Keep"
"sciobraille-model-lab\datasets\master_v2\labels\train\scio_v2_78b94f0cd97e9b3f.txt","Master V2 YOLO label","YOLO annotation file paired with a Master V2 image","Keep"
"sciobraille-model-lab\datasets\master_v2\labels\train\scio_v2_78cce84579e71a6a.txt","Master V2 YOLO label","YOLO annotation file paired with a Master V2 image","Keep"
"sciobraille-model-lab\datasets\master_v2\labels\train\scio_v2_790339cbed5cd04e.txt","Master V2 YOLO label","YOLO annotation file paired with a Master V2 image","Keep"
"sciobraille-model-lab\datasets\master_v2\labels\train\scio_v2_7918573f6afe7cc0.txt","Master V2 YOLO label","YOLO annotation file paired with a Master V2 image","Keep"
"sciobraille-model-lab\datasets\master_v2\labels\train\scio_v2_79333e7dc07da9be.txt","Master V2 YOLO label","YOLO annotation file paired with a Master V2 image","Keep"
"sciobraille-model-lab\datasets\master_v2\labels\train\scio_v2_7948fe9d1e194df1.txt","Master V2 YOLO label","YOLO annotation file paired with a Master V2 image","Keep"
"sciobraille-model-lab\datasets\master_v2\labels\train\scio_v2_79a6104f3ff60b9e.txt","Master V2 YOLO label","YOLO annotation file paired with a Master V2 image","Keep"
"sciobraille-model-lab\datasets\master_v2\labels\train\scio_v2_7a3cd6c41fceba58.txt","Master V2 YOLO label","YOLO annotation file paired with a Master V2 image","Keep"
"sciobraille-model-lab\datasets\master_v2\labels\train\scio_v2_7a67f0222e5e8ea7.txt","Master V2 YOLO label","YOLO annotation file paired with a Master V2 image","Keep"
"sciobraille-model-lab\datasets\master_v2\labels\train\scio_v2_7a6af2ec42f71c9c.txt","Master V2 YOLO label","YOLO annotation file paired with a Master V2 image","Keep"
"sciobraille-model-lab\datasets\master_v2\labels\train\scio_v2_7aed73edb04e5cf3.txt","Master V2 YOLO label","YOLO annotation file paired with a Master V2 image","Keep"
"sciobraille-model-lab\datasets\master_v2\labels\train\scio_v2_7aedcb76db55733f.txt","Master V2 YOLO label","YOLO annotation file paired with a Master V2 image","Keep"
"sciobraille-model-lab\datasets\master_v2\labels\train\scio_v2_7b6d38f2593f84e2.txt","Master V2 YOLO label","YOLO annotation file paired with a Master V2 image","Keep"
"sciobraille-model-lab\datasets\master_v2\labels\train\scio_v2_7bba70c220453baa.txt","Master V2 YOLO label","YOLO annotation file paired with a Master V2 image","Keep"
"sciobraille-model-lab\datasets\master_v2\labels\train\scio_v2_7bc0a604b3abc9c1.txt","Master V2 YOLO label","YOLO annotation file paired with a Master V2 image","Keep"
"sciobraille-model-lab\datasets\master_v2\labels\train\scio_v2_7bc624d8bd3a6510.txt","Master V2 YOLO label","YOLO annotation file paired with a Master V2 image","Keep"
"sciobraille-model-lab\datasets\master_v2\labels\train\scio_v2_7bd47170e2a6ea01.txt","Master V2 YOLO label","YOLO annotation file paired with a Master V2 image","Keep"
"sciobraille-model-lab\datasets\master_v2\labels\train\scio_v2_7c43c21a0b3cc6d6.txt","Master V2 YOLO label","YOLO annotation file paired with a Master V2 image","Keep"
"sciobraille-model-lab\datasets\master_v2\labels\train\scio_v2_7c972665b473472f.txt","Master V2 YOLO label","YOLO annotation file paired with a Master V2 image","Keep"
"sciobraille-model-lab\datasets\master_v2\labels\train\scio_v2_7cb4aef840de1986.txt","Master V2 YOLO label","YOLO annotation file paired with a Master V2 image","Keep"
"sciobraille-model-lab\datasets\master_v2\labels\train\scio_v2_7cb8db324a1072c6.txt","Master V2 YOLO label","YOLO annotation file paired with a Master V2 image","Keep"
"sciobraille-model-lab\datasets\master_v2\labels\train\scio_v2_7d017cfc8d666ec4.txt","Master V2 YOLO label","YOLO annotation file paired with a Master V2 image","Keep"
"sciobraille-model-lab\datasets\master_v2\labels\train\scio_v2_7d2913a0c61b31eb.txt","Master V2 YOLO label","YOLO annotation file paired with a Master V2 image","Keep"
"sciobraille-model-lab\datasets\master_v2\labels\train\scio_v2_7d51760d832bd7a6.txt","Master V2 YOLO label","YOLO annotation file paired with a Master V2 image","Keep"
"sciobraille-model-lab\datasets\master_v2\labels\train\scio_v2_7d52bcd412b2b638.txt","Master V2 YOLO label","YOLO annotation file paired with a Master V2 image","Keep"
"sciobraille-model-lab\datasets\master_v2\labels\train\scio_v2_7d814b16070f8b30.txt","Master V2 YOLO label","YOLO annotation file paired with a Master V2 image","Keep"
"sciobraille-model-lab\datasets\master_v2\labels\train\scio_v2_7d840574f0c9e8b3.txt","Master V2 YOLO label","YOLO annotation file paired with a Master V2 image","Keep"
"sciobraille-model-lab\datasets\master_v2\labels\train\scio_v2_7d9e71a2af15ce28.txt","Master V2 YOLO label","YOLO annotation file paired with a Master V2 image","Keep"
"sciobraille-model-lab\datasets\master_v2\labels\train\scio_v2_7de5f39ec2da3747.txt","Master V2 YOLO label","YOLO annotation file paired with a Master V2 image","Keep"
"sciobraille-model-lab\datasets\master_v2\labels\train\scio_v2_7e0a8d76ea6532c1.txt","Master V2 YOLO label","YOLO annotation file paired with a Master V2 image","Keep"
"sciobraille-model-lab\datasets\master_v2\labels\train\scio_v2_7e26930a42b96b8f.txt","Master V2 YOLO label","YOLO annotation file paired with a Master V2 image","Keep"
"sciobraille-model-lab\datasets\master_v2\labels\train\scio_v2_7e45ac0e63a381d9.txt","Master V2 YOLO label","YOLO annotation file paired with a Master V2 image","Keep"
"sciobraille-model-lab\datasets\master_v2\labels\train\scio_v2_7e4bfc38fc555508.txt","Master V2 YOLO label","YOLO annotation file paired with a Master V2 image","Keep"
"sciobraille-model-lab\datasets\master_v2\labels\train\scio_v2_7e86645cb6a62605.txt","Master V2 YOLO label","YOLO annotation file paired with a Master V2 image","Keep"
"sciobraille-model-lab\datasets\master_v2\labels\train\scio_v2_7e873199ba4f4ebb.txt","Master V2 YOLO label","YOLO annotation file paired with a Master V2 image","Keep"
"sciobraille-model-lab\datasets\master_v2\labels\train\scio_v2_7ed9e5af825d89f8.txt","Master V2 YOLO label","YOLO annotation file paired with a Master V2 image","Keep"
"sciobraille-model-lab\datasets\master_v2\labels\train\scio_v2_7f0d7e56f12a1948.txt","Master V2 YOLO label","YOLO annotation file paired with a Master V2 image","Keep"
"sciobraille-model-lab\datasets\master_v2\labels\train\scio_v2_7f38c2db41e64b8c.txt","Master V2 YOLO label","YOLO annotation file paired with a Master V2 image","Keep"
"sciobraille-model-lab\datasets\master_v2\labels\train\scio_v2_7f5434e88dcb0d01.txt","Master V2 YOLO label","YOLO annotation file paired with a Master V2 image","Keep"
"sciobraille-model-lab\datasets\master_v2\labels\train\scio_v2_7f845817b1d3031b.txt","Master V2 YOLO label","YOLO annotation file paired with a Master V2 image","Keep"
"sciobraille-model-lab\datasets\master_v2\labels\train\scio_v2_7fceea48d0af1a09.txt","Master V2 YOLO label","YOLO annotation file paired with a Master V2 image","Keep"
"sciobraille-model-lab\datasets\master_v2\labels\train\scio_v2_7fdc16b74afb0de2.txt","Master V2 YOLO label","YOLO annotation file paired with a Master V2 image","Keep"
"sciobraille-model-lab\datasets\master_v2\labels\train\scio_v2_80532f09cede1cb2.txt","Master V2 YOLO label","YOLO annotation file paired with a Master V2 image","Keep"
"sciobraille-model-lab\datasets\master_v2\labels\train\scio_v2_80fcd8f7331dbfc6.txt","Master V2 YOLO label","YOLO annotation file paired with a Master V2 image","Keep"
"sciobraille-model-lab\datasets\master_v2\labels\train\scio_v2_8112e9447d931ffa.txt","Master V2 YOLO label","YOLO annotation file paired with a Master V2 image","Keep"
"sciobraille-model-lab\datasets\master_v2\labels\train\scio_v2_8121ea1dac7985a3.txt","Master V2 YOLO label","YOLO annotation file paired with a Master V2 image","Keep"
"sciobraille-model-lab\datasets\master_v2\labels\train\scio_v2_8160c8ea5ebbbb92.txt","Master V2 YOLO label","YOLO annotation file paired with a Master V2 image","Keep"
"sciobraille-model-lab\datasets\master_v2\labels\train\scio_v2_817ba2012f87abb5.txt","Master V2 YOLO label","YOLO annotation file paired with a Master V2 image","Keep"
"sciobraille-model-lab\datasets\master_v2\labels\train\scio_v2_81e6671a96b1a1b9.txt","Master V2 YOLO label","YOLO annotation file paired with a Master V2 image","Keep"
"sciobraille-model-lab\datasets\master_v2\labels\train\scio_v2_81fe9d70706b0bc4.txt","Master V2 YOLO label","YOLO annotation file paired with a Master V2 image","Keep"
"sciobraille-model-lab\datasets\master_v2\labels\train\scio_v2_82c9ecda94f094a7.txt","Master V2 YOLO label","YOLO annotation file paired with a Master V2 image","Keep"
"sciobraille-model-lab\datasets\master_v2\labels\train\scio_v2_82d19320e6dd6472.txt","Master V2 YOLO label","YOLO annotation file paired with a Master V2 image","Keep"
"sciobraille-model-lab\datasets\master_v2\labels\train\scio_v2_82d97451047ee434.txt","Master V2 YOLO label","YOLO annotation file paired with a Master V2 image","Keep"
"sciobraille-model-lab\datasets\master_v2\labels\train\scio_v2_83051189d0a00fa9.txt","Master V2 YOLO label","YOLO annotation file paired with a Master V2 image","Keep"
"sciobraille-model-lab\datasets\master_v2\labels\train\scio_v2_83171d9726b6f520.txt","Master V2 YOLO label","YOLO annotation file paired with a Master V2 image","Keep"
"sciobraille-model-lab\datasets\master_v2\labels\train\scio_v2_83174eef4623c380.txt","Master V2 YOLO label","YOLO annotation file paired with a Master V2 image","Keep"
"sciobraille-model-lab\datasets\master_v2\labels\train\scio_v2_837c95b5bbbfd59b.txt","Master V2 YOLO label","YOLO annotation file paired with a Master V2 image","Keep"
"sciobraille-model-lab\datasets\master_v2\labels\train\scio_v2_8393a2bb445824c3.txt","Master V2 YOLO label","YOLO annotation file paired with a Master V2 image","Keep"
"sciobraille-model-lab\datasets\master_v2\labels\train\scio_v2_83e838c2509751f3.txt","Master V2 YOLO label","YOLO annotation file paired with a Master V2 image","Keep"
"sciobraille-model-lab\datasets\master_v2\labels\train\scio_v2_83ee5c25a321dc2f.txt","Master V2 YOLO label","YOLO annotation file paired with a Master V2 image","Keep"
"sciobraille-model-lab\datasets\master_v2\labels\train\scio_v2_83fc29e424f53d17.txt","Master V2 YOLO label","YOLO annotation file paired with a Master V2 image","Keep"
"sciobraille-model-lab\datasets\master_v2\labels\train\scio_v2_8421878a7e176059.txt","Master V2 YOLO label","YOLO annotation file paired with a Master V2 image","Keep"
"sciobraille-model-lab\datasets\master_v2\labels\train\scio_v2_84ca2a266ccf1011.txt","Master V2 YOLO label","YOLO annotation file paired with a Master V2 image","Keep"
"sciobraille-model-lab\datasets\master_v2\labels\train\scio_v2_850692c82952e3d8.txt","Master V2 YOLO label","YOLO annotation file paired with a Master V2 image","Keep"
"sciobraille-model-lab\datasets\master_v2\labels\train\scio_v2_8506eb434e2502f7.txt","Master V2 YOLO label","YOLO annotation file paired with a Master V2 image","Keep"
"sciobraille-model-lab\datasets\master_v2\labels\train\scio_v2_852eace8183a9945.txt","Master V2 YOLO label","YOLO annotation file paired with a Master V2 image","Keep"
"sciobraille-model-lab\datasets\master_v2\labels\train\scio_v2_85401ab7adce0475.txt","Master V2 YOLO label","YOLO annotation file paired with a Master V2 image","Keep"
"sciobraille-model-lab\datasets\master_v2\labels\train\scio_v2_854c49b55654e4df.txt","Master V2 YOLO label","YOLO annotation file paired with a Master V2 image","Keep"
"sciobraille-model-lab\datasets\master_v2\labels\train\scio_v2_855ab024712aeda5.txt","Master V2 YOLO label","YOLO annotation file paired with a Master V2 image","Keep"
"sciobraille-model-lab\datasets\master_v2\labels\train\scio_v2_8596388cdddda47f.txt","Master V2 YOLO label","YOLO annotation file paired with a Master V2 image","Keep"
"sciobraille-model-lab\datasets\master_v2\labels\train\scio_v2_859a676e7337665c.txt","Master V2 YOLO label","YOLO annotation file paired with a Master V2 image","Keep"
"sciobraille-model-lab\datasets\master_v2\labels\train\scio_v2_85d6119a2027b9ef.txt","Master V2 YOLO label","YOLO annotation file paired with a Master V2 image","Keep"
"sciobraille-model-lab\datasets\master_v2\labels\train\scio_v2_861201ae7ab4c2ba.txt","Master V2 YOLO label","YOLO annotation file paired with a Master V2 image","Keep"
"sciobraille-model-lab\datasets\master_v2\labels\train\scio_v2_8647ec490ac9f722.txt","Master V2 YOLO label","YOLO annotation file paired with a Master V2 image","Keep"
"sciobraille-model-lab\datasets\master_v2\labels\train\scio_v2_864c2579c394f7df.txt","Master V2 YOLO label","YOLO annotation file paired with a Master V2 image","Keep"
"sciobraille-model-lab\datasets\master_v2\labels\train\scio_v2_864d753a2574462d.txt","Master V2 YOLO label","YOLO annotation file paired with a Master V2 image","Keep"
"sciobraille-model-lab\datasets\master_v2\labels\train\scio_v2_864f63d7c7136346.txt","Master V2 YOLO label","YOLO annotation file paired with a Master V2 image","Keep"
"sciobraille-model-lab\datasets\master_v2\labels\train\scio_v2_864fd77241575ef6.txt","Master V2 YOLO label","YOLO annotation file paired with a Master V2 image","Keep"
"sciobraille-model-lab\datasets\master_v2\labels\train\scio_v2_86873d042cc6582c.txt","Master V2 YOLO label","YOLO annotation file paired with a Master V2 image","Keep"
"sciobraille-model-lab\datasets\master_v2\labels\train\scio_v2_869219e5ff6f8a69.txt","Master V2 YOLO label","YOLO annotation file paired with a Master V2 image","Keep"
"sciobraille-model-lab\datasets\master_v2\labels\train\scio_v2_86a1357028096836.txt","Master V2 YOLO label","YOLO annotation file paired with a Master V2 image","Keep"
"sciobraille-model-lab\datasets\master_v2\labels\train\scio_v2_86ac761861737212.txt","Master V2 YOLO label","YOLO annotation file paired with a Master V2 image","Keep"
"sciobraille-model-lab\datasets\master_v2\labels\train\scio_v2_872539fb8744a9c4.txt","Master V2 YOLO label","YOLO annotation file paired with a Master V2 image","Keep"
"sciobraille-model-lab\datasets\master_v2\labels\train\scio_v2_87a53f20d2fbde86.txt","Master V2 YOLO label","YOLO annotation file paired with a Master V2 image","Keep"
"sciobraille-model-lab\datasets\master_v2\labels\train\scio_v2_87d10d3bfcc8dea5.txt","Master V2 YOLO label","YOLO annotation file paired with a Master V2 image","Keep"
"sciobraille-model-lab\datasets\master_v2\labels\train\scio_v2_87deed47e5964ce1.txt","Master V2 YOLO label","YOLO annotation file paired with a Master V2 image","Keep"
"sciobraille-model-lab\datasets\master_v2\labels\train\scio_v2_87f1aafbc919c441.txt","Master V2 YOLO label","YOLO annotation file paired with a Master V2 image","Keep"
"sciobraille-model-lab\datasets\master_v2\labels\train\scio_v2_883a8c5a501e0242.txt","Master V2 YOLO label","YOLO annotation file paired with a Master V2 image","Keep"
"sciobraille-model-lab\datasets\master_v2\labels\train\scio_v2_8844738465da4a69.txt","Master V2 YOLO label","YOLO annotation file paired with a Master V2 image","Keep"
"sciobraille-model-lab\datasets\master_v2\labels\train\scio_v2_887c878c7405c1de.txt","Master V2 YOLO label","YOLO annotation file paired with a Master V2 image","Keep"
"sciobraille-model-lab\datasets\master_v2\labels\train\scio_v2_88c599ba00700bcf.txt","Master V2 YOLO label","YOLO annotation file paired with a Master V2 image","Keep"
"sciobraille-model-lab\datasets\master_v2\labels\train\scio_v2_88ea4c1c422241d0.txt","Master V2 YOLO label","YOLO annotation file paired with a Master V2 image","Keep"
"sciobraille-model-lab\datasets\master_v2\labels\train\scio_v2_8909605191150d96.txt","Master V2 YOLO label","YOLO annotation file paired with a Master V2 image","Keep"
"sciobraille-model-lab\datasets\master_v2\labels\train\scio_v2_8911790ff83359f3.txt","Master V2 YOLO label","YOLO annotation file paired with a Master V2 image","Keep"
"sciobraille-model-lab\datasets\master_v2\labels\train\scio_v2_894949cea773f3a5.txt","Master V2 YOLO label","YOLO annotation file paired with a Master V2 image","Keep"
"sciobraille-model-lab\datasets\master_v2\labels\train\scio_v2_8961554ea876e4c6.txt","Master V2 YOLO label","YOLO annotation file paired with a Master V2 image","Keep"
"sciobraille-model-lab\datasets\master_v2\labels\train\scio_v2_896a69fbd930254c.txt","Master V2 YOLO label","YOLO annotation file paired with a Master V2 image","Keep"
"sciobraille-model-lab\datasets\master_v2\labels\train\scio_v2_899b24314e4349ce.txt","Master V2 YOLO label","YOLO annotation file paired with a Master V2 image","Keep"
"sciobraille-model-lab\datasets\master_v2\labels\train\scio_v2_8a188ee932923248.txt","Master V2 YOLO label","YOLO annotation file paired with a Master V2 image","Keep"
"sciobraille-model-lab\datasets\master_v2\labels\train\scio_v2_8a22dad99fb4c659.txt","Master V2 YOLO label","YOLO annotation file paired with a Master V2 image","Keep"
"sciobraille-model-lab\datasets\master_v2\labels\train\scio_v2_8a53bc58c2ebb6ec.txt","Master V2 YOLO label","YOLO annotation file paired with a Master V2 image","Keep"
"sciobraille-model-lab\datasets\master_v2\labels\train\scio_v2_8a68b794524883fc.txt","Master V2 YOLO label","YOLO annotation file paired with a Master V2 image","Keep"
"sciobraille-model-lab\datasets\master_v2\labels\train\scio_v2_8a85b1bf06f7f44e.txt","Master V2 YOLO label","YOLO annotation file paired with a Master V2 image","Keep"
"sciobraille-model-lab\datasets\master_v2\labels\train\scio_v2_8a9164f5e5540353.txt","Master V2 YOLO label","YOLO annotation file paired with a Master V2 image","Keep"
"sciobraille-model-lab\datasets\master_v2\labels\train\scio_v2_8ab5c34b9f4d69d5.txt","Master V2 YOLO label","YOLO annotation file paired with a Master V2 image","Keep"
"sciobraille-model-lab\datasets\master_v2\labels\train\scio_v2_8ab99935b4e3e344.txt","Master V2 YOLO label","YOLO annotation file paired with a Master V2 image","Keep"
"sciobraille-model-lab\datasets\master_v2\labels\train\scio_v2_8ae719e164301b83.txt","Master V2 YOLO label","YOLO annotation file paired with a Master V2 image","Keep"
"sciobraille-model-lab\datasets\master_v2\labels\train\scio_v2_8ae8cc2fd46265fe.txt","Master V2 YOLO label","YOLO annotation file paired with a Master V2 image","Keep"
"sciobraille-model-lab\datasets\master_v2\labels\train\scio_v2_8b65336b39026468.txt","Master V2 YOLO label","YOLO annotation file paired with a Master V2 image","Keep"
"sciobraille-model-lab\datasets\master_v2\labels\train\scio_v2_8b9df506cce30a44.txt","Master V2 YOLO label","YOLO annotation file paired with a Master V2 image","Keep"
"sciobraille-model-lab\datasets\master_v2\labels\train\scio_v2_8bb67dc6a2f46cb6.txt","Master V2 YOLO label","YOLO annotation file paired with a Master V2 image","Keep"
"sciobraille-model-lab\datasets\master_v2\labels\train\scio_v2_8bd4d2b7bd04c0d0.txt","Master V2 YOLO label","YOLO annotation file paired with a Master V2 image","Keep"
"sciobraille-model-lab\datasets\master_v2\labels\train\scio_v2_8c056baba7373453.txt","Master V2 YOLO label","YOLO annotation file paired with a Master V2 image","Keep"
"sciobraille-model-lab\datasets\master_v2\labels\train\scio_v2_8c283caf87f25b7a.txt","Master V2 YOLO label","YOLO annotation file paired with a Master V2 image","Keep"
"sciobraille-model-lab\datasets\master_v2\labels\train\scio_v2_8c3c67011e47f3ec.txt","Master V2 YOLO label","YOLO annotation file paired with a Master V2 image","Keep"
"sciobraille-model-lab\datasets\master_v2\labels\train\scio_v2_8c4298721096f074.txt","Master V2 YOLO label","YOLO annotation file paired with a Master V2 image","Keep"
"sciobraille-model-lab\datasets\master_v2\labels\train\scio_v2_8c5522f4da90708e.txt","Master V2 YOLO label","YOLO annotation file paired with a Master V2 image","Keep"
"sciobraille-model-lab\datasets\master_v2\labels\train\scio_v2_8c6408a0cd6f0bbe.txt","Master V2 YOLO label","YOLO annotation file paired with a Master V2 image","Keep"
"sciobraille-model-lab\datasets\master_v2\labels\train\scio_v2_8c80d010e7d38c10.txt","Master V2 YOLO label","YOLO annotation file paired with a Master V2 image","Keep"
"sciobraille-model-lab\datasets\master_v2\labels\train\scio_v2_8c81bd8d4fa4f888.txt","Master V2 YOLO label","YOLO annotation file paired with a Master V2 image","Keep"
"sciobraille-model-lab\datasets\master_v2\labels\train\scio_v2_8ca508e223395450.txt","Master V2 YOLO label","YOLO annotation file paired with a Master V2 image","Keep"
"sciobraille-model-lab\datasets\master_v2\labels\train\scio_v2_8cd974c9d578fc6b.txt","Master V2 YOLO label","YOLO annotation file paired with a Master V2 image","Keep"
"sciobraille-model-lab\datasets\master_v2\labels\train\scio_v2_8cee8bd07fbed039.txt","Master V2 YOLO label","YOLO annotation file paired with a Master V2 image","Keep"
"sciobraille-model-lab\datasets\master_v2\labels\train\scio_v2_8d154ba2a68ce593.txt","Master V2 YOLO label","YOLO annotation file paired with a Master V2 image","Keep"
"sciobraille-model-lab\datasets\master_v2\labels\train\scio_v2_8d2cfd78a61f60b2.txt","Master V2 YOLO label","YOLO annotation file paired with a Master V2 image","Keep"
"sciobraille-model-lab\datasets\master_v2\labels\train\scio_v2_8d37308408709da4.txt","Master V2 YOLO label","YOLO annotation file paired with a Master V2 image","Keep"
"sciobraille-model-lab\datasets\master_v2\labels\train\scio_v2_8d4cf155d7cd1f2c.txt","Master V2 YOLO label","YOLO annotation file paired with a Master V2 image","Keep"
"sciobraille-model-lab\datasets\master_v2\labels\train\scio_v2_8d8f821a025c9219.txt","Master V2 YOLO label","YOLO annotation file paired with a Master V2 image","Keep"
"sciobraille-model-lab\datasets\master_v2\labels\train\scio_v2_8d921b205a5022b7.txt","Master V2 YOLO label","YOLO annotation file paired with a Master V2 image","Keep"
"sciobraille-model-lab\datasets\master_v2\labels\train\scio_v2_8da929a97fe13684.txt","Master V2 YOLO label","YOLO annotation file paired with a Master V2 image","Keep"
"sciobraille-model-lab\datasets\master_v2\labels\train\scio_v2_8dcd1f1e68aeeef6.txt","Master V2 YOLO label","YOLO annotation file paired with a Master V2 image","Keep"
"sciobraille-model-lab\datasets\master_v2\labels\train\scio_v2_8de76872883a5d7a.txt","Master V2 YOLO label","YOLO annotation file paired with a Master V2 image","Keep"
"sciobraille-model-lab\datasets\master_v2\labels\train\scio_v2_8dff892478687d35.txt","Master V2 YOLO label","YOLO annotation file paired with a Master V2 image","Keep"
"sciobraille-model-lab\datasets\master_v2\labels\train\scio_v2_8e0605cd54745c4b.txt","Master V2 YOLO label","YOLO annotation file paired with a Master V2 image","Keep"
"sciobraille-model-lab\datasets\master_v2\labels\train\scio_v2_8e0607d65ca2036e.txt","Master V2 YOLO label","YOLO annotation file paired with a Master V2 image","Keep"
"sciobraille-model-lab\datasets\master_v2\labels\train\scio_v2_8e38c51a5cac02a7.txt","Master V2 YOLO label","YOLO annotation file paired with a Master V2 image","Keep"
"sciobraille-model-lab\datasets\master_v2\labels\train\scio_v2_8e74bf7cde86ee98.txt","Master V2 YOLO label","YOLO annotation file paired with a Master V2 image","Keep"
"sciobraille-model-lab\datasets\master_v2\labels\train\scio_v2_8ed1498498ccd252.txt","Master V2 YOLO label","YOLO annotation file paired with a Master V2 image","Keep"
"sciobraille-model-lab\datasets\master_v2\labels\train\scio_v2_8ee1c0afdc41d654.txt","Master V2 YOLO label","YOLO annotation file paired with a Master V2 image","Keep"
"sciobraille-model-lab\datasets\master_v2\labels\train\scio_v2_8f0d6dd5105423eb.txt","Master V2 YOLO label","YOLO annotation file paired with a Master V2 image","Keep"
"sciobraille-model-lab\datasets\master_v2\labels\train\scio_v2_8f3b33dccc0135f1.txt","Master V2 YOLO label","YOLO annotation file paired with a Master V2 image","Keep"
"sciobraille-model-lab\datasets\master_v2\labels\train\scio_v2_8f3e5c43bce4ba5c.txt","Master V2 YOLO label","YOLO annotation file paired with a Master V2 image","Keep"
"sciobraille-model-lab\datasets\master_v2\labels\train\scio_v2_8f4f9c90d7859db7.txt","Master V2 YOLO label","YOLO annotation file paired with a Master V2 image","Keep"
"sciobraille-model-lab\datasets\master_v2\labels\train\scio_v2_8f82e6523466cc2e.txt","Master V2 YOLO label","YOLO annotation file paired with a Master V2 image","Keep"
"sciobraille-model-lab\datasets\master_v2\labels\train\scio_v2_8f8cd3ba29deae2e.txt","Master V2 YOLO label","YOLO annotation file paired with a Master V2 image","Keep"
"sciobraille-model-lab\datasets\master_v2\labels\train\scio_v2_8fd1226733aa9dbb.txt","Master V2 YOLO label","YOLO annotation file paired with a Master V2 image","Keep"
"sciobraille-model-lab\datasets\master_v2\labels\train\scio_v2_9005652ab230ddfd.txt","Master V2 YOLO label","YOLO annotation file paired with a Master V2 image","Keep"
"sciobraille-model-lab\datasets\master_v2\labels\train\scio_v2_903e778af9f4cac4.txt","Master V2 YOLO label","YOLO annotation file paired with a Master V2 image","Keep"
"sciobraille-model-lab\datasets\master_v2\labels\train\scio_v2_909b5ce7b7f3542b.txt","Master V2 YOLO label","YOLO annotation file paired with a Master V2 image","Keep"
"sciobraille-model-lab\datasets\master_v2\labels\train\scio_v2_90f3054fa5f88816.txt","Master V2 YOLO label","YOLO annotation file paired with a Master V2 image","Keep"
"sciobraille-model-lab\datasets\master_v2\labels\train\scio_v2_914da38888a719d6.txt","Master V2 YOLO label","YOLO annotation file paired with a Master V2 image","Keep"
"sciobraille-model-lab\datasets\master_v2\labels\train\scio_v2_9156330742a72881.txt","Master V2 YOLO label","YOLO annotation file paired with a Master V2 image","Keep"
"sciobraille-model-lab\datasets\master_v2\labels\train\scio_v2_917960bda05a17fa.txt","Master V2 YOLO label","YOLO annotation file paired with a Master V2 image","Keep"
"sciobraille-model-lab\datasets\master_v2\labels\train\scio_v2_918929d7a835ae0d.txt","Master V2 YOLO label","YOLO annotation file paired with a Master V2 image","Keep"
"sciobraille-model-lab\datasets\master_v2\labels\train\scio_v2_91ad7caf0e376cdb.txt","Master V2 YOLO label","YOLO annotation file paired with a Master V2 image","Keep"
"sciobraille-model-lab\datasets\master_v2\labels\train\scio_v2_92837013aa9eaebc.txt","Master V2 YOLO label","YOLO annotation file paired with a Master V2 image","Keep"
"sciobraille-model-lab\datasets\master_v2\labels\train\scio_v2_9287746e144325f2.txt","Master V2 YOLO label","YOLO annotation file paired with a Master V2 image","Keep"
"sciobraille-model-lab\datasets\master_v2\labels\train\scio_v2_928e880e96e8777d.txt","Master V2 YOLO label","YOLO annotation file paired with a Master V2 image","Keep"
"sciobraille-model-lab\datasets\master_v2\labels\train\scio_v2_92e9eda70251f5a6.txt","Master V2 YOLO label","YOLO annotation file paired with a Master V2 image","Keep"
"sciobraille-model-lab\datasets\master_v2\labels\train\scio_v2_936810e61bdad313.txt","Master V2 YOLO label","YOLO annotation file paired with a Master V2 image","Keep"
"sciobraille-model-lab\datasets\master_v2\labels\train\scio_v2_936852e13713b5e2.txt","Master V2 YOLO label","YOLO annotation file paired with a Master V2 image","Keep"
"sciobraille-model-lab\datasets\master_v2\labels\train\scio_v2_93691469a80e4c68.txt","Master V2 YOLO label","YOLO annotation file paired with a Master V2 image","Keep"
"sciobraille-model-lab\datasets\master_v2\labels\train\scio_v2_937b51e00d612a8e.txt","Master V2 YOLO label","YOLO annotation file paired with a Master V2 image","Keep"
"sciobraille-model-lab\datasets\master_v2\labels\train\scio_v2_9393b3c6943ce013.txt","Master V2 YOLO label","YOLO annotation file paired with a Master V2 image","Keep"
"sciobraille-model-lab\datasets\master_v2\labels\train\scio_v2_93ae05e6d8d6356c.txt","Master V2 YOLO label","YOLO annotation file paired with a Master V2 image","Keep"
"sciobraille-model-lab\datasets\master_v2\labels\train\scio_v2_93c9d1b6128b4bd0.txt","Master V2 YOLO label","YOLO annotation file paired with a Master V2 image","Keep"
"sciobraille-model-lab\datasets\master_v2\labels\train\scio_v2_93caa54bd120867f.txt","Master V2 YOLO label","YOLO annotation file paired with a Master V2 image","Keep"
"sciobraille-model-lab\datasets\master_v2\labels\train\scio_v2_93e0534a9b4d801c.txt","Master V2 YOLO label","YOLO annotation file paired with a Master V2 image","Keep"
"sciobraille-model-lab\datasets\master_v2\labels\train\scio_v2_93e4941cd61347ac.txt","Master V2 YOLO label","YOLO annotation file paired with a Master V2 image","Keep"
"sciobraille-model-lab\datasets\master_v2\labels\train\scio_v2_93e5546d5217b307.txt","Master V2 YOLO label","YOLO annotation file paired with a Master V2 image","Keep"
"sciobraille-model-lab\datasets\master_v2\labels\train\scio_v2_93eabdc868b2eea3.txt","Master V2 YOLO label","YOLO annotation file paired with a Master V2 image","Keep"
"sciobraille-model-lab\datasets\master_v2\labels\train\scio_v2_93fa1699ca3452c3.txt","Master V2 YOLO label","YOLO annotation file paired with a Master V2 image","Keep"
"sciobraille-model-lab\datasets\master_v2\labels\train\scio_v2_944a161fd1260a64.txt","Master V2 YOLO label","YOLO annotation file paired with a Master V2 image","Keep"
"sciobraille-model-lab\datasets\master_v2\labels\train\scio_v2_94878e0fead2f4f0.txt","Master V2 YOLO label","YOLO annotation file paired with a Master V2 image","Keep"
"sciobraille-model-lab\datasets\master_v2\labels\train\scio_v2_9497a845f70c6dc0.txt","Master V2 YOLO label","YOLO annotation file paired with a Master V2 image","Keep"
"sciobraille-model-lab\datasets\master_v2\labels\train\scio_v2_94a0154cfb441bcf.txt","Master V2 YOLO label","YOLO annotation file paired with a Master V2 image","Keep"
"sciobraille-model-lab\datasets\master_v2\labels\train\scio_v2_94b5a8953184fc23.txt","Master V2 YOLO label","YOLO annotation file paired with a Master V2 image","Keep"
"sciobraille-model-lab\datasets\master_v2\labels\train\scio_v2_94ba481f153e862b.txt","Master V2 YOLO label","YOLO annotation file paired with a Master V2 image","Keep"
"sciobraille-model-lab\datasets\master_v2\labels\train\scio_v2_94dddcf504335947.txt","Master V2 YOLO label","YOLO annotation file paired with a Master V2 image","Keep"
"sciobraille-model-lab\datasets\master_v2\labels\train\scio_v2_94e727f7fe03e8da.txt","Master V2 YOLO label","YOLO annotation file paired with a Master V2 image","Keep"
"sciobraille-model-lab\datasets\master_v2\labels\train\scio_v2_94f69207152eb45a.txt","Master V2 YOLO label","YOLO annotation file paired with a Master V2 image","Keep"
"sciobraille-model-lab\datasets\master_v2\labels\train\scio_v2_9574af453f5ec045.txt","Master V2 YOLO label","YOLO annotation file paired with a Master V2 image","Keep"
"sciobraille-model-lab\datasets\master_v2\labels\train\scio_v2_960986a8883de6d0.txt","Master V2 YOLO label","YOLO annotation file paired with a Master V2 image","Keep"
"sciobraille-model-lab\datasets\master_v2\labels\train\scio_v2_9623deabb7e0c696.txt","Master V2 YOLO label","YOLO annotation file paired with a Master V2 image","Keep"
"sciobraille-model-lab\datasets\master_v2\labels\train\scio_v2_9669f7d596d55ecc.txt","Master V2 YOLO label","YOLO annotation file paired with a Master V2 image","Keep"
"sciobraille-model-lab\datasets\master_v2\labels\train\scio_v2_968ee0f1c6602f18.txt","Master V2 YOLO label","YOLO annotation file paired with a Master V2 image","Keep"
"sciobraille-model-lab\datasets\master_v2\labels\train\scio_v2_969890dd72636c1d.txt","Master V2 YOLO label","YOLO annotation file paired with a Master V2 image","Keep"
"sciobraille-model-lab\datasets\master_v2\labels\train\scio_v2_96a43bedfbf720d1.txt","Master V2 YOLO label","YOLO annotation file paired with a Master V2 image","Keep"
"sciobraille-model-lab\datasets\master_v2\labels\train\scio_v2_96c8732cb14c83d2.txt","Master V2 YOLO label","YOLO annotation file paired with a Master V2 image","Keep"
"sciobraille-model-lab\datasets\master_v2\labels\train\scio_v2_96d03b27859065ff.txt","Master V2 YOLO label","YOLO annotation file paired with a Master V2 image","Keep"
"sciobraille-model-lab\datasets\master_v2\labels\train\scio_v2_96d514d01b554643.txt","Master V2 YOLO label","YOLO annotation file paired with a Master V2 image","Keep"
"sciobraille-model-lab\datasets\master_v2\labels\train\scio_v2_96dad7e08bd5c5fc.txt","Master V2 YOLO label","YOLO annotation file paired with a Master V2 image","Keep"
"sciobraille-model-lab\datasets\master_v2\labels\train\scio_v2_970bc579cff604c3.txt","Master V2 YOLO label","YOLO annotation file paired with a Master V2 image","Keep"
"sciobraille-model-lab\datasets\master_v2\labels\train\scio_v2_97385ec543788e51.txt","Master V2 YOLO label","YOLO annotation file paired with a Master V2 image","Keep"
"sciobraille-model-lab\datasets\master_v2\labels\train\scio_v2_9744ed8772e5bf75.txt","Master V2 YOLO label","YOLO annotation file paired with a Master V2 image","Keep"
"sciobraille-model-lab\datasets\master_v2\labels\train\scio_v2_97b62e19a157ca68.txt","Master V2 YOLO label","YOLO annotation file paired with a Master V2 image","Keep"
"sciobraille-model-lab\datasets\master_v2\labels\train\scio_v2_97d1930f363b0bcb.txt","Master V2 YOLO label","YOLO annotation file paired with a Master V2 image","Keep"
"sciobraille-model-lab\datasets\master_v2\labels\train\scio_v2_97d20af27e3ba11e.txt","Master V2 YOLO label","YOLO annotation file paired with a Master V2 image","Keep"
"sciobraille-model-lab\datasets\master_v2\labels\train\scio_v2_982531e4960d17f1.txt","Master V2 YOLO label","YOLO annotation file paired with a Master V2 image","Keep"
"sciobraille-model-lab\datasets\master_v2\labels\train\scio_v2_98417fd8ebb9639e.txt","Master V2 YOLO label","YOLO annotation file paired with a Master V2 image","Keep"
"sciobraille-model-lab\datasets\master_v2\labels\train\scio_v2_98a95ccf10d9a44c.txt","Master V2 YOLO label","YOLO annotation file paired with a Master V2 image","Keep"
"sciobraille-model-lab\datasets\master_v2\labels\train\scio_v2_98e50cedf8ce0b68.txt","Master V2 YOLO label","YOLO annotation file paired with a Master V2 image","Keep"
"sciobraille-model-lab\datasets\master_v2\labels\train\scio_v2_98f8f5873082cb1d.txt","Master V2 YOLO label","YOLO annotation file paired with a Master V2 image","Keep"
"sciobraille-model-lab\datasets\master_v2\labels\train\scio_v2_9926fab73b97206d.txt","Master V2 YOLO label","YOLO annotation file paired with a Master V2 image","Keep"
"sciobraille-model-lab\datasets\master_v2\labels\train\scio_v2_99444bf77d846983.txt","Master V2 YOLO label","YOLO annotation file paired with a Master V2 image","Keep"
"sciobraille-model-lab\datasets\master_v2\labels\train\scio_v2_9947a7772c837c28.txt","Master V2 YOLO label","YOLO annotation file paired with a Master V2 image","Keep"
"sciobraille-model-lab\datasets\master_v2\labels\train\scio_v2_99a0808500ef9f86.txt","Master V2 YOLO label","YOLO annotation file paired with a Master V2 image","Keep"
"sciobraille-model-lab\datasets\master_v2\labels\train\scio_v2_99dc6a52321229be.txt","Master V2 YOLO label","YOLO annotation file paired with a Master V2 image","Keep"
"sciobraille-model-lab\datasets\master_v2\labels\train\scio_v2_9a20795c32d2db72.txt","Master V2 YOLO label","YOLO annotation file paired with a Master V2 image","Keep"
"sciobraille-model-lab\datasets\master_v2\labels\train\scio_v2_9a3090691e8ac519.txt","Master V2 YOLO label","YOLO annotation file paired with a Master V2 image","Keep"
"sciobraille-model-lab\datasets\master_v2\labels\train\scio_v2_9a39b21797644389.txt","Master V2 YOLO label","YOLO annotation file paired with a Master V2 image","Keep"
"sciobraille-model-lab\datasets\master_v2\labels\train\scio_v2_9a50989d6f61cb1c.txt","Master V2 YOLO label","YOLO annotation file paired with a Master V2 image","Keep"
"sciobraille-model-lab\datasets\master_v2\labels\train\scio_v2_9a972c8aa6ce3f62.txt","Master V2 YOLO label","YOLO annotation file paired with a Master V2 image","Keep"
"sciobraille-model-lab\datasets\master_v2\labels\train\scio_v2_9a9beafc7511ef4e.txt","Master V2 YOLO label","YOLO annotation file paired with a Master V2 image","Keep"
"sciobraille-model-lab\datasets\master_v2\labels\train\scio_v2_9ad3d98140eb6c0f.txt","Master V2 YOLO label","YOLO annotation file paired with a Master V2 image","Keep"
"sciobraille-model-lab\datasets\master_v2\labels\train\scio_v2_9af9b1dc79822da7.txt","Master V2 YOLO label","YOLO annotation file paired with a Master V2 image","Keep"
"sciobraille-model-lab\datasets\master_v2\labels\train\scio_v2_9b0e764e9e20dc51.txt","Master V2 YOLO label","YOLO annotation file paired with a Master V2 image","Keep"
"sciobraille-model-lab\datasets\master_v2\labels\train\scio_v2_9b0ea800e23e7df0.txt","Master V2 YOLO label","YOLO annotation file paired with a Master V2 image","Keep"
"sciobraille-model-lab\datasets\master_v2\labels\train\scio_v2_9b2c653609f0094e.txt","Master V2 YOLO label","YOLO annotation file paired with a Master V2 image","Keep"
"sciobraille-model-lab\datasets\master_v2\labels\train\scio_v2_9bbd16b8744a2a90.txt","Master V2 YOLO label","YOLO annotation file paired with a Master V2 image","Keep"
"sciobraille-model-lab\datasets\master_v2\labels\train\scio_v2_9c6f5cae694b8a38.txt","Master V2 YOLO label","YOLO annotation file paired with a Master V2 image","Keep"
"sciobraille-model-lab\datasets\master_v2\labels\train\scio_v2_9c7ab933b2626bb8.txt","Master V2 YOLO label","YOLO annotation file paired with a Master V2 image","Keep"
"sciobraille-model-lab\datasets\master_v2\labels\train\scio_v2_9ca18eb3e8b00e4a.txt","Master V2 YOLO label","YOLO annotation file paired with a Master V2 image","Keep"
"sciobraille-model-lab\datasets\master_v2\labels\train\scio_v2_9ca8bebde639009b.txt","Master V2 YOLO label","YOLO annotation file paired with a Master V2 image","Keep"
"sciobraille-model-lab\datasets\master_v2\labels\train\scio_v2_9ce54e54648ae7a4.txt","Master V2 YOLO label","YOLO annotation file paired with a Master V2 image","Keep"
"sciobraille-model-lab\datasets\master_v2\labels\train\scio_v2_9d0228b48828a822.txt","Master V2 YOLO label","YOLO annotation file paired with a Master V2 image","Keep"
"sciobraille-model-lab\datasets\master_v2\labels\train\scio_v2_9db0ba5c0ab6043b.txt","Master V2 YOLO label","YOLO annotation file paired with a Master V2 image","Keep"
"sciobraille-model-lab\datasets\master_v2\labels\train\scio_v2_9dfa5fa3922af2f6.txt","Master V2 YOLO label","YOLO annotation file paired with a Master V2 image","Keep"
"sciobraille-model-lab\datasets\master_v2\labels\train\scio_v2_9dfcf4e11ec34929.txt","Master V2 YOLO label","YOLO annotation file paired with a Master V2 image","Keep"
"sciobraille-model-lab\datasets\master_v2\labels\train\scio_v2_9e3617939c8e3fcf.txt","Master V2 YOLO label","YOLO annotation file paired with a Master V2 image","Keep"
"sciobraille-model-lab\datasets\master_v2\labels\train\scio_v2_9e3b6f82c43d4abf.txt","Master V2 YOLO label","YOLO annotation file paired with a Master V2 image","Keep"
"sciobraille-model-lab\datasets\master_v2\labels\train\scio_v2_9e9ce47ee87230aa.txt","Master V2 YOLO label","YOLO annotation file paired with a Master V2 image","Keep"
"sciobraille-model-lab\datasets\master_v2\labels\train\scio_v2_9eceeb106fb5fcb4.txt","Master V2 YOLO label","YOLO annotation file paired with a Master V2 image","Keep"
"sciobraille-model-lab\datasets\master_v2\labels\train\scio_v2_9f4713711af3af68.txt","Master V2 YOLO label","YOLO annotation file paired with a Master V2 image","Keep"
"sciobraille-model-lab\datasets\master_v2\labels\train\scio_v2_9f6ebb48c9cd60a9.txt","Master V2 YOLO label","YOLO annotation file paired with a Master V2 image","Keep"
"sciobraille-model-lab\datasets\master_v2\labels\train\scio_v2_9fa7b59d06817092.txt","Master V2 YOLO label","YOLO annotation file paired with a Master V2 image","Keep"
"sciobraille-model-lab\datasets\master_v2\labels\train\scio_v2_9fb04479022b6ec5.txt","Master V2 YOLO label","YOLO annotation file paired with a Master V2 image","Keep"
"sciobraille-model-lab\datasets\master_v2\labels\train\scio_v2_9fb83928d4f8f66d.txt","Master V2 YOLO label","YOLO annotation file paired with a Master V2 image","Keep"
"sciobraille-model-lab\datasets\master_v2\labels\train\scio_v2_a003dd1db6be7b58.txt","Master V2 YOLO label","YOLO annotation file paired with a Master V2 image","Keep"
"sciobraille-model-lab\datasets\master_v2\labels\train\scio_v2_a009de0ab526a869.txt","Master V2 YOLO label","YOLO annotation file paired with a Master V2 image","Keep"
"sciobraille-model-lab\datasets\master_v2\labels\train\scio_v2_a01b917ac1926b04.txt","Master V2 YOLO label","YOLO annotation file paired with a Master V2 image","Keep"
"sciobraille-model-lab\datasets\master_v2\labels\train\scio_v2_a047814ca545114d.txt","Master V2 YOLO label","YOLO annotation file paired with a Master V2 image","Keep"
"sciobraille-model-lab\datasets\master_v2\labels\train\scio_v2_a05244d1f9e11736.txt","Master V2 YOLO label","YOLO annotation file paired with a Master V2 image","Keep"
"sciobraille-model-lab\datasets\master_v2\labels\train\scio_v2_a0632c07ec7bf062.txt","Master V2 YOLO label","YOLO annotation file paired with a Master V2 image","Keep"
"sciobraille-model-lab\datasets\master_v2\labels\train\scio_v2_a08c9183d12b7668.txt","Master V2 YOLO label","YOLO annotation file paired with a Master V2 image","Keep"
"sciobraille-model-lab\datasets\master_v2\labels\train\scio_v2_a0ad4f98e8b924b7.txt","Master V2 YOLO label","YOLO annotation file paired with a Master V2 image","Keep"
"sciobraille-model-lab\datasets\master_v2\labels\train\scio_v2_a0aedef0b3102205.txt","Master V2 YOLO label","YOLO annotation file paired with a Master V2 image","Keep"
"sciobraille-model-lab\datasets\master_v2\labels\train\scio_v2_a0da93f3c5b11055.txt","Master V2 YOLO label","YOLO annotation file paired with a Master V2 image","Keep"
"sciobraille-model-lab\datasets\master_v2\labels\train\scio_v2_a0ded6cee5586c1d.txt","Master V2 YOLO label","YOLO annotation file paired with a Master V2 image","Keep"
"sciobraille-model-lab\datasets\master_v2\labels\train\scio_v2_a1034c4fa847cf44.txt","Master V2 YOLO label","YOLO annotation file paired with a Master V2 image","Keep"
"sciobraille-model-lab\datasets\master_v2\labels\train\scio_v2_a1939edaa36ea13f.txt","Master V2 YOLO label","YOLO annotation file paired with a Master V2 image","Keep"
"sciobraille-model-lab\datasets\master_v2\labels\train\scio_v2_a1a471f819a05efb.txt","Master V2 YOLO label","YOLO annotation file paired with a Master V2 image","Keep"
"sciobraille-model-lab\datasets\master_v2\labels\train\scio_v2_a1d5b6ec96c9f42a.txt","Master V2 YOLO label","YOLO annotation file paired with a Master V2 image","Keep"
"sciobraille-model-lab\datasets\master_v2\labels\train\scio_v2_a1e1ffd583dd7c29.txt","Master V2 YOLO label","YOLO annotation file paired with a Master V2 image","Keep"
"sciobraille-model-lab\datasets\master_v2\labels\train\scio_v2_a1e37df9b4bc53e3.txt","Master V2 YOLO label","YOLO annotation file paired with a Master V2 image","Keep"
"sciobraille-model-lab\datasets\master_v2\labels\train\scio_v2_a1f78ff419aa2309.txt","Master V2 YOLO label","YOLO annotation file paired with a Master V2 image","Keep"
"sciobraille-model-lab\datasets\master_v2\labels\train\scio_v2_a1f8c7b23bbc1af9.txt","Master V2 YOLO label","YOLO annotation file paired with a Master V2 image","Keep"
"sciobraille-model-lab\datasets\master_v2\labels\train\scio_v2_a232f3f15d980106.txt","Master V2 YOLO label","YOLO annotation file paired with a Master V2 image","Keep"
"sciobraille-model-lab\datasets\master_v2\labels\train\scio_v2_a2344e3635c92187.txt","Master V2 YOLO label","YOLO annotation file paired with a Master V2 image","Keep"
"sciobraille-model-lab\datasets\master_v2\labels\train\scio_v2_a275921459720b73.txt","Master V2 YOLO label","YOLO annotation file paired with a Master V2 image","Keep"
"sciobraille-model-lab\datasets\master_v2\labels\train\scio_v2_a279a90f3ecffb3b.txt","Master V2 YOLO label","YOLO annotation file paired with a Master V2 image","Keep"
"sciobraille-model-lab\datasets\master_v2\labels\train\scio_v2_a299f391c1735f7f.txt","Master V2 YOLO label","YOLO annotation file paired with a Master V2 image","Keep"
"sciobraille-model-lab\datasets\master_v2\labels\train\scio_v2_a2d97fd93c3f2a2f.txt","Master V2 YOLO label","YOLO annotation file paired with a Master V2 image","Keep"
"sciobraille-model-lab\datasets\master_v2\labels\train\scio_v2_a305c426769d00f2.txt","Master V2 YOLO label","YOLO annotation file paired with a Master V2 image","Keep"
"sciobraille-model-lab\datasets\master_v2\labels\train\scio_v2_a3071a62021587a7.txt","Master V2 YOLO label","YOLO annotation file paired with a Master V2 image","Keep"
"sciobraille-model-lab\datasets\master_v2\labels\train\scio_v2_a3a5b97b2d3c5c1d.txt","Master V2 YOLO label","YOLO annotation file paired with a Master V2 image","Keep"
"sciobraille-model-lab\datasets\master_v2\labels\train\scio_v2_a41fec9085ee1bbb.txt","Master V2 YOLO label","YOLO annotation file paired with a Master V2 image","Keep"
"sciobraille-model-lab\datasets\master_v2\labels\train\scio_v2_a460b9c4a4a0e0d0.txt","Master V2 YOLO label","YOLO annotation file paired with a Master V2 image","Keep"
"sciobraille-model-lab\datasets\master_v2\labels\train\scio_v2_a46f4b7d82f7e004.txt","Master V2 YOLO label","YOLO annotation file paired with a Master V2 image","Keep"
"sciobraille-model-lab\datasets\master_v2\labels\train\scio_v2_a495448faeaa1714.txt","Master V2 YOLO label","YOLO annotation file paired with a Master V2 image","Keep"
"sciobraille-model-lab\datasets\master_v2\labels\train\scio_v2_a4b15cb6faa60ae0.txt","Master V2 YOLO label","YOLO annotation file paired with a Master V2 image","Keep"
"sciobraille-model-lab\datasets\master_v2\labels\train\scio_v2_a4be91d6f064dfff.txt","Master V2 YOLO label","YOLO annotation file paired with a Master V2 image","Keep"
"sciobraille-model-lab\datasets\master_v2\labels\train\scio_v2_a4c692274aac009f.txt","Master V2 YOLO label","YOLO annotation file paired with a Master V2 image","Keep"
"sciobraille-model-lab\datasets\master_v2\labels\train\scio_v2_a4dbdd15048dfdce.txt","Master V2 YOLO label","YOLO annotation file paired with a Master V2 image","Keep"
"sciobraille-model-lab\datasets\master_v2\labels\train\scio_v2_a5228f09ab7ace4c.txt","Master V2 YOLO label","YOLO annotation file paired with a Master V2 image","Keep"
"sciobraille-model-lab\datasets\master_v2\labels\train\scio_v2_a5ab10f0aaa8831d.txt","Master V2 YOLO label","YOLO annotation file paired with a Master V2 image","Keep"
"sciobraille-model-lab\datasets\master_v2\labels\train\scio_v2_a5ab9a271b3a3dc2.txt","Master V2 YOLO label","YOLO annotation file paired with a Master V2 image","Keep"
"sciobraille-model-lab\datasets\master_v2\labels\train\scio_v2_a5f089dd12222a6e.txt","Master V2 YOLO label","YOLO annotation file paired with a Master V2 image","Keep"
"sciobraille-model-lab\datasets\master_v2\labels\train\scio_v2_a62b613d3060394c.txt","Master V2 YOLO label","YOLO annotation file paired with a Master V2 image","Keep"
"sciobraille-model-lab\datasets\master_v2\labels\train\scio_v2_a6a88dcf8d52ba1c.txt","Master V2 YOLO label","YOLO annotation file paired with a Master V2 image","Keep"
"sciobraille-model-lab\datasets\master_v2\labels\train\scio_v2_a79dd1fa00f76639.txt","Master V2 YOLO label","YOLO annotation file paired with a Master V2 image","Keep"
"sciobraille-model-lab\datasets\master_v2\labels\train\scio_v2_a7a4a61bd3d6092a.txt","Master V2 YOLO label","YOLO annotation file paired with a Master V2 image","Keep"
"sciobraille-model-lab\datasets\master_v2\labels\train\scio_v2_a7cbd5f6defba551.txt","Master V2 YOLO label","YOLO annotation file paired with a Master V2 image","Keep"
"sciobraille-model-lab\datasets\master_v2\labels\train\scio_v2_a7d5a9b85f516945.txt","Master V2 YOLO label","YOLO annotation file paired with a Master V2 image","Keep"
"sciobraille-model-lab\datasets\master_v2\labels\train\scio_v2_a7ea723b790d71ad.txt","Master V2 YOLO label","YOLO annotation file paired with a Master V2 image","Keep"
"sciobraille-model-lab\datasets\master_v2\labels\train\scio_v2_a7f9eef0bb2f0d6e.txt","Master V2 YOLO label","YOLO annotation file paired with a Master V2 image","Keep"
"sciobraille-model-lab\datasets\master_v2\labels\train\scio_v2_a8485b15859e6bc0.txt","Master V2 YOLO label","YOLO annotation file paired with a Master V2 image","Keep"
"sciobraille-model-lab\datasets\master_v2\labels\train\scio_v2_a8530bfb6f7375a6.txt","Master V2 YOLO label","YOLO annotation file paired with a Master V2 image","Keep"
"sciobraille-model-lab\datasets\master_v2\labels\train\scio_v2_a857650858eac68c.txt","Master V2 YOLO label","YOLO annotation file paired with a Master V2 image","Keep"
"sciobraille-model-lab\datasets\master_v2\labels\train\scio_v2_a86e1173d15adab6.txt","Master V2 YOLO label","YOLO annotation file paired with a Master V2 image","Keep"
"sciobraille-model-lab\datasets\master_v2\labels\train\scio_v2_a8944631a18aef21.txt","Master V2 YOLO label","YOLO annotation file paired with a Master V2 image","Keep"
"sciobraille-model-lab\datasets\master_v2\labels\train\scio_v2_a8a4a71208155aef.txt","Master V2 YOLO label","YOLO annotation file paired with a Master V2 image","Keep"
"sciobraille-model-lab\datasets\master_v2\labels\train\scio_v2_a8ea9ec5320851ff.txt","Master V2 YOLO label","YOLO annotation file paired with a Master V2 image","Keep"
"sciobraille-model-lab\datasets\master_v2\labels\train\scio_v2_a90d498c42b6a391.txt","Master V2 YOLO label","YOLO annotation file paired with a Master V2 image","Keep"
"sciobraille-model-lab\datasets\master_v2\labels\train\scio_v2_a90d9ec8f711403e.txt","Master V2 YOLO label","YOLO annotation file paired with a Master V2 image","Keep"
"sciobraille-model-lab\datasets\master_v2\labels\train\scio_v2_a9336a651b3f2aa8.txt","Master V2 YOLO label","YOLO annotation file paired with a Master V2 image","Keep"
"sciobraille-model-lab\datasets\master_v2\labels\train\scio_v2_a9453f2989a233de.txt","Master V2 YOLO label","YOLO annotation file paired with a Master V2 image","Keep"
"sciobraille-model-lab\datasets\master_v2\labels\train\scio_v2_a953deb3cf55631f.txt","Master V2 YOLO label","YOLO annotation file paired with a Master V2 image","Keep"
"sciobraille-model-lab\datasets\master_v2\labels\train\scio_v2_a95d0f6998edce1a.txt","Master V2 YOLO label","YOLO annotation file paired with a Master V2 image","Keep"
"sciobraille-model-lab\datasets\master_v2\labels\train\scio_v2_a97524c37be5dd8e.txt","Master V2 YOLO label","YOLO annotation file paired with a Master V2 image","Keep"
"sciobraille-model-lab\datasets\master_v2\labels\train\scio_v2_a97a996395e081f2.txt","Master V2 YOLO label","YOLO annotation file paired with a Master V2 image","Keep"
"sciobraille-model-lab\datasets\master_v2\labels\train\scio_v2_a99333b5dcd09fff.txt","Master V2 YOLO label","YOLO annotation file paired with a Master V2 image","Keep"
"sciobraille-model-lab\datasets\master_v2\labels\train\scio_v2_a9ed9c3f716eb55a.txt","Master V2 YOLO label","YOLO annotation file paired with a Master V2 image","Keep"
"sciobraille-model-lab\datasets\master_v2\labels\train\scio_v2_a9f250bf8bece356.txt","Master V2 YOLO label","YOLO annotation file paired with a Master V2 image","Keep"
"sciobraille-model-lab\datasets\master_v2\labels\train\scio_v2_a9f43e85ac35eeab.txt","Master V2 YOLO label","YOLO annotation file paired with a Master V2 image","Keep"
"sciobraille-model-lab\datasets\master_v2\labels\train\scio_v2_aa0dcbf89fd998d2.txt","Master V2 YOLO label","YOLO annotation file paired with a Master V2 image","Keep"
"sciobraille-model-lab\datasets\master_v2\labels\train\scio_v2_aa7d131d40f2cc9f.txt","Master V2 YOLO label","YOLO annotation file paired with a Master V2 image","Keep"
"sciobraille-model-lab\datasets\master_v2\labels\train\scio_v2_aa835e0ce0b21047.txt","Master V2 YOLO label","YOLO annotation file paired with a Master V2 image","Keep"
"sciobraille-model-lab\datasets\master_v2\labels\train\scio_v2_aaa6261ecb2473b1.txt","Master V2 YOLO label","YOLO annotation file paired with a Master V2 image","Keep"
"sciobraille-model-lab\datasets\master_v2\labels\train\scio_v2_aae897e96e8eb2ca.txt","Master V2 YOLO label","YOLO annotation file paired with a Master V2 image","Keep"
"sciobraille-model-lab\datasets\master_v2\labels\train\scio_v2_ab115f6a573a31d9.txt","Master V2 YOLO label","YOLO annotation file paired with a Master V2 image","Keep"
"sciobraille-model-lab\datasets\master_v2\labels\train\scio_v2_ab86a739ce6074f2.txt","Master V2 YOLO label","YOLO annotation file paired with a Master V2 image","Keep"
"sciobraille-model-lab\datasets\master_v2\labels\train\scio_v2_aba2f18d9029fd4e.txt","Master V2 YOLO label","YOLO annotation file paired with a Master V2 image","Keep"
"sciobraille-model-lab\datasets\master_v2\labels\train\scio_v2_aba3216478e12840.txt","Master V2 YOLO label","YOLO annotation file paired with a Master V2 image","Keep"
"sciobraille-model-lab\datasets\master_v2\labels\train\scio_v2_abdb013c5308b1b2.txt","Master V2 YOLO label","YOLO annotation file paired with a Master V2 image","Keep"
"sciobraille-model-lab\datasets\master_v2\labels\train\scio_v2_ac0ca62b882eeda2.txt","Master V2 YOLO label","YOLO annotation file paired with a Master V2 image","Keep"
"sciobraille-model-lab\datasets\master_v2\labels\train\scio_v2_ac28b9937292d7a3.txt","Master V2 YOLO label","YOLO annotation file paired with a Master V2 image","Keep"
"sciobraille-model-lab\datasets\master_v2\labels\train\scio_v2_ac2a10876795be91.txt","Master V2 YOLO label","YOLO annotation file paired with a Master V2 image","Keep"
"sciobraille-model-lab\datasets\master_v2\labels\train\scio_v2_ad34cfbc36083d3c.txt","Master V2 YOLO label","YOLO annotation file paired with a Master V2 image","Keep"
"sciobraille-model-lab\datasets\master_v2\labels\train\scio_v2_ad3efb6ba86b4630.txt","Master V2 YOLO label","YOLO annotation file paired with a Master V2 image","Keep"
"sciobraille-model-lab\datasets\master_v2\labels\train\scio_v2_ad5c0346a3817ee6.txt","Master V2 YOLO label","YOLO annotation file paired with a Master V2 image","Keep"
"sciobraille-model-lab\datasets\master_v2\labels\train\scio_v2_ada7603f0cf94681.txt","Master V2 YOLO label","YOLO annotation file paired with a Master V2 image","Keep"
"sciobraille-model-lab\datasets\master_v2\labels\train\scio_v2_adf015e27331743e.txt","Master V2 YOLO label","YOLO annotation file paired with a Master V2 image","Keep"
"sciobraille-model-lab\datasets\master_v2\labels\train\scio_v2_ae2ad678b2e22c7c.txt","Master V2 YOLO label","YOLO annotation file paired with a Master V2 image","Keep"
"sciobraille-model-lab\datasets\master_v2\labels\train\scio_v2_ae4a389d4ec3851a.txt","Master V2 YOLO label","YOLO annotation file paired with a Master V2 image","Keep"
"sciobraille-model-lab\datasets\master_v2\labels\train\scio_v2_aea4f74384b3bc27.txt","Master V2 YOLO label","YOLO annotation file paired with a Master V2 image","Keep"
"sciobraille-model-lab\datasets\master_v2\labels\train\scio_v2_aebbecc7840aa028.txt","Master V2 YOLO label","YOLO annotation file paired with a Master V2 image","Keep"
"sciobraille-model-lab\datasets\master_v2\labels\train\scio_v2_aecb1e7b97521519.txt","Master V2 YOLO label","YOLO annotation file paired with a Master V2 image","Keep"
"sciobraille-model-lab\datasets\master_v2\labels\train\scio_v2_aed834bb448fce46.txt","Master V2 YOLO label","YOLO annotation file paired with a Master V2 image","Keep"
"sciobraille-model-lab\datasets\master_v2\labels\train\scio_v2_aeec34db07502c2a.txt","Master V2 YOLO label","YOLO annotation file paired with a Master V2 image","Keep"
"sciobraille-model-lab\datasets\master_v2\labels\train\scio_v2_af430748cff65fb7.txt","Master V2 YOLO label","YOLO annotation file paired with a Master V2 image","Keep"
"sciobraille-model-lab\datasets\master_v2\labels\train\scio_v2_af87bdbf127fb960.txt","Master V2 YOLO label","YOLO annotation file paired with a Master V2 image","Keep"
"sciobraille-model-lab\datasets\master_v2\labels\train\scio_v2_afa69df18cb0b99f.txt","Master V2 YOLO label","YOLO annotation file paired with a Master V2 image","Keep"
"sciobraille-model-lab\datasets\master_v2\labels\train\scio_v2_afb6d76f5824fc72.txt","Master V2 YOLO label","YOLO annotation file paired with a Master V2 image","Keep"
"sciobraille-model-lab\datasets\master_v2\labels\train\scio_v2_afd7f009589db35a.txt","Master V2 YOLO label","YOLO annotation file paired with a Master V2 image","Keep"
"sciobraille-model-lab\datasets\master_v2\labels\train\scio_v2_afe787e66592e1a3.txt","Master V2 YOLO label","YOLO annotation file paired with a Master V2 image","Keep"
"sciobraille-model-lab\datasets\master_v2\labels\train\scio_v2_b015d74a208e3d5e.txt","Master V2 YOLO label","YOLO annotation file paired with a Master V2 image","Keep"
"sciobraille-model-lab\datasets\master_v2\labels\train\scio_v2_b01610fdacec9513.txt","Master V2 YOLO label","YOLO annotation file paired with a Master V2 image","Keep"
"sciobraille-model-lab\datasets\master_v2\labels\train\scio_v2_b0267db3a25ccdb7.txt","Master V2 YOLO label","YOLO annotation file paired with a Master V2 image","Keep"
"sciobraille-model-lab\datasets\master_v2\labels\train\scio_v2_b056c3c88063dcda.txt","Master V2 YOLO label","YOLO annotation file paired with a Master V2 image","Keep"
"sciobraille-model-lab\datasets\master_v2\labels\train\scio_v2_b05a4783ee680645.txt","Master V2 YOLO label","YOLO annotation file paired with a Master V2 image","Keep"
"sciobraille-model-lab\datasets\master_v2\labels\train\scio_v2_b05e550ef97eae50.txt","Master V2 YOLO label","YOLO annotation file paired with a Master V2 image","Keep"
"sciobraille-model-lab\datasets\master_v2\labels\train\scio_v2_b0f90b2bd76afd4b.txt","Master V2 YOLO label","YOLO annotation file paired with a Master V2 image","Keep"
"sciobraille-model-lab\datasets\master_v2\labels\train\scio_v2_b109f9f0bd626133.txt","Master V2 YOLO label","YOLO annotation file paired with a Master V2 image","Keep"
"sciobraille-model-lab\datasets\master_v2\labels\train\scio_v2_b11b1343a91be4ac.txt","Master V2 YOLO label","YOLO annotation file paired with a Master V2 image","Keep"
"sciobraille-model-lab\datasets\master_v2\labels\train\scio_v2_b133e290d06d9cfe.txt","Master V2 YOLO label","YOLO annotation file paired with a Master V2 image","Keep"
"sciobraille-model-lab\datasets\master_v2\labels\train\scio_v2_b1d40676c8dbcfc8.txt","Master V2 YOLO label","YOLO annotation file paired with a Master V2 image","Keep"
"sciobraille-model-lab\datasets\master_v2\labels\train\scio_v2_b1ed0ccbbbd2748d.txt","Master V2 YOLO label","YOLO annotation file paired with a Master V2 image","Keep"
"sciobraille-model-lab\datasets\master_v2\labels\train\scio_v2_b231ac90b51af9db.txt","Master V2 YOLO label","YOLO annotation file paired with a Master V2 image","Keep"
"sciobraille-model-lab\datasets\master_v2\labels\train\scio_v2_b23aa464a5820d3c.txt","Master V2 YOLO label","YOLO annotation file paired with a Master V2 image","Keep"
"sciobraille-model-lab\datasets\master_v2\labels\train\scio_v2_b30112842a6956c3.txt","Master V2 YOLO label","YOLO annotation file paired with a Master V2 image","Keep"
"sciobraille-model-lab\datasets\master_v2\labels\train\scio_v2_b304c03122952ff8.txt","Master V2 YOLO label","YOLO annotation file paired with a Master V2 image","Keep"
"sciobraille-model-lab\datasets\master_v2\labels\train\scio_v2_b3fbbe5d7114a7e1.txt","Master V2 YOLO label","YOLO annotation file paired with a Master V2 image","Keep"
"sciobraille-model-lab\datasets\master_v2\labels\train\scio_v2_b3ff7f88b2b7ca2c.txt","Master V2 YOLO label","YOLO annotation file paired with a Master V2 image","Keep"
"sciobraille-model-lab\datasets\master_v2\labels\train\scio_v2_b428538fe136ab1f.txt","Master V2 YOLO label","YOLO annotation file paired with a Master V2 image","Keep"
"sciobraille-model-lab\datasets\master_v2\labels\train\scio_v2_b4f58d7a5e3a571f.txt","Master V2 YOLO label","YOLO annotation file paired with a Master V2 image","Keep"
"sciobraille-model-lab\datasets\master_v2\labels\train\scio_v2_b53c0c7042f9b031.txt","Master V2 YOLO label","YOLO annotation file paired with a Master V2 image","Keep"
"sciobraille-model-lab\datasets\master_v2\labels\train\scio_v2_b54fe9c4a909ea94.txt","Master V2 YOLO label","YOLO annotation file paired with a Master V2 image","Keep"
"sciobraille-model-lab\datasets\master_v2\labels\train\scio_v2_b581fbc3943d490f.txt","Master V2 YOLO label","YOLO annotation file paired with a Master V2 image","Keep"
"sciobraille-model-lab\datasets\master_v2\labels\train\scio_v2_b5a763190a18b458.txt","Master V2 YOLO label","YOLO annotation file paired with a Master V2 image","Keep"
"sciobraille-model-lab\datasets\master_v2\labels\train\scio_v2_b5e493081c49de92.txt","Master V2 YOLO label","YOLO annotation file paired with a Master V2 image","Keep"
"sciobraille-model-lab\datasets\master_v2\labels\train\scio_v2_b6214b9cc3829525.txt","Master V2 YOLO label","YOLO annotation file paired with a Master V2 image","Keep"
"sciobraille-model-lab\datasets\master_v2\labels\train\scio_v2_b6545e59d4bc10cb.txt","Master V2 YOLO label","YOLO annotation file paired with a Master V2 image","Keep"
"sciobraille-model-lab\datasets\master_v2\labels\train\scio_v2_b6e37bbeeb0ff96b.txt","Master V2 YOLO label","YOLO annotation file paired with a Master V2 image","Keep"
"sciobraille-model-lab\datasets\master_v2\labels\train\scio_v2_b6fdf6b40cb36288.txt","Master V2 YOLO label","YOLO annotation file paired with a Master V2 image","Keep"
"sciobraille-model-lab\datasets\master_v2\labels\train\scio_v2_b749a601e872e967.txt","Master V2 YOLO label","YOLO annotation file paired with a Master V2 image","Keep"
"sciobraille-model-lab\datasets\master_v2\labels\train\scio_v2_b7713a29ba52c931.txt","Master V2 YOLO label","YOLO annotation file paired with a Master V2 image","Keep"
"sciobraille-model-lab\datasets\master_v2\labels\train\scio_v2_b8333d4319675786.txt","Master V2 YOLO label","YOLO annotation file paired with a Master V2 image","Keep"
"sciobraille-model-lab\datasets\master_v2\labels\train\scio_v2_b8373ca791748b9c.txt","Master V2 YOLO label","YOLO annotation file paired with a Master V2 image","Keep"
"sciobraille-model-lab\datasets\master_v2\labels\train\scio_v2_b8452f8769baf3dc.txt","Master V2 YOLO label","YOLO annotation file paired with a Master V2 image","Keep"
"sciobraille-model-lab\datasets\master_v2\labels\train\scio_v2_b853520f1a21b219.txt","Master V2 YOLO label","YOLO annotation file paired with a Master V2 image","Keep"
"sciobraille-model-lab\datasets\master_v2\labels\train\scio_v2_b87a603c21647b80.txt","Master V2 YOLO label","YOLO annotation file paired with a Master V2 image","Keep"
"sciobraille-model-lab\datasets\master_v2\labels\train\scio_v2_b8939a7b8cfa77ae.txt","Master V2 YOLO label","YOLO annotation file paired with a Master V2 image","Keep"
"sciobraille-model-lab\datasets\master_v2\labels\train\scio_v2_b8b088fc1d889251.txt","Master V2 YOLO label","YOLO annotation file paired with a Master V2 image","Keep"
"sciobraille-model-lab\datasets\master_v2\labels\train\scio_v2_b8d45308e95d3823.txt","Master V2 YOLO label","YOLO annotation file paired with a Master V2 image","Keep"
"sciobraille-model-lab\datasets\master_v2\labels\train\scio_v2_b8fd235ef959d4e3.txt","Master V2 YOLO label","YOLO annotation file paired with a Master V2 image","Keep"
"sciobraille-model-lab\datasets\master_v2\labels\train\scio_v2_b906354bb85dbd43.txt","Master V2 YOLO label","YOLO annotation file paired with a Master V2 image","Keep"
"sciobraille-model-lab\datasets\master_v2\labels\train\scio_v2_b92f690b2e6184fc.txt","Master V2 YOLO label","YOLO annotation file paired with a Master V2 image","Keep"
"sciobraille-model-lab\datasets\master_v2\labels\train\scio_v2_b94fddfdc8859018.txt","Master V2 YOLO label","YOLO annotation file paired with a Master V2 image","Keep"
"sciobraille-model-lab\datasets\master_v2\labels\train\scio_v2_b9953d8032800490.txt","Master V2 YOLO label","YOLO annotation file paired with a Master V2 image","Keep"
"sciobraille-model-lab\datasets\master_v2\labels\train\scio_v2_b9d7f156937b3c41.txt","Master V2 YOLO label","YOLO annotation file paired with a Master V2 image","Keep"
"sciobraille-model-lab\datasets\master_v2\labels\train\scio_v2_b9de82bbf18f6353.txt","Master V2 YOLO label","YOLO annotation file paired with a Master V2 image","Keep"
"sciobraille-model-lab\datasets\master_v2\labels\train\scio_v2_b9f605a22fbb7eea.txt","Master V2 YOLO label","YOLO annotation file paired with a Master V2 image","Keep"
"sciobraille-model-lab\datasets\master_v2\labels\train\scio_v2_ba072f013698b3b1.txt","Master V2 YOLO label","YOLO annotation file paired with a Master V2 image","Keep"
"sciobraille-model-lab\datasets\master_v2\labels\train\scio_v2_ba0ccc03f3ff8462.txt","Master V2 YOLO label","YOLO annotation file paired with a Master V2 image","Keep"
"sciobraille-model-lab\datasets\master_v2\labels\train\scio_v2_ba1ec678d868aa6d.txt","Master V2 YOLO label","YOLO annotation file paired with a Master V2 image","Keep"
"sciobraille-model-lab\datasets\master_v2\labels\train\scio_v2_ba7768e4e571e7cb.txt","Master V2 YOLO label","YOLO annotation file paired with a Master V2 image","Keep"
"sciobraille-model-lab\datasets\master_v2\labels\train\scio_v2_ba7e5a8c2133e231.txt","Master V2 YOLO label","YOLO annotation file paired with a Master V2 image","Keep"
"sciobraille-model-lab\datasets\master_v2\labels\train\scio_v2_baa699e411f229fb.txt","Master V2 YOLO label","YOLO annotation file paired with a Master V2 image","Keep"
"sciobraille-model-lab\datasets\master_v2\labels\train\scio_v2_bad7b9acb4076910.txt","Master V2 YOLO label","YOLO annotation file paired with a Master V2 image","Keep"
"sciobraille-model-lab\datasets\master_v2\labels\train\scio_v2_baefc966e8df7489.txt","Master V2 YOLO label","YOLO annotation file paired with a Master V2 image","Keep"
"sciobraille-model-lab\datasets\master_v2\labels\train\scio_v2_bb07ccf02f43d1d9.txt","Master V2 YOLO label","YOLO annotation file paired with a Master V2 image","Keep"
"sciobraille-model-lab\datasets\master_v2\labels\train\scio_v2_bb359a6da5940f2e.txt","Master V2 YOLO label","YOLO annotation file paired with a Master V2 image","Keep"
"sciobraille-model-lab\datasets\master_v2\labels\train\scio_v2_bb367ee9eee62e9a.txt","Master V2 YOLO label","YOLO annotation file paired with a Master V2 image","Keep"
"sciobraille-model-lab\datasets\master_v2\labels\train\scio_v2_bb50460f3a127877.txt","Master V2 YOLO label","YOLO annotation file paired with a Master V2 image","Keep"
"sciobraille-model-lab\datasets\master_v2\labels\train\scio_v2_bb6988b43673ebfd.txt","Master V2 YOLO label","YOLO annotation file paired with a Master V2 image","Keep"
"sciobraille-model-lab\datasets\master_v2\labels\train\scio_v2_bb808ce6ccb03f98.txt","Master V2 YOLO label","YOLO annotation file paired with a Master V2 image","Keep"
"sciobraille-model-lab\datasets\master_v2\labels\train\scio_v2_bb8350cd2737ddb8.txt","Master V2 YOLO label","YOLO annotation file paired with a Master V2 image","Keep"
"sciobraille-model-lab\datasets\master_v2\labels\train\scio_v2_bbbfdb0b80b9da34.txt","Master V2 YOLO label","YOLO annotation file paired with a Master V2 image","Keep"
"sciobraille-model-lab\datasets\master_v2\labels\train\scio_v2_bbc24955c3bf7886.txt","Master V2 YOLO label","YOLO annotation file paired with a Master V2 image","Keep"
"sciobraille-model-lab\datasets\master_v2\labels\train\scio_v2_bbff56112b1d0f0d.txt","Master V2 YOLO label","YOLO annotation file paired with a Master V2 image","Keep"
"sciobraille-model-lab\datasets\master_v2\labels\train\scio_v2_bc07de3cd5adbb26.txt","Master V2 YOLO label","YOLO annotation file paired with a Master V2 image","Keep"
"sciobraille-model-lab\datasets\master_v2\labels\train\scio_v2_bc0b63fe5f8c1de7.txt","Master V2 YOLO label","YOLO annotation file paired with a Master V2 image","Keep"
"sciobraille-model-lab\datasets\master_v2\labels\train\scio_v2_bc20b66b4b92a325.txt","Master V2 YOLO label","YOLO annotation file paired with a Master V2 image","Keep"
"sciobraille-model-lab\datasets\master_v2\labels\train\scio_v2_bc499b824e49e150.txt","Master V2 YOLO label","YOLO annotation file paired with a Master V2 image","Keep"
"sciobraille-model-lab\datasets\master_v2\labels\train\scio_v2_bc7bdbe80f38a18c.txt","Master V2 YOLO label","YOLO annotation file paired with a Master V2 image","Keep"
"sciobraille-model-lab\datasets\master_v2\labels\train\scio_v2_bc97124c8fc72384.txt","Master V2 YOLO label","YOLO annotation file paired with a Master V2 image","Keep"
"sciobraille-model-lab\datasets\master_v2\labels\train\scio_v2_bca857647e9f2cba.txt","Master V2 YOLO label","YOLO annotation file paired with a Master V2 image","Keep"
"sciobraille-model-lab\datasets\master_v2\labels\train\scio_v2_bce31eb52a1c3efb.txt","Master V2 YOLO label","YOLO annotation file paired with a Master V2 image","Keep"
"sciobraille-model-lab\datasets\master_v2\labels\train\scio_v2_bcf741bc7db0f79c.txt","Master V2 YOLO label","YOLO annotation file paired with a Master V2 image","Keep"
"sciobraille-model-lab\datasets\master_v2\labels\train\scio_v2_bcf9e7ceb45467a6.txt","Master V2 YOLO label","YOLO annotation file paired with a Master V2 image","Keep"
"sciobraille-model-lab\datasets\master_v2\labels\train\scio_v2_bd2ee945596923d1.txt","Master V2 YOLO label","YOLO annotation file paired with a Master V2 image","Keep"
"sciobraille-model-lab\datasets\master_v2\labels\train\scio_v2_bd3be5148e6a835c.txt","Master V2 YOLO label","YOLO annotation file paired with a Master V2 image","Keep"
"sciobraille-model-lab\datasets\master_v2\labels\train\scio_v2_bd735f7b55a130a0.txt","Master V2 YOLO label","YOLO annotation file paired with a Master V2 image","Keep"
"sciobraille-model-lab\datasets\master_v2\labels\train\scio_v2_bdb009d9d0894c1b.txt","Master V2 YOLO label","YOLO annotation file paired with a Master V2 image","Keep"
"sciobraille-model-lab\datasets\master_v2\labels\train\scio_v2_bde4783c4047dcaa.txt","Master V2 YOLO label","YOLO annotation file paired with a Master V2 image","Keep"
"sciobraille-model-lab\datasets\master_v2\labels\train\scio_v2_be19883ef7cacb61.txt","Master V2 YOLO label","YOLO annotation file paired with a Master V2 image","Keep"
"sciobraille-model-lab\datasets\master_v2\labels\train\scio_v2_be384025396bde7e.txt","Master V2 YOLO label","YOLO annotation file paired with a Master V2 image","Keep"
"sciobraille-model-lab\datasets\master_v2\labels\train\scio_v2_be67c5d778bf2d4e.txt","Master V2 YOLO label","YOLO annotation file paired with a Master V2 image","Keep"
"sciobraille-model-lab\datasets\master_v2\labels\train\scio_v2_beb3094d0f2accc0.txt","Master V2 YOLO label","YOLO annotation file paired with a Master V2 image","Keep"
"sciobraille-model-lab\datasets\master_v2\labels\train\scio_v2_beb9c8493bc6178c.txt","Master V2 YOLO label","YOLO annotation file paired with a Master V2 image","Keep"
"sciobraille-model-lab\datasets\master_v2\labels\train\scio_v2_bf09ef6ce177f30a.txt","Master V2 YOLO label","YOLO annotation file paired with a Master V2 image","Keep"
"sciobraille-model-lab\datasets\master_v2\labels\train\scio_v2_bf0de3625e62433d.txt","Master V2 YOLO label","YOLO annotation file paired with a Master V2 image","Keep"
"sciobraille-model-lab\datasets\master_v2\labels\train\scio_v2_bf15617d0da6c013.txt","Master V2 YOLO label","YOLO annotation file paired with a Master V2 image","Keep"
"sciobraille-model-lab\datasets\master_v2\labels\train\scio_v2_bf1a1756e7204eac.txt","Master V2 YOLO label","YOLO annotation file paired with a Master V2 image","Keep"
"sciobraille-model-lab\datasets\master_v2\labels\train\scio_v2_bf72fd3af6a9bf66.txt","Master V2 YOLO label","YOLO annotation file paired with a Master V2 image","Keep"
"sciobraille-model-lab\datasets\master_v2\labels\train\scio_v2_bfaecd2413e83c5e.txt","Master V2 YOLO label","YOLO annotation file paired with a Master V2 image","Keep"
"sciobraille-model-lab\datasets\master_v2\labels\train\scio_v2_c068b1e8b9777ac6.txt","Master V2 YOLO label","YOLO annotation file paired with a Master V2 image","Keep"
"sciobraille-model-lab\datasets\master_v2\labels\train\scio_v2_c069f8be3ac98923.txt","Master V2 YOLO label","YOLO annotation file paired with a Master V2 image","Keep"
"sciobraille-model-lab\datasets\master_v2\labels\train\scio_v2_c084c5b3ae5ad2b8.txt","Master V2 YOLO label","YOLO annotation file paired with a Master V2 image","Keep"
"sciobraille-model-lab\datasets\master_v2\labels\train\scio_v2_c0c57b43d3833bf7.txt","Master V2 YOLO label","YOLO annotation file paired with a Master V2 image","Keep"
"sciobraille-model-lab\datasets\master_v2\labels\train\scio_v2_c0ce055b93b3bba8.txt","Master V2 YOLO label","YOLO annotation file paired with a Master V2 image","Keep"
"sciobraille-model-lab\datasets\master_v2\labels\train\scio_v2_c0ea10b0cd11444d.txt","Master V2 YOLO label","YOLO annotation file paired with a Master V2 image","Keep"
"sciobraille-model-lab\datasets\master_v2\labels\train\scio_v2_c116d0d3839a4802.txt","Master V2 YOLO label","YOLO annotation file paired with a Master V2 image","Keep"
"sciobraille-model-lab\datasets\master_v2\labels\train\scio_v2_c146a5eb8abba299.txt","Master V2 YOLO label","YOLO annotation file paired with a Master V2 image","Keep"
"sciobraille-model-lab\datasets\master_v2\labels\train\scio_v2_c162b31d172d494e.txt","Master V2 YOLO label","YOLO annotation file paired with a Master V2 image","Keep"
"sciobraille-model-lab\datasets\master_v2\labels\train\scio_v2_c1a57a82a9d2543b.txt","Master V2 YOLO label","YOLO annotation file paired with a Master V2 image","Keep"
"sciobraille-model-lab\datasets\master_v2\labels\train\scio_v2_c1c1f07c825ece7d.txt","Master V2 YOLO label","YOLO annotation file paired with a Master V2 image","Keep"
"sciobraille-model-lab\datasets\master_v2\labels\train\scio_v2_c225d6901d3b4a15.txt","Master V2 YOLO label","YOLO annotation file paired with a Master V2 image","Keep"
"sciobraille-model-lab\datasets\master_v2\labels\train\scio_v2_c2820c89853f6d7b.txt","Master V2 YOLO label","YOLO annotation file paired with a Master V2 image","Keep"
"sciobraille-model-lab\datasets\master_v2\labels\train\scio_v2_c3111bd188b2dc38.txt","Master V2 YOLO label","YOLO annotation file paired with a Master V2 image","Keep"
"sciobraille-model-lab\datasets\master_v2\labels\train\scio_v2_c339302f77f00fc8.txt","Master V2 YOLO label","YOLO annotation file paired with a Master V2 image","Keep"
"sciobraille-model-lab\datasets\master_v2\labels\train\scio_v2_c36d2d4b1fcd9dde.txt","Master V2 YOLO label","YOLO annotation file paired with a Master V2 image","Keep"
"sciobraille-model-lab\datasets\master_v2\labels\train\scio_v2_c3728b39ae9b041c.txt","Master V2 YOLO label","YOLO annotation file paired with a Master V2 image","Keep"
"sciobraille-model-lab\datasets\master_v2\labels\train\scio_v2_c399662f3790d0b5.txt","Master V2 YOLO label","YOLO annotation file paired with a Master V2 image","Keep"
"sciobraille-model-lab\datasets\master_v2\labels\train\scio_v2_c3998778a5c446d0.txt","Master V2 YOLO label","YOLO annotation file paired with a Master V2 image","Keep"
"sciobraille-model-lab\datasets\master_v2\labels\train\scio_v2_c399df80fe06deb5.txt","Master V2 YOLO label","YOLO annotation file paired with a Master V2 image","Keep"
"sciobraille-model-lab\datasets\master_v2\labels\train\scio_v2_c4ee8f2743ec6652.txt","Master V2 YOLO label","YOLO annotation file paired with a Master V2 image","Keep"
"sciobraille-model-lab\datasets\master_v2\labels\train\scio_v2_c52ad68ef00284ca.txt","Master V2 YOLO label","YOLO annotation file paired with a Master V2 image","Keep"
"sciobraille-model-lab\datasets\master_v2\labels\train\scio_v2_c532a2b834eed31b.txt","Master V2 YOLO label","YOLO annotation file paired with a Master V2 image","Keep"
"sciobraille-model-lab\datasets\master_v2\labels\train\scio_v2_c587e1b0fcad9bd8.txt","Master V2 YOLO label","YOLO annotation file paired with a Master V2 image","Keep"
"sciobraille-model-lab\datasets\master_v2\labels\train\scio_v2_c5aab7fc2cd68a72.txt","Master V2 YOLO label","YOLO annotation file paired with a Master V2 image","Keep"
"sciobraille-model-lab\datasets\master_v2\labels\train\scio_v2_c5c2d1dd7712343e.txt","Master V2 YOLO label","YOLO annotation file paired with a Master V2 image","Keep"
"sciobraille-model-lab\datasets\master_v2\labels\train\scio_v2_c5cb31d2d68ae83f.txt","Master V2 YOLO label","YOLO annotation file paired with a Master V2 image","Keep"
"sciobraille-model-lab\datasets\master_v2\labels\train\scio_v2_c5d062b956dd22fe.txt","Master V2 YOLO label","YOLO annotation file paired with a Master V2 image","Keep"
"sciobraille-model-lab\datasets\master_v2\labels\train\scio_v2_c5ed4828c5d5674f.txt","Master V2 YOLO label","YOLO annotation file paired with a Master V2 image","Keep"
"sciobraille-model-lab\datasets\master_v2\labels\train\scio_v2_c5ee702f2b54afbb.txt","Master V2 YOLO label","YOLO annotation file paired with a Master V2 image","Keep"
"sciobraille-model-lab\datasets\master_v2\labels\train\scio_v2_c61bbb5dd6853d4a.txt","Master V2 YOLO label","YOLO annotation file paired with a Master V2 image","Keep"
"sciobraille-model-lab\datasets\master_v2\labels\train\scio_v2_c61db4d1a9afa00f.txt","Master V2 YOLO label","YOLO annotation file paired with a Master V2 image","Keep"
"sciobraille-model-lab\datasets\master_v2\labels\train\scio_v2_c62b67aad1ea8c5e.txt","Master V2 YOLO label","YOLO annotation file paired with a Master V2 image","Keep"
"sciobraille-model-lab\datasets\master_v2\labels\train\scio_v2_c63077cb83f817e1.txt","Master V2 YOLO label","YOLO annotation file paired with a Master V2 image","Keep"
"sciobraille-model-lab\datasets\master_v2\labels\train\scio_v2_c666680211596a32.txt","Master V2 YOLO label","YOLO annotation file paired with a Master V2 image","Keep"
"sciobraille-model-lab\datasets\master_v2\labels\train\scio_v2_c68ab26ac43c0eb5.txt","Master V2 YOLO label","YOLO annotation file paired with a Master V2 image","Keep"
"sciobraille-model-lab\datasets\master_v2\labels\train\scio_v2_c6a233fbf6bc146b.txt","Master V2 YOLO label","YOLO annotation file paired with a Master V2 image","Keep"
"sciobraille-model-lab\datasets\master_v2\labels\train\scio_v2_c7050eb60a82c1a6.txt","Master V2 YOLO label","YOLO annotation file paired with a Master V2 image","Keep"
"sciobraille-model-lab\datasets\master_v2\labels\train\scio_v2_c716fe68dd86a194.txt","Master V2 YOLO label","YOLO annotation file paired with a Master V2 image","Keep"
"sciobraille-model-lab\datasets\master_v2\labels\train\scio_v2_c7835e719f3e241c.txt","Master V2 YOLO label","YOLO annotation file paired with a Master V2 image","Keep"
"sciobraille-model-lab\datasets\master_v2\labels\train\scio_v2_c7929bce03fef075.txt","Master V2 YOLO label","YOLO annotation file paired with a Master V2 image","Keep"
"sciobraille-model-lab\datasets\master_v2\labels\train\scio_v2_c7a6a6432d4db993.txt","Master V2 YOLO label","YOLO annotation file paired with a Master V2 image","Keep"
"sciobraille-model-lab\datasets\master_v2\labels\train\scio_v2_c7bc10b7e6c90ff2.txt","Master V2 YOLO label","YOLO annotation file paired with a Master V2 image","Keep"
"sciobraille-model-lab\datasets\master_v2\labels\train\scio_v2_c7e63f487c84d0f1.txt","Master V2 YOLO label","YOLO annotation file paired with a Master V2 image","Keep"
"sciobraille-model-lab\datasets\master_v2\labels\train\scio_v2_c80d0dc986e35d3a.txt","Master V2 YOLO label","YOLO annotation file paired with a Master V2 image","Keep"
"sciobraille-model-lab\datasets\master_v2\labels\train\scio_v2_c826a145adb28d70.txt","Master V2 YOLO label","YOLO annotation file paired with a Master V2 image","Keep"
"sciobraille-model-lab\datasets\master_v2\labels\train\scio_v2_c85099a4fa357c87.txt","Master V2 YOLO label","YOLO annotation file paired with a Master V2 image","Keep"
"sciobraille-model-lab\datasets\master_v2\labels\train\scio_v2_c85b7be34a65db26.txt","Master V2 YOLO label","YOLO annotation file paired with a Master V2 image","Keep"
"sciobraille-model-lab\datasets\master_v2\labels\train\scio_v2_c87c8e86a796601a.txt","Master V2 YOLO label","YOLO annotation file paired with a Master V2 image","Keep"
"sciobraille-model-lab\datasets\master_v2\labels\train\scio_v2_c8c4eb4261bb438d.txt","Master V2 YOLO label","YOLO annotation file paired with a Master V2 image","Keep"
"sciobraille-model-lab\datasets\master_v2\labels\train\scio_v2_c8e2a69889bb5524.txt","Master V2 YOLO label","YOLO annotation file paired with a Master V2 image","Keep"
"sciobraille-model-lab\datasets\master_v2\labels\train\scio_v2_c91b2c24552ba575.txt","Master V2 YOLO label","YOLO annotation file paired with a Master V2 image","Keep"
"sciobraille-model-lab\datasets\master_v2\labels\train\scio_v2_c9235a002f6ba927.txt","Master V2 YOLO label","YOLO annotation file paired with a Master V2 image","Keep"
"sciobraille-model-lab\datasets\master_v2\labels\train\scio_v2_c9c60beaa8f06325.txt","Master V2 YOLO label","YOLO annotation file paired with a Master V2 image","Keep"
"sciobraille-model-lab\datasets\master_v2\labels\train\scio_v2_c9d0b22c1179f785.txt","Master V2 YOLO label","YOLO annotation file paired with a Master V2 image","Keep"
"sciobraille-model-lab\datasets\master_v2\labels\train\scio_v2_ca1dca0a60c49d75.txt","Master V2 YOLO label","YOLO annotation file paired with a Master V2 image","Keep"
"sciobraille-model-lab\datasets\master_v2\labels\train\scio_v2_ca48f96615daadb2.txt","Master V2 YOLO label","YOLO annotation file paired with a Master V2 image","Keep"
"sciobraille-model-lab\datasets\master_v2\labels\train\scio_v2_ca4ce87563621be8.txt","Master V2 YOLO label","YOLO annotation file paired with a Master V2 image","Keep"
"sciobraille-model-lab\datasets\master_v2\labels\train\scio_v2_ca60308ce7f70b11.txt","Master V2 YOLO label","YOLO annotation file paired with a Master V2 image","Keep"
"sciobraille-model-lab\datasets\master_v2\labels\train\scio_v2_ca87e1b7a4549e4e.txt","Master V2 YOLO label","YOLO annotation file paired with a Master V2 image","Keep"
"sciobraille-model-lab\datasets\master_v2\labels\train\scio_v2_cab4644e937954eb.txt","Master V2 YOLO label","YOLO annotation file paired with a Master V2 image","Keep"
"sciobraille-model-lab\datasets\master_v2\labels\train\scio_v2_cabbd5c840e9427a.txt","Master V2 YOLO label","YOLO annotation file paired with a Master V2 image","Keep"
"sciobraille-model-lab\datasets\master_v2\labels\train\scio_v2_caca39357a8067af.txt","Master V2 YOLO label","YOLO annotation file paired with a Master V2 image","Keep"
"sciobraille-model-lab\datasets\master_v2\labels\train\scio_v2_caeb2a5de4c3d1ce.txt","Master V2 YOLO label","YOLO annotation file paired with a Master V2 image","Keep"
"sciobraille-model-lab\datasets\master_v2\labels\train\scio_v2_cb10d4904debc4d4.txt","Master V2 YOLO label","YOLO annotation file paired with a Master V2 image","Keep"
"sciobraille-model-lab\datasets\master_v2\labels\train\scio_v2_cb55d99061156ffc.txt","Master V2 YOLO label","YOLO annotation file paired with a Master V2 image","Keep"
"sciobraille-model-lab\datasets\master_v2\labels\train\scio_v2_cb6b5080477f999a.txt","Master V2 YOLO label","YOLO annotation file paired with a Master V2 image","Keep"
"sciobraille-model-lab\datasets\master_v2\labels\train\scio_v2_cbcb5d18c7066091.txt","Master V2 YOLO label","YOLO annotation file paired with a Master V2 image","Keep"
"sciobraille-model-lab\datasets\master_v2\labels\train\scio_v2_cc71af9fcd029001.txt","Master V2 YOLO label","YOLO annotation file paired with a Master V2 image","Keep"
"sciobraille-model-lab\datasets\master_v2\labels\train\scio_v2_cc74e333c5fa99c2.txt","Master V2 YOLO label","YOLO annotation file paired with a Master V2 image","Keep"
"sciobraille-model-lab\datasets\master_v2\labels\train\scio_v2_cc7a7b730a3e3417.txt","Master V2 YOLO label","YOLO annotation file paired with a Master V2 image","Keep"
"sciobraille-model-lab\datasets\master_v2\labels\train\scio_v2_cc97a91271f26eef.txt","Master V2 YOLO label","YOLO annotation file paired with a Master V2 image","Keep"
"sciobraille-model-lab\datasets\master_v2\labels\train\scio_v2_cce20ff6c0517721.txt","Master V2 YOLO label","YOLO annotation file paired with a Master V2 image","Keep"
"sciobraille-model-lab\datasets\master_v2\labels\train\scio_v2_ccf9b9b8089a96c7.txt","Master V2 YOLO label","YOLO annotation file paired with a Master V2 image","Keep"
"sciobraille-model-lab\datasets\master_v2\labels\train\scio_v2_cd27001c56ba8fec.txt","Master V2 YOLO label","YOLO annotation file paired with a Master V2 image","Keep"
"sciobraille-model-lab\datasets\master_v2\labels\train\scio_v2_cd39230c62df3bee.txt","Master V2 YOLO label","YOLO annotation file paired with a Master V2 image","Keep"
"sciobraille-model-lab\datasets\master_v2\labels\train\scio_v2_cd62d2b21eddbdaa.txt","Master V2 YOLO label","YOLO annotation file paired with a Master V2 image","Keep"
"sciobraille-model-lab\datasets\master_v2\labels\train\scio_v2_cd873d96bcf08aa3.txt","Master V2 YOLO label","YOLO annotation file paired with a Master V2 image","Keep"
"sciobraille-model-lab\datasets\master_v2\labels\train\scio_v2_cd8c5a0bf9e35be6.txt","Master V2 YOLO label","YOLO annotation file paired with a Master V2 image","Keep"
"sciobraille-model-lab\datasets\master_v2\labels\train\scio_v2_cdefa2b1146c916f.txt","Master V2 YOLO label","YOLO annotation file paired with a Master V2 image","Keep"
"sciobraille-model-lab\datasets\master_v2\labels\train\scio_v2_ce0dea5c92420840.txt","Master V2 YOLO label","YOLO annotation file paired with a Master V2 image","Keep"
"sciobraille-model-lab\datasets\master_v2\labels\train\scio_v2_ce586cebfd2abb62.txt","Master V2 YOLO label","YOLO annotation file paired with a Master V2 image","Keep"
"sciobraille-model-lab\datasets\master_v2\labels\train\scio_v2_ce616e49f5adedb0.txt","Master V2 YOLO label","YOLO annotation file paired with a Master V2 image","Keep"
"sciobraille-model-lab\datasets\master_v2\labels\train\scio_v2_ce8492f58b06a9cb.txt","Master V2 YOLO label","YOLO annotation file paired with a Master V2 image","Keep"
"sciobraille-model-lab\datasets\master_v2\labels\train\scio_v2_cebab7724f897728.txt","Master V2 YOLO label","YOLO annotation file paired with a Master V2 image","Keep"
"sciobraille-model-lab\datasets\master_v2\labels\train\scio_v2_ceccd3f0d7320886.txt","Master V2 YOLO label","YOLO annotation file paired with a Master V2 image","Keep"
"sciobraille-model-lab\datasets\master_v2\labels\train\scio_v2_ced599dff53b4fe6.txt","Master V2 YOLO label","YOLO annotation file paired with a Master V2 image","Keep"
"sciobraille-model-lab\datasets\master_v2\labels\train\scio_v2_cedc3c24e81d6438.txt","Master V2 YOLO label","YOLO annotation file paired with a Master V2 image","Keep"
"sciobraille-model-lab\datasets\master_v2\labels\train\scio_v2_cede861456dd1738.txt","Master V2 YOLO label","YOLO annotation file paired with a Master V2 image","Keep"
"sciobraille-model-lab\datasets\master_v2\labels\train\scio_v2_cf11e55ca2667653.txt","Master V2 YOLO label","YOLO annotation file paired with a Master V2 image","Keep"
"sciobraille-model-lab\datasets\master_v2\labels\train\scio_v2_cf3ccb6cc34eed2d.txt","Master V2 YOLO label","YOLO annotation file paired with a Master V2 image","Keep"
"sciobraille-model-lab\datasets\master_v2\labels\train\scio_v2_cf53761a8450b47d.txt","Master V2 YOLO label","YOLO annotation file paired with a Master V2 image","Keep"
"sciobraille-model-lab\datasets\master_v2\labels\train\scio_v2_cf73d667a4361922.txt","Master V2 YOLO label","YOLO annotation file paired with a Master V2 image","Keep"
"sciobraille-model-lab\datasets\master_v2\labels\train\scio_v2_cf84616ba385ba53.txt","Master V2 YOLO label","YOLO annotation file paired with a Master V2 image","Keep"
"sciobraille-model-lab\datasets\master_v2\labels\train\scio_v2_cf8815c3d4a0eff3.txt","Master V2 YOLO label","YOLO annotation file paired with a Master V2 image","Keep"
"sciobraille-model-lab\datasets\master_v2\labels\train\scio_v2_cfc43acc7ee47366.txt","Master V2 YOLO label","YOLO annotation file paired with a Master V2 image","Keep"
"sciobraille-model-lab\datasets\master_v2\labels\train\scio_v2_d018ca43163d2512.txt","Master V2 YOLO label","YOLO annotation file paired with a Master V2 image","Keep"
"sciobraille-model-lab\datasets\master_v2\labels\train\scio_v2_d01d387208db287e.txt","Master V2 YOLO label","YOLO annotation file paired with a Master V2 image","Keep"
"sciobraille-model-lab\datasets\master_v2\labels\train\scio_v2_d05d255af6157073.txt","Master V2 YOLO label","YOLO annotation file paired with a Master V2 image","Keep"
"sciobraille-model-lab\datasets\master_v2\labels\train\scio_v2_d06516835fcb21c4.txt","Master V2 YOLO label","YOLO annotation file paired with a Master V2 image","Keep"
"sciobraille-model-lab\datasets\master_v2\labels\train\scio_v2_d0daa980259c8cbf.txt","Master V2 YOLO label","YOLO annotation file paired with a Master V2 image","Keep"
"sciobraille-model-lab\datasets\master_v2\labels\train\scio_v2_d118f8b37e81902e.txt","Master V2 YOLO label","YOLO annotation file paired with a Master V2 image","Keep"
"sciobraille-model-lab\datasets\master_v2\labels\train\scio_v2_d11a8ed4c09c6854.txt","Master V2 YOLO label","YOLO annotation file paired with a Master V2 image","Keep"
"sciobraille-model-lab\datasets\master_v2\labels\train\scio_v2_d19c76f2d31d039f.txt","Master V2 YOLO label","YOLO annotation file paired with a Master V2 image","Keep"
"sciobraille-model-lab\datasets\master_v2\labels\train\scio_v2_d1aec0f802074a42.txt","Master V2 YOLO label","YOLO annotation file paired with a Master V2 image","Keep"
"sciobraille-model-lab\datasets\master_v2\labels\train\scio_v2_d1fdfef51dfbfd33.txt","Master V2 YOLO label","YOLO annotation file paired with a Master V2 image","Keep"
"sciobraille-model-lab\datasets\master_v2\labels\train\scio_v2_d20bdf34da8bda3b.txt","Master V2 YOLO label","YOLO annotation file paired with a Master V2 image","Keep"
"sciobraille-model-lab\datasets\master_v2\labels\train\scio_v2_d21b6a7aec631805.txt","Master V2 YOLO label","YOLO annotation file paired with a Master V2 image","Keep"
"sciobraille-model-lab\datasets\master_v2\labels\train\scio_v2_d257a8e4ca6d9f64.txt","Master V2 YOLO label","YOLO annotation file paired with a Master V2 image","Keep"
"sciobraille-model-lab\datasets\master_v2\labels\train\scio_v2_d264ea35c6317a46.txt","Master V2 YOLO label","YOLO annotation file paired with a Master V2 image","Keep"
"sciobraille-model-lab\datasets\master_v2\labels\train\scio_v2_d2869aaf47e71a8b.txt","Master V2 YOLO label","YOLO annotation file paired with a Master V2 image","Keep"
"sciobraille-model-lab\datasets\master_v2\labels\train\scio_v2_d293d69fee5217c7.txt","Master V2 YOLO label","YOLO annotation file paired with a Master V2 image","Keep"
"sciobraille-model-lab\datasets\master_v2\labels\train\scio_v2_d2c4ba28e000bb0e.txt","Master V2 YOLO label","YOLO annotation file paired with a Master V2 image","Keep"
"sciobraille-model-lab\datasets\master_v2\labels\train\scio_v2_d30ca2e1229489e7.txt","Master V2 YOLO label","YOLO annotation file paired with a Master V2 image","Keep"
"sciobraille-model-lab\datasets\master_v2\labels\train\scio_v2_d355b67cef808195.txt","Master V2 YOLO label","YOLO annotation file paired with a Master V2 image","Keep"
"sciobraille-model-lab\datasets\master_v2\labels\train\scio_v2_d39f2ec1e71d76bd.txt","Master V2 YOLO label","YOLO annotation file paired with a Master V2 image","Keep"
"sciobraille-model-lab\datasets\master_v2\labels\train\scio_v2_d3f377c7d137d106.txt","Master V2 YOLO label","YOLO annotation file paired with a Master V2 image","Keep"
"sciobraille-model-lab\datasets\master_v2\labels\train\scio_v2_d4151a6f9e86b804.txt","Master V2 YOLO label","YOLO annotation file paired with a Master V2 image","Keep"
"sciobraille-model-lab\datasets\master_v2\labels\train\scio_v2_d45cec1e141d4ea3.txt","Master V2 YOLO label","YOLO annotation file paired with a Master V2 image","Keep"
"sciobraille-model-lab\datasets\master_v2\labels\train\scio_v2_d47fe4d111658140.txt","Master V2 YOLO label","YOLO annotation file paired with a Master V2 image","Keep"
"sciobraille-model-lab\datasets\master_v2\labels\train\scio_v2_d4a6ef1e1bda8b13.txt","Master V2 YOLO label","YOLO annotation file paired with a Master V2 image","Keep"
"sciobraille-model-lab\datasets\master_v2\labels\train\scio_v2_d4bf5993eac4d735.txt","Master V2 YOLO label","YOLO annotation file paired with a Master V2 image","Keep"
"sciobraille-model-lab\datasets\master_v2\labels\train\scio_v2_d4c3d09f66254295.txt","Master V2 YOLO label","YOLO annotation file paired with a Master V2 image","Keep"
"sciobraille-model-lab\datasets\master_v2\labels\train\scio_v2_d4e3dd1d3b4b80ec.txt","Master V2 YOLO label","YOLO annotation file paired with a Master V2 image","Keep"
"sciobraille-model-lab\datasets\master_v2\labels\train\scio_v2_d504b28f3a78b31d.txt","Master V2 YOLO label","YOLO annotation file paired with a Master V2 image","Keep"
"sciobraille-model-lab\datasets\master_v2\labels\train\scio_v2_d53f8bdc32143cde.txt","Master V2 YOLO label","YOLO annotation file paired with a Master V2 image","Keep"
"sciobraille-model-lab\datasets\master_v2\labels\train\scio_v2_d55bdeabb81f9516.txt","Master V2 YOLO label","YOLO annotation file paired with a Master V2 image","Keep"
"sciobraille-model-lab\datasets\master_v2\labels\train\scio_v2_d5c131b6818b0c68.txt","Master V2 YOLO label","YOLO annotation file paired with a Master V2 image","Keep"
"sciobraille-model-lab\datasets\master_v2\labels\train\scio_v2_d66621d126c4e9b2.txt","Master V2 YOLO label","YOLO annotation file paired with a Master V2 image","Keep"
"sciobraille-model-lab\datasets\master_v2\labels\train\scio_v2_d66be94981e301d2.txt","Master V2 YOLO label","YOLO annotation file paired with a Master V2 image","Keep"
"sciobraille-model-lab\datasets\master_v2\labels\train\scio_v2_d688eb0f3342188a.txt","Master V2 YOLO label","YOLO annotation file paired with a Master V2 image","Keep"
"sciobraille-model-lab\datasets\master_v2\labels\train\scio_v2_d6898cd25dbfcced.txt","Master V2 YOLO label","YOLO annotation file paired with a Master V2 image","Keep"
"sciobraille-model-lab\datasets\master_v2\labels\train\scio_v2_d705a95df4cb9645.txt","Master V2 YOLO label","YOLO annotation file paired with a Master V2 image","Keep"
"sciobraille-model-lab\datasets\master_v2\labels\train\scio_v2_d7320896419b59fc.txt","Master V2 YOLO label","YOLO annotation file paired with a Master V2 image","Keep"
"sciobraille-model-lab\datasets\master_v2\labels\train\scio_v2_d74d207223bddeed.txt","Master V2 YOLO label","YOLO annotation file paired with a Master V2 image","Keep"
"sciobraille-model-lab\datasets\master_v2\labels\train\scio_v2_d74f4553759a1e98.txt","Master V2 YOLO label","YOLO annotation file paired with a Master V2 image","Keep"
"sciobraille-model-lab\datasets\master_v2\labels\train\scio_v2_d7bbca6686b99537.txt","Master V2 YOLO label","YOLO annotation file paired with a Master V2 image","Keep"
"sciobraille-model-lab\datasets\master_v2\labels\train\scio_v2_d7c53298feb15d5d.txt","Master V2 YOLO label","YOLO annotation file paired with a Master V2 image","Keep"
"sciobraille-model-lab\datasets\master_v2\labels\train\scio_v2_d7c945d4ecf2e182.txt","Master V2 YOLO label","YOLO annotation file paired with a Master V2 image","Keep"
"sciobraille-model-lab\datasets\master_v2\labels\train\scio_v2_d80a6b70b643f621.txt","Master V2 YOLO label","YOLO annotation file paired with a Master V2 image","Keep"
"sciobraille-model-lab\datasets\master_v2\labels\train\scio_v2_d8295953bf61a479.txt","Master V2 YOLO label","YOLO annotation file paired with a Master V2 image","Keep"
"sciobraille-model-lab\datasets\master_v2\labels\train\scio_v2_d85e350f24ccf94c.txt","Master V2 YOLO label","YOLO annotation file paired with a Master V2 image","Keep"
"sciobraille-model-lab\datasets\master_v2\labels\train\scio_v2_d866db1ef88d922b.txt","Master V2 YOLO label","YOLO annotation file paired with a Master V2 image","Keep"
"sciobraille-model-lab\datasets\master_v2\labels\train\scio_v2_d86ba19aecee4ebe.txt","Master V2 YOLO label","YOLO annotation file paired with a Master V2 image","Keep"
"sciobraille-model-lab\datasets\master_v2\labels\train\scio_v2_d893b1675c110ed4.txt","Master V2 YOLO label","YOLO annotation file paired with a Master V2 image","Keep"
"sciobraille-model-lab\datasets\master_v2\labels\train\scio_v2_d8b525479a5d5606.txt","Master V2 YOLO label","YOLO annotation file paired with a Master V2 image","Keep"
"sciobraille-model-lab\datasets\master_v2\labels\train\scio_v2_d8da0099fb5e22b0.txt","Master V2 YOLO label","YOLO annotation file paired with a Master V2 image","Keep"
"sciobraille-model-lab\datasets\master_v2\labels\train\scio_v2_d91cd6e86864ef39.txt","Master V2 YOLO label","YOLO annotation file paired with a Master V2 image","Keep"
"sciobraille-model-lab\datasets\master_v2\labels\train\scio_v2_d92bb070627dbc84.txt","Master V2 YOLO label","YOLO annotation file paired with a Master V2 image","Keep"
"sciobraille-model-lab\datasets\master_v2\labels\train\scio_v2_d9bccc305c06ba27.txt","Master V2 YOLO label","YOLO annotation file paired with a Master V2 image","Keep"
"sciobraille-model-lab\datasets\master_v2\labels\train\scio_v2_d9c6541389071721.txt","Master V2 YOLO label","YOLO annotation file paired with a Master V2 image","Keep"
"sciobraille-model-lab\datasets\master_v2\labels\train\scio_v2_d9d5903ccacb8d74.txt","Master V2 YOLO label","YOLO annotation file paired with a Master V2 image","Keep"
"sciobraille-model-lab\datasets\master_v2\labels\train\scio_v2_d9d6609c00463f8e.txt","Master V2 YOLO label","YOLO annotation file paired with a Master V2 image","Keep"
"sciobraille-model-lab\datasets\master_v2\labels\train\scio_v2_da5458bd89813889.txt","Master V2 YOLO label","YOLO annotation file paired with a Master V2 image","Keep"
"sciobraille-model-lab\datasets\master_v2\labels\train\scio_v2_daa54db6544a7414.txt","Master V2 YOLO label","YOLO annotation file paired with a Master V2 image","Keep"
"sciobraille-model-lab\datasets\master_v2\labels\train\scio_v2_dab8bce84821f742.txt","Master V2 YOLO label","YOLO annotation file paired with a Master V2 image","Keep"
"sciobraille-model-lab\datasets\master_v2\labels\train\scio_v2_db05257994d7a54b.txt","Master V2 YOLO label","YOLO annotation file paired with a Master V2 image","Keep"
"sciobraille-model-lab\datasets\master_v2\labels\train\scio_v2_db5943c872306253.txt","Master V2 YOLO label","YOLO annotation file paired with a Master V2 image","Keep"
"sciobraille-model-lab\datasets\master_v2\labels\train\scio_v2_db59577cbe073fbb.txt","Master V2 YOLO label","YOLO annotation file paired with a Master V2 image","Keep"
"sciobraille-model-lab\datasets\master_v2\labels\train\scio_v2_db70ea6d3b2d8d98.txt","Master V2 YOLO label","YOLO annotation file paired with a Master V2 image","Keep"
"sciobraille-model-lab\datasets\master_v2\labels\train\scio_v2_db75c2fa093b8ed3.txt","Master V2 YOLO label","YOLO annotation file paired with a Master V2 image","Keep"
"sciobraille-model-lab\datasets\master_v2\labels\train\scio_v2_db877c48af83525c.txt","Master V2 YOLO label","YOLO annotation file paired with a Master V2 image","Keep"
"sciobraille-model-lab\datasets\master_v2\labels\train\scio_v2_db910eca2be6ce8b.txt","Master V2 YOLO label","YOLO annotation file paired with a Master V2 image","Keep"
"sciobraille-model-lab\datasets\master_v2\labels\train\scio_v2_dbab892957799490.txt","Master V2 YOLO label","YOLO annotation file paired with a Master V2 image","Keep"
"sciobraille-model-lab\datasets\master_v2\labels\train\scio_v2_dbd2504fcda855fd.txt","Master V2 YOLO label","YOLO annotation file paired with a Master V2 image","Keep"
"sciobraille-model-lab\datasets\master_v2\labels\train\scio_v2_dbd3a19f465009b9.txt","Master V2 YOLO label","YOLO annotation file paired with a Master V2 image","Keep"
"sciobraille-model-lab\datasets\master_v2\labels\train\scio_v2_dbd3e7d0e028d491.txt","Master V2 YOLO label","YOLO annotation file paired with a Master V2 image","Keep"
"sciobraille-model-lab\datasets\master_v2\labels\train\scio_v2_dbffd263c14cba5f.txt","Master V2 YOLO label","YOLO annotation file paired with a Master V2 image","Keep"
"sciobraille-model-lab\datasets\master_v2\labels\train\scio_v2_dc1201a78f30599b.txt","Master V2 YOLO label","YOLO annotation file paired with a Master V2 image","Keep"
"sciobraille-model-lab\datasets\master_v2\labels\train\scio_v2_dc338e03730c6d76.txt","Master V2 YOLO label","YOLO annotation file paired with a Master V2 image","Keep"
"sciobraille-model-lab\datasets\master_v2\labels\train\scio_v2_dc39f3a75b990011.txt","Master V2 YOLO label","YOLO annotation file paired with a Master V2 image","Keep"
"sciobraille-model-lab\datasets\master_v2\labels\train\scio_v2_dc3aa6d6acfe74de.txt","Master V2 YOLO label","YOLO annotation file paired with a Master V2 image","Keep"
"sciobraille-model-lab\datasets\master_v2\labels\train\scio_v2_dc412d854910b504.txt","Master V2 YOLO label","YOLO annotation file paired with a Master V2 image","Keep"
"sciobraille-model-lab\datasets\master_v2\labels\train\scio_v2_dc4a23593975bf61.txt","Master V2 YOLO label","YOLO annotation file paired with a Master V2 image","Keep"
"sciobraille-model-lab\datasets\master_v2\labels\train\scio_v2_dc4cb4109bf58ce5.txt","Master V2 YOLO label","YOLO annotation file paired with a Master V2 image","Keep"
"sciobraille-model-lab\datasets\master_v2\labels\train\scio_v2_dc4ecb8410fa40ec.txt","Master V2 YOLO label","YOLO annotation file paired with a Master V2 image","Keep"
"sciobraille-model-lab\datasets\master_v2\labels\train\scio_v2_dca56a4791e3f328.txt","Master V2 YOLO label","YOLO annotation file paired with a Master V2 image","Keep"
"sciobraille-model-lab\datasets\master_v2\labels\train\scio_v2_dca8a90eae5aee76.txt","Master V2 YOLO label","YOLO annotation file paired with a Master V2 image","Keep"
"sciobraille-model-lab\datasets\master_v2\labels\train\scio_v2_dcb2479b847ebf10.txt","Master V2 YOLO label","YOLO annotation file paired with a Master V2 image","Keep"
"sciobraille-model-lab\datasets\master_v2\labels\train\scio_v2_dcfc8fbe96bb16c1.txt","Master V2 YOLO label","YOLO annotation file paired with a Master V2 image","Keep"
"sciobraille-model-lab\datasets\master_v2\labels\train\scio_v2_dd061fedb880b95c.txt","Master V2 YOLO label","YOLO annotation file paired with a Master V2 image","Keep"
"sciobraille-model-lab\datasets\master_v2\labels\train\scio_v2_dd3d8834a6b4b9e0.txt","Master V2 YOLO label","YOLO annotation file paired with a Master V2 image","Keep"
"sciobraille-model-lab\datasets\master_v2\labels\train\scio_v2_dd5ab7a3bec15fcd.txt","Master V2 YOLO label","YOLO annotation file paired with a Master V2 image","Keep"
"sciobraille-model-lab\datasets\master_v2\labels\train\scio_v2_dd79caf2a10ddc01.txt","Master V2 YOLO label","YOLO annotation file paired with a Master V2 image","Keep"
"sciobraille-model-lab\datasets\master_v2\labels\train\scio_v2_ddc55d9e2d6c4c23.txt","Master V2 YOLO label","YOLO annotation file paired with a Master V2 image","Keep"
"sciobraille-model-lab\datasets\master_v2\labels\train\scio_v2_de0b963495b57e88.txt","Master V2 YOLO label","YOLO annotation file paired with a Master V2 image","Keep"
"sciobraille-model-lab\datasets\master_v2\labels\train\scio_v2_de13ae5bab48f16d.txt","Master V2 YOLO label","YOLO annotation file paired with a Master V2 image","Keep"
"sciobraille-model-lab\datasets\master_v2\labels\train\scio_v2_de158393df54913f.txt","Master V2 YOLO label","YOLO annotation file paired with a Master V2 image","Keep"
"sciobraille-model-lab\datasets\master_v2\labels\train\scio_v2_de20591daab653e3.txt","Master V2 YOLO label","YOLO annotation file paired with a Master V2 image","Keep"
"sciobraille-model-lab\datasets\master_v2\labels\train\scio_v2_de295e41736ff238.txt","Master V2 YOLO label","YOLO annotation file paired with a Master V2 image","Keep"
"sciobraille-model-lab\datasets\master_v2\labels\train\scio_v2_de71431fb53a2969.txt","Master V2 YOLO label","YOLO annotation file paired with a Master V2 image","Keep"
"sciobraille-model-lab\datasets\master_v2\labels\train\scio_v2_dea9906f7892bd6d.txt","Master V2 YOLO label","YOLO annotation file paired with a Master V2 image","Keep"
"sciobraille-model-lab\datasets\master_v2\labels\train\scio_v2_deae882fad7ebf5c.txt","Master V2 YOLO label","YOLO annotation file paired with a Master V2 image","Keep"
"sciobraille-model-lab\datasets\master_v2\labels\train\scio_v2_defdef34302ac32b.txt","Master V2 YOLO label","YOLO annotation file paired with a Master V2 image","Keep"
"sciobraille-model-lab\datasets\master_v2\labels\train\scio_v2_df1ed679e592525e.txt","Master V2 YOLO label","YOLO annotation file paired with a Master V2 image","Keep"
"sciobraille-model-lab\datasets\master_v2\labels\train\scio_v2_df2bfbfed067b07d.txt","Master V2 YOLO label","YOLO annotation file paired with a Master V2 image","Keep"
"sciobraille-model-lab\datasets\master_v2\labels\train\scio_v2_df401b1e5a2bf8c0.txt","Master V2 YOLO label","YOLO annotation file paired with a Master V2 image","Keep"
"sciobraille-model-lab\datasets\master_v2\labels\train\scio_v2_df9ae1254a953199.txt","Master V2 YOLO label","YOLO annotation file paired with a Master V2 image","Keep"
"sciobraille-model-lab\datasets\master_v2\labels\train\scio_v2_e055a465e1bc07ac.txt","Master V2 YOLO label","YOLO annotation file paired with a Master V2 image","Keep"
"sciobraille-model-lab\datasets\master_v2\labels\train\scio_v2_e06c1d0037d2b8a3.txt","Master V2 YOLO label","YOLO annotation file paired with a Master V2 image","Keep"
"sciobraille-model-lab\datasets\master_v2\labels\train\scio_v2_e0799adcf92af213.txt","Master V2 YOLO label","YOLO annotation file paired with a Master V2 image","Keep"
"sciobraille-model-lab\datasets\master_v2\labels\train\scio_v2_e07b5a36b0f99b0a.txt","Master V2 YOLO label","YOLO annotation file paired with a Master V2 image","Keep"
"sciobraille-model-lab\datasets\master_v2\labels\train\scio_v2_e092c13f3725484b.txt","Master V2 YOLO label","YOLO annotation file paired with a Master V2 image","Keep"
"sciobraille-model-lab\datasets\master_v2\labels\train\scio_v2_e0984d9b7deb766b.txt","Master V2 YOLO label","YOLO annotation file paired with a Master V2 image","Keep"
"sciobraille-model-lab\datasets\master_v2\labels\train\scio_v2_e0bc683c96af419a.txt","Master V2 YOLO label","YOLO annotation file paired with a Master V2 image","Keep"
"sciobraille-model-lab\datasets\master_v2\labels\train\scio_v2_e0c7390eda6614d4.txt","Master V2 YOLO label","YOLO annotation file paired with a Master V2 image","Keep"
"sciobraille-model-lab\datasets\master_v2\labels\train\scio_v2_e0f4e99280675a2d.txt","Master V2 YOLO label","YOLO annotation file paired with a Master V2 image","Keep"
"sciobraille-model-lab\datasets\master_v2\labels\train\scio_v2_e116f0138b607f77.txt","Master V2 YOLO label","YOLO annotation file paired with a Master V2 image","Keep"
"sciobraille-model-lab\datasets\master_v2\labels\train\scio_v2_e1282ce4959a5bef.txt","Master V2 YOLO label","YOLO annotation file paired with a Master V2 image","Keep"
"sciobraille-model-lab\datasets\master_v2\labels\train\scio_v2_e128f80b81ba3ecd.txt","Master V2 YOLO label","YOLO annotation file paired with a Master V2 image","Keep"
"sciobraille-model-lab\datasets\master_v2\labels\train\scio_v2_e133f718fcc8228c.txt","Master V2 YOLO label","YOLO annotation file paired with a Master V2 image","Keep"
"sciobraille-model-lab\datasets\master_v2\labels\train\scio_v2_e17247f9fdece700.txt","Master V2 YOLO label","YOLO annotation file paired with a Master V2 image","Keep"
"sciobraille-model-lab\datasets\master_v2\labels\train\scio_v2_e1ab42b0539bf202.txt","Master V2 YOLO label","YOLO annotation file paired with a Master V2 image","Keep"
"sciobraille-model-lab\datasets\master_v2\labels\train\scio_v2_e1afcb48bb1c1fe4.txt","Master V2 YOLO label","YOLO annotation file paired with a Master V2 image","Keep"
"sciobraille-model-lab\datasets\master_v2\labels\train\scio_v2_e1cf2df66e00cdbf.txt","Master V2 YOLO label","YOLO annotation file paired with a Master V2 image","Keep"
"sciobraille-model-lab\datasets\master_v2\labels\train\scio_v2_e2683c34c7dcfc12.txt","Master V2 YOLO label","YOLO annotation file paired with a Master V2 image","Keep"
"sciobraille-model-lab\datasets\master_v2\labels\train\scio_v2_e2c1227bca8d544f.txt","Master V2 YOLO label","YOLO annotation file paired with a Master V2 image","Keep"
"sciobraille-model-lab\datasets\master_v2\labels\train\scio_v2_e2f0ab45520d95c4.txt","Master V2 YOLO label","YOLO annotation file paired with a Master V2 image","Keep"
"sciobraille-model-lab\datasets\master_v2\labels\train\scio_v2_e2faa75ef0fbac3d.txt","Master V2 YOLO label","YOLO annotation file paired with a Master V2 image","Keep"
"sciobraille-model-lab\datasets\master_v2\labels\train\scio_v2_e3602de230e82a0c.txt","Master V2 YOLO label","YOLO annotation file paired with a Master V2 image","Keep"
"sciobraille-model-lab\datasets\master_v2\labels\train\scio_v2_e376382e75eec72c.txt","Master V2 YOLO label","YOLO annotation file paired with a Master V2 image","Keep"
"sciobraille-model-lab\datasets\master_v2\labels\train\scio_v2_e3c21df2b8b75d01.txt","Master V2 YOLO label","YOLO annotation file paired with a Master V2 image","Keep"
"sciobraille-model-lab\datasets\master_v2\labels\train\scio_v2_e4b25fd3a663aae4.txt","Master V2 YOLO label","YOLO annotation file paired with a Master V2 image","Keep"
"sciobraille-model-lab\datasets\master_v2\labels\train\scio_v2_e4cb860d0fc11b6d.txt","Master V2 YOLO label","YOLO annotation file paired with a Master V2 image","Keep"
"sciobraille-model-lab\datasets\master_v2\labels\train\scio_v2_e4dcbcb01fde755a.txt","Master V2 YOLO label","YOLO annotation file paired with a Master V2 image","Keep"
"sciobraille-model-lab\datasets\master_v2\labels\train\scio_v2_e4f7106a198f240e.txt","Master V2 YOLO label","YOLO annotation file paired with a Master V2 image","Keep"
"sciobraille-model-lab\datasets\master_v2\labels\train\scio_v2_e4f93669e6049825.txt","Master V2 YOLO label","YOLO annotation file paired with a Master V2 image","Keep"
"sciobraille-model-lab\datasets\master_v2\labels\train\scio_v2_e549958896310f29.txt","Master V2 YOLO label","YOLO annotation file paired with a Master V2 image","Keep"
"sciobraille-model-lab\datasets\master_v2\labels\train\scio_v2_e57544d8766381f9.txt","Master V2 YOLO label","YOLO annotation file paired with a Master V2 image","Keep"
"sciobraille-model-lab\datasets\master_v2\labels\train\scio_v2_e58b0ff0e305f7a2.txt","Master V2 YOLO label","YOLO annotation file paired with a Master V2 image","Keep"
"sciobraille-model-lab\datasets\master_v2\labels\train\scio_v2_e5ba48d654895bce.txt","Master V2 YOLO label","YOLO annotation file paired with a Master V2 image","Keep"
"sciobraille-model-lab\datasets\master_v2\labels\train\scio_v2_e623aa0d64d62db2.txt","Master V2 YOLO label","YOLO annotation file paired with a Master V2 image","Keep"
"sciobraille-model-lab\datasets\master_v2\labels\train\scio_v2_e631017d6981a35f.txt","Master V2 YOLO label","YOLO annotation file paired with a Master V2 image","Keep"
"sciobraille-model-lab\datasets\master_v2\labels\train\scio_v2_e6731824f11365ae.txt","Master V2 YOLO label","YOLO annotation file paired with a Master V2 image","Keep"
"sciobraille-model-lab\datasets\master_v2\labels\train\scio_v2_e6e3a7ce2ec0c486.txt","Master V2 YOLO label","YOLO annotation file paired with a Master V2 image","Keep"
"sciobraille-model-lab\datasets\master_v2\labels\train\scio_v2_e71ffc75749d4a2a.txt","Master V2 YOLO label","YOLO annotation file paired with a Master V2 image","Keep"
"sciobraille-model-lab\datasets\master_v2\labels\train\scio_v2_e7200ecb764a188f.txt","Master V2 YOLO label","YOLO annotation file paired with a Master V2 image","Keep"
"sciobraille-model-lab\datasets\master_v2\labels\train\scio_v2_e72c086928043219.txt","Master V2 YOLO label","YOLO annotation file paired with a Master V2 image","Keep"
"sciobraille-model-lab\datasets\master_v2\labels\train\scio_v2_e745306c97074fd3.txt","Master V2 YOLO label","YOLO annotation file paired with a Master V2 image","Keep"
"sciobraille-model-lab\datasets\master_v2\labels\train\scio_v2_e7a5df1caab7370e.txt","Master V2 YOLO label","YOLO annotation file paired with a Master V2 image","Keep"
"sciobraille-model-lab\datasets\master_v2\labels\train\scio_v2_e7adefb26c74a2fb.txt","Master V2 YOLO label","YOLO annotation file paired with a Master V2 image","Keep"
"sciobraille-model-lab\datasets\master_v2\labels\train\scio_v2_e7c0a81016dcf89f.txt","Master V2 YOLO label","YOLO annotation file paired with a Master V2 image","Keep"
"sciobraille-model-lab\datasets\master_v2\labels\train\scio_v2_e7f273e32810d334.txt","Master V2 YOLO label","YOLO annotation file paired with a Master V2 image","Keep"
"sciobraille-model-lab\datasets\master_v2\labels\train\scio_v2_e83109da0a6bf4ed.txt","Master V2 YOLO label","YOLO annotation file paired with a Master V2 image","Keep"
"sciobraille-model-lab\datasets\master_v2\labels\train\scio_v2_e844415d7bcb0cf9.txt","Master V2 YOLO label","YOLO annotation file paired with a Master V2 image","Keep"
"sciobraille-model-lab\datasets\master_v2\labels\train\scio_v2_e876887ca8664cf9.txt","Master V2 YOLO label","YOLO annotation file paired with a Master V2 image","Keep"
"sciobraille-model-lab\datasets\master_v2\labels\train\scio_v2_e899c373e2c06dd2.txt","Master V2 YOLO label","YOLO annotation file paired with a Master V2 image","Keep"
"sciobraille-model-lab\datasets\master_v2\labels\train\scio_v2_e89df789ec0c338d.txt","Master V2 YOLO label","YOLO annotation file paired with a Master V2 image","Keep"
"sciobraille-model-lab\datasets\master_v2\labels\train\scio_v2_e8b0d5ada054eb1f.txt","Master V2 YOLO label","YOLO annotation file paired with a Master V2 image","Keep"
"sciobraille-model-lab\datasets\master_v2\labels\train\scio_v2_e8cde4a71c67092e.txt","Master V2 YOLO label","YOLO annotation file paired with a Master V2 image","Keep"
"sciobraille-model-lab\datasets\master_v2\labels\train\scio_v2_e8dd8549808330aa.txt","Master V2 YOLO label","YOLO annotation file paired with a Master V2 image","Keep"
"sciobraille-model-lab\datasets\master_v2\labels\train\scio_v2_e8e76b0eb4020d09.txt","Master V2 YOLO label","YOLO annotation file paired with a Master V2 image","Keep"
"sciobraille-model-lab\datasets\master_v2\labels\train\scio_v2_e94e7dcf8cd4bc86.txt","Master V2 YOLO label","YOLO annotation file paired with a Master V2 image","Keep"
"sciobraille-model-lab\datasets\master_v2\labels\train\scio_v2_e991116724f163f3.txt","Master V2 YOLO label","YOLO annotation file paired with a Master V2 image","Keep"
"sciobraille-model-lab\datasets\master_v2\labels\train\scio_v2_e9adc32c1be1cf70.txt","Master V2 YOLO label","YOLO annotation file paired with a Master V2 image","Keep"
"sciobraille-model-lab\datasets\master_v2\labels\train\scio_v2_e9ba67c78f1e9e78.txt","Master V2 YOLO label","YOLO annotation file paired with a Master V2 image","Keep"
"sciobraille-model-lab\datasets\master_v2\labels\train\scio_v2_e9ddba8cbd821883.txt","Master V2 YOLO label","YOLO annotation file paired with a Master V2 image","Keep"
"sciobraille-model-lab\datasets\master_v2\labels\train\scio_v2_e9f602df018d95c1.txt","Master V2 YOLO label","YOLO annotation file paired with a Master V2 image","Keep"
"sciobraille-model-lab\datasets\master_v2\labels\train\scio_v2_ea3517fce02eaf51.txt","Master V2 YOLO label","YOLO annotation file paired with a Master V2 image","Keep"
"sciobraille-model-lab\datasets\master_v2\labels\train\scio_v2_ea40fdbb530932b1.txt","Master V2 YOLO label","YOLO annotation file paired with a Master V2 image","Keep"
"sciobraille-model-lab\datasets\master_v2\labels\train\scio_v2_ea48bb28d2240de3.txt","Master V2 YOLO label","YOLO annotation file paired with a Master V2 image","Keep"
"sciobraille-model-lab\datasets\master_v2\labels\train\scio_v2_ea5e41cb3062fb56.txt","Master V2 YOLO label","YOLO annotation file paired with a Master V2 image","Keep"
"sciobraille-model-lab\datasets\master_v2\labels\train\scio_v2_ea687d94f411f64c.txt","Master V2 YOLO label","YOLO annotation file paired with a Master V2 image","Keep"
"sciobraille-model-lab\datasets\master_v2\labels\train\scio_v2_ea7abdbe8cff500b.txt","Master V2 YOLO label","YOLO annotation file paired with a Master V2 image","Keep"
"sciobraille-model-lab\datasets\master_v2\labels\train\scio_v2_ea80786492cc63d6.txt","Master V2 YOLO label","YOLO annotation file paired with a Master V2 image","Keep"
"sciobraille-model-lab\datasets\master_v2\labels\train\scio_v2_eaa79aaa2d9bf2d9.txt","Master V2 YOLO label","YOLO annotation file paired with a Master V2 image","Keep"
"sciobraille-model-lab\datasets\master_v2\labels\train\scio_v2_eae7fdd136a1ec43.txt","Master V2 YOLO label","YOLO annotation file paired with a Master V2 image","Keep"
"sciobraille-model-lab\datasets\master_v2\labels\train\scio_v2_eaf6f9e2a6498055.txt","Master V2 YOLO label","YOLO annotation file paired with a Master V2 image","Keep"
"sciobraille-model-lab\datasets\master_v2\labels\train\scio_v2_eb737e1239d2cb81.txt","Master V2 YOLO label","YOLO annotation file paired with a Master V2 image","Keep"
"sciobraille-model-lab\datasets\master_v2\labels\train\scio_v2_eb844b1a3053e7e5.txt","Master V2 YOLO label","YOLO annotation file paired with a Master V2 image","Keep"
"sciobraille-model-lab\datasets\master_v2\labels\train\scio_v2_eb96825f295d5cfb.txt","Master V2 YOLO label","YOLO annotation file paired with a Master V2 image","Keep"
"sciobraille-model-lab\datasets\master_v2\labels\train\scio_v2_eba682d0f3fd397a.txt","Master V2 YOLO label","YOLO annotation file paired with a Master V2 image","Keep"
"sciobraille-model-lab\datasets\master_v2\labels\train\scio_v2_ebde9aba2cd81088.txt","Master V2 YOLO label","YOLO annotation file paired with a Master V2 image","Keep"
"sciobraille-model-lab\datasets\master_v2\labels\train\scio_v2_ebe90167fa371605.txt","Master V2 YOLO label","YOLO annotation file paired with a Master V2 image","Keep"
"sciobraille-model-lab\datasets\master_v2\labels\train\scio_v2_ec210bf107a9dd27.txt","Master V2 YOLO label","YOLO annotation file paired with a Master V2 image","Keep"
"sciobraille-model-lab\datasets\master_v2\labels\train\scio_v2_ec3eb52730c22071.txt","Master V2 YOLO label","YOLO annotation file paired with a Master V2 image","Keep"
"sciobraille-model-lab\datasets\master_v2\labels\train\scio_v2_ec47d96a03c0d130.txt","Master V2 YOLO label","YOLO annotation file paired with a Master V2 image","Keep"
"sciobraille-model-lab\datasets\master_v2\labels\train\scio_v2_ec72b370887f8a72.txt","Master V2 YOLO label","YOLO annotation file paired with a Master V2 image","Keep"
"sciobraille-model-lab\datasets\master_v2\labels\train\scio_v2_ec8bc297282de7b6.txt","Master V2 YOLO label","YOLO annotation file paired with a Master V2 image","Keep"
"sciobraille-model-lab\datasets\master_v2\labels\train\scio_v2_ec900860617a7376.txt","Master V2 YOLO label","YOLO annotation file paired with a Master V2 image","Keep"
"sciobraille-model-lab\datasets\master_v2\labels\train\scio_v2_ecccab1980fa2181.txt","Master V2 YOLO label","YOLO annotation file paired with a Master V2 image","Keep"
"sciobraille-model-lab\datasets\master_v2\labels\train\scio_v2_ecccf7edf8385537.txt","Master V2 YOLO label","YOLO annotation file paired with a Master V2 image","Keep"
"sciobraille-model-lab\datasets\master_v2\labels\train\scio_v2_ecf470d0eb5212c1.txt","Master V2 YOLO label","YOLO annotation file paired with a Master V2 image","Keep"
"sciobraille-model-lab\datasets\master_v2\labels\train\scio_v2_ed58dd76872a52f0.txt","Master V2 YOLO label","YOLO annotation file paired with a Master V2 image","Keep"
"sciobraille-model-lab\datasets\master_v2\labels\train\scio_v2_ed6c7fb8ba9180cc.txt","Master V2 YOLO label","YOLO annotation file paired with a Master V2 image","Keep"
"sciobraille-model-lab\datasets\master_v2\labels\train\scio_v2_ed8b1b6656385c61.txt","Master V2 YOLO label","YOLO annotation file paired with a Master V2 image","Keep"
"sciobraille-model-lab\datasets\master_v2\labels\train\scio_v2_ed96a9bb2ff32b7f.txt","Master V2 YOLO label","YOLO annotation file paired with a Master V2 image","Keep"
"sciobraille-model-lab\datasets\master_v2\labels\train\scio_v2_eda14ce59e09b746.txt","Master V2 YOLO label","YOLO annotation file paired with a Master V2 image","Keep"
"sciobraille-model-lab\datasets\master_v2\labels\train\scio_v2_edb3b9e9d73adb62.txt","Master V2 YOLO label","YOLO annotation file paired with a Master V2 image","Keep"
"sciobraille-model-lab\datasets\master_v2\labels\train\scio_v2_edf7461bb308cfae.txt","Master V2 YOLO label","YOLO annotation file paired with a Master V2 image","Keep"
"sciobraille-model-lab\datasets\master_v2\labels\train\scio_v2_edfcb4201d17db4e.txt","Master V2 YOLO label","YOLO annotation file paired with a Master V2 image","Keep"
"sciobraille-model-lab\datasets\master_v2\labels\train\scio_v2_ee73a65b833146ee.txt","Master V2 YOLO label","YOLO annotation file paired with a Master V2 image","Keep"
"sciobraille-model-lab\datasets\master_v2\labels\train\scio_v2_ee7530d6d5a095d9.txt","Master V2 YOLO label","YOLO annotation file paired with a Master V2 image","Keep"
"sciobraille-model-lab\datasets\master_v2\labels\train\scio_v2_ee82db6c3880a3c4.txt","Master V2 YOLO label","YOLO annotation file paired with a Master V2 image","Keep"
"sciobraille-model-lab\datasets\master_v2\labels\train\scio_v2_eeb791f41553893e.txt","Master V2 YOLO label","YOLO annotation file paired with a Master V2 image","Keep"
"sciobraille-model-lab\datasets\master_v2\labels\train\scio_v2_eec100ce68b0625a.txt","Master V2 YOLO label","YOLO annotation file paired with a Master V2 image","Keep"
"sciobraille-model-lab\datasets\master_v2\labels\train\scio_v2_eecb77bb03370557.txt","Master V2 YOLO label","YOLO annotation file paired with a Master V2 image","Keep"
"sciobraille-model-lab\datasets\master_v2\labels\train\scio_v2_eee6ce360ed6417a.txt","Master V2 YOLO label","YOLO annotation file paired with a Master V2 image","Keep"
"sciobraille-model-lab\datasets\master_v2\labels\train\scio_v2_eefb5dab94706f35.txt","Master V2 YOLO label","YOLO annotation file paired with a Master V2 image","Keep"
"sciobraille-model-lab\datasets\master_v2\labels\train\scio_v2_ef53f2800dddf607.txt","Master V2 YOLO label","YOLO annotation file paired with a Master V2 image","Keep"
"sciobraille-model-lab\datasets\master_v2\labels\train\scio_v2_ef5992424a7f988c.txt","Master V2 YOLO label","YOLO annotation file paired with a Master V2 image","Keep"
"sciobraille-model-lab\datasets\master_v2\labels\train\scio_v2_ef9d0c689248609b.txt","Master V2 YOLO label","YOLO annotation file paired with a Master V2 image","Keep"
"sciobraille-model-lab\datasets\master_v2\labels\train\scio_v2_ef9dea79e5c9da24.txt","Master V2 YOLO label","YOLO annotation file paired with a Master V2 image","Keep"
"sciobraille-model-lab\datasets\master_v2\labels\train\scio_v2_efbb9ef1a26093de.txt","Master V2 YOLO label","YOLO annotation file paired with a Master V2 image","Keep"
"sciobraille-model-lab\datasets\master_v2\labels\train\scio_v2_efc8f431758afadf.txt","Master V2 YOLO label","YOLO annotation file paired with a Master V2 image","Keep"
"sciobraille-model-lab\datasets\master_v2\labels\train\scio_v2_efe78ee063076e14.txt","Master V2 YOLO label","YOLO annotation file paired with a Master V2 image","Keep"
"sciobraille-model-lab\datasets\master_v2\labels\train\scio_v2_eff6702df0a1eb4f.txt","Master V2 YOLO label","YOLO annotation file paired with a Master V2 image","Keep"
"sciobraille-model-lab\datasets\master_v2\labels\train\scio_v2_f02f0680abec9653.txt","Master V2 YOLO label","YOLO annotation file paired with a Master V2 image","Keep"
"sciobraille-model-lab\datasets\master_v2\labels\train\scio_v2_f03dcca51b2cd474.txt","Master V2 YOLO label","YOLO annotation file paired with a Master V2 image","Keep"
"sciobraille-model-lab\datasets\master_v2\labels\train\scio_v2_f058c93150a8dae9.txt","Master V2 YOLO label","YOLO annotation file paired with a Master V2 image","Keep"
"sciobraille-model-lab\datasets\master_v2\labels\train\scio_v2_f064e920981e5a0d.txt","Master V2 YOLO label","YOLO annotation file paired with a Master V2 image","Keep"
"sciobraille-model-lab\datasets\master_v2\labels\train\scio_v2_f0764f814426f558.txt","Master V2 YOLO label","YOLO annotation file paired with a Master V2 image","Keep"
"sciobraille-model-lab\datasets\master_v2\labels\train\scio_v2_f0b33b9a7ac1d875.txt","Master V2 YOLO label","YOLO annotation file paired with a Master V2 image","Keep"
"sciobraille-model-lab\datasets\master_v2\labels\train\scio_v2_f0d88da8937a6b85.txt","Master V2 YOLO label","YOLO annotation file paired with a Master V2 image","Keep"
"sciobraille-model-lab\datasets\master_v2\labels\train\scio_v2_f10ccb4bc919c789.txt","Master V2 YOLO label","YOLO annotation file paired with a Master V2 image","Keep"
"sciobraille-model-lab\datasets\master_v2\labels\train\scio_v2_f16045ba2c748d88.txt","Master V2 YOLO label","YOLO annotation file paired with a Master V2 image","Keep"
"sciobraille-model-lab\datasets\master_v2\labels\train\scio_v2_f1ef101184e2b151.txt","Master V2 YOLO label","YOLO annotation file paired with a Master V2 image","Keep"
"sciobraille-model-lab\datasets\master_v2\labels\train\scio_v2_f21a2ff3d3859d62.txt","Master V2 YOLO label","YOLO annotation file paired with a Master V2 image","Keep"
"sciobraille-model-lab\datasets\master_v2\labels\train\scio_v2_f24d1399a291e730.txt","Master V2 YOLO label","YOLO annotation file paired with a Master V2 image","Keep"
"sciobraille-model-lab\datasets\master_v2\labels\train\scio_v2_f2635fa77dc3b1ae.txt","Master V2 YOLO label","YOLO annotation file paired with a Master V2 image","Keep"
"sciobraille-model-lab\datasets\master_v2\labels\train\scio_v2_f2b91072faa0c36e.txt","Master V2 YOLO label","YOLO annotation file paired with a Master V2 image","Keep"
"sciobraille-model-lab\datasets\master_v2\labels\train\scio_v2_f2c93a0a4c45e779.txt","Master V2 YOLO label","YOLO annotation file paired with a Master V2 image","Keep"
"sciobraille-model-lab\datasets\master_v2\labels\train\scio_v2_f2e9b01544636bf2.txt","Master V2 YOLO label","YOLO annotation file paired with a Master V2 image","Keep"
"sciobraille-model-lab\datasets\master_v2\labels\train\scio_v2_f2f73a46347ed3ef.txt","Master V2 YOLO label","YOLO annotation file paired with a Master V2 image","Keep"
"sciobraille-model-lab\datasets\master_v2\labels\train\scio_v2_f389c1553660a514.txt","Master V2 YOLO label","YOLO annotation file paired with a Master V2 image","Keep"
"sciobraille-model-lab\datasets\master_v2\labels\train\scio_v2_f3ae36ab860de8bb.txt","Master V2 YOLO label","YOLO annotation file paired with a Master V2 image","Keep"
"sciobraille-model-lab\datasets\master_v2\labels\train\scio_v2_f3d5f2d36fae136b.txt","Master V2 YOLO label","YOLO annotation file paired with a Master V2 image","Keep"
"sciobraille-model-lab\datasets\master_v2\labels\train\scio_v2_f3d74750be3acbd1.txt","Master V2 YOLO label","YOLO annotation file paired with a Master V2 image","Keep"
"sciobraille-model-lab\datasets\master_v2\labels\train\scio_v2_f3ef58184457f678.txt","Master V2 YOLO label","YOLO annotation file paired with a Master V2 image","Keep"
"sciobraille-model-lab\datasets\master_v2\labels\train\scio_v2_f41d49340d915728.txt","Master V2 YOLO label","YOLO annotation file paired with a Master V2 image","Keep"
"sciobraille-model-lab\datasets\master_v2\labels\train\scio_v2_f4497ef432c7cc30.txt","Master V2 YOLO label","YOLO annotation file paired with a Master V2 image","Keep"
"sciobraille-model-lab\datasets\master_v2\labels\train\scio_v2_f454e6ef9d87711f.txt","Master V2 YOLO label","YOLO annotation file paired with a Master V2 image","Keep"
"sciobraille-model-lab\datasets\master_v2\labels\train\scio_v2_f474e836ec1357c0.txt","Master V2 YOLO label","YOLO annotation file paired with a Master V2 image","Keep"
"sciobraille-model-lab\datasets\master_v2\labels\train\scio_v2_f485bb20b82a0f61.txt","Master V2 YOLO label","YOLO annotation file paired with a Master V2 image","Keep"
"sciobraille-model-lab\datasets\master_v2\labels\train\scio_v2_f4e6111345d4f7bf.txt","Master V2 YOLO label","YOLO annotation file paired with a Master V2 image","Keep"
"sciobraille-model-lab\datasets\master_v2\labels\train\scio_v2_f535fc9828296120.txt","Master V2 YOLO label","YOLO annotation file paired with a Master V2 image","Keep"
"sciobraille-model-lab\datasets\master_v2\labels\train\scio_v2_f57ae0549b71b4d0.txt","Master V2 YOLO label","YOLO annotation file paired with a Master V2 image","Keep"
"sciobraille-model-lab\datasets\master_v2\labels\train\scio_v2_f5918abee16198f5.txt","Master V2 YOLO label","YOLO annotation file paired with a Master V2 image","Keep"
"sciobraille-model-lab\datasets\master_v2\labels\train\scio_v2_f59d21479716a59e.txt","Master V2 YOLO label","YOLO annotation file paired with a Master V2 image","Keep"
"sciobraille-model-lab\datasets\master_v2\labels\train\scio_v2_f62f965f89bc2323.txt","Master V2 YOLO label","YOLO annotation file paired with a Master V2 image","Keep"
"sciobraille-model-lab\datasets\master_v2\labels\train\scio_v2_f66dc3007350edd4.txt","Master V2 YOLO label","YOLO annotation file paired with a Master V2 image","Keep"
"sciobraille-model-lab\datasets\master_v2\labels\train\scio_v2_f6a4f68c2fc2570e.txt","Master V2 YOLO label","YOLO annotation file paired with a Master V2 image","Keep"
"sciobraille-model-lab\datasets\master_v2\labels\train\scio_v2_f6af0bbb561d548d.txt","Master V2 YOLO label","YOLO annotation file paired with a Master V2 image","Keep"
"sciobraille-model-lab\datasets\master_v2\labels\train\scio_v2_f6b02c54d5669a39.txt","Master V2 YOLO label","YOLO annotation file paired with a Master V2 image","Keep"
"sciobraille-model-lab\datasets\master_v2\labels\train\scio_v2_f73591bb966fca6f.txt","Master V2 YOLO label","YOLO annotation file paired with a Master V2 image","Keep"
"sciobraille-model-lab\datasets\master_v2\labels\train\scio_v2_f740c2ffc0d12086.txt","Master V2 YOLO label","YOLO annotation file paired with a Master V2 image","Keep"
"sciobraille-model-lab\datasets\master_v2\labels\train\scio_v2_f743aed7f3969974.txt","Master V2 YOLO label","YOLO annotation file paired with a Master V2 image","Keep"
"sciobraille-model-lab\datasets\master_v2\labels\train\scio_v2_f7450360e8112f36.txt","Master V2 YOLO label","YOLO annotation file paired with a Master V2 image","Keep"
"sciobraille-model-lab\datasets\master_v2\labels\train\scio_v2_f74bebd6e793f2d8.txt","Master V2 YOLO label","YOLO annotation file paired with a Master V2 image","Keep"
"sciobraille-model-lab\datasets\master_v2\labels\train\scio_v2_f76a8028eb6847bd.txt","Master V2 YOLO label","YOLO annotation file paired with a Master V2 image","Keep"
"sciobraille-model-lab\datasets\master_v2\labels\train\scio_v2_f78d9ba45631435b.txt","Master V2 YOLO label","YOLO annotation file paired with a Master V2 image","Keep"
"sciobraille-model-lab\datasets\master_v2\labels\train\scio_v2_f7d0bcb55cf0ee7b.txt","Master V2 YOLO label","YOLO annotation file paired with a Master V2 image","Keep"
"sciobraille-model-lab\datasets\master_v2\labels\train\scio_v2_f7e49ac137cbbd7b.txt","Master V2 YOLO label","YOLO annotation file paired with a Master V2 image","Keep"
"sciobraille-model-lab\datasets\master_v2\labels\train\scio_v2_f805f46a9243d2bb.txt","Master V2 YOLO label","YOLO annotation file paired with a Master V2 image","Keep"
"sciobraille-model-lab\datasets\master_v2\labels\train\scio_v2_f80ed6a19a0e0d1f.txt","Master V2 YOLO label","YOLO annotation file paired with a Master V2 image","Keep"
"sciobraille-model-lab\datasets\master_v2\labels\train\scio_v2_f81015a3ffc02bef.txt","Master V2 YOLO label","YOLO annotation file paired with a Master V2 image","Keep"
"sciobraille-model-lab\datasets\master_v2\labels\train\scio_v2_f8695d9429091198.txt","Master V2 YOLO label","YOLO annotation file paired with a Master V2 image","Keep"
"sciobraille-model-lab\datasets\master_v2\labels\train\scio_v2_f885284140696c28.txt","Master V2 YOLO label","YOLO annotation file paired with a Master V2 image","Keep"
"sciobraille-model-lab\datasets\master_v2\labels\train\scio_v2_f8b0fa091f69b163.txt","Master V2 YOLO label","YOLO annotation file paired with a Master V2 image","Keep"
"sciobraille-model-lab\datasets\master_v2\labels\train\scio_v2_f8c709a9aeb0582b.txt","Master V2 YOLO label","YOLO annotation file paired with a Master V2 image","Keep"
"sciobraille-model-lab\datasets\master_v2\labels\train\scio_v2_f9266bb811513888.txt","Master V2 YOLO label","YOLO annotation file paired with a Master V2 image","Keep"
"sciobraille-model-lab\datasets\master_v2\labels\train\scio_v2_f94ade3359b60454.txt","Master V2 YOLO label","YOLO annotation file paired with a Master V2 image","Keep"
"sciobraille-model-lab\datasets\master_v2\labels\train\scio_v2_f959c23e748ced8f.txt","Master V2 YOLO label","YOLO annotation file paired with a Master V2 image","Keep"
"sciobraille-model-lab\datasets\master_v2\labels\train\scio_v2_f96f6326dede9f17.txt","Master V2 YOLO label","YOLO annotation file paired with a Master V2 image","Keep"
"sciobraille-model-lab\datasets\master_v2\labels\train\scio_v2_f98861edc74c9847.txt","Master V2 YOLO label","YOLO annotation file paired with a Master V2 image","Keep"
"sciobraille-model-lab\datasets\master_v2\labels\train\scio_v2_f9d473463b510b36.txt","Master V2 YOLO label","YOLO annotation file paired with a Master V2 image","Keep"
"sciobraille-model-lab\datasets\master_v2\labels\train\scio_v2_fab4d002130330c7.txt","Master V2 YOLO label","YOLO annotation file paired with a Master V2 image","Keep"
"sciobraille-model-lab\datasets\master_v2\labels\train\scio_v2_fad5ed755f235d33.txt","Master V2 YOLO label","YOLO annotation file paired with a Master V2 image","Keep"
"sciobraille-model-lab\datasets\master_v2\labels\train\scio_v2_fb041a992882b82e.txt","Master V2 YOLO label","YOLO annotation file paired with a Master V2 image","Keep"
"sciobraille-model-lab\datasets\master_v2\labels\train\scio_v2_fb12be72b587b2aa.txt","Master V2 YOLO label","YOLO annotation file paired with a Master V2 image","Keep"
"sciobraille-model-lab\datasets\master_v2\labels\train\scio_v2_fb4989b66d806fda.txt","Master V2 YOLO label","YOLO annotation file paired with a Master V2 image","Keep"
"sciobraille-model-lab\datasets\master_v2\labels\train\scio_v2_fb872002412d82d8.txt","Master V2 YOLO label","YOLO annotation file paired with a Master V2 image","Keep"
"sciobraille-model-lab\datasets\master_v2\labels\train\scio_v2_fb90e07d21785bdd.txt","Master V2 YOLO label","YOLO annotation file paired with a Master V2 image","Keep"
"sciobraille-model-lab\datasets\master_v2\labels\train\scio_v2_fbe06af4605f5360.txt","Master V2 YOLO label","YOLO annotation file paired with a Master V2 image","Keep"
"sciobraille-model-lab\datasets\master_v2\labels\train\scio_v2_fc249eaa5ba63a75.txt","Master V2 YOLO label","YOLO annotation file paired with a Master V2 image","Keep"
"sciobraille-model-lab\datasets\master_v2\labels\train\scio_v2_fc2dec8816ec501e.txt","Master V2 YOLO label","YOLO annotation file paired with a Master V2 image","Keep"
"sciobraille-model-lab\datasets\master_v2\labels\train\scio_v2_fc4cfd46a25f684f.txt","Master V2 YOLO label","YOLO annotation file paired with a Master V2 image","Keep"
"sciobraille-model-lab\datasets\master_v2\labels\train\scio_v2_fc8efa612af5c4f7.txt","Master V2 YOLO label","YOLO annotation file paired with a Master V2 image","Keep"
"sciobraille-model-lab\datasets\master_v2\labels\train\scio_v2_fcd613ef13d5a265.txt","Master V2 YOLO label","YOLO annotation file paired with a Master V2 image","Keep"
"sciobraille-model-lab\datasets\master_v2\labels\train\scio_v2_fce130c412e62f19.txt","Master V2 YOLO label","YOLO annotation file paired with a Master V2 image","Keep"
"sciobraille-model-lab\datasets\master_v2\labels\train\scio_v2_fce90929fc87be86.txt","Master V2 YOLO label","YOLO annotation file paired with a Master V2 image","Keep"
"sciobraille-model-lab\datasets\master_v2\labels\train\scio_v2_fd3b2371d5a3991d.txt","Master V2 YOLO label","YOLO annotation file paired with a Master V2 image","Keep"
"sciobraille-model-lab\datasets\master_v2\labels\train\scio_v2_fd58325e7e3422db.txt","Master V2 YOLO label","YOLO annotation file paired with a Master V2 image","Keep"
"sciobraille-model-lab\datasets\master_v2\labels\train\scio_v2_fdc1082e386cf93e.txt","Master V2 YOLO label","YOLO annotation file paired with a Master V2 image","Keep"
"sciobraille-model-lab\datasets\master_v2\labels\train\scio_v2_fdfaa7fed15d8200.txt","Master V2 YOLO label","YOLO annotation file paired with a Master V2 image","Keep"
"sciobraille-model-lab\datasets\master_v2\labels\train\scio_v2_fe00d13f9222066d.txt","Master V2 YOLO label","YOLO annotation file paired with a Master V2 image","Keep"
"sciobraille-model-lab\datasets\master_v2\labels\train\scio_v2_fe2b05f6df931b77.txt","Master V2 YOLO label","YOLO annotation file paired with a Master V2 image","Keep"
"sciobraille-model-lab\datasets\master_v2\labels\train\scio_v2_fe39105d19f4bdc6.txt","Master V2 YOLO label","YOLO annotation file paired with a Master V2 image","Keep"
"sciobraille-model-lab\datasets\master_v2\labels\train\scio_v2_fe63d9bfa683cd8e.txt","Master V2 YOLO label","YOLO annotation file paired with a Master V2 image","Keep"
"sciobraille-model-lab\datasets\master_v2\labels\train\scio_v2_fe64f81e8f329e22.txt","Master V2 YOLO label","YOLO annotation file paired with a Master V2 image","Keep"
"sciobraille-model-lab\datasets\master_v2\labels\train\scio_v2_fe82a5da1c03d910.txt","Master V2 YOLO label","YOLO annotation file paired with a Master V2 image","Keep"
"sciobraille-model-lab\datasets\master_v2\labels\train\scio_v2_fe87ff169a3d1a9b.txt","Master V2 YOLO label","YOLO annotation file paired with a Master V2 image","Keep"
"sciobraille-model-lab\datasets\master_v2\labels\train\scio_v2_fe882bee5c54bf2e.txt","Master V2 YOLO label","YOLO annotation file paired with a Master V2 image","Keep"
"sciobraille-model-lab\datasets\master_v2\labels\train\scio_v2_fe8bb23a4e2969e9.txt","Master V2 YOLO label","YOLO annotation file paired with a Master V2 image","Keep"
"sciobraille-model-lab\datasets\master_v2\labels\train\scio_v2_fe8c66bda439debd.txt","Master V2 YOLO label","YOLO annotation file paired with a Master V2 image","Keep"
"sciobraille-model-lab\datasets\master_v2\labels\train\scio_v2_fe960d6bf581b7b5.txt","Master V2 YOLO label","YOLO annotation file paired with a Master V2 image","Keep"
"sciobraille-model-lab\datasets\master_v2\labels\train\scio_v2_fe96d38417a3a5f8.txt","Master V2 YOLO label","YOLO annotation file paired with a Master V2 image","Keep"
"sciobraille-model-lab\datasets\master_v2\labels\train\scio_v2_fe997637fa6a78c9.txt","Master V2 YOLO label","YOLO annotation file paired with a Master V2 image","Keep"
"sciobraille-model-lab\datasets\master_v2\labels\train\scio_v2_fe9eff5c21b52e2a.txt","Master V2 YOLO label","YOLO annotation file paired with a Master V2 image","Keep"
"sciobraille-model-lab\datasets\master_v2\labels\train\scio_v2_feced4961b10e3b8.txt","Master V2 YOLO label","YOLO annotation file paired with a Master V2 image","Keep"
"sciobraille-model-lab\datasets\master_v2\labels\train\scio_v2_fee3873bc9ac619b.txt","Master V2 YOLO label","YOLO annotation file paired with a Master V2 image","Keep"
"sciobraille-model-lab\datasets\master_v2\labels\train\scio_v2_fef0d66349fa818f.txt","Master V2 YOLO label","YOLO annotation file paired with a Master V2 image","Keep"
"sciobraille-model-lab\datasets\master_v2\labels\train\scio_v2_ff14a9ef9184b035.txt","Master V2 YOLO label","YOLO annotation file paired with a Master V2 image","Keep"
"sciobraille-model-lab\datasets\master_v2\labels\train\scio_v2_ff1bf2d0736227e9.txt","Master V2 YOLO label","YOLO annotation file paired with a Master V2 image","Keep"
"sciobraille-model-lab\datasets\master_v2\labels\train\scio_v2_ff1d0273d8f214d3.txt","Master V2 YOLO label","YOLO annotation file paired with a Master V2 image","Keep"
"sciobraille-model-lab\datasets\master_v2\labels\train\scio_v2_ff3607bc03930524.txt","Master V2 YOLO label","YOLO annotation file paired with a Master V2 image","Keep"
"sciobraille-model-lab\datasets\master_v2\labels\train\scio_v2_ff3a96ba7df88a2e.txt","Master V2 YOLO label","YOLO annotation file paired with a Master V2 image","Keep"
"sciobraille-model-lab\datasets\master_v2\labels\train\scio_v2_ff40cdd61530c465.txt","Master V2 YOLO label","YOLO annotation file paired with a Master V2 image","Keep"
"sciobraille-model-lab\datasets\master_v2\labels\train\scio_v2_ff454277c57ed5a7.txt","Master V2 YOLO label","YOLO annotation file paired with a Master V2 image","Keep"
"sciobraille-model-lab\datasets\master_v2\labels\train\scio_v2_ffc341179674b77d.txt","Master V2 YOLO label","YOLO annotation file paired with a Master V2 image","Keep"
"sciobraille-model-lab\datasets\master_v2\labels\train\scio_v2_ffd3f1e106884d8f.txt","Master V2 YOLO label","YOLO annotation file paired with a Master V2 image","Keep"
"sciobraille-model-lab\datasets\master_v2\labels\val\scio_v2_014abff3b1d12b5d.txt","Master V2 YOLO label","YOLO annotation file paired with a Master V2 image","Keep"
"sciobraille-model-lab\datasets\master_v2\labels\val\scio_v2_0578fa58aec7c7b0.txt","Master V2 YOLO label","YOLO annotation file paired with a Master V2 image","Keep"
"sciobraille-model-lab\datasets\master_v2\labels\val\scio_v2_07881fed9dcee5fd.txt","Master V2 YOLO label","YOLO annotation file paired with a Master V2 image","Keep"
"sciobraille-model-lab\datasets\master_v2\labels\val\scio_v2_084dd229b5886c0d.txt","Master V2 YOLO label","YOLO annotation file paired with a Master V2 image","Keep"
"sciobraille-model-lab\datasets\master_v2\labels\val\scio_v2_09ce69d4cdb1fda3.txt","Master V2 YOLO label","YOLO annotation file paired with a Master V2 image","Keep"
"sciobraille-model-lab\datasets\master_v2\labels\val\scio_v2_0a391e6d24e3041c.txt","Master V2 YOLO label","YOLO annotation file paired with a Master V2 image","Keep"
"sciobraille-model-lab\datasets\master_v2\labels\val\scio_v2_0be99affd639209b.txt","Master V2 YOLO label","YOLO annotation file paired with a Master V2 image","Keep"
"sciobraille-model-lab\datasets\master_v2\labels\val\scio_v2_0f5511af378a2aa6.txt","Master V2 YOLO label","YOLO annotation file paired with a Master V2 image","Keep"
"sciobraille-model-lab\datasets\master_v2\labels\val\scio_v2_0fa8b48413598e8c.txt","Master V2 YOLO label","YOLO annotation file paired with a Master V2 image","Keep"
"sciobraille-model-lab\datasets\master_v2\labels\val\scio_v2_0fea54c255d2c3ce.txt","Master V2 YOLO label","YOLO annotation file paired with a Master V2 image","Keep"
"sciobraille-model-lab\datasets\master_v2\labels\val\scio_v2_1055b883bef872d8.txt","Master V2 YOLO label","YOLO annotation file paired with a Master V2 image","Keep"
"sciobraille-model-lab\datasets\master_v2\labels\val\scio_v2_11c33e482828ce50.txt","Master V2 YOLO label","YOLO annotation file paired with a Master V2 image","Keep"
"sciobraille-model-lab\datasets\master_v2\labels\val\scio_v2_145794d713f92507.txt","Master V2 YOLO label","YOLO annotation file paired with a Master V2 image","Keep"
"sciobraille-model-lab\datasets\master_v2\labels\val\scio_v2_15210d43af486369.txt","Master V2 YOLO label","YOLO annotation file paired with a Master V2 image","Keep"
"sciobraille-model-lab\datasets\master_v2\labels\val\scio_v2_191b698b2e82342f.txt","Master V2 YOLO label","YOLO annotation file paired with a Master V2 image","Keep"
"sciobraille-model-lab\datasets\master_v2\labels\val\scio_v2_1a37af46c0086195.txt","Master V2 YOLO label","YOLO annotation file paired with a Master V2 image","Keep"
"sciobraille-model-lab\datasets\master_v2\labels\val\scio_v2_1ad3b0bac64b2d1c.txt","Master V2 YOLO label","YOLO annotation file paired with a Master V2 image","Keep"
"sciobraille-model-lab\datasets\master_v2\labels\val\scio_v2_1b557b5760403e02.txt","Master V2 YOLO label","YOLO annotation file paired with a Master V2 image","Keep"
"sciobraille-model-lab\datasets\master_v2\labels\val\scio_v2_1c2bb120ee598ae7.txt","Master V2 YOLO label","YOLO annotation file paired with a Master V2 image","Keep"
"sciobraille-model-lab\datasets\master_v2\labels\val\scio_v2_1d47f954615c451e.txt","Master V2 YOLO label","YOLO annotation file paired with a Master V2 image","Keep"
"sciobraille-model-lab\datasets\master_v2\labels\val\scio_v2_1e47a4bd06d7605e.txt","Master V2 YOLO label","YOLO annotation file paired with a Master V2 image","Keep"
"sciobraille-model-lab\datasets\master_v2\labels\val\scio_v2_24607fdd9f6b24c8.txt","Master V2 YOLO label","YOLO annotation file paired with a Master V2 image","Keep"
"sciobraille-model-lab\datasets\master_v2\labels\val\scio_v2_246e6ff9a9a914ee.txt","Master V2 YOLO label","YOLO annotation file paired with a Master V2 image","Keep"
"sciobraille-model-lab\datasets\master_v2\labels\val\scio_v2_2472f33a41f163e4.txt","Master V2 YOLO label","YOLO annotation file paired with a Master V2 image","Keep"
"sciobraille-model-lab\datasets\master_v2\labels\val\scio_v2_24965e38796f3049.txt","Master V2 YOLO label","YOLO annotation file paired with a Master V2 image","Keep"
"sciobraille-model-lab\datasets\master_v2\labels\val\scio_v2_24bb95d2608d0363.txt","Master V2 YOLO label","YOLO annotation file paired with a Master V2 image","Keep"
"sciobraille-model-lab\datasets\master_v2\labels\val\scio_v2_24d3dfb25d9d4cfd.txt","Master V2 YOLO label","YOLO annotation file paired with a Master V2 image","Keep"
"sciobraille-model-lab\datasets\master_v2\labels\val\scio_v2_26d002d5cea05cf6.txt","Master V2 YOLO label","YOLO annotation file paired with a Master V2 image","Keep"
"sciobraille-model-lab\datasets\master_v2\labels\val\scio_v2_281bbe4cb23681fc.txt","Master V2 YOLO label","YOLO annotation file paired with a Master V2 image","Keep"
"sciobraille-model-lab\datasets\master_v2\labels\val\scio_v2_28276d188474e04a.txt","Master V2 YOLO label","YOLO annotation file paired with a Master V2 image","Keep"
"sciobraille-model-lab\datasets\master_v2\labels\val\scio_v2_28c293d8764af71b.txt","Master V2 YOLO label","YOLO annotation file paired with a Master V2 image","Keep"
"sciobraille-model-lab\datasets\master_v2\labels\val\scio_v2_2ac4062f8d8e6ce2.txt","Master V2 YOLO label","YOLO annotation file paired with a Master V2 image","Keep"
"sciobraille-model-lab\datasets\master_v2\labels\val\scio_v2_3039f4d99263d30b.txt","Master V2 YOLO label","YOLO annotation file paired with a Master V2 image","Keep"
"sciobraille-model-lab\datasets\master_v2\labels\val\scio_v2_310f5c86893fda5b.txt","Master V2 YOLO label","YOLO annotation file paired with a Master V2 image","Keep"
"sciobraille-model-lab\datasets\master_v2\labels\val\scio_v2_33e9191356972539.txt","Master V2 YOLO label","YOLO annotation file paired with a Master V2 image","Keep"
"sciobraille-model-lab\datasets\master_v2\labels\val\scio_v2_3569acd7824a6f03.txt","Master V2 YOLO label","YOLO annotation file paired with a Master V2 image","Keep"
"sciobraille-model-lab\datasets\master_v2\labels\val\scio_v2_35b18318c00d655b.txt","Master V2 YOLO label","YOLO annotation file paired with a Master V2 image","Keep"
"sciobraille-model-lab\datasets\master_v2\labels\val\scio_v2_366041e532249611.txt","Master V2 YOLO label","YOLO annotation file paired with a Master V2 image","Keep"
"sciobraille-model-lab\datasets\master_v2\labels\val\scio_v2_375ed601132f5d5b.txt","Master V2 YOLO label","YOLO annotation file paired with a Master V2 image","Keep"
"sciobraille-model-lab\datasets\master_v2\labels\val\scio_v2_38c417ac2b09818e.txt","Master V2 YOLO label","YOLO annotation file paired with a Master V2 image","Keep"
"sciobraille-model-lab\datasets\master_v2\labels\val\scio_v2_3bfba88919dadbe1.txt","Master V2 YOLO label","YOLO annotation file paired with a Master V2 image","Keep"
"sciobraille-model-lab\datasets\master_v2\labels\val\scio_v2_3cdb51e27fb7443a.txt","Master V2 YOLO label","YOLO annotation file paired with a Master V2 image","Keep"
"sciobraille-model-lab\datasets\master_v2\labels\val\scio_v2_40538fd7f8b5fff2.txt","Master V2 YOLO label","YOLO annotation file paired with a Master V2 image","Keep"
"sciobraille-model-lab\datasets\master_v2\labels\val\scio_v2_41dc0784fadf4c9a.txt","Master V2 YOLO label","YOLO annotation file paired with a Master V2 image","Keep"
"sciobraille-model-lab\datasets\master_v2\labels\val\scio_v2_438b9b9543caa8d4.txt","Master V2 YOLO label","YOLO annotation file paired with a Master V2 image","Keep"
"sciobraille-model-lab\datasets\master_v2\labels\val\scio_v2_45d05f111858c4ec.txt","Master V2 YOLO label","YOLO annotation file paired with a Master V2 image","Keep"
"sciobraille-model-lab\datasets\master_v2\labels\val\scio_v2_478cfafa892a297e.txt","Master V2 YOLO label","YOLO annotation file paired with a Master V2 image","Keep"
"sciobraille-model-lab\datasets\master_v2\labels\val\scio_v2_491857b78a4ecc65.txt","Master V2 YOLO label","YOLO annotation file paired with a Master V2 image","Keep"
"sciobraille-model-lab\datasets\master_v2\labels\val\scio_v2_4933ef66f5f025af.txt","Master V2 YOLO label","YOLO annotation file paired with a Master V2 image","Keep"
"sciobraille-model-lab\datasets\master_v2\labels\val\scio_v2_495d0f3dc3b190c3.txt","Master V2 YOLO label","YOLO annotation file paired with a Master V2 image","Keep"
"sciobraille-model-lab\datasets\master_v2\labels\val\scio_v2_4c7e3a55fd7abccd.txt","Master V2 YOLO label","YOLO annotation file paired with a Master V2 image","Keep"
"sciobraille-model-lab\datasets\master_v2\labels\val\scio_v2_4d2dda63e9784dce.txt","Master V2 YOLO label","YOLO annotation file paired with a Master V2 image","Keep"
"sciobraille-model-lab\datasets\master_v2\labels\val\scio_v2_4dbefa93820f61d9.txt","Master V2 YOLO label","YOLO annotation file paired with a Master V2 image","Keep"
"sciobraille-model-lab\datasets\master_v2\labels\val\scio_v2_500d1bd0c035d3fb.txt","Master V2 YOLO label","YOLO annotation file paired with a Master V2 image","Keep"
"sciobraille-model-lab\datasets\master_v2\labels\val\scio_v2_51dd5069ffd4a62d.txt","Master V2 YOLO label","YOLO annotation file paired with a Master V2 image","Keep"
"sciobraille-model-lab\datasets\master_v2\labels\val\scio_v2_53eb8a5ac49f07ec.txt","Master V2 YOLO label","YOLO annotation file paired with a Master V2 image","Keep"
"sciobraille-model-lab\datasets\master_v2\labels\val\scio_v2_58752a4ef27a74ad.txt","Master V2 YOLO label","YOLO annotation file paired with a Master V2 image","Keep"
"sciobraille-model-lab\datasets\master_v2\labels\val\scio_v2_58c0348a309a63a5.txt","Master V2 YOLO label","YOLO annotation file paired with a Master V2 image","Keep"
"sciobraille-model-lab\datasets\master_v2\labels\val\scio_v2_5910f05e2deff866.txt","Master V2 YOLO label","YOLO annotation file paired with a Master V2 image","Keep"
"sciobraille-model-lab\datasets\master_v2\labels\val\scio_v2_59a4fb954dd7518d.txt","Master V2 YOLO label","YOLO annotation file paired with a Master V2 image","Keep"
"sciobraille-model-lab\datasets\master_v2\labels\val\scio_v2_5a2b38f8d4838031.txt","Master V2 YOLO label","YOLO annotation file paired with a Master V2 image","Keep"
"sciobraille-model-lab\datasets\master_v2\labels\val\scio_v2_5c3895b92009cd83.txt","Master V2 YOLO label","YOLO annotation file paired with a Master V2 image","Keep"
"sciobraille-model-lab\datasets\master_v2\labels\val\scio_v2_5dea7079344f7c32.txt","Master V2 YOLO label","YOLO annotation file paired with a Master V2 image","Keep"
"sciobraille-model-lab\datasets\master_v2\labels\val\scio_v2_5f25c7c745c084ca.txt","Master V2 YOLO label","YOLO annotation file paired with a Master V2 image","Keep"
"sciobraille-model-lab\datasets\master_v2\labels\val\scio_v2_6385259404583ebb.txt","Master V2 YOLO label","YOLO annotation file paired with a Master V2 image","Keep"
"sciobraille-model-lab\datasets\master_v2\labels\val\scio_v2_662df78bcf4ed26c.txt","Master V2 YOLO label","YOLO annotation file paired with a Master V2 image","Keep"
"sciobraille-model-lab\datasets\master_v2\labels\val\scio_v2_6659bf965efc17b7.txt","Master V2 YOLO label","YOLO annotation file paired with a Master V2 image","Keep"
"sciobraille-model-lab\datasets\master_v2\labels\val\scio_v2_6728f21ce5709147.txt","Master V2 YOLO label","YOLO annotation file paired with a Master V2 image","Keep"
"sciobraille-model-lab\datasets\master_v2\labels\val\scio_v2_6791ba228ae434de.txt","Master V2 YOLO label","YOLO annotation file paired with a Master V2 image","Keep"
"sciobraille-model-lab\datasets\master_v2\labels\val\scio_v2_67ff0355d7b8953d.txt","Master V2 YOLO label","YOLO annotation file paired with a Master V2 image","Keep"
"sciobraille-model-lab\datasets\master_v2\labels\val\scio_v2_68593072716f74ac.txt","Master V2 YOLO label","YOLO annotation file paired with a Master V2 image","Keep"
"sciobraille-model-lab\datasets\master_v2\labels\val\scio_v2_6cf931ac883500b1.txt","Master V2 YOLO label","YOLO annotation file paired with a Master V2 image","Keep"
"sciobraille-model-lab\datasets\master_v2\labels\val\scio_v2_6dcd1db0895ee9cf.txt","Master V2 YOLO label","YOLO annotation file paired with a Master V2 image","Keep"
"sciobraille-model-lab\datasets\master_v2\labels\val\scio_v2_6fa65c9ae755fa34.txt","Master V2 YOLO label","YOLO annotation file paired with a Master V2 image","Keep"
"sciobraille-model-lab\datasets\master_v2\labels\val\scio_v2_77493c92be626530.txt","Master V2 YOLO label","YOLO annotation file paired with a Master V2 image","Keep"
"sciobraille-model-lab\datasets\master_v2\labels\val\scio_v2_77a82e78b10c99c7.txt","Master V2 YOLO label","YOLO annotation file paired with a Master V2 image","Keep"
"sciobraille-model-lab\datasets\master_v2\labels\val\scio_v2_78676da5b83bc6ad.txt","Master V2 YOLO label","YOLO annotation file paired with a Master V2 image","Keep"
"sciobraille-model-lab\datasets\master_v2\labels\val\scio_v2_7963eaa9ee7de1a1.txt","Master V2 YOLO label","YOLO annotation file paired with a Master V2 image","Keep"
"sciobraille-model-lab\datasets\master_v2\labels\val\scio_v2_7af7757b3c65c622.txt","Master V2 YOLO label","YOLO annotation file paired with a Master V2 image","Keep"
"sciobraille-model-lab\datasets\master_v2\labels\val\scio_v2_7bbf2a7b865d19e9.txt","Master V2 YOLO label","YOLO annotation file paired with a Master V2 image","Keep"
"sciobraille-model-lab\datasets\master_v2\labels\val\scio_v2_7e917e73a633d537.txt","Master V2 YOLO label","YOLO annotation file paired with a Master V2 image","Keep"
"sciobraille-model-lab\datasets\master_v2\labels\val\scio_v2_7f510836a0ea62f8.txt","Master V2 YOLO label","YOLO annotation file paired with a Master V2 image","Keep"
"sciobraille-model-lab\datasets\master_v2\labels\val\scio_v2_805979d812a045db.txt","Master V2 YOLO label","YOLO annotation file paired with a Master V2 image","Keep"
"sciobraille-model-lab\datasets\master_v2\labels\val\scio_v2_855e933cbd3a9c8a.txt","Master V2 YOLO label","YOLO annotation file paired with a Master V2 image","Keep"
"sciobraille-model-lab\datasets\master_v2\labels\val\scio_v2_857de08a561f1a1c.txt","Master V2 YOLO label","YOLO annotation file paired with a Master V2 image","Keep"
"sciobraille-model-lab\datasets\master_v2\labels\val\scio_v2_86b467134a639129.txt","Master V2 YOLO label","YOLO annotation file paired with a Master V2 image","Keep"
"sciobraille-model-lab\datasets\master_v2\labels\val\scio_v2_87d8d203ef1c5b8b.txt","Master V2 YOLO label","YOLO annotation file paired with a Master V2 image","Keep"
"sciobraille-model-lab\datasets\master_v2\labels\val\scio_v2_8dec6901d25908c3.txt","Master V2 YOLO label","YOLO annotation file paired with a Master V2 image","Keep"
"sciobraille-model-lab\datasets\master_v2\labels\val\scio_v2_9098fce2a38fc7ef.txt","Master V2 YOLO label","YOLO annotation file paired with a Master V2 image","Keep"
"sciobraille-model-lab\datasets\master_v2\labels\val\scio_v2_917d9d5ff6acbdbd.txt","Master V2 YOLO label","YOLO annotation file paired with a Master V2 image","Keep"
"sciobraille-model-lab\datasets\master_v2\labels\val\scio_v2_91cc466f89a939fc.txt","Master V2 YOLO label","YOLO annotation file paired with a Master V2 image","Keep"
"sciobraille-model-lab\datasets\master_v2\labels\val\scio_v2_92b91692f6c8c00c.txt","Master V2 YOLO label","YOLO annotation file paired with a Master V2 image","Keep"
"sciobraille-model-lab\datasets\master_v2\labels\val\scio_v2_94bcd69bffb7dc6c.txt","Master V2 YOLO label","YOLO annotation file paired with a Master V2 image","Keep"
"sciobraille-model-lab\datasets\master_v2\labels\val\scio_v2_960de3e05e931e42.txt","Master V2 YOLO label","YOLO annotation file paired with a Master V2 image","Keep"
"sciobraille-model-lab\datasets\master_v2\labels\val\scio_v2_96bb198fc00a02c8.txt","Master V2 YOLO label","YOLO annotation file paired with a Master V2 image","Keep"
"sciobraille-model-lab\datasets\master_v2\labels\val\scio_v2_9c1fa585d85d025f.txt","Master V2 YOLO label","YOLO annotation file paired with a Master V2 image","Keep"
"sciobraille-model-lab\datasets\master_v2\labels\val\scio_v2_9c75681b40d44cd2.txt","Master V2 YOLO label","YOLO annotation file paired with a Master V2 image","Keep"
"sciobraille-model-lab\datasets\master_v2\labels\val\scio_v2_9fb009d122d404cf.txt","Master V2 YOLO label","YOLO annotation file paired with a Master V2 image","Keep"
"sciobraille-model-lab\datasets\master_v2\labels\val\scio_v2_9fc6aed7a4a5876a.txt","Master V2 YOLO label","YOLO annotation file paired with a Master V2 image","Keep"
"sciobraille-model-lab\datasets\master_v2\labels\val\scio_v2_a01beac0556b43a4.txt","Master V2 YOLO label","YOLO annotation file paired with a Master V2 image","Keep"
"sciobraille-model-lab\datasets\master_v2\labels\val\scio_v2_a0b2ec50b4395ec6.txt","Master V2 YOLO label","YOLO annotation file paired with a Master V2 image","Keep"
"sciobraille-model-lab\datasets\master_v2\labels\val\scio_v2_a13651fc3feb2d5c.txt","Master V2 YOLO label","YOLO annotation file paired with a Master V2 image","Keep"
"sciobraille-model-lab\datasets\master_v2\labels\val\scio_v2_a1620a914b56ab41.txt","Master V2 YOLO label","YOLO annotation file paired with a Master V2 image","Keep"
"sciobraille-model-lab\datasets\master_v2\labels\val\scio_v2_a224ec6eab48a2a4.txt","Master V2 YOLO label","YOLO annotation file paired with a Master V2 image","Keep"
"sciobraille-model-lab\datasets\master_v2\labels\val\scio_v2_a340945b860f8ae0.txt","Master V2 YOLO label","YOLO annotation file paired with a Master V2 image","Keep"
"sciobraille-model-lab\datasets\master_v2\labels\val\scio_v2_a462afd83334a4c5.txt","Master V2 YOLO label","YOLO annotation file paired with a Master V2 image","Keep"
"sciobraille-model-lab\datasets\master_v2\labels\val\scio_v2_a4c3156d7641532d.txt","Master V2 YOLO label","YOLO annotation file paired with a Master V2 image","Keep"
"sciobraille-model-lab\datasets\master_v2\labels\val\scio_v2_a9edb6e5731e9d89.txt","Master V2 YOLO label","YOLO annotation file paired with a Master V2 image","Keep"
"sciobraille-model-lab\datasets\master_v2\labels\val\scio_v2_ab94cec2d4286160.txt","Master V2 YOLO label","YOLO annotation file paired with a Master V2 image","Keep"
"sciobraille-model-lab\datasets\master_v2\labels\val\scio_v2_ac603ea740e87120.txt","Master V2 YOLO label","YOLO annotation file paired with a Master V2 image","Keep"
"sciobraille-model-lab\datasets\master_v2\labels\val\scio_v2_acd31443106a1bcc.txt","Master V2 YOLO label","YOLO annotation file paired with a Master V2 image","Keep"
"sciobraille-model-lab\datasets\master_v2\labels\val\scio_v2_adfeda08dbe84e69.txt","Master V2 YOLO label","YOLO annotation file paired with a Master V2 image","Keep"
"sciobraille-model-lab\datasets\master_v2\labels\val\scio_v2_b13d9c6b48c3045f.txt","Master V2 YOLO label","YOLO annotation file paired with a Master V2 image","Keep"
"sciobraille-model-lab\datasets\master_v2\labels\val\scio_v2_b1bab81c9fb80b3c.txt","Master V2 YOLO label","YOLO annotation file paired with a Master V2 image","Keep"
"sciobraille-model-lab\datasets\master_v2\labels\val\scio_v2_b399fb608aa50cac.txt","Master V2 YOLO label","YOLO annotation file paired with a Master V2 image","Keep"
"sciobraille-model-lab\datasets\master_v2\labels\val\scio_v2_b60b639a9e718377.txt","Master V2 YOLO label","YOLO annotation file paired with a Master V2 image","Keep"
"sciobraille-model-lab\datasets\master_v2\labels\val\scio_v2_b67006ff249e912f.txt","Master V2 YOLO label","YOLO annotation file paired with a Master V2 image","Keep"
"sciobraille-model-lab\datasets\master_v2\labels\val\scio_v2_b74dede2ffda8329.txt","Master V2 YOLO label","YOLO annotation file paired with a Master V2 image","Keep"
"sciobraille-model-lab\datasets\master_v2\labels\val\scio_v2_bab87e372d938871.txt","Master V2 YOLO label","YOLO annotation file paired with a Master V2 image","Keep"
"sciobraille-model-lab\datasets\master_v2\labels\val\scio_v2_bbdc59e7d2b1d2e8.txt","Master V2 YOLO label","YOLO annotation file paired with a Master V2 image","Keep"
"sciobraille-model-lab\datasets\master_v2\labels\val\scio_v2_bc3877249580948a.txt","Master V2 YOLO label","YOLO annotation file paired with a Master V2 image","Keep"
"sciobraille-model-lab\datasets\master_v2\labels\val\scio_v2_bc8cd49314e51d18.txt","Master V2 YOLO label","YOLO annotation file paired with a Master V2 image","Keep"
"sciobraille-model-lab\datasets\master_v2\labels\val\scio_v2_c07190569d21c65f.txt","Master V2 YOLO label","YOLO annotation file paired with a Master V2 image","Keep"
"sciobraille-model-lab\datasets\master_v2\labels\val\scio_v2_c07297b36feca83d.txt","Master V2 YOLO label","YOLO annotation file paired with a Master V2 image","Keep"
"sciobraille-model-lab\datasets\master_v2\labels\val\scio_v2_c3cf936d8f51163e.txt","Master V2 YOLO label","YOLO annotation file paired with a Master V2 image","Keep"
"sciobraille-model-lab\datasets\master_v2\labels\val\scio_v2_c48a60c39506edf0.txt","Master V2 YOLO label","YOLO annotation file paired with a Master V2 image","Keep"
"sciobraille-model-lab\datasets\master_v2\labels\val\scio_v2_c5acd206837b10f4.txt","Master V2 YOLO label","YOLO annotation file paired with a Master V2 image","Keep"
"sciobraille-model-lab\datasets\master_v2\labels\val\scio_v2_c6f85482842ebf04.txt","Master V2 YOLO label","YOLO annotation file paired with a Master V2 image","Keep"
"sciobraille-model-lab\datasets\master_v2\labels\val\scio_v2_c881fe18b82ac7ef.txt","Master V2 YOLO label","YOLO annotation file paired with a Master V2 image","Keep"
"sciobraille-model-lab\datasets\master_v2\labels\val\scio_v2_c938c4a808196d0c.txt","Master V2 YOLO label","YOLO annotation file paired with a Master V2 image","Keep"
"sciobraille-model-lab\datasets\master_v2\labels\val\scio_v2_cb7c23d8fb3936d1.txt","Master V2 YOLO label","YOLO annotation file paired with a Master V2 image","Keep"
"sciobraille-model-lab\datasets\master_v2\labels\val\scio_v2_cc0ff3561798ba48.txt","Master V2 YOLO label","YOLO annotation file paired with a Master V2 image","Keep"
"sciobraille-model-lab\datasets\master_v2\labels\val\scio_v2_cc93bc6bfef79cd4.txt","Master V2 YOLO label","YOLO annotation file paired with a Master V2 image","Keep"
"sciobraille-model-lab\datasets\master_v2\labels\val\scio_v2_cdd71f4cc25d3f8b.txt","Master V2 YOLO label","YOLO annotation file paired with a Master V2 image","Keep"
"sciobraille-model-lab\datasets\master_v2\labels\val\scio_v2_cef6684543f43ff8.txt","Master V2 YOLO label","YOLO annotation file paired with a Master V2 image","Keep"
"sciobraille-model-lab\datasets\master_v2\labels\val\scio_v2_d1e7c878916a5cd2.txt","Master V2 YOLO label","YOLO annotation file paired with a Master V2 image","Keep"
"sciobraille-model-lab\datasets\master_v2\labels\val\scio_v2_d70d9061cada51a6.txt","Master V2 YOLO label","YOLO annotation file paired with a Master V2 image","Keep"
"sciobraille-model-lab\datasets\master_v2\labels\val\scio_v2_d8742fbb5ac57cd9.txt","Master V2 YOLO label","YOLO annotation file paired with a Master V2 image","Keep"
"sciobraille-model-lab\datasets\master_v2\labels\val\scio_v2_d8fc9c5bf06d7a77.txt","Master V2 YOLO label","YOLO annotation file paired with a Master V2 image","Keep"
"sciobraille-model-lab\datasets\master_v2\labels\val\scio_v2_e0df3ed8ba4c6cca.txt","Master V2 YOLO label","YOLO annotation file paired with a Master V2 image","Keep"
"sciobraille-model-lab\datasets\master_v2\labels\val\scio_v2_e1aa344690fae898.txt","Master V2 YOLO label","YOLO annotation file paired with a Master V2 image","Keep"
"sciobraille-model-lab\datasets\master_v2\labels\val\scio_v2_e1fe66b3e3cc26a0.txt","Master V2 YOLO label","YOLO annotation file paired with a Master V2 image","Keep"
"sciobraille-model-lab\datasets\master_v2\labels\val\scio_v2_e2d8c1033612b5e5.txt","Master V2 YOLO label","YOLO annotation file paired with a Master V2 image","Keep"
"sciobraille-model-lab\datasets\master_v2\labels\val\scio_v2_e3bb6a76f3ebc844.txt","Master V2 YOLO label","YOLO annotation file paired with a Master V2 image","Keep"
"sciobraille-model-lab\datasets\master_v2\labels\val\scio_v2_e86b342199c9bb33.txt","Master V2 YOLO label","YOLO annotation file paired with a Master V2 image","Keep"
"sciobraille-model-lab\datasets\master_v2\labels\val\scio_v2_e89fb21118825c5d.txt","Master V2 YOLO label","YOLO annotation file paired with a Master V2 image","Keep"
"sciobraille-model-lab\datasets\master_v2\labels\val\scio_v2_eac63beaa1f6ac83.txt","Master V2 YOLO label","YOLO annotation file paired with a Master V2 image","Keep"
"sciobraille-model-lab\datasets\master_v2\labels\val\scio_v2_eb26fa78a72e6270.txt","Master V2 YOLO label","YOLO annotation file paired with a Master V2 image","Keep"
"sciobraille-model-lab\datasets\master_v2\labels\val\scio_v2_eb983272bca3b05d.txt","Master V2 YOLO label","YOLO annotation file paired with a Master V2 image","Keep"
"sciobraille-model-lab\datasets\master_v2\labels\val\scio_v2_efca0cc5b3845bb8.txt","Master V2 YOLO label","YOLO annotation file paired with a Master V2 image","Keep"
"sciobraille-model-lab\datasets\master_v2\labels\val\scio_v2_f0a68d6b475a8476.txt","Master V2 YOLO label","YOLO annotation file paired with a Master V2 image","Keep"
"sciobraille-model-lab\datasets\master_v2\labels\val\scio_v2_f1410143b4d075d1.txt","Master V2 YOLO label","YOLO annotation file paired with a Master V2 image","Keep"
"sciobraille-model-lab\datasets\master_v2\labels\val\scio_v2_f1bb91d4b5c3bca4.txt","Master V2 YOLO label","YOLO annotation file paired with a Master V2 image","Keep"
"sciobraille-model-lab\datasets\master_v2\labels\val\scio_v2_f354a73bfe33eb16.txt","Master V2 YOLO label","YOLO annotation file paired with a Master V2 image","Keep"
"sciobraille-model-lab\datasets\master_v2\labels\val\scio_v2_f5240c66c99c2aab.txt","Master V2 YOLO label","YOLO annotation file paired with a Master V2 image","Keep"
"sciobraille-model-lab\datasets\master_v2\labels\val\scio_v2_f6fbb46348fcae79.txt","Master V2 YOLO label","YOLO annotation file paired with a Master V2 image","Keep"
"sciobraille-model-lab\datasets\master_v2\labels\val\scio_v2_f70c07cfeef18495.txt","Master V2 YOLO label","YOLO annotation file paired with a Master V2 image","Keep"
"sciobraille-model-lab\datasets\master_v2\labels\val\scio_v2_fafe276847119802.txt","Master V2 YOLO label","YOLO annotation file paired with a Master V2 image","Keep"
"sciobraille-model-lab\datasets\master_v2\labels\val\scio_v2_fc58d41ec58e7c2a.txt","Master V2 YOLO label","YOLO annotation file paired with a Master V2 image","Keep"
"sciobraille-model-lab\datasets\master_v2\labels\val\scio_v2_fe2e6aeeb2a6f11f.txt","Master V2 YOLO label","YOLO annotation file paired with a Master V2 image","Keep"
"sciobraille-model-lab\datasets\master_v2\labels\val\scio_v2_fe49bbdf9d58eff9.txt","Master V2 YOLO label","YOLO annotation file paired with a Master V2 image","Keep"
"sciobraille-model-lab\datasets\master_v2\labels\val\scio_v2_fe84c5ae57fe0cfc.txt","Master V2 YOLO label","YOLO annotation file paired with a Master V2 image","Keep"
"sciobraille-model-lab\datasets\master_v2\labels\val\scio_v2_feece7cccad0a59c.txt","Master V2 YOLO label","YOLO annotation file paired with a Master V2 image","Keep"
"sciobraille-model-lab\datasets\master_v2\labels\val\scio_v2_ff45f615a1d86592.txt","Master V2 YOLO label","YOLO annotation file paired with a Master V2 image","Keep"
"sciobraille-model-lab\datasets\master_v2\labels\val\scio_v2_ffa84f9ae202fe89.txt","Master V2 YOLO label","YOLO annotation file paired with a Master V2 image","Keep"
"sciobraille-model-lab\datasets\master_v2\provenance.csv","Master V2 dataset metadata","Canonical dataset config/statistics/provenance/readme","Keep"
"sciobraille-model-lab\datasets\master_v2\README.md","Master V2 dataset metadata","Canonical dataset config/statistics/provenance/readme","Keep"
"sciobraille-model-lab\datasets\README.md","Master V2 dataset metadata","Explains that Master V2 is the only active consolidated dataset","Keep"
"sciobraille-model-lab\exports\v1_optimized\onnx\winner.onnx","Exported model","ONNX/TFLite/SavedModel export used to compare backend and Android deployment formats","Keep active exports; archive unused"
"sciobraille-model-lab\exports\v1_optimized\onnx\winner.pt","Exported model","ONNX/TFLite/SavedModel export used to compare backend and Android deployment formats","Keep active exports; archive unused"
"sciobraille-model-lab\exports\v1_optimized\tflite_float\winner.onnx","Exported model","ONNX/TFLite/SavedModel export used to compare backend and Android deployment formats","Keep active exports; archive unused"
"sciobraille-model-lab\exports\v1_optimized\tflite_float\winner.pt","Exported model","ONNX/TFLite/SavedModel export used to compare backend and Android deployment formats","Keep active exports; archive unused"
"sciobraille-model-lab\exports\v1_optimized\tflite_float\winner_saved_model\fingerprint.pb","Exported model","ONNX/TFLite/SavedModel export used to compare backend and Android deployment formats","Keep active exports; archive unused"
"sciobraille-model-lab\exports\v1_optimized\tflite_float\winner_saved_model\metadata.yaml","Exported model","ONNX/TFLite/SavedModel export used to compare backend and Android deployment formats","Keep active exports; archive unused"
"sciobraille-model-lab\exports\v1_optimized\tflite_float\winner_saved_model\saved_model.pb","Exported model","ONNX/TFLite/SavedModel export used to compare backend and Android deployment formats","Keep active exports; archive unused"
"sciobraille-model-lab\exports\v1_optimized\tflite_float\winner_saved_model\variables\variables.data-00000-of-00001","Exported model","ONNX/TFLite/SavedModel export used to compare backend and Android deployment formats","Keep active exports; archive unused"
"sciobraille-model-lab\exports\v1_optimized\tflite_float\winner_saved_model\variables\variables.index","Exported model","ONNX/TFLite/SavedModel export used to compare backend and Android deployment formats","Keep active exports; archive unused"
"sciobraille-model-lab\exports\v1_optimized\tflite_float\winner_saved_model\winner_float16.tflite","Exported model","ONNX/TFLite/SavedModel export used to compare backend and Android deployment formats","Keep active exports; archive unused"
"sciobraille-model-lab\exports\v1_optimized\tflite_float\winner_saved_model\winner_float32.tflite","Exported model","ONNX/TFLite/SavedModel export used to compare backend and Android deployment formats","Keep active exports; archive unused"
"sciobraille-model-lab\exports\v1_optimized\tflite_int8\winner.onnx","Exported model","ONNX/TFLite/SavedModel export used to compare backend and Android deployment formats","Keep active exports; archive unused"
"sciobraille-model-lab\exports\v1_optimized\tflite_int8\winner.pt","Exported model","ONNX/TFLite/SavedModel export used to compare backend and Android deployment formats","Keep active exports; archive unused"
"sciobraille-model-lab\exports\v1_optimized\tflite_int8\winner_saved_model\fingerprint.pb","Exported model","ONNX/TFLite/SavedModel export used to compare backend and Android deployment formats","Keep active exports; archive unused"
"sciobraille-model-lab\exports\v1_optimized\tflite_int8\winner_saved_model\metadata.yaml","Exported model","ONNX/TFLite/SavedModel export used to compare backend and Android deployment formats","Keep active exports; archive unused"
"sciobraille-model-lab\exports\v1_optimized\tflite_int8\winner_saved_model\saved_model.pb","Exported model","ONNX/TFLite/SavedModel export used to compare backend and Android deployment formats","Keep active exports; archive unused"
"sciobraille-model-lab\exports\v1_optimized\tflite_int8\winner_saved_model\variables\variables.data-00000-of-00001","Exported model","ONNX/TFLite/SavedModel export used to compare backend and Android deployment formats","Keep active exports; archive unused"
"sciobraille-model-lab\exports\v1_optimized\tflite_int8\winner_saved_model\variables\variables.index","Exported model","ONNX/TFLite/SavedModel export used to compare backend and Android deployment formats","Keep active exports; archive unused"
"sciobraille-model-lab\exports\v1_optimized\tflite_int8\winner_saved_model\winner_float16.tflite","Exported model","ONNX/TFLite/SavedModel export used to compare backend and Android deployment formats","Keep active exports; archive unused"
"sciobraille-model-lab\exports\v1_optimized\tflite_int8\winner_saved_model\winner_float32.tflite","Exported model","ONNX/TFLite/SavedModel export used to compare backend and Android deployment formats","Keep active exports; archive unused"
"sciobraille-model-lab\exports\v1_optimized\tflite_int8\winner_saved_model\winner_full_integer_quant.tflite","Exported model","ONNX/TFLite/SavedModel export used to compare backend and Android deployment formats","Keep active exports; archive unused"
"sciobraille-model-lab\exports\v1_optimized\tflite_int8\winner_saved_model\winner_int8.tflite","Exported model","ONNX/TFLite/SavedModel export used to compare backend and Android deployment formats","Keep active exports; archive unused"
"sciobraille-model-lab\exports\v1_optimized\tflite_int8\winner_saved_model\winner_integer_quant.tflite","Exported model","ONNX/TFLite/SavedModel export used to compare backend and Android deployment formats","Keep active exports; archive unused"
"sciobraille-model-lab\exports\v2_master\onnx\best.onnx","Exported model","ONNX/TFLite/SavedModel export used to compare backend and Android deployment formats","Keep active exports; archive unused"
"sciobraille-model-lab\exports\v2_master\tflite_float\best_float32.tflite","Exported model","ONNX/TFLite/SavedModel export used to compare backend and Android deployment formats","Keep active exports; archive unused"
"sciobraille-model-lab\exports\v2_master\tflite_int8\best_int8.tflite","Exported model","ONNX/TFLite/SavedModel export used to compare backend and Android deployment formats","Keep active exports; archive unused"
"sciobraille-model-lab\models\v1_optimized\best.pt","Model artifact","Selected V1/V2 model, model config, evaluation, or retained experiment evidence","Keep"
"sciobraille-model-lab\models\v1_optimized\config.yaml","Model artifact","Selected V1/V2 model, model config, evaluation, or retained experiment evidence","Keep"
"sciobraille-model-lab\models\v1_optimized\evaluation.json","Model artifact","Selected V1/V2 model, model config, evaluation, or retained experiment evidence","Keep"
"sciobraille-model-lab\models\v1_optimized\README.md","Model artifact","Selected V1/V2 model, model config, evaluation, or retained experiment evidence","Keep"
"sciobraille-model-lab\models\v2_master\best.pt","Model artifact","Selected V1/V2 model, model config, evaluation, or retained experiment evidence","Keep"
"sciobraille-model-lab\models\v2_master\config.yaml","Model artifact","Selected V1/V2 model, model config, evaluation, or retained experiment evidence","Keep"
"sciobraille-model-lab\models\v2_master\evaluation.json","Model artifact","Selected V1/V2 model, model config, evaluation, or retained experiment evidence","Keep"
"sciobraille-model-lab\models\v2_master\experiments\yolo11s\args.yaml","Model artifact","Selected V1/V2 model, model config, evaluation, or retained experiment evidence","Keep"
"sciobraille-model-lab\models\v2_master\experiments\yolo11s\BoxF1_curve.png","Model artifact","Selected V1/V2 model, model config, evaluation, or retained experiment evidence","Keep"
"sciobraille-model-lab\models\v2_master\experiments\yolo11s\BoxP_curve.png","Model artifact","Selected V1/V2 model, model config, evaluation, or retained experiment evidence","Keep"
"sciobraille-model-lab\models\v2_master\experiments\yolo11s\BoxPR_curve.png","Model artifact","Selected V1/V2 model, model config, evaluation, or retained experiment evidence","Keep"
"sciobraille-model-lab\models\v2_master\experiments\yolo11s\BoxR_curve.png","Model artifact","Selected V1/V2 model, model config, evaluation, or retained experiment evidence","Keep"
"sciobraille-model-lab\models\v2_master\experiments\yolo11s\confusion_matrix.png","Model artifact","Selected V1/V2 model, model config, evaluation, or retained experiment evidence","Keep"
"sciobraille-model-lab\models\v2_master\experiments\yolo11s\confusion_matrix_normalized.png","Model artifact","Selected V1/V2 model, model config, evaluation, or retained experiment evidence","Keep"
"sciobraille-model-lab\models\v2_master\experiments\yolo11s\labels.jpg","Model artifact","Selected V1/V2 model, model config, evaluation, or retained experiment evidence","Keep"
"sciobraille-model-lab\models\v2_master\experiments\yolo11s\results.csv","Model artifact","Selected V1/V2 model, model config, evaluation, or retained experiment evidence","Keep"
"sciobraille-model-lab\models\v2_master\experiments\yolo11s\results.png","Model artifact","Selected V1/V2 model, model config, evaluation, or retained experiment evidence","Keep"
"sciobraille-model-lab\models\v2_master\experiments\yolo11s\train_batch0.jpg","Model artifact","Selected V1/V2 model, model config, evaluation, or retained experiment evidence","Keep"
"sciobraille-model-lab\models\v2_master\experiments\yolo11s\train_batch1.jpg","Model artifact","Selected V1/V2 model, model config, evaluation, or retained experiment evidence","Keep"
"sciobraille-model-lab\models\v2_master\experiments\yolo11s\train_batch2.jpg","Model artifact","Selected V1/V2 model, model config, evaluation, or retained experiment evidence","Keep"
"sciobraille-model-lab\models\v2_master\experiments\yolo11s\train_batch4500.jpg","Model artifact","Selected V1/V2 model, model config, evaluation, or retained experiment evidence","Keep"
"sciobraille-model-lab\models\v2_master\experiments\yolo11s\train_batch4501.jpg","Model artifact","Selected V1/V2 model, model config, evaluation, or retained experiment evidence","Keep"
"sciobraille-model-lab\models\v2_master\experiments\yolo11s\train_batch4502.jpg","Model artifact","Selected V1/V2 model, model config, evaluation, or retained experiment evidence","Keep"
"sciobraille-model-lab\models\v2_master\experiments\yolo11s\val_batch0_labels.jpg","Model artifact","Selected V1/V2 model, model config, evaluation, or retained experiment evidence","Keep"
"sciobraille-model-lab\models\v2_master\experiments\yolo11s\val_batch0_pred.jpg","Model artifact","Selected V1/V2 model, model config, evaluation, or retained experiment evidence","Keep"
"sciobraille-model-lab\models\v2_master\experiments\yolo11s\val_batch1_labels.jpg","Model artifact","Selected V1/V2 model, model config, evaluation, or retained experiment evidence","Keep"
"sciobraille-model-lab\models\v2_master\experiments\yolo11s\val_batch1_pred.jpg","Model artifact","Selected V1/V2 model, model config, evaluation, or retained experiment evidence","Keep"
"sciobraille-model-lab\models\v2_master\experiments\yolo11s\val_batch2_labels.jpg","Model artifact","Selected V1/V2 model, model config, evaluation, or retained experiment evidence","Keep"
"sciobraille-model-lab\models\v2_master\experiments\yolo11s\val_batch2_pred.jpg","Model artifact","Selected V1/V2 model, model config, evaluation, or retained experiment evidence","Keep"
"sciobraille-model-lab\models\v2_master\experiments\yolo11s\weights\best.pt","Model artifact","Selected V1/V2 model, model config, evaluation, or retained experiment evidence","Keep"
"sciobraille-model-lab\models\v2_master\experiments\yolov8s\args.yaml","Model artifact","Selected V1/V2 model, model config, evaluation, or retained experiment evidence","Keep"
"sciobraille-model-lab\models\v2_master\experiments\yolov8s\BoxF1_curve.png","Model artifact","Selected V1/V2 model, model config, evaluation, or retained experiment evidence","Keep"
"sciobraille-model-lab\models\v2_master\experiments\yolov8s\BoxP_curve.png","Model artifact","Selected V1/V2 model, model config, evaluation, or retained experiment evidence","Keep"
"sciobraille-model-lab\models\v2_master\experiments\yolov8s\BoxPR_curve.png","Model artifact","Selected V1/V2 model, model config, evaluation, or retained experiment evidence","Keep"
"sciobraille-model-lab\models\v2_master\experiments\yolov8s\BoxR_curve.png","Model artifact","Selected V1/V2 model, model config, evaluation, or retained experiment evidence","Keep"
"sciobraille-model-lab\models\v2_master\experiments\yolov8s\confusion_matrix.png","Model artifact","Selected V1/V2 model, model config, evaluation, or retained experiment evidence","Keep"
"sciobraille-model-lab\models\v2_master\experiments\yolov8s\confusion_matrix_normalized.png","Model artifact","Selected V1/V2 model, model config, evaluation, or retained experiment evidence","Keep"
"sciobraille-model-lab\models\v2_master\experiments\yolov8s\labels.jpg","Model artifact","Selected V1/V2 model, model config, evaluation, or retained experiment evidence","Keep"
"sciobraille-model-lab\models\v2_master\experiments\yolov8s\results.csv","Model artifact","Selected V1/V2 model, model config, evaluation, or retained experiment evidence","Keep"
"sciobraille-model-lab\models\v2_master\experiments\yolov8s\results.png","Model artifact","Selected V1/V2 model, model config, evaluation, or retained experiment evidence","Keep"
"sciobraille-model-lab\models\v2_master\experiments\yolov8s\train_batch0.jpg","Model artifact","Selected V1/V2 model, model config, evaluation, or retained experiment evidence","Keep"
"sciobraille-model-lab\models\v2_master\experiments\yolov8s\train_batch1.jpg","Model artifact","Selected V1/V2 model, model config, evaluation, or retained experiment evidence","Keep"
"sciobraille-model-lab\models\v2_master\experiments\yolov8s\train_batch2.jpg","Model artifact","Selected V1/V2 model, model config, evaluation, or retained experiment evidence","Keep"
"sciobraille-model-lab\models\v2_master\experiments\yolov8s\train_batch2250.jpg","Model artifact","Selected V1/V2 model, model config, evaluation, or retained experiment evidence","Keep"
"sciobraille-model-lab\models\v2_master\experiments\yolov8s\train_batch2251.jpg","Model artifact","Selected V1/V2 model, model config, evaluation, or retained experiment evidence","Keep"
"sciobraille-model-lab\models\v2_master\experiments\yolov8s\train_batch2252.jpg","Model artifact","Selected V1/V2 model, model config, evaluation, or retained experiment evidence","Keep"
"sciobraille-model-lab\models\v2_master\experiments\yolov8s\val_batch0_labels.jpg","Model artifact","Selected V1/V2 model, model config, evaluation, or retained experiment evidence","Keep"
"sciobraille-model-lab\models\v2_master\experiments\yolov8s\val_batch0_pred.jpg","Model artifact","Selected V1/V2 model, model config, evaluation, or retained experiment evidence","Keep"
"sciobraille-model-lab\models\v2_master\experiments\yolov8s\val_batch1_labels.jpg","Model artifact","Selected V1/V2 model, model config, evaluation, or retained experiment evidence","Keep"
"sciobraille-model-lab\models\v2_master\experiments\yolov8s\val_batch1_pred.jpg","Model artifact","Selected V1/V2 model, model config, evaluation, or retained experiment evidence","Keep"
"sciobraille-model-lab\models\v2_master\experiments\yolov8s\val_batch2_labels.jpg","Model artifact","Selected V1/V2 model, model config, evaluation, or retained experiment evidence","Keep"
"sciobraille-model-lab\models\v2_master\experiments\yolov8s\val_batch2_pred.jpg","Model artifact","Selected V1/V2 model, model config, evaluation, or retained experiment evidence","Keep"
"sciobraille-model-lab\models\v2_master\experiments\yolov8s\weights\best.pt","Model artifact","Selected V1/V2 model, model config, evaluation, or retained experiment evidence","Keep"
"sciobraille-model-lab\models\v2_master\README.md","Model artifact","Selected V1/V2 model, model config, evaluation, or retained experiment evidence","Keep"
"sciobraille-model-lab\reports\class_distribution.csv","Report/evaluation output","Audit, benchmark, QA, comparison, visualization, or cleanup report","Keep important reports; archive visuals if space needed"
"sciobraille-model-lab\reports\CLEANUP_REPORT_2026-10-03.md","Report/evaluation output","Audit, benchmark, QA, comparison, visualization, or cleanup report","Keep important reports; archive visuals if space needed"
"sciobraille-model-lab\reports\dataset_audit.md","Report/evaluation output","Audit, benchmark, QA, comparison, visualization, or cleanup report","Keep important reports; archive visuals if space needed"
"sciobraille-model-lab\reports\dataset_errors.csv","Report/evaluation output","Audit, benchmark, QA, comparison, visualization, or cleanup report","Keep important reports; archive visuals if space needed"
"sciobraille-model-lab\reports\dataset_inventory.csv","Report/evaluation output","Audit, benchmark, QA, comparison, visualization, or cleanup report","Keep important reports; archive visuals if space needed"
"sciobraille-model-lab\reports\exports\existing_android_int8.csv","Report/evaluation output","Audit, benchmark, QA, comparison, visualization, or cleanup report","Keep important reports; archive visuals if space needed"
"sciobraille-model-lab\reports\exports\existing_android_int8.json","Report/evaluation output","Audit, benchmark, QA, comparison, visualization, or cleanup report","Keep important reports; archive visuals if space needed"
"sciobraille-model-lab\reports\exports\existing_onnx.csv","Report/evaluation output","Audit, benchmark, QA, comparison, visualization, or cleanup report","Keep important reports; archive visuals if space needed"
"sciobraille-model-lab\reports\exports\existing_onnx.json","Report/evaluation output","Audit, benchmark, QA, comparison, visualization, or cleanup report","Keep important reports; archive visuals if space needed"
"sciobraille-model-lab\reports\exports\existing_tflite_float32.csv","Report/evaluation output","Audit, benchmark, QA, comparison, visualization, or cleanup report","Keep important reports; archive visuals if space needed"
"sciobraille-model-lab\reports\exports\existing_tflite_float32.json","Report/evaluation output","Audit, benchmark, QA, comparison, visualization, or cleanup report","Keep important reports; archive visuals if space needed"
"sciobraille-model-lab\reports\exports\final_android_int8_accepted.csv","Report/evaluation output","Audit, benchmark, QA, comparison, visualization, or cleanup report","Keep important reports; archive visuals if space needed"
"sciobraille-model-lab\reports\exports\final_android_int8_accepted.json","Report/evaluation output","Audit, benchmark, QA, comparison, visualization, or cleanup report","Keep important reports; archive visuals if space needed"
"sciobraille-model-lab\reports\exports\final_onnx.csv","Report/evaluation output","Audit, benchmark, QA, comparison, visualization, or cleanup report","Keep important reports; archive visuals if space needed"
"sciobraille-model-lab\reports\exports\final_onnx.json","Report/evaluation output","Audit, benchmark, QA, comparison, visualization, or cleanup report","Keep important reports; archive visuals if space needed"
"sciobraille-model-lab\reports\exports\final_pytorch.csv","Report/evaluation output","Audit, benchmark, QA, comparison, visualization, or cleanup report","Keep important reports; archive visuals if space needed"
"sciobraille-model-lab\reports\exports\final_pytorch.json","Report/evaluation output","Audit, benchmark, QA, comparison, visualization, or cleanup report","Keep important reports; archive visuals if space needed"
"sciobraille-model-lab\reports\exports\final_tflite_float32_accepted.csv","Report/evaluation output","Audit, benchmark, QA, comparison, visualization, or cleanup report","Keep important reports; archive visuals if space needed"
"sciobraille-model-lab\reports\exports\final_tflite_float32_accepted.json","Report/evaluation output","Audit, benchmark, QA, comparison, visualization, or cleanup report","Keep important reports; archive visuals if space needed"
"sciobraille-model-lab\reports\exports\final_tflite_float32_fresh.csv","Report/evaluation output","Audit, benchmark, QA, comparison, visualization, or cleanup report","Keep important reports; archive visuals if space needed"
"sciobraille-model-lab\reports\exports\final_tflite_float32_fresh.json","Report/evaluation output","Audit, benchmark, QA, comparison, visualization, or cleanup report","Keep important reports; archive visuals if space needed"
"sciobraille-model-lab\reports\exports\final_tflite_int8_fresh.csv","Report/evaluation output","Audit, benchmark, QA, comparison, visualization, or cleanup report","Keep important reports; archive visuals if space needed"
"sciobraille-model-lab\reports\exports\final_tflite_int8_fresh.json","Report/evaluation output","Audit, benchmark, QA, comparison, visualization, or cleanup report","Keep important reports; archive visuals if space needed"
"sciobraille-model-lab\reports\exports\onnx.csv","Report/evaluation output","Audit, benchmark, QA, comparison, visualization, or cleanup report","Keep important reports; archive visuals if space needed"
"sciobraille-model-lab\reports\exports\onnx.json","Report/evaluation output","Audit, benchmark, QA, comparison, visualization, or cleanup report","Keep important reports; archive visuals if space needed"
"sciobraille-model-lab\reports\exports\onnx_integrated.csv","Report/evaluation output","Audit, benchmark, QA, comparison, visualization, or cleanup report","Keep important reports; archive visuals if space needed"
"sciobraille-model-lab\reports\exports\onnx_integrated.json","Report/evaluation output","Audit, benchmark, QA, comparison, visualization, or cleanup report","Keep important reports; archive visuals if space needed"
"sciobraille-model-lab\reports\exports\pytorch.csv","Report/evaluation output","Audit, benchmark, QA, comparison, visualization, or cleanup report","Keep important reports; archive visuals if space needed"
"sciobraille-model-lab\reports\exports\pytorch.json","Report/evaluation output","Audit, benchmark, QA, comparison, visualization, or cleanup report","Keep important reports; archive visuals if space needed"
"sciobraille-model-lab\reports\exports\pytorch_integrated.csv","Report/evaluation output","Audit, benchmark, QA, comparison, visualization, or cleanup report","Keep important reports; archive visuals if space needed"
"sciobraille-model-lab\reports\exports\pytorch_integrated.json","Report/evaluation output","Audit, benchmark, QA, comparison, visualization, or cleanup report","Keep important reports; archive visuals if space needed"
"sciobraille-model-lab\reports\exports\tflite_float32.csv","Report/evaluation output","Audit, benchmark, QA, comparison, visualization, or cleanup report","Keep important reports; archive visuals if space needed"
"sciobraille-model-lab\reports\exports\tflite_float32.json","Report/evaluation output","Audit, benchmark, QA, comparison, visualization, or cleanup report","Keep important reports; archive visuals if space needed"
"sciobraille-model-lab\reports\exports\tflite_int8.csv","Report/evaluation output","Audit, benchmark, QA, comparison, visualization, or cleanup report","Keep important reports; archive visuals if space needed"
"sciobraille-model-lab\reports\exports\tflite_int8.json","Report/evaluation output","Audit, benchmark, QA, comparison, visualization, or cleanup report","Keep important reports; archive visuals if space needed"
"sciobraille-model-lab\reports\failure_analysis.md","Report/evaluation output","Audit, benchmark, QA, comparison, visualization, or cleanup report","Keep important reports; archive visuals if space needed"
"sciobraille-model-lab\reports\field_testing_instructions.md","Report/evaluation output","Audit, benchmark, QA, comparison, visualization, or cleanup report","Keep important reports; archive visuals if space needed"
"sciobraille-model-lab\reports\final_e2e_backend.csv","Report/evaluation output","Audit, benchmark, QA, comparison, visualization, or cleanup report","Keep important reports; archive visuals if space needed"
"sciobraille-model-lab\reports\final_e2e_backend.json","Report/evaluation output","Audit, benchmark, QA, comparison, visualization, or cleanup report","Keep important reports; archive visuals if space needed"
"sciobraille-model-lab\reports\final_e2e_offline.csv","Report/evaluation output","Audit, benchmark, QA, comparison, visualization, or cleanup report","Keep important reports; archive visuals if space needed"
"sciobraille-model-lab\reports\final_e2e_offline.json","Report/evaluation output","Audit, benchmark, QA, comparison, visualization, or cleanup report","Keep important reports; archive visuals if space needed"
"sciobraille-model-lab\reports\final_end_to_end_benchmark.csv","Report/evaluation output","Audit, benchmark, QA, comparison, visualization, or cleanup report","Keep important reports; archive visuals if space needed"
"sciobraille-model-lab\reports\final_end_to_end_benchmark.md","Report/evaluation output","Audit, benchmark, QA, comparison, visualization, or cleanup report","Keep important reports; archive visuals if space needed"
"sciobraille-model-lab\reports\FINAL_MODEL_APP_SELECTION.md","Report/evaluation output","Audit, benchmark, QA, comparison, visualization, or cleanup report","Keep important reports; archive visuals if space needed"
"sciobraille-model-lab\reports\final_model_comparison.csv","Report/evaluation output","Audit, benchmark, QA, comparison, visualization, or cleanup report","Keep important reports; archive visuals if space needed"
"sciobraille-model-lab\reports\final_model_comparison.md","Report/evaluation output","Audit, benchmark, QA, comparison, visualization, or cleanup report","Keep important reports; archive visuals if space needed"
"sciobraille-model-lab\reports\final_project_audit.md","Report/evaluation output","Audit, benchmark, QA, comparison, visualization, or cleanup report","Keep important reports; archive visuals if space needed"
"sciobraille-model-lab\reports\FINAL_PROJECT_STATUS.md","Report/evaluation output","Audit, benchmark, QA, comparison, visualization, or cleanup report","Keep important reports; archive visuals if space needed"
"sciobraille-model-lab\reports\master_v2_build.md","Report/evaluation output","Audit, benchmark, QA, comparison, visualization, or cleanup report","Keep important reports; archive visuals if space needed"
"sciobraille-model-lab\reports\master_v2_duplicate_groups.csv","Report/evaluation output","Audit, benchmark, QA, comparison, visualization, or cleanup report","Keep important reports; archive visuals if space needed"
"sciobraille-model-lab\reports\master_v2_label_qa.csv","Report/evaluation output","Audit, benchmark, QA, comparison, visualization, or cleanup report","Keep important reports; archive visuals if space needed"
"sciobraille-model-lab\reports\master_v2_source_validation.csv","Report/evaluation output","Audit, benchmark, QA, comparison, visualization, or cleanup report","Keep important reports; archive visuals if space needed"
"sciobraille-model-lab\reports\master_v2_validation.csv","Report/evaluation output","Audit, benchmark, QA, comparison, visualization, or cleanup report","Keep important reports; archive visuals if space needed"
"sciobraille-model-lab\reports\online_offline_comparison.csv","Report/evaluation output","Audit, benchmark, QA, comparison, visualization, or cleanup report","Keep important reports; archive visuals if space needed"
"sciobraille-model-lab\reports\physical_regression_investigation.json","Report/evaluation output","Audit, benchmark, QA, comparison, visualization, or cleanup report","Keep important reports; archive visuals if space needed"
"sciobraille-model-lab\reports\production_integration_report.md","Report/evaluation output","Audit, benchmark, QA, comparison, visualization, or cleanup report","Keep important reports; archive visuals if space needed"
"sciobraille-model-lab\reports\qa_offline_aligned.csv","Report/evaluation output","Audit, benchmark, QA, comparison, visualization, or cleanup report","Keep important reports; archive visuals if space needed"
"sciobraille-model-lab\reports\qa_offline_aligned.json","Report/evaluation output","Audit, benchmark, QA, comparison, visualization, or cleanup report","Keep important reports; archive visuals if space needed"
"sciobraille-model-lab\reports\qa_offline_best_threshold.csv","Report/evaluation output","Audit, benchmark, QA, comparison, visualization, or cleanup report","Keep important reports; archive visuals if space needed"
"sciobraille-model-lab\reports\qa_offline_best_threshold.json","Report/evaluation output","Audit, benchmark, QA, comparison, visualization, or cleanup report","Keep important reports; archive visuals if space needed"
"sciobraille-model-lab\reports\qa_v1_winner_config.csv","Report/evaluation output","Audit, benchmark, QA, comparison, visualization, or cleanup report","Keep important reports; archive visuals if space needed"
"sciobraille-model-lab\reports\qa_v1_winner_config.json","Report/evaluation output","Audit, benchmark, QA, comparison, visualization, or cleanup report","Keep important reports; archive visuals if space needed"
"sciobraille-model-lab\reports\qa_v1_winner_reconstruction.csv","Report/evaluation output","Audit, benchmark, QA, comparison, visualization, or cleanup report","Keep important reports; archive visuals if space needed"
"sciobraille-model-lab\reports\qa_v1_winner_reconstruction.json","Report/evaluation output","Audit, benchmark, QA, comparison, visualization, or cleanup report","Keep important reports; archive visuals if space needed"
"sciobraille-model-lab\reports\remaining_work.md","Report/evaluation output","Audit, benchmark, QA, comparison, visualization, or cleanup report","Keep important reports; archive visuals if space needed"
"sciobraille-model-lab\reports\sha256_asmitha__dataset.csv","Report/evaluation output","Audit, benchmark, QA, comparison, visualization, or cleanup report","Keep important reports; archive visuals if space needed"
"sciobraille-model-lab\reports\sha256_braille_hackathon_siddhant__dataset.csv","Report/evaluation output","Audit, benchmark, QA, comparison, visualization, or cleanup report","Keep important reports; archive visuals if space needed"
"sciobraille-model-lab\reports\sha256_prabh-decoders-braillevision__dataset__braille_merged.csv","Report/evaluation output","Audit, benchmark, QA, comparison, visualization, or cleanup report","Keep important reports; archive visuals if space needed"
"sciobraille-model-lab\reports\sha256_sangam-Braillie__dataset.csv","Report/evaluation output","Audit, benchmark, QA, comparison, visualization, or cleanup report","Keep important reports; archive visuals if space needed"
"sciobraille-model-lab\reports\unsupported_classes.csv","Report/evaluation output","Audit, benchmark, QA, comparison, visualization, or cleanup report","Keep important reports; archive visuals if space needed"
"sciobraille-model-lab\reports\v1_final_comparison.md","Report/evaluation output","Audit, benchmark, QA, comparison, visualization, or cleanup report","Keep important reports; archive visuals if space needed"
"sciobraille-model-lab\reports\v1_inference_optimized.md","Report/evaluation output","Audit, benchmark, QA, comparison, visualization, or cleanup report","Keep important reports; archive visuals if space needed"
"sciobraille-model-lab\reports\v1_inference_search.csv","Report/evaluation output","Audit, benchmark, QA, comparison, visualization, or cleanup report","Keep important reports; archive visuals if space needed"
"sciobraille-model-lab\reports\v1_original_baseline.json","Report/evaluation output","Audit, benchmark, QA, comparison, visualization, or cleanup report","Keep important reports; archive visuals if space needed"
"sciobraille-model-lab\reports\v1_original_baseline.md","Report/evaluation output","Audit, benchmark, QA, comparison, visualization, or cleanup report","Keep important reports; archive visuals if space needed"
"sciobraille-model-lab\reports\v1_original_predictions.csv","Report/evaluation output","Audit, benchmark, QA, comparison, visualization, or cleanup report","Keep important reports; archive visuals if space needed"
"sciobraille-model-lab\reports\v1_v2_physical_failure_analysis.md","Report/evaluation output","Audit, benchmark, QA, comparison, visualization, or cleanup report","Keep important reports; archive visuals if space needed"
"sciobraille-model-lab\reports\v2_android_test_build.md","Report/evaluation output","Audit, benchmark, QA, comparison, visualization, or cleanup report","Keep important reports; archive visuals if space needed"
"sciobraille-model-lab\reports\v2_device_testing_checklist.md","Report/evaluation output","Audit, benchmark, QA, comparison, visualization, or cleanup report","Keep important reports; archive visuals if space needed"
"sciobraille-model-lab\reports\v2_export_validation.json","Report/evaluation output","Audit, benchmark, QA, comparison, visualization, or cleanup report","Keep important reports; archive visuals if space needed"
"sciobraille-model-lab\reports\v2_export_validation.md","Report/evaluation output","Audit, benchmark, QA, comparison, visualization, or cleanup report","Keep important reports; archive visuals if space needed"
"sciobraille-model-lab\reports\v2_int8_end_to_end_parity.md","Report/evaluation output","Audit, benchmark, QA, comparison, visualization, or cleanup report","Keep important reports; archive visuals if space needed"
"sciobraille-model-lab\reports\v2_model_comparison.md","Report/evaluation output","Audit, benchmark, QA, comparison, visualization, or cleanup report","Keep important reports; archive visuals if space needed"
"sciobraille-model-lab\reports\v2_training_report.md","Report/evaluation output","Audit, benchmark, QA, comparison, visualization, or cleanup report","Keep important reports; archive visuals if space needed"
"sciobraille-model-lab\reports\visualizations\physical_benchmark\dmi_flipped_01_comparison_side_by_side.jpg","Report/evaluation output","Audit, benchmark, QA, comparison, visualization, or cleanup report","Keep important reports; archive visuals if space needed"
"sciobraille-model-lab\reports\visualizations\physical_benchmark\dmi_flipped_01_v1.jpg","Report/evaluation output","Audit, benchmark, QA, comparison, visualization, or cleanup report","Keep important reports; archive visuals if space needed"
"sciobraille-model-lab\reports\visualizations\physical_benchmark\dmi_flipped_01_v2.jpg","Report/evaluation output","Audit, benchmark, QA, comparison, visualization, or cleanup report","Keep important reports; archive visuals if space needed"
"sciobraille-model-lab\reports\visualizations\physical_benchmark\dmi_root_01_comparison_side_by_side.jpg","Report/evaluation output","Audit, benchmark, QA, comparison, visualization, or cleanup report","Keep important reports; archive visuals if space needed"
"sciobraille-model-lab\reports\visualizations\physical_benchmark\dmi_root_01_v1.jpg","Report/evaluation output","Audit, benchmark, QA, comparison, visualization, or cleanup report","Keep important reports; archive visuals if space needed"
"sciobraille-model-lab\reports\visualizations\physical_benchmark\dmi_root_01_v2.jpg","Report/evaluation output","Audit, benchmark, QA, comparison, visualization, or cleanup report","Keep important reports; archive visuals if space needed"
"sciobraille-model-lab\reports\visualizations\physical_benchmark\dmi_thumb.jpg","Report/evaluation output","Audit, benchmark, QA, comparison, visualization, or cleanup report","Keep important reports; archive visuals if space needed"
"sciobraille-model-lab\reports\visualizations\physical_benchmark\flipped_dmi_thumb.jpg","Report/evaluation output","Audit, benchmark, QA, comparison, visualization, or cleanup report","Keep important reports; archive visuals if space needed"
"sciobraille-model-lab\reports\visualizations\physical_benchmark\scio_known_01_comparison_side_by_side.jpg","Report/evaluation output","Audit, benchmark, QA, comparison, visualization, or cleanup report","Keep important reports; archive visuals if space needed"
"sciobraille-model-lab\reports\visualizations\physical_benchmark\scio_known_01_v1.jpg","Report/evaluation output","Audit, benchmark, QA, comparison, visualization, or cleanup report","Keep important reports; archive visuals if space needed"
"sciobraille-model-lab\reports\visualizations\physical_benchmark\scio_known_01_v2.jpg","Report/evaluation output","Audit, benchmark, QA, comparison, visualization, or cleanup report","Keep important reports; archive visuals if space needed"
"sciobraille-model-lab\reports\visualizations\requested_model_comparison_20260926\results.json","Report/evaluation output","Audit, benchmark, QA, comparison, visualization, or cleanup report","Keep important reports; archive visuals if space needed"
"sciobraille-model-lab\reports\visualizations\requested_model_comparison_20260926\sri_sairam_normal__v1_previous.jpg","Report/evaluation output","Audit, benchmark, QA, comparison, visualization, or cleanup report","Keep important reports; archive visuals if space needed"
"sciobraille-model-lab\reports\visualizations\requested_model_comparison_20260926\sri_sairam_normal__v2_master.jpg","Report/evaluation output","Audit, benchmark, QA, comparison, visualization, or cleanup report","Keep important reports; archive visuals if space needed"
"sciobraille-model-lab\reports\visualizations\requested_model_comparison_20260926\ssn_invente__v1_previous.jpg","Report/evaluation output","Audit, benchmark, QA, comparison, visualization, or cleanup report","Keep important reports; archive visuals if space needed"
"sciobraille-model-lab\reports\visualizations\requested_model_comparison_20260926\ssn_invente__v2_master.jpg","Report/evaluation output","Audit, benchmark, QA, comparison, visualization, or cleanup report","Keep important reports; archive visuals if space needed"
"sciobraille-model-lab\scripts\audit_datasets.py","Model-lab script","Reproducible audit, benchmark, dataset build, export validation, or inference tuning script","Keep"
"sciobraille-model-lab\scripts\benchmark_export.py","Model-lab script","Reproducible audit, benchmark, dataset build, export validation, or inference tuning script","Keep"
"sciobraille-model-lab\scripts\benchmark_model.py","Model-lab script","Reproducible audit, benchmark, dataset build, export validation, or inference tuning script","Keep"
"sciobraille-model-lab\scripts\build_final_qa_reports.py","Model-lab script","Reproducible audit, benchmark, dataset build, export validation, or inference tuning script","Keep"
"sciobraille-model-lab\scripts\build_master_dataset.py","Model-lab script","Reproducible audit, benchmark, dataset build, export validation, or inference tuning script","Keep"
"sciobraille-model-lab\scripts\evaluate_duplicate_thresholds.py","Model-lab script","Reproducible audit, benchmark, dataset build, export validation, or inference tuning script","Keep"
"sciobraille-model-lab\scripts\evaluate_field_samples.py","Model-lab script","Reproducible audit, benchmark, dataset build, export validation, or inference tuning script","Keep"
"sciobraille-model-lab\scripts\evaluate_text.py","Model-lab script","Reproducible audit, benchmark, dataset build, export validation, or inference tuning script","Keep"
"sciobraille-model-lab\scripts\find_duplicates.py","Model-lab script","Reproducible audit, benchmark, dataset build, export validation, or inference tuning script","Keep"
"sciobraille-model-lab\scripts\investigate_physical_regression.py","Model-lab script","Reproducible audit, benchmark, dataset build, export validation, or inference tuning script","Keep"
"sciobraille-model-lab\scripts\master_dataset_common.py","Model-lab script","Reproducible audit, benchmark, dataset build, export validation, or inference tuning script","Keep"
"sciobraille-model-lab\scripts\tune_inference.py","Model-lab script","Reproducible audit, benchmark, dataset build, export validation, or inference tuning script","Keep"
"sciobraille-model-lab\scripts\validate_exports.py","Model-lab script","Reproducible audit, benchmark, dataset build, export validation, or inference tuning script","Keep"
"sciobraille-model-lab\scripts\validate_labels.py","Model-lab script","Reproducible audit, benchmark, dataset build, export validation, or inference tuning script","Keep"
"sciobraille-model-lab\scripts\verify_v2_int8_pipeline.py","Model-lab script","Reproducible audit, benchmark, dataset build, export validation, or inference tuning script","Keep"
"sciobraille-model-lab\training\train_v1.py","Training script","Reproducible V1/V2 training entry point","Keep"
"sciobraille-model-lab\training\train_v2.py","Training script","Reproducible V1/V2 training entry point","Keep"
"sciobraille-scanner\ACCESSIBILITY_QA.md","Product documentation","Accessibility QA report for scanner and LMS screens","Keep"
"sciobraille-scanner\android\app\build.gradle","Production Android app","Sciobraille Android scanner/LMS app source, asset, Gradle config, test, or APK helper","Keep"
"sciobraille-scanner\android\app\proguard-rules.pro","Production Android app","Sciobraille Android scanner/LMS app source, asset, Gradle config, test, or APK helper","Keep"
"sciobraille-scanner\android\app\src\main\AndroidManifest.xml","Production Android app","Sciobraille Android scanner/LMS app source, asset, Gradle config, test, or APK helper","Keep"
"sciobraille-scanner\android\app\src\main\assets\best_int8.tflite","Production Android app","Sciobraille Android scanner/LMS app source, asset, Gradle config, test, or APK helper","Keep"
"sciobraille-scanner\android\app\src\main\java\com\sciobraille\scanner\AccessibilityPreferences.kt","Production Android app","Sciobraille Android scanner/LMS app source, asset, Gradle config, test, or APK helper","Keep"
"sciobraille-scanner\android\app\src\main\java\com\sciobraille\scanner\lms\BrailleCellView.kt","Production Android app","Sciobraille Android scanner/LMS app source, asset, Gradle config, test, or APK helper","Keep"
"sciobraille-scanner\android\app\src\main\java\com\sciobraille\scanner\lms\BrailleMappingProvider.kt","Production Android app","Sciobraille Android scanner/LMS app source, asset, Gradle config, test, or APK helper","Keep"
"sciobraille-scanner\android\app\src\main\java\com\sciobraille\scanner\lms\BrailleMappings.kt","Production Android app","Sciobraille Android scanner/LMS app source, asset, Gradle config, test, or APK helper","Keep"
"sciobraille-scanner\android\app\src\main\java\com\sciobraille\scanner\lms\EntitlementManager.kt","Production Android app","Sciobraille Android scanner/LMS app source, asset, Gradle config, test, or APK helper","Keep"
"sciobraille-scanner\android\app\src\main\java\com\sciobraille\scanner\lms\Grade2Contractions.kt","Production Android app","Sciobraille Android scanner/LMS app source, asset, Gradle config, test, or APK helper","Keep"
"sciobraille-scanner\android\app\src\main\java\com\sciobraille\scanner\lms\Language.kt","Production Android app","Sciobraille Android scanner/LMS app source, asset, Gradle config, test, or APK helper","Keep"
"sciobraille-scanner\android\app\src\main\java\com\sciobraille\scanner\lms\LessonContent.kt","Production Android app","Sciobraille Android scanner/LMS app source, asset, Gradle config, test, or APK helper","Keep"
"sciobraille-scanner\android\app\src\main\java\com\sciobraille\scanner\lms\LessonDao.kt","Production Android app","Sciobraille Android scanner/LMS app source, asset, Gradle config, test, or APK helper","Keep"
"sciobraille-scanner\android\app\src\main\java\com\sciobraille\scanner\lms\LessonEntity.kt","Production Android app","Sciobraille Android scanner/LMS app source, asset, Gradle config, test, or APK helper","Keep"
"sciobraille-scanner\android\app\src\main\java\com\sciobraille\scanner\lms\LessonProgressDao.kt","Production Android app","Sciobraille Android scanner/LMS app source, asset, Gradle config, test, or APK helper","Keep"
"sciobraille-scanner\android\app\src\main\java\com\sciobraille\scanner\lms\LessonProgressEntity.kt","Production Android app","Sciobraille Android scanner/LMS app source, asset, Gradle config, test, or APK helper","Keep"
"sciobraille-scanner\android\app\src\main\java\com\sciobraille\scanner\lms\LetterMastery.kt","Production Android app","Sciobraille Android scanner/LMS app source, asset, Gradle config, test, or APK helper","Keep"
"sciobraille-scanner\android\app\src\main\java\com\sciobraille\scanner\lms\LmsAudioManager.kt","Production Android app","Sciobraille Android scanner/LMS app source, asset, Gradle config, test, or APK helper","Keep"
"sciobraille-scanner\android\app\src\main\java\com\sciobraille\scanner\lms\LmsCurriculumProvider.kt","Production Android app","Sciobraille Android scanner/LMS app source, asset, Gradle config, test, or APK helper","Keep"
"sciobraille-scanner\android\app\src\main\java\com\sciobraille\scanner\lms\LmsDatabase.kt","Production Android app","Sciobraille Android scanner/LMS app source, asset, Gradle config, test, or APK helper","Keep"
"sciobraille-scanner\android\app\src\main\java\com\sciobraille\scanner\lms\LmsHapticManager.kt","Production Android app","Sciobraille Android scanner/LMS app source, asset, Gradle config, test, or APK helper","Keep"
"sciobraille-scanner\android\app\src\main\java\com\sciobraille\scanner\lms\LmsProgressRules.kt","Production Android app","Sciobraille Android scanner/LMS app source, asset, Gradle config, test, or APK helper","Keep"
"sciobraille-scanner\android\app\src\main\java\com\sciobraille\scanner\lms\LmsRepository.kt","Production Android app","Sciobraille Android scanner/LMS app source, asset, Gradle config, test, or APK helper","Keep"
"sciobraille-scanner\android\app\src\main\java\com\sciobraille\scanner\lms\MilestoneManager.kt","Production Android app","Sciobraille Android scanner/LMS app source, asset, Gradle config, test, or APK helper","Keep"
"sciobraille-scanner\android\app\src\main\java\com\sciobraille\scanner\lms\StreakDao.kt","Production Android app","Sciobraille Android scanner/LMS app source, asset, Gradle config, test, or APK helper","Keep"
"sciobraille-scanner\android\app\src\main\java\com\sciobraille\scanner\lms\StreakEntity.kt","Production Android app","Sciobraille Android scanner/LMS app source, asset, Gradle config, test, or APK helper","Keep"
"sciobraille-scanner\android\app\src\main\java\com\sciobraille\scanner\lms\SyncManager.kt","Production Android app","Sciobraille Android scanner/LMS app source, asset, Gradle config, test, or APK helper","Keep"
"sciobraille-scanner\android\app\src\main\java\com\sciobraille\scanner\lms\SyncStatus.kt","Production Android app","Sciobraille Android scanner/LMS app source, asset, Gradle config, test, or APK helper","Keep"
"sciobraille-scanner\android\app\src\main\java\com\sciobraille\scanner\lms\UserScoreDao.kt","Production Android app","Sciobraille Android scanner/LMS app source, asset, Gradle config, test, or APK helper","Keep"
"sciobraille-scanner\android\app\src\main\java\com\sciobraille\scanner\lms\UserScoreEntity.kt","Production Android app","Sciobraille Android scanner/LMS app source, asset, Gradle config, test, or APK helper","Keep"
"sciobraille-scanner\android\app\src\main\java\com\sciobraille\scanner\MainActivity.kt","Production Android app","Sciobraille Android scanner/LMS app source, asset, Gradle config, test, or APK helper","Keep"
"sciobraille-scanner\android\app\src\main\java\com\sciobraille\scanner\RecognitionModels.kt","Production Android app","Sciobraille Android scanner/LMS app source, asset, Gradle config, test, or APK helper","Keep"
"sciobraille-scanner\android\app\src\main\java\com\sciobraille\scanner\ScanDocumentExporter.kt","Production Android app","Sciobraille Android scanner/LMS app source, asset, Gradle config, test, or APK helper","Keep"
"sciobraille-scanner\android\app\src\main\java\com\sciobraille\scanner\ScannerTranslationState.kt","Production Android app","Sciobraille Android scanner/LMS app source, asset, Gradle config, test, or APK helper","Keep"
"sciobraille-scanner\android\app\src\main\java\com\sciobraille\scanner\ScanQualityAnalyzer.kt","Production Android app","Sciobraille Android scanner/LMS app source, asset, Gradle config, test, or APK helper","Keep"
"sciobraille-scanner\android\app\src\main\java\com\sciobraille\scanner\tools\Grade1BrailleCodec.kt","Production Android app","Sciobraille Android scanner/LMS app source, asset, Gradle config, test, or APK helper","Keep"
"sciobraille-scanner\android\app\src\main\java\com\sciobraille\scanner\tools\LearnerProfileStore.kt","Production Android app","Sciobraille Android scanner/LMS app source, asset, Gradle config, test, or APK helper","Keep"
"sciobraille-scanner\android\app\src\main\java\com\sciobraille\scanner\tools\MlKitTranslationFallback.kt","Production Android app","Sciobraille Android scanner/LMS app source, asset, Gradle config, test, or APK helper","Keep"
"sciobraille-scanner\android\app\src\main\java\com\sciobraille\scanner\tools\MultilingualTtsManager.kt","Production Android app","Sciobraille Android scanner/LMS app source, asset, Gradle config, test, or APK helper","Keep"
"sciobraille-scanner\android\app\src\main\java\com\sciobraille\scanner\tools\SmartAssistRouter.kt","Production Android app","Sciobraille Android scanner/LMS app source, asset, Gradle config, test, or APK helper","Keep"
"sciobraille-scanner\android\app\src\main\java\com\sciobraille\scanner\tools\StoryTextRecognizer.kt","Production Android app","Sciobraille Android scanner/LMS app source, asset, Gradle config, test, or APK helper","Keep"
"sciobraille-scanner\android\app\src\main\java\com\sciobraille\scanner\tools\TranslationLanguage.kt","Production Android app","Sciobraille Android scanner/LMS app source, asset, Gradle config, test, or APK helper","Keep"
"sciobraille-scanner\android\app\src\main\java\com\sciobraille\scanner\tools\TranslationRepository.kt","Production Android app","Sciobraille Android scanner/LMS app source, asset, Gradle config, test, or APK helper","Keep"
"sciobraille-scanner\android\app\src\main\res\drawable\ic_launcher.xml","Production Android app","Sciobraille Android scanner/LMS app source, asset, Gradle config, test, or APK helper","Keep"
"sciobraille-scanner\android\app\src\main\res\values\strings.xml","Production Android app","Sciobraille Android scanner/LMS app source, asset, Gradle config, test, or APK helper","Keep"
"sciobraille-scanner\android\app\src\main\res\values\styles.xml","Production Android app","Sciobraille Android scanner/LMS app source, asset, Gradle config, test, or APK helper","Keep"
"sciobraille-scanner\android\app\src\main\res\xml\file_paths.xml","Production Android app","Sciobraille Android scanner/LMS app source, asset, Gradle config, test, or APK helper","Keep"
"sciobraille-scanner\android\app\src\test\java\com\sciobraille\scanner\BrailleOrientationSelectorTest.kt","Production Android app","Sciobraille Android scanner/LMS app source, asset, Gradle config, test, or APK helper","Keep"
"sciobraille-scanner\android\app\src\test\java\com\sciobraille\scanner\HistoryEntryTest.kt","Production Android app","Sciobraille Android scanner/LMS app source, asset, Gradle config, test, or APK helper","Keep"
"sciobraille-scanner\android\app\src\test\java\com\sciobraille\scanner\LetterboxGeometryTest.kt","Production Android app","Sciobraille Android scanner/LMS app source, asset, Gradle config, test, or APK helper","Keep"
"sciobraille-scanner\android\app\src\test\java\com\sciobraille\scanner\lms\BrailleMappingsTest.kt","Production Android app","Sciobraille Android scanner/LMS app source, asset, Gradle config, test, or APK helper","Keep"
"sciobraille-scanner\android\app\src\test\java\com\sciobraille\scanner\lms\LanguageBrailleSupportTest.kt","Production Android app","Sciobraille Android scanner/LMS app source, asset, Gradle config, test, or APK helper","Keep"
"sciobraille-scanner\android\app\src\test\java\com\sciobraille\scanner\lms\LmsCurriculumProviderTest.kt","Production Android app","Sciobraille Android scanner/LMS app source, asset, Gradle config, test, or APK helper","Keep"
"sciobraille-scanner\android\app\src\test\java\com\sciobraille\scanner\lms\LmsProgressRulesTest.kt","Production Android app","Sciobraille Android scanner/LMS app source, asset, Gradle config, test, or APK helper","Keep"
"sciobraille-scanner\android\app\src\test\java\com\sciobraille\scanner\ResponseParserTest.kt","Production Android app","Sciobraille Android scanner/LMS app source, asset, Gradle config, test, or APK helper","Keep"
"sciobraille-scanner\android\app\src\test\java\com\sciobraille\scanner\ScannerInputPolicyTest.kt","Production Android app","Sciobraille Android scanner/LMS app source, asset, Gradle config, test, or APK helper","Keep"
"sciobraille-scanner\android\app\src\test\java\com\sciobraille\scanner\ScannerTranslationStateTest.kt","Production Android app","Sciobraille Android scanner/LMS app source, asset, Gradle config, test, or APK helper","Keep"
"sciobraille-scanner\android\app\src\test\java\com\sciobraille\scanner\ScannerTransportPolicyTest.kt","Production Android app","Sciobraille Android scanner/LMS app source, asset, Gradle config, test, or APK helper","Keep"
"sciobraille-scanner\android\app\src\test\java\com\sciobraille\scanner\tools\Grade1BrailleCodecTest.kt","Production Android app","Sciobraille Android scanner/LMS app source, asset, Gradle config, test, or APK helper","Keep"
"sciobraille-scanner\android\app\src\test\java\com\sciobraille\scanner\tools\MultilingualTtsManagerTest.kt","Production Android app","Sciobraille Android scanner/LMS app source, asset, Gradle config, test, or APK helper","Keep"
"sciobraille-scanner\android\app\src\test\java\com\sciobraille\scanner\tools\SmartAssistRouterTest.kt","Production Android app","Sciobraille Android scanner/LMS app source, asset, Gradle config, test, or APK helper","Keep"
"sciobraille-scanner\android\app\src\test\java\com\sciobraille\scanner\tools\TranslationRepositoryTest.kt","Production Android app","Sciobraille Android scanner/LMS app source, asset, Gradle config, test, or APK helper","Keep"
"sciobraille-scanner\android\app\src\v2Test\assets\best_v2_int8.tflite","Production Android app","Sciobraille Android scanner/LMS app source, asset, Gradle config, test, or APK helper","Keep"
"sciobraille-scanner\android\build.gradle","Production Android app","Sciobraille Android scanner/LMS app source, asset, Gradle config, test, or APK helper","Keep"
"sciobraille-scanner\android\build_cached_gradle.ps1","Production Android app","Sciobraille Android scanner/LMS app source, asset, Gradle config, test, or APK helper","Keep"
"sciobraille-scanner\android\connect_usb_backend.bat","Production Android app","Sciobraille Android scanner/LMS app source, asset, Gradle config, test, or APK helper","Keep"
"sciobraille-scanner\android\connect_usb_backend.ps1","Production Android app","Sciobraille Android scanner/LMS app source, asset, Gradle config, test, or APK helper","Keep"
"sciobraille-scanner\android\gradle.properties","Production Android app","Sciobraille Android scanner/LMS app source, asset, Gradle config, test, or APK helper","Keep"
"sciobraille-scanner\android\gradle\wrapper\gradle-wrapper.jar","Production Android app","Sciobraille Android scanner/LMS app source, asset, Gradle config, test, or APK helper","Keep"
"sciobraille-scanner\android\gradle\wrapper\gradle-wrapper.properties","Production Android app","Sciobraille Android scanner/LMS app source, asset, Gradle config, test, or APK helper","Keep"
"sciobraille-scanner\android\gradlew","Production Android app","Sciobraille Android scanner/LMS app source, asset, Gradle config, test, or APK helper","Keep"
"sciobraille-scanner\android\gradlew.bat","Production Android app","Sciobraille Android scanner/LMS app source, asset, Gradle config, test, or APK helper","Keep"
"sciobraille-scanner\android\settings.gradle","Production Android app","Sciobraille Android scanner/LMS app source, asset, Gradle config, test, or APK helper","Keep"
"sciobraille-scanner\backend\inference.py","Production backend","FastAPI scanner/LMS backend, production model, API tests, upload scanner, or backend docs","Keep"
"sciobraille-scanner\backend\LMS_API.md","Production backend","FastAPI scanner/LMS backend, production model, API tests, upload scanner, or backend docs","Keep"
"sciobraille-scanner\backend\lms_api.py","Production backend","FastAPI scanner/LMS backend, production model, API tests, upload scanner, or backend docs","Keep"
"sciobraille-scanner\backend\model\best.pt","Production backend","FastAPI scanner/LMS backend, production model, API tests, upload scanner, or backend docs","Keep"
"sciobraille-scanner\backend\model\best_previous_B.pt","Production backend","FastAPI scanner/LMS backend, production model, API tests, upload scanner, or backend docs","Keep"
"sciobraille-scanner\backend\model\best_saved_model\best_int8.tflite","Production backend","FastAPI scanner/LMS backend, production model, API tests, upload scanner, or backend docs","Keep"
"sciobraille-scanner\backend\model\model_info.md","Production backend","FastAPI scanner/LMS backend, production model, API tests, upload scanner, or backend docs","Keep"
"sciobraille-scanner\backend\model\rollback\pre_integration_20260917.json","Production backend","FastAPI scanner/LMS backend, production model, API tests, upload scanner, or backend docs","Keep"
"sciobraille-scanner\backend\model\rollback\v2_promotion_20260925.json","Production backend","FastAPI scanner/LMS backend, production model, API tests, upload scanner, or backend docs","Keep"
"sciobraille-scanner\backend\requirements.txt","Production backend","FastAPI scanner/LMS backend, production model, API tests, upload scanner, or backend docs","Keep"
"sciobraille-scanner\backend\scanner_api.py","Production backend","FastAPI scanner/LMS backend, production model, API tests, upload scanner, or backend docs","Keep"
"sciobraille-scanner\backend\start_backend.bat","Production backend","FastAPI scanner/LMS backend, production model, API tests, upload scanner, or backend docs","Keep"
"sciobraille-scanner\backend\start_v2_backend.bat","Production backend","FastAPI scanner/LMS backend, production model, API tests, upload scanner, or backend docs","Keep"
"sciobraille-scanner\backend\tests\test_lms_api.py","Production backend","FastAPI scanner/LMS backend, production model, API tests, upload scanner, or backend docs","Keep"
"sciobraille-scanner\backend\tests\test_scanner_api.py","Production backend","FastAPI scanner/LMS backend, production model, API tests, upload scanner, or backend docs","Keep"
"sciobraille-scanner\backend\tests\test_scanner_preprocessing.py","Production backend","FastAPI scanner/LMS backend, production model, API tests, upload scanner, or backend docs","Keep"
"sciobraille-scanner\backend\upload_scanner.html","Production backend","FastAPI scanner/LMS backend, production model, API tests, upload scanner, or backend docs","Keep"
"sciobraille-scanner\CONNECT_PHONE_USB.bat","Production helper script","One-click helper to connect phone to laptop backend over USB/ADB reverse","Keep"
"sciobraille-scanner\docs\BACKEND_DEPLOYMENT.md","Product documentation","Play Store, privacy, backend, offline fallback, or design documentation","Keep"
"sciobraille-scanner\docs\DATA_SAFETY.md","Product documentation","Play Store, privacy, backend, offline fallback, or design documentation","Keep"
"sciobraille-scanner\docs\MODEL_CLASS_EXPANSION.md","Product documentation","Play Store, privacy, backend, offline fallback, or design documentation","Keep"
"sciobraille-scanner\docs\OFFLINE_FALLBACK.md","Product documentation","Play Store, privacy, backend, offline fallback, or design documentation","Keep"
"sciobraille-scanner\docs\PLAY_PRODUCTION_CHECKLIST.md","Product documentation","Play Store, privacy, backend, offline fallback, or design documentation","Keep"
"sciobraille-scanner\docs\PLAY_STORE_METADATA.md","Product documentation","Play Store, privacy, backend, offline fallback, or design documentation","Keep"
"sciobraille-scanner\docs\PRIVACY_POLICY_DRAFT.md","Product documentation","Play Store, privacy, backend, offline fallback, or design documentation","Keep"
"sciobraille-scanner\docs\prototype\about_screen_reference.png","Product documentation","Play Store, privacy, backend, offline fallback, or design documentation","Keep"
"sciobraille-scanner\docs\prototype\history_screen_reference.png","Product documentation","Play Store, privacy, backend, offline fallback, or design documentation","Keep"
"sciobraille-scanner\docs\prototype\scanner_screen_reference.png","Product documentation","Play Store, privacy, backend, offline fallback, or design documentation","Keep"
"sciobraille-scanner\docs\prototype\SCIOBRAILLE_LIGHT_DESIGN.md","Product documentation","Play Store, privacy, backend, offline fallback, or design documentation","Keep"
"sciobraille-scanner\docs\RELEASE_SIGNING.md","Product documentation","Play Store, privacy, backend, offline fallback, or design documentation","Keep"
"sciobraille-scanner\docs\RELEASE_STATUS.md","Product documentation","Play Store, privacy, backend, offline fallback, or design documentation","Keep"
"sciobraille-scanner\LMS_IMPLEMENTATION_PLAN.md","Product documentation","LMS architecture and implementation plan","Keep"
"sciobraille-scanner\MULTILINGUAL_TTS_REPORT.md","Product documentation","Multilingual TTS integration report","Keep"
"sciobraille-scanner\README.md","Product documentation","Main Sciobraille scanner app README","Keep"
"sciobraille-scanner\releases\CHECKSUMS_SHA256.txt","Release artifact","Built Android APK/checksum for phone install and release tracking","Keep latest; archive older"
"sciobraille-scanner\releases\Sciobraille-v1.1.8-USB.apk","Release artifact","Built Android APK/checksum for phone install and release tracking","Keep latest; archive older"
"sciobraille-scanner\releases\Sciobraille-v1.1.9-USB.apk","Release artifact","Built Android APK/checksum for phone install and release tracking","Keep latest; archive older"
"sciobraille-scanner\USB_SETUP.md","Product documentation","USB/ADB setup guide for phone-to-laptop backend scanning","Keep"
"vishwa braille.jpeg","Manual test image","Root-level physical Braille test image kept for quick manual scanner/model checks","Move into benchmark/manual if desired"
"vishwa flipped.png","Manual test image","Root-level physical Braille test image kept for quick manual scanner/model checks","Move into benchmark/manual if desired"
"yolo11s.pt","Base model checkpoint","YOLO11s base checkpoint used for training/experiments, not production runtime","Archive or keep for retraining"
