path,sha256
sangam-Braillie/dataset/test/images/10_jpg.rf.0623e9fa7fad464cabff704d083fe122.jpg,10ec0cb32acdf6a1e10132c2b1d8fb7d0a2862a9817b0fa172c06480154f37f6
sangam-Braillie/dataset/test/images/1322_jpg.rf.4953370f7b45b7f435e227815b82643f.jpg,65ab5523235c3bfc3597fe8949a35ac1e11e6a878b039aa92885c1a9eead0463
sangam-Braillie/dataset/test/images/1328_jpg.rf.c4b2794f68176d71c0653f7dc5c89f07.jpg,4a9cfed61be777b92fe02b1776a4412f55f5ed644b5408273ab50bb98bf6ac72
sangam-Braillie/dataset/test/images/1348_jpg.rf.93c41d47e8c3f2d5218e8f3aa13d5b7c.jpg,85401ab7adce04750199258628bf465670f4adffaa48b5c200ef27b6d7e230bf
sangam-Braillie/dataset/test/images/1355_jpg.rf.d210052855d161d2ba1168e1449a2455.jpg,7d5aacdf7a5365453611533a6f86bcb3f51c6554c53ef02bab489bad6da9e336
sangam-Braillie/dataset/test/images/1367_jpg.rf.9ceaedeb3d0f4349c582b3fd5508b8de.jpg,2671ebb75c5636886cfa7bc2fc2d057e9ea8e552ed9e1b617caa7fb3de92b2e7
sangam-Braillie/dataset/test/images/1520_jpg.rf.fd87b58d6593b16716dfab2624bfa350.jpg,d018ca43163d25126a28f3d6ee41e9e555ee1b4fb1f311cd9f78d804f4f87b36
sangam-Braillie/dataset/test/images/1522_jpg.rf.c39ee83c420a23d72adbc5252b64cb20.jpg,298c551032d044f195d5c7ec7599b791b96732499775cca4bbb4c7d895456772
sangam-Braillie/dataset/test/images/1524_jpg.rf.40eac72f8e95dc9a7baf34af0857fdac.jpg,66c06b894b350c50245a42b1598091afbe2f9e6f8845ed393c26b31074f3c11a
sangam-Braillie/dataset/test/images/1540_jpg.rf.319bde79c3163ea1e04a1b6f73ea8fd6.jpg,7e917e73a633d53708980170e7e42a9b0d66843abaade0c7a23e6ffc97c87957
sangam-Braillie/dataset/test/images/1555_jpg.rf.7f532c4c8f383618496dacd88e3ec9cd.jpg,0c912cf4d37396fda1237bb0e5f28877ae1bf5f22ea2b865856e0c00b309d7f4
sangam-Braillie/dataset/test/images/1560_jpg.rf.2072b9dcf0e00cfd4a5a227ce7e9326e.jpg,a4c692274aac009f26e73477d52391a729fb1195fe4e8986f407dd557d4f47e9
sangam-Braillie/dataset/test/images/1564_jpg.rf.40e75fc57cbf91587e7394ad1eecb0c6.jpg,eb96825f295d5cfbf9a7b424d8d08c954ecb0724b826ebf38be5c2764f888add
sangam-Braillie/dataset/test/images/1597_jpg.rf.0871dc9ebc0519bc089631415d05c5a4.jpg,6fa65c9ae755fa347a9f3ceccb5238f816792eefc3097af4c01bda17d84e706a
sangam-Braillie/dataset/test/images/1603_jpg.rf.42422f54e8dfbe1a4651f0c0f0bcccc5.jpg,c399662f3790d0b525e29d500c7f46a5adfc2cec725af0fef8bede62960f987e
sangam-Braillie/dataset/test/images/1609_jpg.rf.cb709dc1f625477a6cb2302f0d386a40.jpg,b30112842a6956c36879900ee816d193a8ec0a8ec9d6856eed0efb0e7c794b12
sangam-Braillie/dataset/test/images/1625_jpg.rf.16fb0ee55ee7266d1b8a431da9e04be2.jpg,7a147a0aa111184f61e33c7d3243ad0dab98275cd9a9edf783107ea200f042c2
sangam-Braillie/dataset/test/images/1644_jpg.rf.654f0b99541fc8398b1f3706df53c30f.jpg,38d4a3637c8dd4668f6eb73836c134687a5051d059551d8fe0c8e16f68b2381a
sangam-Braillie/dataset/test/images/1647_jpg.rf.3db8618bd566a6e8b957738a51af0774.jpg,81e9b2541e97ed0553fc415c8bc3d60d6de8d92dcab13151b21d855d883ce68d
sangam-Braillie/dataset/test/images/1651_jpg.rf.96a5397498a2a717edd1b683a472e00a.jpg,b6556ea2bd49b47739178b10d37ea69436d9f786f8765bfd68225f79dc20c419
sangam-Braillie/dataset/test/images/1663_jpg.rf.89c6ab9dee9538c1c9d7cb41d5b70f07.jpg,b08afaff979dddf1410ac7ac168f7ab2cdbe5ccc77794ca9bb825147f4d34011
sangam-Braillie/dataset/test/images/1666_jpg.rf.1500398e2be41ef733dc14558b1c65a0.jpg,2682b8d121f2d6a552408e44b35346d493329dba05996f0ff52ea201b7464028
sangam-Braillie/dataset/test/images/1689_jpg.rf.5a0e856f2004f0db90e46b836273cb6a.jpg,d921251e8b9b63d6b5f4859e2d9258478bbacfd6e3356f2883f6da4c9368003c
sangam-Braillie/dataset/test/images/172_jpg.rf.71c6f44277219b509817a390efbc2f22.jpg,82d97451047ee43498a546d8ab2f40ca4bd208bdbf8e205f4f854a60a5b6cf2e
sangam-Braillie/dataset/test/images/180_jpg.rf.826ce7382905bfc408e093ccb6233bb4.jpg,66ab94b9baf2518b6832e9705f9b21b3124a64fc672eca4960fea29c41850d7a
sangam-Braillie/dataset/test/images/18_jpg.rf.59dd751d5134a962125a3cab577e2e0e.jpg,70ebb8185864aab3c31218fa4068119183fa19c7de325222756ba64f322ebacb
sangam-Braillie/dataset/test/images/2323_jpg.rf.850618747da65279535ea94b1e6f869a.jpg,82002a30012a717b3886ba91d4738832b8d362407a6aba731921ea2cd923e3c9
sangam-Braillie/dataset/test/images/2340_jpg.rf.f513aa849bb59eed117acfb7f3a2f223.jpg,f16045ba2c748d88b9cbc9b7aabcb51095bce061b9e5a53536abd8e1817f77c1
sangam-Braillie/dataset/test/images/2363_jpg.rf.6723a4359ef95a69290f5f62007d1932.jpg,7e26930a42b96b8fac4b58532d5e768182f4a4b1beaa39908b6ed16292daa188
sangam-Braillie/dataset/test/images/254_jpg.rf.7288362b75036eb43a9b7a651b7bd1dc.jpg,5a2522a5c236928c7e37c1498a3fc314f4f8e1c7b8c705edffa19f9438f91302
sangam-Braillie/dataset/test/images/2700_jpg.rf.63b414abfd65f735903e360bac9774c7.jpg,bfaecd2413e83c5e49fbe714a8614babbf5805433fd6fdc735c9c57c0cc54e87
sangam-Braillie/dataset/test/images/2708_jpg.rf.1c78c7884758e88e6600fbcc438fd685.jpg,77383570529fdd90428bfec6849d12574566e0c3240c26e514d8abd38a1d4c2f
sangam-Braillie/dataset/test/images/2715_jpg.rf.5a35000a064b0fa41311a88af36192aa.jpg,1418072460156dad3ba28b3683a6c187dbcf488a797b9f40c1083ecff0029a06
sangam-Braillie/dataset/test/images/2744_jpg.rf.215435c4979372431895a9b4e24f99c0.jpg,4872a4fff4e8ebe3fe07522bf5ce87e880253d776a7547afec727cc891c5ec28
sangam-Braillie/dataset/test/images/2748_jpg.rf.b7b814afbf7565cec631c01d4c6dcc4c.jpg,e07b5a36b0f99b0a64054c26ef5ca80c9a3be2709f5cf6f4c4aa401d8866a381
sangam-Braillie/dataset/test/images/2754_jpg.rf.3b67d8e643d3940bd718c477b06f0935.jpg,581059b5b76b10e75d0735eeb5ea3a667950b20bad1bf15fac929342b7bac357
sangam-Braillie/dataset/test/images/2760_jpg.rf.605fbf924f0a3b3ccdb9819e56e4b5f2.jpg,fe84c5ae57fe0cfca10024967971c3e09d627053aa7cee5632fbbda320fa6038
sangam-Braillie/dataset/test/images/2875_jpg.rf.7cbf6239fbbfc6c9f937a1d681bfff48.jpg,e6731824f11365ae325b800c983add57e4b32fc34b10fb22724ac7702bec3b6e
sangam-Braillie/dataset/test/images/2925_jpg.rf.4d751a42577e6d591cf2d2405826448d.jpg,3b6ebb5ebcc07b7276eb500643868722b37ec5191b1ca0dd44b7d233848d61f6
sangam-Braillie/dataset/test/images/2988_jpg.rf.f3cab66bc737360b2d32113c2b20e3d8.jpg,efca0cc5b3845bb8db8a5c417c34d1236c1caa5a0c3aba8087769974e9f94b63
sangam-Braillie/dataset/test/images/3029_jpg.rf.24985e7c48ce400dc2e05a04ca1e4a82.jpg,61bbf85164e416edae7b520ffa311b21f8dd35635c99228c6be470868e83f537
sangam-Braillie/dataset/test/images/3267_jpg.rf.4909962e0655f9c2ca397989abf92733.jpg,2b2266641bd81482122e15823392ee4ab0a996c51ee483f455dc894c957c35e4
sangam-Braillie/dataset/test/images/3287_jpg.rf.4c757693ab1d96f0a69ebba92dbbaedb.jpg,62e046d438b0f03ee2ece4114784c33756be01cb56cf1269ac600f51c2b37527
sangam-Braillie/dataset/test/images/3452_jpg.rf.c746e5ea078cd11025d340b0e4f2a68b.jpg,d7320896419b59fc3de28fd20621345885733c9d8b15a201b3abc44d96130e68
sangam-Braillie/dataset/test/images/3454_jpg.rf.e1ab56a9fd9043af7fef00784b2203b0.jpg,04bbb1b14a6901abedf5f856243388f32a98841360c16ea8dfa1af3fc43df863
sangam-Braillie/dataset/test/images/3456_jpg.rf.2ad47446330795e81dcc29836ae079af.jpg,855e933cbd3a9c8a802aad1b0f859d026f310dcfa9dab5a04378a0ab8a6adca4
sangam-Braillie/dataset/test/images/3459_jpg.rf.3edbe7a78d5f613b316c8aeb03073209.jpg,c587e1b0fcad9bd8946386f29c2530ca3b8a6c4d5623e83f7ed5f8698d1dc29f
sangam-Braillie/dataset/test/images/3500_jpg.rf.c6fbfed738bc00ea5e2bd57867e191ec.jpg,921e5d386a552b33e9e1c28460e9299c17728eb01db1f34d1a53f399cd8fb285
sangam-Braillie/dataset/test/images/3509_jpg.rf.15238ab959c4e0ec4986a17472f3c5df.jpg,eda613ba64afa6010fc537f15ab0c5e9da184e01c40088b5b44763d1ad200af8
sangam-Braillie/dataset/test/images/3516_jpg.rf.61d9f74dabfffb6d131b290c0e832088.jpg,a1e1ffd583dd7c295578a9b13a1f3bcaafaa92084fa4320cb6422eac4277c191
sangam-Braillie/dataset/test/images/3521_jpg.rf.d80f57ddf24650468b63ec1cba695c6b.jpg,a857650858eac68c5a07cf66512f1adf1dd02c09c8172322e2f016371217f6fe
sangam-Braillie/dataset/test/images/3531_jpg.rf.8d767b4572d95655b8d802ec52f44662.jpg,2697e1b4aad896c7053d68699d413fcf2ce86adc31d8d35619c32b730c8eed00
sangam-Braillie/dataset/test/images/3806_jpg.rf.b0dab3da67defc12ed58ab4213970741.jpg,1d953ad4a846e3706c28c85e1e67d6d1f36c7e10dce2c8c04310e17f2354acba
sangam-Braillie/dataset/test/images/3812_jpg.rf.8ef07c19ca9aad1e62f3b863aab62137.jpg,357f0b655361b97bd67ffb404517de65d9f5b0d6af2f21390d0762e6e0734fd2
sangam-Braillie/dataset/test/images/3853_jpg.rf.a381a77913c1741a5f2df4b4278d003d.jpg,377dcb31d35cc86dbc5929542218234399559827ccce725a720b70edc9cc9af8
sangam-Braillie/dataset/test/images/4002_jpg.rf.fd550901de0d41dae4f61396ff10a77c.jpg,0550ad7edbec1af3b3314486c99024c8943e4089b332cf0bf7c09abcb2bd9c1d
sangam-Braillie/dataset/test/images/4008_jpg.rf.072fff3aed34959779b555d8e68627f4.jpg,0be99affd639209b10de75394edef9e6b62153ce8ba9ecd2af4cf0403eaa800e
sangam-Braillie/dataset/test/images/4015_jpg.rf.d5da0fad706af7c1f0d480b4f695de0a.jpg,8f82e6523466cc2eeeab7f34a12bff239b5fee167e38b9db4510835d737abb93
sangam-Braillie/dataset/test/images/4016_jpg.rf.90884c2c45567565787c3a1782427b6d.jpg,a90d498c42b6a3911a0f66a24e13f2f8787423880bd7f6bb37ed2a35bc02f705
sangam-Braillie/dataset/test/images/4033_jpg.rf.c8b578ee37626f387ca583b395d40323.jpg,34bc8bf797fad4236197ce44c4687c2b1300b0a700ce8fd43e368659b6f033b9
sangam-Braillie/dataset/test/images/4052_jpg.rf.789ab01a4ba6e6c020534952945871f0.jpg,c85099a4fa357c879f0c0f82eeabe15e76892cb610331cc8ee1cceb10f7a015f
sangam-Braillie/dataset/test/images/4058_jpg.rf.bf98722984f638b796f75b95c4a4d685.jpg,45c366c517a0dcb3082945bd00503ab6435dae28c5f9eaa7668c4a7e1e59fa0a
sangam-Braillie/dataset/test/images/4060_jpg.rf.bad4420402711fea748537d04090b0d9.jpg,93caa54bd120867f3f35bd1a131b06d6c94883172cd91a2d1aecd3a251686ecb
sangam-Braillie/dataset/test/images/4063_jpg.rf.3afe6fec568a738a64cb27df8596550d.jpg,1c34f5e4a78fc2b07b005d453d534d18056681783e099784543a405fbb0faf10
sangam-Braillie/dataset/test/images/4075_jpg.rf.0929d443a7e54066ab8bda3d3efafa61.jpg,a86e1173d15adab68f722502ea9cfcfba5fbea142e707a3e44f0d36661011c83
sangam-Braillie/dataset/test/images/4076_jpg.rf.96472a72336469193b3c24b6d48ee7d1.jpg,3d45d95d11c7a9956b585a345344444ab0aa7083a037996a71d7f57cc39e0712
sangam-Braillie/dataset/test/images/41_jpg.rf.ac33405305d17b90c8c0899302b3e6f6.jpg,64df060b3c21ddb57215147883d851ed6ce97d0882d2d64d416073df8c1c57b1
sangam-Braillie/dataset/test/images/43_jpg.rf.ce4cbb63392af5664571738b1d218e04.jpg,f8f132674a306926e78593f84d1d303060f91bd8f6e1dfdddd9f97ccbc00da34
sangam-Braillie/dataset/test/images/46_jpg.rf.9874e1405a3dd4522de49bc69a6c98c0.jpg,71c02475d0dfb2d041c9eb39ce263331801db2bf1d54d6735ee9ee88002c4154
sangam-Braillie/dataset/test/images/525_jpg.rf.d9c9d07ce1ae5015cc50c3347fa34d84.jpg,6d5dd85ddbe5faa6ed08d96a982886d5f964a0ddebf795ca6422412097044485
sangam-Braillie/dataset/test/images/530_jpg.rf.6cf8cf8d168d75149708d817e60635cb.jpg,13f2326e2c9affbb62dc875b1fc2d2f225941dc449b7286524b3936cd4e9b0a5
sangam-Braillie/dataset/test/images/538_jpg.rf.7469a4be1f6a9298063a889e9a883b71.jpg,677a9bf51cf97c82e2d5982b11ae571a81a2632d7ff11d693f6fcf9fd07a2bde
sangam-Braillie/dataset/test/images/592_jpg.rf.13785409ab76e2de4c188c50df532a7d.jpg,2657003b99c13e3c2d24137fbe1c1b1c6ffd959797d1fefb36454410025a1b96
sangam-Braillie/dataset/test/images/5_jpg.rf.ef517eb065d6e1e19470a0283293c786.jpg,ab910423972d1182b01a100c7ccdda5538dae4097dfc1ea945b21fa842424112
sangam-Braillie/dataset/test/images/614_jpg.rf.68ef3cd2215dfdd19a867cea0b0a953b.jpg,1b93ebbc1a4ed3e60cc7d0f732f8c47a0bf4183400c1eec341c9fa41c2fe7e8a
sangam-Braillie/dataset/test/images/862_jpg.rf.48fc8ca1842c9cbd92e2b489700a5c82.jpg,3318b0d8d16310c5a5e85eb9b312a9f88a6863424c646596652a17703a2670de
sangam-Braillie/dataset/test/images/877_jpg.rf.8fc22ec8ea72beacd1bc85fe3a57bd77.jpg,3d2758c9bbd70c42005fc8c7bbb0918aedb1419964e98fc6baa1808d2fd1ef49
sangam-Braillie/dataset/test/images/884_jpg.rf.91871110ddc00b66adbb2219f3442cfb.jpg,3c98a60b74f88461d3cff22225beaab14408e1ae659c8639299bbbbc28e9ff39
sangam-Braillie/dataset/test/images/900_jpg.rf.4f6e2aaf4cd3ae2fbb751040683204ba.jpg,b92f690b2e6184fc5c6277e8552a7f767581b10de63703b7c994e524e9096523
sangam-Braillie/dataset/test/images/909_jpg.rf.43d7c79ba174b70723e3cff5164d3568.jpg,e8b0d5ada054eb1f687eec6941343991994d4cdb38cfdb283bdd470511cec878
sangam-Braillie/dataset/test/images/919_jpg.rf.119f5790efcd66333346c59ebbb3d815.jpg,ce4e3a7722fa1a51c7225743e954b8fe0b8ad45d2465df4ec7e73fb74a77fcc8
sangam-Braillie/dataset/test/images/935_jpg.rf.1bf3eae84b8f07a2ea9985f935b587ff.jpg,909b5ce7b7f3542b506d856315c6a364f0928cb563063259206f604ed1038503
sangam-Braillie/dataset/test/images/938_jpg.rf.2eb802444694d96f66ddb71fbfc68c4f.jpg,a7f9eef0bb2f0d6e6ad9e0b0ff94ddccec6d7fea1fb27b4acbdf1a5794daf623
sangam-Braillie/dataset/test/images/IMG20230420224552_jpg.rf.52d5448243799dac93acd4796526848b.jpg,5370237b5488f3e7f0dc5405c34d812ab1ac944e20c53435d05f08b7921c418a
sangam-Braillie/dataset/test/images/IMG20230420225804_jpg.rf.847479c77e0e09d7dcf75b0f5e8603fd.jpg,d81ecbc4d38f0de5979ebfa0678aca1739106d75627fff0d7f8e55da37145f27
sangam-Braillie/dataset/test/images/IMG20230420230128_jpg.rf.542d3e383c89dc08b6be080e219c0938.jpg,1a2204be1670afb019cdf326a0505bf8ace0152fa0edb6698aecf8b582afb4a4
sangam-Braillie/dataset/test/images/IMG20230421104444_jpg.rf.7e72711ab1acdc4eacc56f1beca7df4d.jpg,3bed836f4932405bc4a96c902150319c331499c4027245821c127e0cf77a470b
sangam-Braillie/dataset/test/images/IMG20230421112933_jpg.rf.525fbc0709d4dfeba2fdacd46628b457.jpg,13e75649125bbbb476622b3f839cefb177c7055ce68913f4bdaedb2d3a3cc0b4
sangam-Braillie/dataset/test/images/IMG20230421122655_jpg.rf.bf348911bd1753cb4f09109e2e3f352b.jpg,b475d0385f945319c9052bd8f036adaed4509d7032bddc3007f004a56aae82a8
sangam-Braillie/dataset/test/images/IMG20230421204829_jpg.rf.9f7f7d32805ca72a3a72ab5b95a821f7.jpg,8ad5544bd6e393d45704c9b72e9dc1f2d77067d28d388edb41c0ceda32e8da80
sangam-Braillie/dataset/test/images/IMG20230421205819_jpg.rf.fe41839363bf948d06a20a00f15e51fe.jpg,c9c828c296b41a21bfe37aea741e36177284752ce353e3bdec15fefe63c5f299
sangam-Braillie/dataset/test/images/IMG20230421205838_jpg.rf.f7c4a242f56a58cf73715c6c59f8533e.jpg,80d3c3c115968f459460bfeb9460c8d049d134000db7fd8bff79a7e1cc33ff4e
sangam-Braillie/dataset/test/images/IMG20230421210208_jpg.rf.ba404e6c98d134ae709818cedf50ce0b.jpg,4a60da6239d87b3527e04d8f8975c356c4b0950357c9b4ab6b54a3c7de86eaaa
sangam-Braillie/dataset/test/images/IMG20230421210254_jpg.rf.33a9f7d2decae1953c28d5917a5412f2.jpg,5b7ccb19dc28f7a768c7b7caa8b42d2b805ef344787970a7abc407ee1de99394
sangam-Braillie/dataset/test/images/IMG20230422143512_jpg.rf.26fc553775725dfeb3d8844cd7dc77eb.jpg,552a5a7db3eae8d723d1a86c7acafd5f431777fdb04715b1451ddcbfa2ae3a7b
sangam-Braillie/dataset/test/images/db12_jpg.rf.916e361a874702ce1e7b291a78e16c8e.jpg,c2102f079b6eea3d670f4f6a05598795bd32b226f37fccda31fd789b2e9d187f
sangam-Braillie/dataset/test/images/db16_png_jpg.rf.30d5d243c45413fa965f20230779d23d.jpg,0468e637a07b437ed0ace40909a0da2c23df6a47ce5e18fac9d4f2c9123274e5
sangam-Braillie/dataset/test/images/db9_png_jpg.rf.e88fa1c3acab40d31875cd2468808f25.jpg,4474e79c24caade9a45c71e9012162b9e1de353875e0ada825a109be723e5235
sangam-Braillie/dataset/test/images/images_jpeg_jpg.rf.9ae2875e6a2ff6ef41dab4829ec2b41b.jpg,eba682d0f3fd397ad6885d3856e50d153d0d96cdc23898eb760cb6c052a1914a
sangam-Braillie/dataset/train/images/0000007_jpg.rf.5f27390390b8d57cc63c99d011db03f0.jpg,d076e8bb94881cc2baa22297554500540ec487576efc2f4d49f5610dbe2bb721
sangam-Braillie/dataset/train/images/0000007_jpg.rf.a6b51c62d98beb09590866b99619696f.jpg,d8c5dbda3d9e58ef68f918c572af145c26ca218185d2818961b8f1b480fbab1a
sangam-Braillie/dataset/train/images/02_braille-dingbats_poster_alphabet-scaled_jpeg_jpg.rf.4a922f5fd530535df08faffa04e00396.jpg,e6678a6f8734644e3db5d77f3d247cde611f1ec651f9a0754b0f511f6b309adf
sangam-Braillie/dataset/train/images/0_jpg.rf.4c8167bb56b9baabe18518978c9f4f7a.jpg,6385259404583ebb4cf03f005512d34a59c9814acb8adb99bd2220da9cd7dd46
sangam-Braillie/dataset/train/images/0_jpg.rf.8ebc172c443c8f2b07cabe0a826ec223.jpg,e435ab3d34398538b9138caabf95beffdd9591c233177a05342f886ea27fd4e8
sangam-Braillie/dataset/train/images/1067_jpg.rf.48b2a853c788313a3be23037cbfc3c77.jpg,fce90929fc87be86ef2318a689a0958cabe5c312d6404b328c410601086d6294
sangam-Braillie/dataset/train/images/1067_jpg.rf.92b8dcfc6cea40032b96b8ff4d2a5b3a.jpg,17d6e7a8cfda6a1b43a5fb9576c3c3ed0dd3da013f48eee38e860dc007bd0374
sangam-Braillie/dataset/train/images/1068_jpg.rf.cb3445aaa55acb9960b205213d4a2204.jpg,41330d1089d68a0ddc5f3ec769bf944cf5be8bd072e4ed15806a9df33148818c
sangam-Braillie/dataset/train/images/1068_jpg.rf.e105a36d6dd8bd49eda989781d9bfc3a.jpg,a62b613d3060394c5a2deed54f53a0a7b3e932133a9acdf166cbe5a6379eea45
sangam-Braillie/dataset/train/images/1069_jpg.rf.7f9114474391b295db7ee88d0edd1362.jpg,4b84a88a44713a465d420664266699c76c251c690515f7e9169356bc5011a2ea
sangam-Braillie/dataset/train/images/1070_jpg.rf.a0db156b8c71735454f24ad5f59ccca5.jpg,7428b17adc98dd2156f94511d45db3610f8673f437f2af99085f590f88a2191d
sangam-Braillie/dataset/train/images/1071_jpg.rf.b1334e82097d17765ba44e2ecb497ae9.jpg,356b2e90a5c67bcaf4e9b2e9a18b8af6d894f13ec3089ca97b8b66224a62218c
sangam-Braillie/dataset/train/images/1072_jpg.rf.642a9322eaf7e0b5097b4a0e78100de4.jpg,665db86b1489195d4e4d53b12d1f75d11b361c68ee8425483ac4fc8ead70dd4b
sangam-Braillie/dataset/train/images/1072_jpg.rf.ca0b6323b264dd57c79d31a3d8771ebb.jpg,c90c108716409dbc498a5c75fde607d5719d51d397b266a584d97f60b3325db9
sangam-Braillie/dataset/train/images/1073_jpg.rf.30bed2b4cb55181e8b0eb2945215243c.jpg,fa845ff1bea13eead7417f5fe366599ea14e79918f5b195fefd701dffeea47df
sangam-Braillie/dataset/train/images/1073_jpg.rf.3694b65c8c3dc3efa255a222cb166fca.jpg,2bc3e5c768039da0127a8903957997d436aac99495737df71eb32ce95e6d6482
sangam-Braillie/dataset/train/images/1074_jpg.rf.5cdc1969d224325165f007e1fb29b1f8.jpg,428cf504644c96c39dc21c1a8165fcdd2113dad9618f0108e0d6c823e34565fb
sangam-Braillie/dataset/train/images/1075_jpg.rf.3ba331612b0b1fe928eaf1bef07aa40c.jpg,ea5e41cb3062fb56fccb8c862eab81a2e7b517e0fcc2d8f262097ded15c3148c
sangam-Braillie/dataset/train/images/1076_jpg.rf.d460fa009260991dd29dd2de2eded2ad.jpg,3ecba42d792b590692b99de9fa4ff4f7ef165d21f761e408cf51c3b611f94e9d
sangam-Braillie/dataset/train/images/1077_jpg.rf.d82b2e80f693365822dd8335f24fad42.jpg,d6d92e1655b4afef55c718fcd80aebbb6cdeb0e27dfc0db7f766ba6c0292ac4e
sangam-Braillie/dataset/train/images/1078_jpg.rf.013ab9f03386a05212695bd68c04c05a.jpg,6bc2988e03e97fa2197022520c2cc5f9b8a9b10334a05329461395fb4716aefb
sangam-Braillie/dataset/train/images/1079_jpg.rf.6d55cfaa0ee7e52ac29c9c11a7c45b5a.jpg,8f564f2587e5652375a92bc22284be7bfb09496daa9a7aeb0602b2e3dceca778
sangam-Braillie/dataset/train/images/1080_jpg.rf.370416d435fa0bc6126a6b2cbf011021.jpg,96a4be29be63d1ab207600440a5f046116ed3d48f6d79b9f873d8e302eb272a2
sangam-Braillie/dataset/train/images/1081_jpg.rf.31fb427863c444d815352a26ddf05095.jpg,e441541ed6b052a4f9ba7b42ef0d9bcb2566f05c516cec954424e7bee5fbf693
sangam-Braillie/dataset/train/images/1081_jpg.rf.4e96b8b5fe9f976b1d91989fdcd1692c.jpg,1f599e492f25d8afb85a3ea99c38c4efba44dbff45c64d24ce34fb5256fd6dd9
sangam-Braillie/dataset/train/images/1082_jpg.rf.022c0d76f7f68c7c6bcca364383c30f8.jpg,3153d1c6c8988eb32bea170345a65cdea1f50a822fc9cc53a02eb7d09f53bb04
sangam-Braillie/dataset/train/images/1082_jpg.rf.bf910c626744e43af71767594a589436.jpg,19e8c2a01cb8810d636a58eec2f3a39fb8b1a0be2500d64cfef2850625a65035
sangam-Braillie/dataset/train/images/1083_jpg.rf.475fa5ad63c186b0264156adec49bdd8.jpg,94f69207152eb45a9725539d25002a4bbf192a3bf1f3b28b272a9e0059f514fd
sangam-Braillie/dataset/train/images/1084_jpg.rf.5390effce0b36b78c9b7907985ea86ac.jpg,cd27001c56ba8feca0e13841f89866cde96838eeb98c252c41a80e893f51c549
sangam-Braillie/dataset/train/images/1084_jpg.rf.c1e90416920ed06b16802c5e033b5c52.jpg,b540983cdfca91274839bcc7f7314ebf60dcaacb6b5b0d8ba7e3ecd5f612e1ca
sangam-Braillie/dataset/train/images/1085_jpg.rf.c111ee27aa1d8cff51b856fe0c5b36f8.jpg,55837a9a72217158148c6e60d5754486a78d3d89e92f4a8346b17f1ccdeca144
sangam-Braillie/dataset/train/images/1086_jpg.rf.0007b8bc26721eb3a6d743b5481ba743.jpg,02b506dfc90fb253daebde156e657b0987702211cd7fecd6f76f111bc052d3fe
sangam-Braillie/dataset/train/images/1086_jpg.rf.a975b7f9086a71d363b20448ffc0d8d2.jpg,d5941f822c7aded4712164cd804d19591c45dc34ef26ca1d4b033f5959e042b5
sangam-Braillie/dataset/train/images/1087_jpg.rf.f92f7ac4334d33c518d6f35db9eb38b5.jpg,d70d9061cada51a632e1a322104b9b4f56b382edc2f9de85802bfbc2715701c3
sangam-Braillie/dataset/train/images/1088_jpg.rf.498e741868cbfaac805f9ac409b33300.jpg,38bf814b7b1a481cacd7f43dbc3842a9dfe308a0e805d80fa2a31200c565f913
sangam-Braillie/dataset/train/images/1089_jpg.rf.7c3ac708c832ccdf7b3145d1c47fbba4.jpg,e133f718fcc8228c0383049dd2237aaec856a2d07ec29ba6f4a765038c34ce98
sangam-Braillie/dataset/train/images/1090_jpg.rf.bccb41a31142cb7a477b776f97f5a441.jpg,b9953d8032800490b1ae8caae6fdbc59d3af6db41dd3d47d59cf97722f4b3482
sangam-Braillie/dataset/train/images/1090_jpg.rf.d078f3d40a812dafb5a55f83a2704cea.jpg,fef612a55bf9d1c6c753af3108ac79f2d5fcdc7c0dbd9ec919cf0c22a5e275e7
sangam-Braillie/dataset/train/images/1092_jpg.rf.7c0781e89837bf290430883fa0d43087.jpg,dbab892957799490cee7fe0801f6b67d84b11a8e10301770c7ca70c9dde43d35
sangam-Braillie/dataset/train/images/1092_jpg.rf.af708a0882db2ffbc6fb4df435d48a84.jpg,44a1334fd5e29b728c00bc44cb84e0f528d200f720ca54d4daed32f88c4cf2f4
sangam-Braillie/dataset/train/images/1093_jpg.rf.788d135bc48a33c5318dda0240ba4bb8.jpg,1e4ff036b56413b0e8e51d8159bec05656ce61e0369bcabe518c9e62c64b9894
sangam-Braillie/dataset/train/images/1093_jpg.rf.7eb5315da00c277a93a9fab3f1057790.jpg,f0d88da8937a6b85cf4055d72307b5d71822701d0bdcb15df701c1e0173299c2
sangam-Braillie/dataset/train/images/1094_jpg.rf.8077e4eb2a881d57eda5052c6dfc91de.jpg,30899edf075676e6fd61614b0e7212636b7f3250d6630a54fec4c98d388e23cb
sangam-Braillie/dataset/train/images/1094_jpg.rf.e62e6389743d5fb87c47e134a0df4127.jpg,4b2fab48bf3c682bb987b19a5a3bfad4961d3b2b2fadb91d5b3d2aad5c7de086
sangam-Braillie/dataset/train/images/1095_jpg.rf.acd3e69fc4676c145d23d635d8ef6b68.jpg,4d57f24e4d66c083abc1e24b8d48ee738e0f1d7fe8a5db7005cd1959fdc6eee1
sangam-Braillie/dataset/train/images/1096_jpg.rf.28f9f3ad6365117102b71e7562744138.jpg,92837013aa9eaebc29f4c46c59a3e23c81a4978348c4e061db4df640c5e4837a
sangam-Braillie/dataset/train/images/1097_jpg.rf.6fe06e47108436e03578cee95300d5f3.jpg,f5cf4d4c3e72d4a2550ac58e65ebd198b43a37f738bbad5b8a0e52ef6f7619ef
sangam-Braillie/dataset/train/images/1097_jpg.rf.f919e44ff39efb8e365cdbe2977f7a5d.jpg,c5ed4828c5d5674f55fe0b8ecb530ced52be54bdc5ad8c232ad10e97b4303ab8
sangam-Braillie/dataset/train/images/11_jpg.rf.6ed021353ff0a0211bcc2352f11844d5.jpg,eab468b259e1842fe3ebb52f744143d6bde4500b8391c48a060ece4a24d65320
sangam-Braillie/dataset/train/images/1316_jpg.rf.1eb1b40fdff8d526d67ef88e101ee918.jpg,20e9f6bc75a788d45eb1a692dc822053e66d7c757e07fc9499a3d2b64b138a63
sangam-Braillie/dataset/train/images/1316_jpg.rf.47cc3fac4be67318f43bd3d07632f875.jpg,4552c078b3bea52c58601a02241f6ed1806230056ca87de5d6f41c9732edc99f
sangam-Braillie/dataset/train/images/1317_jpg.rf.b10a466fcbe5e3d7f9eae3571a8fa470.jpg,31a87568060c8ce77c10993bb0155cfc36e1d6abe79d8392e79709cdde836642
sangam-Braillie/dataset/train/images/1317_jpg.rf.cb18724b9eb5a093a4967bbbc14d5a1c.jpg,088c0b041a6e1e0ba6c087431e4abdb81ceafd6b3bcb1d877456f9573a2a931f
sangam-Braillie/dataset/train/images/1318_jpg.rf.607c8efc36aac3b03b9ed45f74923f49.jpg,cb10d4904debc4d4485b157fae517a0a6500a3e7d269ca149cadbd460f3f00bf
sangam-Braillie/dataset/train/images/1319_jpg.rf.663225a7a885c13da9335573fec7cdc1.jpg,b39983e0b156e073aefe20dcd6cccde910b399fb6b2588b6b02c3976f3a7ffef
sangam-Braillie/dataset/train/images/1320_jpg.rf.0381ffbf4b5ed0bdcb2e5ee1b2862468.jpg,b8d45308e95d382308857c16d02979e1f42f2e9b9350f8ba2cf9a9b8c64d2854
sangam-Braillie/dataset/train/images/1320_jpg.rf.d137f8784ce712e5a7ee094ed80ad93f.jpg,1e1a37e70771c894e74a314e05656d03574e9406e13c988f8205d8588939bc77
sangam-Braillie/dataset/train/images/1321_jpg.rf.b145189135e486b0e7058499767857f7.jpg,c3998778a5c446d0912899ab3e6926e1be63ba542dd8f1584e2266be65828e9c
sangam-Braillie/dataset/train/images/1321_jpg.rf.f5fa2997beb1af2db796a4d70e897300.jpg,1b6f61dbc69c178471fa6ad0b88303a80958cfbf15506bf37b5eec02c5ffc4b4
sangam-Braillie/dataset/train/images/1323_jpg.rf.dbdf76f480e942efff901ed4be3aef3c.jpg,22456a5f3b46920dea399453f50f806fb2376e19126bcfb48b7db63af557c0c9
sangam-Braillie/dataset/train/images/1324_jpg.rf.6b7203d4014b57ac452b0e4e30d35300.jpg,0ca096ee1813a6ca4f6df440b9e6849e48ef4db9c148047b746b31c5debae432
sangam-Braillie/dataset/train/images/1325_jpg.rf.0fa6068a49e58a45bf01657ed0298d5f.jpg,3da65904005cb6ae0a9ef66d88ab4f5d2a8fa61c1f6ebda6dd9222f680348887
sangam-Braillie/dataset/train/images/1325_jpg.rf.62d4a6936f997b90d7b29aaa8093222b.jpg,1b2be950910e6f86600509ae458236999eda1342da1767cb78775b204570b47b
sangam-Braillie/dataset/train/images/1326_jpg.rf.83cd7f59c7973c0bd3bc31c4b136db1d.jpg,8d4cf155d7cd1f2cd720e92d37aca202bc1ca4159d091848a78d3447f15f8a11
sangam-Braillie/dataset/train/images/1326_jpg.rf.a6011ae9bdc01aa5c7d2288662803233.jpg,4a07f8b7e61c9dcd13db57ae38c4206b977adfdc93b8fdb2119e3897e0265cfa
sangam-Braillie/dataset/train/images/1327_jpg.rf.b6992cb9168be454e9407e74be6ad92c.jpg,b015d74a208e3d5e4135e67271d2d0e9532bf73a12a75a65f04b5697d5a64d6b
sangam-Braillie/dataset/train/images/1330_jpg.rf.22d3bf44d31980978ba4619586b3beb0.jpg,40ddc332b330057b012fc66a09cbef3edf613fd8b1fdd11925efadf37c221b11
sangam-Braillie/dataset/train/images/1330_jpg.rf.d8509fa7ba4bf5d72994f15100d1e543.jpg,63994c72586f38d3943fedd94c3c8e94d3009267135e12daeda4dfa4fb8fa4fa
sangam-Braillie/dataset/train/images/1331_jpg.rf.ceb8cdc7c7a2e00e244bd554f86a5221.jpg,e1d99e6cceaa8ed8552aa7bc8796770c83e2710930e660aeb9f6d7133c27fa6f
sangam-Braillie/dataset/train/images/1332_jpg.rf.37c578149e7ed2155ad7e0a425cdbe4e.jpg,19eb36355a3bb05ef01f6b7063f21d2bf7958981e01d6ea295e7c968b1341d90
sangam-Braillie/dataset/train/images/1335_jpg.rf.1dfad78359d28d5d10054c9d75df2ffc.jpg,ccf9b9b8089a96c7a9f85d790cb6e577287c6090203567402fb129f04cee8d7c
sangam-Braillie/dataset/train/images/1336_jpg.rf.01e74097c3ed5debf963153e400effc9.jpg,5b83f821008b58adbc877d2910bbdd9b206e80c6073c8bd78f0e82c556fe9c82
sangam-Braillie/dataset/train/images/1336_jpg.rf.e62f5dc89a2b980135d6e20453f18014.jpg,3f70fe98f233103389dbddccd813711184ce206e8c6d713d7a1cd9e4e5797935
sangam-Braillie/dataset/train/images/1337_jpg.rf.8c80e6f20d45ed33852fa08c016987d2.jpg,04c9358cc82c2c3b9915047369d4f799e274da133424887a4877a0c52d04211c
sangam-Braillie/dataset/train/images/1338_jpg.rf.24747f9e6a2995d64fa769d4c75d5cce.jpg,d688eb0f3342188a09429f88317f870b0d8206b209059e732c175045c423f770
sangam-Braillie/dataset/train/images/1338_jpg.rf.6c5eb701c5c440c36830f8d162583341.jpg,259a2d829800844280849291d70d711d534f2fa90866a4f112505af74991ef1c
sangam-Braillie/dataset/train/images/1339_jpg.rf.33a55be7baf4ddbf65eb0731be3281b4.jpg,09ac319395c4fcde97fc8ce0c83677d92ffbc7e44775984ca8e0fa5bfc0d46af
sangam-Braillie/dataset/train/images/1339_jpg.rf.832e0fea0454e197ea5acac6b90bbd46.jpg,00d6621cf3d9b8cee69c1d200977832fd4ec12667a4e0d94e9df3cd52a94cb31
sangam-Braillie/dataset/train/images/1340_jpg.rf.c1b9dd06d892ecfc11107e5b9c49b67e.jpg,5fb6030d2aeb35b2c2d69017cda2f89656cf25a4487e9405f090c3d2a873f80a
sangam-Braillie/dataset/train/images/1342_jpg.rf.6bcd662a9e3bb1b12a9c8a780e3a5538.jpg,f48c07dbf04c4099d17daf6c41f5b108d00570328c6f34f1b12d30dbded388c7
sangam-Braillie/dataset/train/images/1342_jpg.rf.bc43d0ea41257e3c50ab3cbd25f3de9c.jpg,0cf11a9893fa5cac3c887948650e4743463bbfb8df15a32c8b9d7a0ba8378829
sangam-Braillie/dataset/train/images/1343_jpg.rf.77685c7392a089c97d99e0e1bc99aac4.jpg,dcb2479b847ebf1046baa238d6c8abc26bc1523892035611968e0356d50c70eb
sangam-Braillie/dataset/train/images/1345_jpg.rf.9261c2aa0ba2e6942f5e78d1c0f73495.jpg,491743435f1141da1b3e96dd04fcd70ad6b8bbbffa5db74325656d6d05cc2478
sangam-Braillie/dataset/train/images/1345_jpg.rf.f7f48bb9a105e3da2eb27d11c8bf13d3.jpg,e2f0ab45520d95c4c78fe93c32d989edac58de520943fa5da51918418b76c8c8
sangam-Braillie/dataset/train/images/1346_jpg.rf.ddb4f98e299e8d5a8748f97afa86adbd.jpg,dc39f3a75b990011c4c162eb948763d7c9aa94b3948f8380abb8d9f293ddc03a
sangam-Braillie/dataset/train/images/1347_jpg.rf.575784bd3b3f86aa7cdd93835d5d6615.jpg,c80d0dc986e35d3accc67acd5c0b34da7cbdf90640b48a8581a1dd18d86e9e90
sangam-Braillie/dataset/train/images/1347_jpg.rf.ea750b978829d44c516e6006fb931e5b.jpg,cb501d4bd58292e4c10e36ef0351d8c291c0fb31849a8323ecc181d9ed553fb2
sangam-Braillie/dataset/train/images/1352_jpg.rf.01d159d2f7a63764b7d419dab69c5470.jpg,8b2c11eb3e28df075e0d81866ed59a220ea1d03af0483b9bc8605f43f1994655
sangam-Braillie/dataset/train/images/1352_jpg.rf.37b60ee59f688363f3e51401ddea7a62.jpg,93691469a80e4c68f9f772bf678091b64f45dbe80f631c3aa4e22036133f751d
sangam-Braillie/dataset/train/images/1353_jpg.rf.77b5a7fa4ca2e66b17bb2f6c04760023.jpg,de7d1b8554b5af7c1c731e5fae1c30b5c46c746886c9ff48a79ed3059b7d232c
sangam-Braillie/dataset/train/images/1353_jpg.rf.e251174b89ef745f93e48c704299c751.jpg,e2683c34c7dcfc1299481dd8657557538aaa2328003e25fa7cd26b94c7224b65
sangam-Braillie/dataset/train/images/1354_jpg.rf.2b959044c0256c91a0dd505c5d1f9765.jpg,b6cebed1e6a3c6b34a33f923bb611c5eb82b1e2994d662a894c3708f8486c0a2
sangam-Braillie/dataset/train/images/1354_jpg.rf.469e9cc855d3ff1f25c31bedace0462f.jpg,004c148780098106857483ab75e7c2051f335e332657c76a2a8ffe9f4ba7d630
sangam-Braillie/dataset/train/images/1356_jpg.rf.3590ec974c2730fc4b4b13d9978e5b01.jpg,456e354f7595628e8936a5676c63045447ca179603f14e2399b4e228d866904e
sangam-Braillie/dataset/train/images/1357_jpg.rf.1bbe16cfc9b59d3a578fd25581eae53c.jpg,1bae5d46e25e57d53df643e5538a7bfd5b9fd6666ec0d784b670d4ec4baf0d61
sangam-Braillie/dataset/train/images/1357_jpg.rf.f06d2305bed94768d941bed8c152676a.jpg,b109f9f0bd626133b2b65c030fab51cbd681c56bff359b110ca57d8dfbe89401
sangam-Braillie/dataset/train/images/1358_jpg.rf.93948b028f1270f3ca8f2a69caf2cf62.jpg,d2c4ba28e000bb0e8a77ae72ea34a42eb5af8978daf8c9020ac7b0edbdbf44d5
sangam-Braillie/dataset/train/images/1359_jpg.rf.28876763a14c350d0f04212e1ddeef9c.jpg,536fa6af93c845b8538769582e9168ea24c28502d5d6696ef93a69d58ce0ac3a
sangam-Braillie/dataset/train/images/1359_jpg.rf.f688f6a9312ba766dbecf91b209644e1.jpg,a15f545d7e6963ba7e5c42f183a5dee23f54d846edcdaddb98e10eb675968359
sangam-Braillie/dataset/train/images/1360_jpg.rf.73cfd23282585cb78cee51bd62210aaa.jpg,0b465881056609030009c1c3f9cfed3a5a7968e4bbe10e848182b8ae26f77287
sangam-Braillie/dataset/train/images/1360_jpg.rf.dcb1a62a579858565a214acbb7178a2d.jpg,955bccbfe293f54bcb6ed7bd79bc9d393b8c25fe32c36d5df27af781f31a0788
sangam-Braillie/dataset/train/images/1361_jpg.rf.cf643d85c5e9d2d40fa86ffcdc9d5b6d.jpg,019d359294e93af6144e9edd60b25ed206515ab307f83605e0eb2059fb5cece5
sangam-Braillie/dataset/train/images/1362_jpg.rf.30114bb2f9566c6fccfbe5c6dced5c4d.jpg,5157340fe1b935eaa1a8487417b67feed463fb91c09b6ba1860af09e756763bb
sangam-Braillie/dataset/train/images/1363_jpg.rf.1fcb3ffa7e656e179e8407be8d985bfb.jpg,a27b9a94ba3f373d6ce7dacdf55766694ac10ee1a78602d56ead46375a132383
sangam-Braillie/dataset/train/images/1363_jpg.rf.4438f66e148d32713aa0118c1d665c3c.jpg,66c49d8fbad2b4c8eeab69d383a6cc0a8d525887ee5b9bcf4905ceb5d15b3740
sangam-Braillie/dataset/train/images/1365_jpg.rf.7b1a4e137469edff4bf02239c0debf7d.jpg,629f8a8717ad0b8522179eed9e63e8d494097dd5fe2acb95280b875c092205b6
sangam-Braillie/dataset/train/images/1365_jpg.rf.a506d9e3b14f025bf4fe6fc30c93b750.jpg,33efb0699d80f5951186ab1be9455848a8e9df1c6f41a6c145de69d31d7874b3
sangam-Braillie/dataset/train/images/1366_jpg.rf.0ea0c4b14bdcef610ea60b5964620ad6.jpg,a2d97fd93c3f2a2fb7850bb4a6a20508f8a35fd9bbeb6c1da0b613ce0f99a277
sangam-Braillie/dataset/train/images/1368_jpg.rf.a01c8aa880a9817b11fa415d97b5caf4.jpg,7d52bcd412b2b638fa5e72edb21fb2eded98c7b8061d8474e2c9236423ce1cbb
sangam-Braillie/dataset/train/images/13_jpg.rf.b3ee6d0fd0e319314aa0cd217d761fd6.jpg,9a491395d98c18e0839546c9ab6edcf45e0b35c7138a7ac0697b8d57c76eb9cf
sangam-Braillie/dataset/train/images/14_jpg.rf.736382cf543daa2a89c6573ffa9056f9.jpg,ff31d7ad72dadcfef5e29564893a46dd5a10415cbc46c147725afe72ce00dab0
sangam-Braillie/dataset/train/images/14_jpg.rf.c0ea9dc95829358b07862d2ce7114e5c.jpg,1e5aeaed67ce14e3786f2f401103bb968feecb39fd5565ea734aeecccc1e44ad
sangam-Braillie/dataset/train/images/1521_jpg.rf.5b0425f1c0c5721a573a8ece33edfae1.jpg,e26d8bc607645b9fe11cfd032cb39988323ea4a9f7a1c4521841bdb9b27bf5a8
sangam-Braillie/dataset/train/images/1523_jpg.rf.68e50939626af3afcd8eb75090abd895.jpg,40a77da9c1f80ed0ee68453c090e2dc8dc92a6861ead70440311b1e31626e73f
sangam-Braillie/dataset/train/images/1526_jpg.rf.5bc0e3108912ebd3881845f2e2019204.jpg,94ba481f153e862b45a550ba698c3583557b708f4a3dea165c9b885769432a4d
sangam-Braillie/dataset/train/images/1526_jpg.rf.d77729cd128530898018dd35e3206d1a.jpg,5ac06186eb9497872385f5741ffc2ff236af3c43f17368681f8d3506889032a2
sangam-Braillie/dataset/train/images/1529_jpg.rf.aa72f2ac48ac8221948a2b025132465c.jpg,97d35d2aa108174e378422fd0fcca53ac4685ec4fb92e72ea03fb8d14df3a77d
sangam-Braillie/dataset/train/images/1529_jpg.rf.e873d0d3e2fdbd11595447326103c8e1.jpg,0e09c9265b9403f1e8d7a0923242fd4cfd956d056503c53b13d7f25e19911d09
sangam-Braillie/dataset/train/images/1530_jpg.rf.9370868a34b9491d9198c9ad8f3735c2.jpg,9b0ea800e23e7df0ab6584918c49c309dc4f4ea4040536e5304dfd55bfc72fb3
sangam-Braillie/dataset/train/images/1530_jpg.rf.c1bbf5c908f5ba8d2ef48c7f3a867b73.jpg,fc90dd800b6c53af97cce7b05f426427269c30dce907066988d014b850bee752
sangam-Braillie/dataset/train/images/1531_jpg.rf.ab44ebe1fad5478dcd82f647867ef551.jpg,2447211b5cfcb3b60393a10109bb9b0c1273e1450d44ed716213493472536d91
sangam-Braillie/dataset/train/images/1531_jpg.rf.f988703d9e5aff57ebe633c033416ade.jpg,2d7169c0e659954e2d172f67d5fa1c0f5d0a5c9f2792983132992a9ad77433bb
sangam-Braillie/dataset/train/images/1533_jpg.rf.02ba919d178cfc2cc223f5595a839b9b.jpg,38f6e6cda00e2fbb5abb87bb43099b28f5a0724624e7e06606e610e376c7128a
sangam-Braillie/dataset/train/images/1533_jpg.rf.695b3661e9b0a1d1b14e05297914bfa8.jpg,b8b088fc1d8892515d84cd2a0aacc2b5f93dcf59fc4ff1bd50c1babe3e4d99c8
sangam-Braillie/dataset/train/images/1534_jpg.rf.01318228a6d882def84040fec14f599c.jpg,be6656ccbfd9efe04bd1a3a3b25bae5a0af5266661a2361d34cdd248b51b5764
sangam-Braillie/dataset/train/images/1534_jpg.rf.dc6f35c9400d403f254b43fb2fd89c64.jpg,021b145e64a779060495eefe1551e924df0ff57c802277d59bd80939677822f2
sangam-Braillie/dataset/train/images/1535_jpg.rf.1cb0ba62e0553f71b44aa3b9f30ce91f.jpg,f0b33b9a7ac1d8752b84d0ddf228758e5c7b76aa4f22784979eff86ca7596c77
sangam-Braillie/dataset/train/images/1537_jpg.rf.a2f11ff8e72f855b75b73a8ffc1e28ab.jpg,232fbdacf5a4dbdd906acd636c41b7f84fbf8efe1209104cb783311a2d43d10f
sangam-Braillie/dataset/train/images/1538_jpg.rf.93526909dadb261400687a57798f7c76.jpg,eba94ebac30080496978aef9a54573884333ed38362b62e59f9b231ba6d4e5b1
sangam-Braillie/dataset/train/images/1538_jpg.rf.ba98ea5383198f1c16819984f5dae486.jpg,59bc6a969a8d76990a8bc5c371e2da425087cb12b83d97c957039d28fae1e40e
sangam-Braillie/dataset/train/images/1539_jpg.rf.49214dd353630edf9fc19014dd97fd0f.jpg,438aac7a010d6ee3a3471de10037f7f6e13d98e1ef3340195130199d5bcf76b1
sangam-Braillie/dataset/train/images/1539_jpg.rf.96cdca997aa405e1d80afeacf759c9c6.jpg,52e6e4b80ee24b1461e18d2825c54802ae297633a8d86d28ad1463f340db83f1
sangam-Braillie/dataset/train/images/1541_jpg.rf.4d6ac340b9c2e4c986343401833411f2.jpg,a7ea723b790d71ad52dcd3f16f6e84fa7884d71d8d6c9073e5cb5d1541fba629
sangam-Braillie/dataset/train/images/1542_jpg.rf.7070502310e9771e2039b7afc1325b38.jpg,357fbfddffca31ef8101104a67931c2d327cfa9d261dc85e140c3217e11511ec
sangam-Braillie/dataset/train/images/1543_jpg.rf.f6718add549bc6aca532bc7412081c0d.jpg,894949cea773f3a57d2d894354abf6a2a9880154f915bc4e0973ea6ccc7b7a2b
sangam-Braillie/dataset/train/images/1544_jpg.rf.3248dc1363d0b3a28e19ecddd348afc2.jpg,21b62a4b9da600b24cc80f575ce40d59d5c6531605c3e9619dad11d48723cc07
sangam-Braillie/dataset/train/images/1544_jpg.rf.e3138b122a7c8af1a4a281acaabdcd29.jpg,446dd8a2efd50ec04c22941af280f6c51cdf765500ddb2cd999510b351be3e6e
sangam-Braillie/dataset/train/images/1545_jpg.rf.6dd6c90b1561e2492cf7464ffe48c0ac.jpg,742f394c0b5a805df1f6d4f6b5b3f460832221e09dbc471a49cc32a01d77bf04
sangam-Braillie/dataset/train/images/1545_jpg.rf.b3c9242f8f4086ba1897c0d56351d0e8.jpg,e070eb5b00e9ce05129897fb1c766d64642713037d0757e82a1bb8524dc35d68
sangam-Braillie/dataset/train/images/1546_jpg.rf.99ebd2e98c61020a9446ab6cda76c7dd.jpg,5c8314d34a64c33a81fd41d4b33f5c2017ab1ff64223700308625c664078c063
sangam-Braillie/dataset/train/images/1546_jpg.rf.a104b13c4e6dae49f040e581ba20ea34.jpg,cb96a5e057b26eead954aea0e99857a1687e33c7de7baa9866bd6c5b32991551
sangam-Braillie/dataset/train/images/1547_jpg.rf.26785a3312796ba8e974a4da3578d362.jpg,f6af56f2a64d9b593e332c4d2557208fc11eafa1db597625a08e17b03abd66c0
sangam-Braillie/dataset/train/images/1547_jpg.rf.d584686dac46406109552e4c31c6bed9.jpg,513abdb6ff648747dd1feae3f848abb8608bbc46a5f43e42f0415b4f356e3ed8
sangam-Braillie/dataset/train/images/1548_jpg.rf.76c8d3962e3d24d5e152ca5d1ba592e2.jpg,650e2ffdf124a1e2502aae1788128a11b63c051607e3eaf04905c044bb498aa9
sangam-Braillie/dataset/train/images/1548_jpg.rf.a0517daf7e74ad8c3c9f684eb33c4ae8.jpg,2eb6cf11a7b8a8cfce3f23f3105e6dc1ff6e449d57684fa0c52994ee2e852348
sangam-Braillie/dataset/train/images/1549_jpg.rf.18052f7eae8793f7e043dc3f14582498.jpg,18c0417427064f006f1d8310db4318464e492de8c46d6243fcb12267f5454c51
sangam-Braillie/dataset/train/images/1549_jpg.rf.9523d82777f63bd8b732bd6286a55de5.jpg,78277e0bf47659a137b02c67f61d08fa436c952a784514ade1b7e6a4bfe3b851
sangam-Braillie/dataset/train/images/1551_jpg.rf.1756bdf73ea46252d13df28bcb1e0c3a.jpg,9b326d815d5a39c97dcb1fee76ff27d7325a19f517a86e7124827ef7743707ff
sangam-Braillie/dataset/train/images/1551_jpg.rf.2d565552c8d0abbf5ff5d8ea9eccc9ed.jpg,ddbcb9eddfb9401f187cce167ce786617a1e0168823202a1fb4d7bc6212f9adc
sangam-Braillie/dataset/train/images/1552_jpg.rf.4fafe478992d782a3081a79e5b32d6df.jpg,d01d387208db287e5c2bc0ebbd9628f7614d3f0230b15d2f8ad50ec1d96bb27e
sangam-Braillie/dataset/train/images/1553_jpg.rf.352063f7c2a8196e5e4d0e2df8ea23e2.jpg,9d92ab426579b06a8f4e2b152eab0eae1b898ad92aad0820bb2f07fefb7f249a
sangam-Braillie/dataset/train/images/1554_jpg.rf.1dcc4c324970d0e24fad2e5f7b025f88.jpg,f4497ef432c7cc309feae7ed8d5f93c03b5d8cdbe4428861ea01ee71a84443c4
sangam-Braillie/dataset/train/images/1556_jpg.rf.1834a02544c54d4ffeebe9f7a2c2f76b.jpg,d80f33fef3a8e7a1b8e8d68e9eb6b9d497007296bd97b61c460329d7bd7555b0
sangam-Braillie/dataset/train/images/1556_jpg.rf.f09466063afcde0551a10c180c8bdb0f.jpg,59a4fb954dd7518d48b0e04344049d1467a4dae490d63a5bbdd1e7a3ef4a10be
sangam-Braillie/dataset/train/images/1557_jpg.rf.19cf5b794132db472ccc75ee51c45764.jpg,b3f10880cd411f3fab017923e58581ae058d020316da9c9eb13e0b3e5aefe3a9
sangam-Braillie/dataset/train/images/1557_jpg.rf.b1e61d729723acac23696cd6cd481bbc.jpg,0feda0b66e45783d90e7675f8348c8c60bfa2556dd18ef7121c18dc37d3e7089
sangam-Braillie/dataset/train/images/1559_jpg.rf.9461cbb8bd3c99a3cb77e9ad15b0183a.jpg,4b5dca67149ce88a55ae4ea8ad3bbb9fd10a3bf7e8c8245e89b8650da8c0fedb
sangam-Braillie/dataset/train/images/155_jpg.rf.e84d22702e4372ba1d35c51026d1b970.jpg,52ec5a71ced283fe6f3137c4f3931d70602f8ba8d83d7d6d524d42a3c02ae300
sangam-Braillie/dataset/train/images/1561_jpg.rf.89107d3cf395a7dea8373d243c77cd4c.jpg,76a45d2b3b90b20f2fc51be7f6757fd13bdbd96da78b6906696df0c605e1b249
sangam-Braillie/dataset/train/images/1561_jpg.rf.ad02258b6d18501c97586e75a351546a.jpg,c84ad230fba80a7face95d30d72f77427e23f25c00a9c496b31652c63b3a3d45
sangam-Braillie/dataset/train/images/1563_jpg.rf.1602e9158da867518cbffa914d1b6039.jpg,76525f213d94c7bf1bfc8e2a850fb91f07e7d09dc79bc198210dabf4d3a8540f
sangam-Braillie/dataset/train/images/1565_jpg.rf.78a9d432ed873b7c68b764b8d7b189fd.jpg,6b570a062d244c3fa905682f9859e1f076810c12cb049da4cf7dac3de1aa3258
sangam-Braillie/dataset/train/images/1565_jpg.rf.fbf25710eb341f427d9260759929c5dd.jpg,1b72ee3a3fa54c3c14ef8499484f8633847670cab8743310a41a45f18db59c7c
sangam-Braillie/dataset/train/images/1566_jpg.rf.0cc7654485d28a9c20418acfd8bb5868.jpg,57877d1a7bacdbd1191f409e8b50bba73949b767098412508289e36a0d59ec23
sangam-Braillie/dataset/train/images/1566_jpg.rf.56ab18c5af6087127360e6140f437e87.jpg,561aeee24f05a33b3f9a487e70480e2303b2998471f0491699cea5cf6cd85af4
sangam-Braillie/dataset/train/images/156_jpg.rf.94892f5b98c6d75bf4586cb00586c24e.jpg,d4a6ef1e1bda8b132785b6a9e049f44847dbf890734d03d9a318e6ac7e5bcc8a
sangam-Braillie/dataset/train/images/1572_jpg.rf.c31ca21d97aa053348ec1df4adefcc39.jpg,24bb95d2608d03636b5f93610e181034faf6a302d69f451fe199c94a06cbc17d
sangam-Braillie/dataset/train/images/1572_jpg.rf.fe83e95d1c556261c6ec0e7ea963a48d.jpg,2179642b5f671d2e5989e7801428e482866dc425ec209bb74f1c0ba7657f6d84
sangam-Braillie/dataset/train/images/1574_jpg.rf.0670b320aa95631683008e74590fead2.jpg,9dfa5fa3922af2f61f900842a1144285ad62900a2aae95d56118677de2004e2f
sangam-Braillie/dataset/train/images/1574_jpg.rf.d73fbbd985aec4c09ffd44ea96b8c454.jpg,73717eba0e62edcf9f313158fb17d361df0eb2a1ef891ea4cfb25cb3a8d939a1
sangam-Braillie/dataset/train/images/1575_jpg.rf.39e724dfcf3f7f2d14d14fc6652ded21.jpg,5216e5f0ca979984fc7679d1cf58bf445542d8cc918f7741fac203de74e8d0ec
sangam-Braillie/dataset/train/images/1575_jpg.rf.71e4aca9e89a968c1d5951d5becf732a.jpg,177cd29d33a430df2f9c50d9d9d883467a07ad51271c0dcac6110a0bf24b9247
sangam-Braillie/dataset/train/images/1576_jpg.rf.6e21bbd8aed49bb6045c23089ab91dc3.jpg,8c2ac64d03f708c1d4d34c6977461c91c4f79b96060fe32f4ff27a6b07ef47d8
sangam-Braillie/dataset/train/images/1577_jpg.rf.cc452225a1ea529287121441cace8451.jpg,b492665046395ab630030deb62f21e35c2b58b2721d010450db305d334628fa8
sangam-Braillie/dataset/train/images/1578_jpg.rf.33be1283a740892917c8d4bb9cfee2f0.jpg,d553232a458e18a46c05f3b3fbfda9c4ffcf0a4c5d66929b7b5276a7705ab890
sangam-Braillie/dataset/train/images/1578_jpg.rf.d92b2b4ed9b748aaaef3c36e2cd64f49.jpg,fe997637fa6a78c962dc7476b5cc763226fd35494d2d0ea002108a15c6c68194
sangam-Braillie/dataset/train/images/157_jpg.rf.6226b47c88b4ddb54e9740b57be19f0e.jpg,348e684631481a865a252030e8fbecdef83acb80696456266942c1dd36cb8e1c
sangam-Braillie/dataset/train/images/1580_jpg.rf.1ba55e7193cb27799caf04fad15158b3.jpg,51dd5069ffd4a62d3785d7910bb8283c1cfd1a30ee2b889e1d63ba28822d6f18
sangam-Braillie/dataset/train/images/1580_jpg.rf.e4946842916f7ebef3189b798e4ed4c8.jpg,429e99886ee70fdfb5911b90c76041521f540258dfdabad67930298ef6ce540a
sangam-Braillie/dataset/train/images/1581_jpg.rf.3a9fe37b9cdb86bff84e2b58a2c2b1a2.jpg,a4be91d6f064dfffe9aa51b6b420a31863449cd73b941e8ee2cbe9cb9ff1966a
sangam-Braillie/dataset/train/images/1582_jpg.rf.6269e1ec573097d969503ba4d9f2e64e.jpg,db59577cbe073fbbb071930cf9caf170164f934b72c687dd213f0af185f8e356
sangam-Braillie/dataset/train/images/1583_jpg.rf.38d3e9ccec8cac4a0aa2a12ac14e5836.jpg,3f8a0d7fd25cebe8348c8cf971e9056d11f1fdd89eaa0a8731fe64d89ac4c435
sangam-Braillie/dataset/train/images/1583_jpg.rf.ebad76b961815f95b9d506e190d68cf2.jpg,a11af734eafbac8dbd3c1420b388a75777f0a0a0e2ed41d5f5de9934aa2374e1
sangam-Braillie/dataset/train/images/1584_jpg.rf.be646508f51f053981f58d504ef12652.jpg,f058c93150a8dae98410c78a53df8dc4b00ff9c225b0196fc1df5052c87cafde
sangam-Braillie/dataset/train/images/1585_jpg.rf.bbe2574a4f5bf9fad4d777f82536447c.jpg,28276d188474e04a5222b7ab49930b0727d33823e8c045fde3944fb757b942e2
sangam-Braillie/dataset/train/images/1587_jpg.rf.1be1f370d0aa469457bb26fcc82fd4a4.jpg,4671370c2a6a78ccd4a84fc90ac078f69dbc2cb2c10403c7f526e5df013be998
sangam-Braillie/dataset/train/images/1587_jpg.rf.97b459bcd5c2d3fb2644aa57b980cb23.jpg,e7c0a81016dcf89f1a7ca8d880aabf53f6faecfd36a1bdadb81ddbae368f8943
sangam-Braillie/dataset/train/images/1589_jpg.rf.c16b5026afe6da25ee6d9b2f11b80353.jpg,dbd2504fcda855fd9c36d1128565421c0c85eac30b75f162d4c832260cad84a4
sangam-Braillie/dataset/train/images/1591_jpg.rf.b62e374e74b8bceec2e4ed059de7adb4.jpg,b2ce3587a228d1c8ded69e38a089abcdadff1988bc04aaeba4af01d290347e1c
sangam-Braillie/dataset/train/images/1593_jpg.rf.110de4bc113517fc8e2cb1480230827a.jpg,887c878c7405c1deec9ec6de4c25814fea2fd4de49921820af59f098c6daf417
sangam-Braillie/dataset/train/images/1593_jpg.rf.5f454501f155de1436b7a49918c226a5.jpg,489151581bc0032b6f7b19b5a60903afcbd36a1d11101eba16dcfdad3d4f1296
sangam-Braillie/dataset/train/images/1594_jpg.rf.1bd86597d21338102a86c67153d93aad.jpg,470a18d6c07393d780828a893cf7113edd4407c9194ea062acade069309238d6
sangam-Braillie/dataset/train/images/1594_jpg.rf.bf68856ee9401723379b0c896ed710d4.jpg,e75794627b434ab63640ae29fb9bcbf9014d3c411faf36e4725bcc480ecd6925
sangam-Braillie/dataset/train/images/1595_jpg.rf.09b03fdf856877cef457f49e03e91c6c.jpg,b5ed4fc33b82529e9e675965532937f05317e65f78a8fe4a9aaf74e37dc84d6b
sangam-Braillie/dataset/train/images/1595_jpg.rf.5d43302fd77a84defdfd87ca7b0f7cd9.jpg,0d132c688aac6da83a1a9846590e31dc2412ea63bc4902455f4cfe7f50f8d36e
sangam-Braillie/dataset/train/images/1598_jpg.rf.44663186305c0bdd1e04a48f4a0281fe.jpg,348b113c248ec1df26479101227fa84ee79684b003a9d593dc3ad797ae15568e
sangam-Braillie/dataset/train/images/1598_jpg.rf.db956a6f71b6a5bcb01cf517137e46cb.jpg,dc412d854910b504e2fd90f75c13c478ba6ce21875a34750d692e94335a02a0d
sangam-Braillie/dataset/train/images/1599_jpg.rf.21291ec51ea65771a9e197682b5eaf8b.jpg,c094584388ef206841d13af7dcb2604d542e080e7cb69ce28fb83b963f90d2a0
sangam-Braillie/dataset/train/images/159_jpg.rf.93b64623737e91b16937ad70e668dbff.jpg,778a1578946f4b94b42363e9d2c339dc6163255b4bb5f3a51b25d85761dde38e
sangam-Braillie/dataset/train/images/159_jpg.rf.b502cca005c41f002740c3b24c397564.jpg,5c497d1f3a72366206c679ba62bd4509a1f0ad1a483a1cf761a39f56becef860
sangam-Braillie/dataset/train/images/15_jpg.rf.814786179797fcc6b0dde65215307056.jpg,504700a13408ecf86fabdb6e9e44930139fb307505a33d0e40a05767be050c69
sangam-Braillie/dataset/train/images/15_jpg.rf.de2398b0dc75c60715219e5da075c276.jpg,a5afbd5042f6573774a19c7b1fb68dd961d6a39b4efbab8865aef4fe1049bef3
sangam-Braillie/dataset/train/images/1600_jpg.rf.fb7fc499931c5d9159aa0bdbbd102df1.jpg,e4f93669e60498257e6e352d873c7fcdabc9c57cd67bac3612b59e902604dc5c
sangam-Braillie/dataset/train/images/1601_jpg.rf.a6ec5e0e2f052154bbfe1aa8ef735e87.jpg,7cccd3d6020a33fbeddd2a42ed3e8118cae55fc0606c7644dd9a2dab979fbe17
sangam-Braillie/dataset/train/images/1602_jpg.rf.6b6958573e60ac0ffcf0f58ff813157d.jpg,0a3a2e3398238246a0da8d8e88b557a6462c17d9ee8131609c46e536cd9b12ad
sangam-Braillie/dataset/train/images/1602_jpg.rf.8800fc69584b0a6c9a211413c4c82057.jpg,170dff411b71d975480641dd505df85bd8dfe3b35717d64bd379247c35f01fbd
sangam-Braillie/dataset/train/images/1604_jpg.rf.763488a7f7a45303c5ca83d0ad37bc92.jpg,e7200ecb764a188f975b76e6a34c930936908b5bc6fceb8333fbe892081d984d
sangam-Braillie/dataset/train/images/1605_jpg.rf.79c4aeff86bb1dd00d980e8acf25f5a1.jpg,b5bd7e99b1a4c9e42462130f836da4116b49242edf58e2b18e2c25688a86d7c5
sangam-Braillie/dataset/train/images/1606_jpg.rf.79e91835655f3bb099ab2c6932847e32.jpg,3dc43461969429aef318f89c889cd6969e89460b3059084a4529f915f8c61b4d
sangam-Braillie/dataset/train/images/1607_jpg.rf.069581794d38f0163a956942509b0323.jpg,53257bc5a5aaa1017b7717666363f1fb37f81ecb85991946fae1c9f77c92e6ea
sangam-Braillie/dataset/train/images/1608_jpg.rf.2117954655205326a536fe249da1c88f.jpg,594d26d6bae98d15b78587394c4a2a40e0a6f9fdb94799bc4110dd954b25afc2
sangam-Braillie/dataset/train/images/1610_jpg.rf.114c684675f3fe326a1c52a9a4db3303.jpg,50f487f1f520b83b0316ec81936d9fa1879d83c8d2f5d516be07a90e4cc93552
sangam-Braillie/dataset/train/images/1610_jpg.rf.bf7178adfdaa73769a238375d6885663.jpg,afc2e549ca1e94223f01af86f738ddfca471c861f8ef92241ee4b4d18bd94aba
sangam-Braillie/dataset/train/images/1611_jpg.rf.6803178f9ee550578a9e7f441b2d4616.jpg,ac1960c29833efbe9fa7faf39a79855668a3dad9f619b1bb155fc712a5a76e9c
sangam-Braillie/dataset/train/images/1612_jpg.rf.4ef80521d95b73b7e68f51047d1bdd10.jpg,e9587dc2660ddbca6b52bba3b2a531f2de7be93efd1f0310f8ba281bae0ed44e
sangam-Braillie/dataset/train/images/1613_jpg.rf.329b5d5b900ad13305cba53f04b0be60.jpg,e1ca4d673d3cdb5206fc394d7f533fafd17ae1c9d5cbb996ac48ca1116a0bedd
sangam-Braillie/dataset/train/images/1614_jpg.rf.d97e985d7b879fd7f01a3f7700be139b.jpg,f490e954d15be144250cd64016cbc0b0611963fbe17993bf883665ee21058651
sangam-Braillie/dataset/train/images/1614_jpg.rf.f30f4aa88ad43eefdfdefb5ac177bdac.jpg,0bedea2c46ac3f565c5fac25f24f73e855b26609f7d37b93c6a8e065cd6564a6
sangam-Braillie/dataset/train/images/1615_jpg.rf.888e7d9d19c1be479a91f0d7cb5fd383.jpg,cbc7061d730848fefe11a3cd81a796c4ac52b80295cb4a73afef60a2ffd2ddea
sangam-Braillie/dataset/train/images/1615_jpg.rf.fd04666bca6b4e41fd9e50e778bc8ae3.jpg,a1143a476b18145cc0b729e6821e0e5f075af64d8e7b5337374e604c5754aa82
sangam-Braillie/dataset/train/images/1618_jpg.rf.b3c56bd7eb2f8ba37d875ec431b96efd.jpg,bf15617d0da6c0131b019abddd7cbb157ca6ef4b9d5729cfdcb105c4dcb2d3c5
sangam-Braillie/dataset/train/images/161_jpg.rf.bd6d0173f962d4ea5b99d42a2b769b9d.jpg,867c816564bd9a00550512aa7234adcd1072ef76e12bb75dd2350ee335f64eac
sangam-Braillie/dataset/train/images/1622_jpg.rf.133681c32e1cae3b0faa259a19625341.jpg,8c118d8149ff4023f2e4af67b44dcb112395b0a5f3e3bc816eb068620f4aed00
sangam-Braillie/dataset/train/images/1622_jpg.rf.4ef2eaf6a61c8dd6c30f228703b47d27.jpg,8a7b94ecc76496a6a267ba4122b5f7b6d2cd6039b2f40ed38547846d8ee9294c
sangam-Braillie/dataset/train/images/1623_jpg.rf.88f7a77f85316808ba144551150436a6.jpg,c5348aeeed45ceaab4a403aa129fb4483c160a107dec895f07f29391fb676242
sangam-Braillie/dataset/train/images/1623_jpg.rf.dd20aaa8bc94c150c9eab3db098211bb.jpg,18357603a437edb7ed74e46560f58a679daeb1367cf1db381e4955dbc82abb03
sangam-Braillie/dataset/train/images/1624_jpg.rf.b9d5d299ece8b842812657c3b3b97011.jpg,9da63dd4027f325b208b1aa75ad285e6503bec34d46a4f686a795e01f4978806
sangam-Braillie/dataset/train/images/1626_jpg.rf.4af74d6b61794dbb823660545a9978bf.jpg,a6a88dcf8d52ba1c320a17e702da611c1bf033b9dbf9d0e5db4668be36da56e9
sangam-Braillie/dataset/train/images/1627_jpg.rf.0934e5e38e192092dd84a895d00e6ce3.jpg,c1fbc8a4bee32b97ab84d18ced30743d4426fedb2c51f67af49078c642e4f2a5
sangam-Braillie/dataset/train/images/1627_jpg.rf.74bb309046ecaefbf882f6233c2371ba.jpg,57260f71887cfad1f87c48d5f0093d49e51fbf65f2dc3591f40a2dbe53404410
sangam-Braillie/dataset/train/images/1629_jpg.rf.5008371cabffc0005705e965ca3f5758.jpg,8376c0ba5baa7b9f69ee4b5696395f2eb045cdadfa06e16f372ac569546423a5
sangam-Braillie/dataset/train/images/162_jpg.rf.37274bdeb8d902505b9993c1c47bbfb5.jpg,9629af059f681aefbefdc288e54a24ac02888f266ea27eb3569e8c677d103019
sangam-Braillie/dataset/train/images/162_jpg.rf.6d7d01cf46c5fb4652d453998a67f860.jpg,db70ea6d3b2d8d984050e1939ecce4f3098a4538c448e07cabc24fe0e3b74202
sangam-Braillie/dataset/train/images/1630_jpg.rf.1d719dae409ec75d133d2c9f866b031b.jpg,6b88d2e7966bcc0ef346ca4c4d215767c2e10cdc18b51fc8537bcd2e1a3328ad
sangam-Braillie/dataset/train/images/1630_jpg.rf.40ac386399e1d5e86deb56f1d17cb2d5.jpg,1911328add7f26b3230b422a9d8de3a41999d059c1ae3eb15e2445fcc1d9ebc3
sangam-Braillie/dataset/train/images/1631_jpg.rf.007a60c98484e6adb52675999d2fa626.jpg,6955b600540d0492394c96504e3bc2bbdc6f2b07bde1fdcc9aef18918a8c7fc0
sangam-Braillie/dataset/train/images/1631_jpg.rf.ef5bb06b3bf1793e21c7b3f5818a8c34.jpg,2c9d5da9ae1583e4c7fad23813fc534dd7447b7d341e65250a7097e64dad161c
sangam-Braillie/dataset/train/images/1632_jpg.rf.ceea39d366a582d8637a75a49fb2851a.jpg,ffd3f1e106884d8f1fd11bb969c8fa262f411224b27569af06f92b50f9efef30
sangam-Braillie/dataset/train/images/1633_jpg.rf.ca278afffb09e225ebe2a9131c2f6ebb.jpg,9b945ccb64d2867d7b5231c617fbcc3715f520f14032394fae364a09ae500312
sangam-Braillie/dataset/train/images/1637_jpg.rf.5f7966553d7fda940d99fa515bdb905b.jpg,8ca508e223395450b798f5c9bff91dc390cae3bc5f3d069c9d0f230ac56735aa
sangam-Braillie/dataset/train/images/1638_jpg.rf.a8c7df92ea75b9c326d7c5d6f40e1812.jpg,4a1df35dfdeed7108a5ac59aaa9128e2ec94e3a46dd869d3d2235a2c9fd6882e
sangam-Braillie/dataset/train/images/1639_jpg.rf.98144934548b0a3db4d9c412456bc289.jpg,41b7243a7f5f2a124a5ffe04baa86d317703c4f1cf388a8d82535e80d987328b
sangam-Braillie/dataset/train/images/1639_jpg.rf.fe035493fb8303a66bbd8e31251cee45.jpg,c146a5eb8abba299f5a43fab8c4b6f4310f3613e5c06cfa77d404895ad7c8bc4
sangam-Braillie/dataset/train/images/163_jpg.rf.00385be61592761ffc7bd6db235fab26.jpg,10790d5d3a2832346916472710ae6d2931c74c74db926443fa620592021bb1fd
sangam-Braillie/dataset/train/images/163_jpg.rf.356059853ff1646d446d3cadb535a606.jpg,62e947db8da6699d4b548ae1a51fc8af89ffa6e81d6573afe929dac6de089061
sangam-Braillie/dataset/train/images/1640_jpg.rf.ab5b749d3450f0f70dc6c7f56e02a69c.jpg,0889e6cc152f0aebf84db51e7ce11152388a258af77e2469953de1ec042cd4ba
sangam-Braillie/dataset/train/images/1641_jpg.rf.848d26eb817c1e24277882f1a4a75e4b.jpg,600b9893bed31d5da87ac2a0c44db606b053ba9fb3fac4b56ca8b76065dec389
sangam-Braillie/dataset/train/images/1642_jpg.rf.be4a117c7b575119103b434ddf909e71.jpg,6a6d82565bf3ce4be8af6a9ff7efc3020297cce8ea759ca1feb3fbd5cc5c4b0b
sangam-Braillie/dataset/train/images/1643_jpg.rf.4e9161fb4956a242f75957ab92fe8ab1.jpg,c36d2d4b1fcd9ddeaa4b17bba5519a154adf285e9d62741f3b25c76c1a0b5bdf
sangam-Braillie/dataset/train/images/1643_jpg.rf.af58a1f465cf503191902dbba62fb964.jpg,8f4bdbc604a85adc9d48610abb35a98ac37ecb5e99ee9c4eaca54c4bcd4d127d
sangam-Braillie/dataset/train/images/1645_jpg.rf.e2db982b49cd1c3aa31eec309f19cd78.jpg,c6f85482842ebf0418965d0b4f31b79dd27acee6ae7839327a6245301556eef2
sangam-Braillie/dataset/train/images/1646_jpg.rf.e0210e4f818933640915c587853f5aa8.jpg,f3ef58184457f67857e479e67f66d1aa9fb06ee2898a18bae3d7c8529a4477e9
sangam-Braillie/dataset/train/images/1648_jpg.rf.6194d45b681789c0684168279391a0f8.jpg,6f9459b1c526477b6b990b48475bb5317530a7f2022dec8a965aed2daeff5f65
sangam-Braillie/dataset/train/images/1648_jpg.rf.de82d94264ef297061fb682736e20e5f.jpg,d9119e08ea595d0b0a8913146ad6052c936df4376568cb854e2fef07d21da716
sangam-Braillie/dataset/train/images/1649_jpg.rf.ff30627699cd2bd044793310abcbc19b.jpg,b5e493081c49de92c23357949d52a2d158d328a9a0e818427eb3936801bf6440
sangam-Braillie/dataset/train/images/164_jpg.rf.0b73dad1d3a45f01e2177654abf422b9.jpg,c01526adbb2de7ceeb96a7db1fff34bbb8b63ed509a0f837c407499148c8c31c
sangam-Braillie/dataset/train/images/1650_jpg.rf.d210ed231a0c1be41e953389bd58592f.jpg,52565d70c408f2ab281461f5b27c2ac67995febc5737f286c892fd3afd504533
sangam-Braillie/dataset/train/images/1652_jpg.rf.b91704c58d794eb01ee5feb29a521cec.jpg,7e6e422ac110409e49857bc640e21b54664ce233f2da49054823492aae1721d3
sangam-Braillie/dataset/train/images/1653_jpg.rf.0d7175b6c1a9def79cddc8a16234ea3f.jpg,4f8da7861561fa4cbe162c09f57a082e147043f4a0b6b806f114e7a453c47844
sangam-Braillie/dataset/train/images/1653_jpg.rf.e41c7d2e85f910ed2768ce711c2a58fa.jpg,eeb791f41553893ee75f4aa13b9dce2d55623648e49d97c68803e38c7de867cd
sangam-Braillie/dataset/train/images/1654_jpg.rf.98d5e63a1c238fd0cf39319f1f497a47.jpg,339172926b98069053d03089ec35ea1ecb2d82cbc0abe72759cbdafb2049302a
sangam-Braillie/dataset/train/images/1655_jpg.rf.3a60e6ab939466da9218da13c1560d98.jpg,ab9d6360168913560a09bf9662b475083840b3cc1bab9c6d71f425582b42b4c3
sangam-Braillie/dataset/train/images/1656_jpg.rf.5b3bb68070cf9f3951f6c8df421342a7.jpg,7a04bb37d184d56dce0f42912258e83ca97381896f40cf7c6ba3224127df50af
sangam-Braillie/dataset/train/images/1656_jpg.rf.d03cfa99ad4e83e60767fdd7be7ed3fc.jpg,3d535b70c884d77f4409f3869ac200fb1bbccb67376a5032586101889eda81a5
sangam-Braillie/dataset/train/images/1657_jpg.rf.8e6cced475eccda46eab4317f7d8142d.jpg,f92e3a992156386c8883410b1cdfe89e3e5831f7f825dd92bbd4e02788671c6a
sangam-Braillie/dataset/train/images/1657_jpg.rf.fcde7142d5a8cdc7c01c7391dde549f3.jpg,3569acd7824a6f03fb8caf88eacb5c08a254e6fc1fc61ad7933a2091da8de7e0
sangam-Braillie/dataset/train/images/1658_jpg.rf.aded855184f9590251e21afeea1e6d75.jpg,618a56aa964bbe5eb24b2878298f487ec7d5c7e515309c1e91062ee7759464c1
sangam-Braillie/dataset/train/images/1659_jpg.rf.5dce672c5f00082772aee009eff5bd95.jpg,1181fdf3921bd6328f13c938fd52398f501d420d6739a3c7a3c0376a64db9966
sangam-Braillie/dataset/train/images/1660_jpg.rf.e7534f43cd3c4ec0b171457c6bc6cda4.jpg,a8a4a71208155aef39516527ef64e378c0c7c558cf409de7c0fdd11710292f1d
sangam-Braillie/dataset/train/images/1661_jpg.rf.12283487bc6d0694303cb8faaf0edff9.jpg,1963fe3847bce3a7db4c3b45964184161fb0397bcf71f3cc4841bf6e42b44df3
sangam-Braillie/dataset/train/images/1661_jpg.rf.d4d53f6364bb258f96e1d3c606dc05cc.jpg,e321ef7fffa6daf8860632df6112242b5a51109053ec42a901e417cec8c18834
sangam-Braillie/dataset/train/images/1662_jpg.rf.2334a28af11b1f0ecffd2f8d5b3c527b.jpg,2cc48e473a67ee2eced5448475d00ff9eeef4eb31246304a6bfd70c8a06e8c43
sangam-Braillie/dataset/train/images/1664_jpg.rf.115f21d938aa7e0368ae908d71e67182.jpg,c1c1f07c825ece7d6ad3adc5e34cb317e1e401084784139c13194f8d462901ff
sangam-Braillie/dataset/train/images/1664_jpg.rf.da13d3e2ba31964266ea5c90eaad199a.jpg,866570bf869418bd8d51c807b851c3f028623b7e1267202db547266532365d98
sangam-Braillie/dataset/train/images/1665_jpg.rf.c78172ea1155a607c49bd08f1cf46c2f.jpg,9afdfb94683b37d7581a2a752859f80d4e7258c8f68e60e5192a6a9107f857fe
sangam-Braillie/dataset/train/images/1668_jpg.rf.3721b458d6a944669930231fa1dd17a6.jpg,4c676f872d3225370b8876b129e0b7eec2b276620b942f52692699fbfeadcf22
sangam-Braillie/dataset/train/images/1668_jpg.rf.98110d2e41de4e3a1c9693d20b04b38e.jpg,31c45a3355e17cf7a540b0c6e5e4c71b0fbe2b5e2a9cf571cb547d3bbe98edaf
sangam-Braillie/dataset/train/images/1669_jpg.rf.946feb65d4fb941becaaa259593fc7ec.jpg,bd77258b5d17616b8a07069bfd4f0c50ca20eef9c6057ce1d7b2309442497975
sangam-Braillie/dataset/train/images/1669_jpg.rf.baecdc8c419955eb91a56212c3a3aafd.jpg,6b5fe7fdc74044c95e483cacb159d86230b93a28198aa6840f94a5f80fd242af
sangam-Braillie/dataset/train/images/1670_jpg.rf.9d9685e1bce745e24c6cdd2fa674fa9c.jpg,db051043f688fd80ea5a291ac40779dfe1ef19d3d3aedd4235f9698dc4997039
sangam-Braillie/dataset/train/images/1671_jpg.rf.19f35773b6f754fc08eab7930aa8ab27.jpg,28a41e5e6cef22b335901cff42844f447432c408932fc8d29b53a4eb6ac38d3f
sangam-Braillie/dataset/train/images/1671_jpg.rf.37a72861f02e2acf73eed472bbcd045d.jpg,de0b963495b57e88bab7c6c34af72277e9971135ff818c64e65e5132e2090180
sangam-Braillie/dataset/train/images/1673_jpg.rf.8a1aefb2fb57fa9639935bc51fea0aa6.jpg,4153d272f3cf792d2a749f6497846a43b00007a34e3d1bad880639ff1d1ddbe0
sangam-Braillie/dataset/train/images/1674_jpg.rf.22ef539acbd74d9419ec3c7da40bc984.jpg,cd39230c62df3beebe97ff336adfb66fde82d65bd3d11c18044ab681bc8edc39
sangam-Braillie/dataset/train/images/1674_jpg.rf.d4abe158094aceb65c51304b0547e4d9.jpg,6d5037752c7b33a4030326d6c6c7e29de1cf4e5b9ce02a1c5a8ce936c9b408cc
sangam-Braillie/dataset/train/images/1675_jpg.rf.3941b4e869b49ffa542281c374274ef3.jpg,cebd34f9d50ce3a070758d6d14daecb5563992082a7f16f206cc4bd117609ea1
sangam-Braillie/dataset/train/images/1675_jpg.rf.f706543b603ec68a5bc23522b66c7b3b.jpg,2241bf3119c94edbcae1fda942d611d7b3ee9a1f31e50f231163e87c33d5e843
sangam-Braillie/dataset/train/images/1676_jpg.rf.1fc446e403fd469c2043cd900502d496.jpg,d9d2874be83317969998e9c46912cded0e4cbf0a4be068bcef06385372069f0e
sangam-Braillie/dataset/train/images/1676_jpg.rf.ff40c49be602a512ce1d31f2213ef6f1.jpg,afb6d76f5824fc72955ec5b809a17b2b6cfa07523dc1fb0a3f5a409442f94e92
sangam-Braillie/dataset/train/images/1677_jpg.rf.2392949efb3e4357302b2ad4b8a7cdaa.jpg,615e9a3019de082ca3eb4e6370d56d81757969452e61f26f97bb5a5cec0ea487
sangam-Braillie/dataset/train/images/1678_jpg.rf.86cf3c591433091d57e6732e50f91fed.jpg,46b4f3ba0b6c71efb5153fc7a3597e12bd7e763b77a730db561c1910a6855ac3
sangam-Braillie/dataset/train/images/1678_jpg.rf.bcd8e5bdc177f16c1e560b2867d1f174.jpg,7c25af22503ba237080d718367b519aab8da91e74982bd8b2079ab78b1a24101
sangam-Braillie/dataset/train/images/1679_jpg.rf.1ce9b9a4a50207b7bc0bf12d7d5c639a.jpg,c7511da47371c474bc2fbe20046eaef09b9e50c1cd10f753f70460c7ab42aeb5
sangam-Braillie/dataset/train/images/1679_jpg.rf.e3aa7cc3e7d7aa2f2130e3ba7ef4fe0a.jpg,e6e3a7ce2ec0c4864960ad97a734356034b7440d52fbc1e697a37d96b15d138d
sangam-Braillie/dataset/train/images/167_jpg.rf.7b1589441f7888a0d9007b57e57d17f1.jpg,310a100cb6553a9facdb4d8e2fabe410f525f4031bb9c01485746cc5e77d8980
sangam-Braillie/dataset/train/images/167_jpg.rf.e6f3d8f3c7bc73fe4ec2f28e2b48e7b6.jpg,b62f4bf1cf50f8b4fb4885c741eaad71b1cc65052da21b307bc835e71b405b9e
sangam-Braillie/dataset/train/images/1682_jpg.rf.07d2f59310854e552a6105e639ffeb7d.jpg,c0ed6962bea995a0ddbc0fc52e73baee6a190bb0322cab33f3cb9d262c9a8850
sangam-Braillie/dataset/train/images/1683_jpg.rf.2c8729645fb581912987c8b7a5b2ba5f.jpg,8473a370deaec5058362cf39ad50266ab3c9d42e0c503bc0647c1dfadf54cf24
sangam-Braillie/dataset/train/images/1683_jpg.rf.fd788dcf03bc697aef676e05b5445fc3.jpg,17d43dfc8ad88e976a589a51dd66de8653c4ef28c035ab14b0d309ad00919fd5
sangam-Braillie/dataset/train/images/1684_jpg.rf.9e6957c128acb1246f46f05f379045c7.jpg,18dcef771812b2bbdc97d1df27b37d042a419d7a78079faed26ed89d323fc428
sangam-Braillie/dataset/train/images/1684_jpg.rf.f7c52f7ae0185cf6e8f07e4ae156b2ef.jpg,e1cf2df66e00cdbf59c2cfc38af55c76bcecb80e90b897a268f378445bd8d622
sangam-Braillie/dataset/train/images/1686_jpg.rf.29260239005b94e7b7690da549bc96bb.jpg,51a46e420664bac357d836f2894ca371eb41d0456b19f470cc6d0302bf37691e
sangam-Braillie/dataset/train/images/1688_jpg.rf.719f83127a02e99df08b3fc463714672.jpg,e90e23b297d3b6821e7b39598e29bdc7b3269c9f7d45ee49b83933f90db5db74
sangam-Braillie/dataset/train/images/1688_jpg.rf.bc208c986b85def367e4b348417fb1f4.jpg,74a992d226fdb151c1d943e06032431240a3f39f8fb23c93311091765764d559
sangam-Braillie/dataset/train/images/168_jpg.rf.3bad785b03d25a7f806ddbd6ff79b632.jpg,94776f5226d136b250d617d54db3a2895480c7d6368526430111240bb40b2d28
sangam-Braillie/dataset/train/images/1690_jpg.rf.3adccad14fa8f0ccab1e98d1748a2c96.jpg,f57ae0549b71b4d0fa8522cb16138df513ae1f2c4e9f6ae1feb450bd3eeba236
sangam-Braillie/dataset/train/images/169_jpg.rf.377698d78385c3885c99174033d9b611.jpg,1748e60d7d98895346fcb88d3479d248e935021b8d545de94f3c0bd8382258f9
sangam-Braillie/dataset/train/images/169_jpg.rf.f9bca06e2d081c03e4afb55082f23649.jpg,8ece7260b8d2f6570cc524878c487933803c7150bdf94ee36f1b3ee5ebc8fede
sangam-Braillie/dataset/train/images/16_jpg.rf.94736bd08a1322121595c8b2dd5722b1.jpg,ef6e49375c34bc8395f3143c2b0f3ec97e63902e689a0f24ff1ca1cca1cd1391
sangam-Braillie/dataset/train/images/170_jpg.rf.4708d564c9da8bc333dc6a8c84e16839.jpg,a340945b860f8ae001f549cc7815b6a01058a1d7eb5fc2b969987be4f6a8d0e5
sangam-Braillie/dataset/train/images/170_jpg.rf.fbbfb633b7fcd810f53b1bf4617ce3f8.jpg,28f29fa2aee063946eef5fe54110cd9fa98f7bbd8e0061916881c52053414420
sangam-Braillie/dataset/train/images/171_jpg.rf.39baabc6ecd6c93a343558701db16b4f.jpg,f8084911e850f80874b43b459fbcf981dab09a32647d0c79048b9e289edbd136
sangam-Braillie/dataset/train/images/171_jpg.rf.7cb0eeabbb17e4fc6399c9a1ece143f8.jpg,4b5dce06c419b1c9cea2dd20e90acdebfbdf194952205893ca4c625c4b06edcb
sangam-Braillie/dataset/train/images/173_jpg.rf.11dd3cdb4e7737020b1af764db9a8fc7.jpg,ff040036e6c8774f8f09b6113f89e4d04ad9cb795bf7aa99f36fc3f7a05b788b
sangam-Braillie/dataset/train/images/176_jpg.rf.f2ba86acd1a998f5986a8a7906e75c6a.jpg,6314b085262c2bc37b7b6e9d2879297c98926383e9846d3629d5e94bc196c8d8
sangam-Braillie/dataset/train/images/176_jpg.rf.f6b80a8a25c62c94ab01345997a1bdc2.jpg,352cc664e2ae972a5d312956ff62d164ca7d2df4a66bff8d03267dc943fa0f48
sangam-Braillie/dataset/train/images/177_jpg.rf.8e48d23561ce8ff5bb195907e401f7e0.jpg,70262e72fe0db2768f2b2a9361cde56dcb036c41a670b8e200dada3d06630cd7
sangam-Braillie/dataset/train/images/178_jpg.rf.8a79eed1179b171dc0b037f5993f8807.jpg,661152755845ebac93f17a517288af1a9d3d4386d6f3565336496f46af81056b
sangam-Braillie/dataset/train/images/181_jpg.rf.41667ec8bd4efe18d3f3e7798b87ce2b.jpg,8425b1d4048d34021294ae865032f744768d09528d195e5e3a517d5c912405c2
sangam-Braillie/dataset/train/images/181_jpg.rf.d3b605e9f5a30ae1cbc1456e3743de47.jpg,96d03b27859065ff335ad371cba012e065bf7b729b89e78e9fc63c78d8174164
sangam-Braillie/dataset/train/images/182_jpg.rf.79c5bc7c0ce8e3fd01c30f0d859787e0.jpg,3eb25ab13bac6b7ff93236dbdcc06209e521f2cb602123c981efd1caa01141dd
sangam-Braillie/dataset/train/images/182_jpg.rf.9db37fffd5b31e8cacaf0285e4d5f7ad.jpg,367b0ce68687fc559cd97c28eca6737db549d53150af2f62ff47ab51f38ac3ce
sangam-Braillie/dataset/train/images/183_jpg.rf.828f66ec8cb7f70cd3f7e7bee29cbdc1.jpg,969890dd72636c1d78c6b66e60230950cfc3e485d5aa60e0797c3e4f9d49a9fd
sangam-Braillie/dataset/train/images/183_jpg.rf.b74397dc33faf1d57e1ecad0845e4e86.jpg,2092ee0f84fe73f817e68b2644894749287ea3e573cfd8b2fdd75385a3fdc53c
sangam-Braillie/dataset/train/images/19_jpg.rf.fb9e57eab03427bdd727c1c89034f1e9.jpg,d9055dc7700f0d49112a6d770c902f3c11f032d3cbd074df1e8d8800a9720f9c
sangam-Braillie/dataset/train/images/1_jpg.rf.18e4935e7b9546494a350661f1dbbe98.jpg,fbfc8113c01016c48c2ab60b32f44ddb932ee2fcd8f9f3e430d86bec890a703f
sangam-Braillie/dataset/train/images/1_jpg.rf.5d134a4d4aac11b2de77473c10d6c8a5.jpg,ee0e18c1197935599b3142479cb9058f449dd20f0a3e70877247a16d72b234be
sangam-Braillie/dataset/train/images/1_jpg.rf.752202ad7173fe688861150b43dad06b.jpg,4d8f1f89c39fa101c7a5ec0c8383f58fc25b1e7f88437b8d2a0d056403c49a41
sangam-Braillie/dataset/train/images/1_jpg.rf.ac08da68c8e0e8886f8c411e391c2da3.jpg,175770a2176ed0def9d0489782179dbb28f2b48aac5a79c7252672a923ae311d
sangam-Braillie/dataset/train/images/20_jpg.rf.149b9c5763c4fc72eca3b64edd8eb09e.jpg,24c7948b0f3368945fc37010d9eb4e8f5121ede2475bc1834eb164906da457ab
sangam-Braillie/dataset/train/images/20_jpg.rf.c0ff89b86a99434c303e71ef5e85d3e2.jpg,0f445804c65627de29843085639af69735c4691df3c663e7987b8b7d50bffc99
sangam-Braillie/dataset/train/images/21_jpg.rf.6c98f7ebcd56e77fa5bddb29fc368200.jpg,8f7006a2dfa6a918f1c9bb6a25d362a11beb4a0206b420eadc6da5c0a7a39bd6
sangam-Braillie/dataset/train/images/21_jpg.rf.f73d34d15a16afbcee7c353ebe01696c.jpg,060babf99b4a7aa275f0d4a625773c15c0427e6ef3abbd93295a277e1ff3c083
sangam-Braillie/dataset/train/images/22_jpg.rf.ab0509a9511c93f86efa6057e5f9bc43.jpg,23b537d36c8a35c688660aa9c6cb82cab37cfab2e1b7aa58125bf7246176ad48
sangam-Braillie/dataset/train/images/2320_jpg.rf.cee4c34704afa4f53d162c4808a00e70.jpg,3953502ff4fc2ce957c29f6c25e7c232917c5b395030000ddaa8509b7d2ad573
sangam-Braillie/dataset/train/images/2321_jpg.rf.af1c1515e0bdd4caeed81b9896cff0af.jpg,4785c9ac253341eb49a4153977656bde6e5357fa2d7209a8110efe323e51a5d7
sangam-Braillie/dataset/train/images/2321_jpg.rf.f159b31fd2ef778d6a4a2a94d89f8c8d.jpg,2c1628d15c9452b1b39b0b51ff82647437cca4ecff02c37ea1a6fdb462d12266
sangam-Braillie/dataset/train/images/2322_jpg.rf.852857c974b19b39c113c50429ef1038.jpg,13367f95984ab7b90a46941aba9b0c1f82db099eb2217f5093035004f26c6182
sangam-Braillie/dataset/train/images/2324_jpg.rf.78335ea89660323b41c9fe6a5cc1d491.jpg,1232341254e1d7bd0da83e49a67d8112e1c33d28d655dabc027bf49703cbf81b
sangam-Braillie/dataset/train/images/2324_jpg.rf.9f37e695ebe52493b189d3f43127a935.jpg,ebf4f05b19e8c04410a30cddfd4754eaa6d38eba39add00926322b750ae50a03
sangam-Braillie/dataset/train/images/2326_jpg.rf.14c36998a166f711ab58281b844cb4bd.jpg,db5943c872306253923c91c95fc8fcc7ab85406eb77e48cccac3f68c7390ecef
sangam-Braillie/dataset/train/images/2326_jpg.rf.e09a92dc37449602e117adcf02c62dac.jpg,5090c699f48aab3fc1b77ac2b4d44a1c654e46af5b29e9e97f923ae22bf7c782
sangam-Braillie/dataset/train/images/2327_jpg.rf.2c40a24181f44ccf0f0a66573a945c63.jpg,a7717c6ed48161ab50bef3301a13acd4067d3204d824d571826db6c1d061f191
sangam-Braillie/dataset/train/images/2327_jpg.rf.38c4c807830e197b39b24a943d3e3c71.jpg,ecf470d0eb5212c10d2e43304f046e20621490e9f5e05820f3f8dbc7b642d1bd
sangam-Braillie/dataset/train/images/2328_jpg.rf.0981ef67482aa755b1df8bded6eb95f3.jpg,fcd613ef13d5a265686816c6a950b240882b3c04755a36740ba0d4a6b0d6fb4a
sangam-Braillie/dataset/train/images/2328_jpg.rf.3af4022eea03924c5391c234dbcf1097.jpg,fe735b5cc1c0a8cca0fdbae6511a5346e9e0224963fe2679c505bed87555d404
sangam-Braillie/dataset/train/images/2329_jpg.rf.a22d915a0ae81779b3c54f394bc5df7f.jpg,817ba2012f87abb50cf33196b384affc919213b93e555e36d522d65ef82eb34b
sangam-Braillie/dataset/train/images/2329_jpg.rf.bf13f811d13e484dc31243a30bd238a6.jpg,4df16aa8897383e5cdc016f938bb05728b6a89e7076e525473c25aaaa102fa9a
sangam-Braillie/dataset/train/images/2330_jpg.rf.47858bfa710ef33c21c27822328b5bac.jpg,f3d5f2d36fae136bb7216cf1c50cf331803783ce3fb84c5dfdcce3b06ca07488
sangam-Braillie/dataset/train/images/2330_jpg.rf.6ca1c6decbfb31b7f33860270361acc5.jpg,8fb78417f85459f348e2f461bc5206d33eac73282ae5924ddd3ed81ca7fc570f
sangam-Braillie/dataset/train/images/2332_jpg.rf.8a180a3b23d339e421645b67202c1187.jpg,d08f5a2e26805a051eb6f16502072f6e093081b32437970291cbc306935adf56
sangam-Braillie/dataset/train/images/2332_jpg.rf.a716798e734d63356caaa574de56cd56.jpg,911f48e68b1bf2fcc8fbd647671d6f1ee47241b382d08c6b489934f1ebea5a86
sangam-Braillie/dataset/train/images/2333_jpg.rf.1509c7e69b22d79aa66eee8020bf9b5b.jpg,d1721ebafbf151ed6cfbf6b83451751c7f4b9a250612145ab098ad2b158d7410
sangam-Braillie/dataset/train/images/2336_jpg.rf.45817b97a68479ec5248f161c4c4f40f.jpg,2574c271d60b415db70ff624bc211d0827804f4c7373fe8fc59112788e58aa34
sangam-Braillie/dataset/train/images/2336_jpg.rf.9c57a5ca70c927de16a5abaaa934111a.jpg,f59d21479716a59eaba74053deaafb7c64c408aa83f8a2705067e6e36a64b87a
sangam-Braillie/dataset/train/images/2337_jpg.rf.39dceca285424b0c413cdd911bef2089.jpg,282dcf884b1ccefed089014c99c9a5539b798aaa4be0b7721f1ff3994aca899b
sangam-Braillie/dataset/train/images/2337_jpg.rf.fb08166e9478f94fad3e5d9a730d936f.jpg,fe82a5da1c03d910bfaf07b04cdd91eaa0b55a5a186ad861f0248b745cdb8725
sangam-Braillie/dataset/train/images/2338_jpg.rf.e969d5b91c1f033ea6c46601a8fec599.jpg,1ad3b0bac64b2d1c3493913989948ff57f1fa98a8d3d6bfa3897c2a18ee19898
sangam-Braillie/dataset/train/images/2339_jpg.rf.b931acb18108e9818df9361053f99dce.jpg,9a170002fdd6eb2637ee869f7d271290f992fa0922f2b0dd670a13551cb88aa3
sangam-Braillie/dataset/train/images/2342_jpg.rf.092e5ca18fabd18f3c2af9e05d677970.jpg,d11a21ab676d1e754e85cccae553829804fce0479775718a838b8218a1f683e3
sangam-Braillie/dataset/train/images/2342_jpg.rf.647a8e674ba52f656dc93bef778788c2.jpg,8c4298721096f0746a7fbe671ed8069a44f08075e6ab97e3af64e7844ba93a8b
sangam-Braillie/dataset/train/images/2343_jpg.rf.083f1edc01de461161ec5c4e8f443fc4.jpg,1d4ac293c9fde7c8f35e20f82bfc59df7aee729aadb9e975e7bfe0e8d582dff9
sangam-Braillie/dataset/train/images/2344_jpg.rf.83c683fa944cdafed2c9c425265439e7.jpg,9ad3d98140eb6c0fa42bb039973395cef327b211cde37511e2e06b325f2a4f6f
sangam-Braillie/dataset/train/images/2344_jpg.rf.e99e70aa65fdd169a8d66cd8169318f0.jpg,ba59c031bc570833e57778fbc9f54dd26209dd010e0e84fe19b5f5919df8d3c8
sangam-Braillie/dataset/train/images/2346_jpg.rf.1fa333dde725c209fb9562d1a1ffed67.jpg,65e1491115b7d9887c6327c7156bfb8ab4ea53a4ef1ce24e14b96fc526b2aade
sangam-Braillie/dataset/train/images/2349_jpg.rf.03963a4ef5a8ec278252986765971c6b.jpg,b74969ad92207c9038b6a6cc1de1f0cb7807a0ba38d21381ba5596486d54b404
sangam-Braillie/dataset/train/images/2349_jpg.rf.823b6ad70c1d5b7ab31c66ced91c8e59.jpg,6211acf405eb957cba169e967cd1727e1ed7a7dbe2f5cac974728b761e21c242
sangam-Braillie/dataset/train/images/2350_jpg.rf.94489a1b82a3d8fa28dd94995ff3805e.jpg,84ca2a266ccf10117457fd00cc5adab00e6e0517e3c82a676979700db7771ac5
sangam-Braillie/dataset/train/images/2350_jpg.rf.9abe8df8e7a5764f910dfbad601b0be1.jpg,444a73904d079307c3d23c3a90c955bf3d36777b2606f84b863bfa1f518d2bdc
sangam-Braillie/dataset/train/images/2351_jpg.rf.04d14710845f38a8533ab48784a8dbbe.jpg,8ab5c34b9f4d69d5bbb9cdedba7c9aa752f1c69eb0dbc068de5e8fc44a525053
sangam-Braillie/dataset/train/images/2351_jpg.rf.ba5c88e8586536c247a83512dfe3e4de.jpg,4998b96795d5ac9a8770eda705ab747dd50827ebbfa4e6f249e7537f74f979cf
sangam-Braillie/dataset/train/images/2352_jpg.rf.5e3b7e05fb5a0661ef9ac550f51b8bd5.jpg,5d693ed7c72779328c7f767295e8f696b7e2e1ba65d0a1d5720ae0e09eb533f7
sangam-Braillie/dataset/train/images/2352_jpg.rf.fe3f1fb7104704ef3f0480b0b6c288f3.jpg,a369ddeba3d5f6844978975dd9729331faf3076f713112abf0bd8b1a8462c53f
sangam-Braillie/dataset/train/images/2353_jpg.rf.7d3a3848080937163afc42ff71a9b4a0.jpg,c88c6c1df126184a6f60911aeea7fe096d7c2656197b8ff6be61057a70a9bdb4
sangam-Braillie/dataset/train/images/2356_jpg.rf.4d734064b60f81085fdd14260234499f.jpg,c084c5b3ae5ad2b87990ea9d2c7727b6205f52d4b805800f5cfd6efe8df49f8a
sangam-Braillie/dataset/train/images/2357_jpg.rf.43d3b51247b8e739578d4d409795b1ab.jpg,d731151a15126e37af7eba4462938397d5a3c6360c549e1545c4034272a7166a
sangam-Braillie/dataset/train/images/2357_jpg.rf.b61a08942b58c95b380e03f789216af2.jpg,1040df0c57eeacae2a09845a2782baa57fc578e866bf57cab474e2b705cc5fd1
sangam-Braillie/dataset/train/images/2358_jpg.rf.88e56c23353110fecb366e7200b39ad5.jpg,41cf8bd00e25819c2ed9e2ecf57f849e85a53dcfb1fb3e9215f9f69d0c92cc0f
sangam-Braillie/dataset/train/images/2359_jpg.rf.532c29ae7a9368062d1dd0ccce9ae373.jpg,2b43ad011e3139a6e566d8ab5e02b232f73a26e5e2e131ef7bc95440a28fc11e
sangam-Braillie/dataset/train/images/2360_jpg.rf.621882c4ed977167c7c8be9885b504fe.jpg,6708797da01b8762ecb9e9a6269f89fa438a07b488d1d31ce35cdb79a9eefee6
sangam-Braillie/dataset/train/images/2360_jpg.rf.dcc1a597d953658c1cd291a0f6618a66.jpg,ba316edadfa57289c49305dfc9f98a30a509ea184a8bb1cbdb03608ff3be88f8
sangam-Braillie/dataset/train/images/2361_jpg.rf.834062b762a51f1072277c2ef764b194.jpg,fe64f81e8f329e22c439fb82e8395e32917e12e64ce746f89facc0518efa4f86
sangam-Braillie/dataset/train/images/2361_jpg.rf.a7ee60381fa089f0e1c6d654af1bb506.jpg,27484ade9eece17def47afbea7a41e4d7fa5565d49ce74dfafe66eca7ed77c16
sangam-Braillie/dataset/train/images/2364_jpg.rf.d103ca70a71a956b6f969c09e4c8005f.jpg,766ff6bc0c37b38309294bfb62f620ec2117413b720f3f2c9b7cde227bae5a5a
sangam-Braillie/dataset/train/images/2365_jpg.rf.d3281f29c706839a6f865657abf2bbf4.jpg,02e63aee84f644aa5a4945ca1f7f153e0e559e716bf6fdeeae088f7d9b805b0a
sangam-Braillie/dataset/train/images/2366_jpg.rf.66fa0a808f7dda7eb1939ac18a8e31ff.jpg,610b3aff41306e7a48ba06d6a1263332d0be8fdb7e0f93e3990a592cd6239923
sangam-Braillie/dataset/train/images/2367_jpg.rf.1bc13263fcff0d859184a9636ebc5fe0.jpg,307a50fab07bb9f030881e772beae599c45fa5e0f4f442b54fc914a22dd30a9e
sangam-Braillie/dataset/train/images/2367_jpg.rf.ffd209bc0c0c95c2f5e4e8728fc33fa7.jpg,5a92fba873ddad43d7a4a679c897d26f2d35db1df2af68f82ed121f288940f67
sangam-Braillie/dataset/train/images/2368_jpg.rf.2e549f692c3bc3db7660917daccfd268.jpg,7dbf19917e9ebd0ac921462826eeb56251a00c5ab6d5c41b00f178512c2d8fa5
sangam-Braillie/dataset/train/images/2368_jpg.rf.de0f1a9013be50b992989eed6ea84aff.jpg,855ab024712aeda505378724ec3ca02fa3204cedf6b55e60c1c56bab7915f559
sangam-Braillie/dataset/train/images/2369_jpg.rf.1e3ecd7f98e4668fa8afa02bf188d025.jpg,8e74bf7cde86ee988a89d0d51d5ed53d902cda357b5a742da1e19b1e75313a3c
sangam-Braillie/dataset/train/images/2369_jpg.rf.57101b6e9404e194ee211d1fe6dfae05.jpg,b911641500af2d0e6ef27b597d67a07f7e2aa0d3b98c83aa0d2db72f780ac5fa
sangam-Braillie/dataset/train/images/2370_jpg.rf.5fe9141f92668695a3fc1e5eeba6739b.jpg,e9204f50b362f4e814f5b1213e220f9e23a0f457d9cafa762f3c6fd9a5431caa
sangam-Braillie/dataset/train/images/2371_jpg.rf.2d6750b69aeaca59923c6df199e44954.jpg,f41acde6b2d59791c89ce105a7596a0924f991e7039713de87acef9ce312f85c
sangam-Braillie/dataset/train/images/2371_jpg.rf.b0d86e2fab4a4a128c0d0ee1c22588f5.jpg,85d6119a2027b9ef91583968a7df2a7e4709dbfc8c071eee96dcee8442403087
sangam-Braillie/dataset/train/images/23_jpg.rf.479d4d0e9340517b011e83b9216343fe.jpg,efd5979577fedf867967c6b01db0bfb0ad83e80bd07b328de32e74e60aba254f
sangam-Braillie/dataset/train/images/23_jpg.rf.69532af9ebc31b62c4712fb248f50353.jpg,bf2d27635cbaaebf8f79358d7708e27fe19e881b56323401c209d530fe9da95d
sangam-Braillie/dataset/train/images/24_jpg.rf.67981fbfb35d5c7ae33b02edb817f79c.jpg,386a28109e247aec0406bba88f8adae6576226a44294882ec5c17d677c785ec8
sangam-Braillie/dataset/train/images/250_jpg.rf.3f345c170e8944a446c9c73ae169ee81.jpg,af7d7b59bc150bef2d3d032f2ef3f179afa4228c92f4428c7a6bbc19c80ffe7e
sangam-Braillie/dataset/train/images/250_jpg.rf.d3167c55c58d95b448e67a914e0d6f9e.jpg,8aff6ebf186f4beb686187443915692f184a450cb8f359e3ef30da4b149bb03e
sangam-Braillie/dataset/train/images/251_jpg.rf.7d0b684eb490d41c724485d50a1c7bc7.jpg,8407aa542cb2321cca77fd67420e950aadedd7214f38ec5599ef03056d684eb9
sangam-Braillie/dataset/train/images/251_jpg.rf.a9e38bb34ab0b35bc7dac3cc89972b15.jpg,4933ef66f5f025afe583d54a92640da255720559cb25f5ed0bcdb0db197d53d0
sangam-Braillie/dataset/train/images/252_jpg.rf.55defa317f10e9bd683dafb28a24d3c4.jpg,917d9d5ff6acbdbd180132252cd2346bbc7033564bc84a72f7e61a87598bd61e
sangam-Braillie/dataset/train/images/255_jpg.rf.00551b9635aac3aecfc5f0ea0c2d0c05.jpg,9b05875c97625bdb198cd4f7066daa7bd4756336386724a4ea5aacbad750da01
sangam-Braillie/dataset/train/images/255_jpg.rf.288775f6c9a4f43988c0876a0c37ec4c.jpg,e2d8c1033612b5e53ee03a27ea2eee78c13f61402ab330de5c05a47eca4603a2
sangam-Braillie/dataset/train/images/256_jpg.rf.410acbed38a1da89a4b40573dbb54ad6.jpg,1f74ccbe92531db27d0ea4c6141245fc8a13dcdd9876f3632f6f5ca681dc5b5d
sangam-Braillie/dataset/train/images/256_jpg.rf.5a8a62d0c799416c85674aeb344f709c.jpg,b01610fdacec951352aca5926cf7bfca955c1bc76f6641ca93293e6d6ef9ab5c
sangam-Braillie/dataset/train/images/259_jpg.rf.9fd10cec411ceb01a8ac3a7d8e547048.jpg,497d730bd8ec75bc1d8836773f776991cd5ef1e52588e4c320fbeaeebac3e3c9
sangam-Braillie/dataset/train/images/259_jpg.rf.d9e0733391f4fea976f4e33b7037a69c.jpg,12d3daf2b75dba82947a9a9f315f56a35b0d0fee189722395d960475cfd64af2
sangam-Braillie/dataset/train/images/25_jpg.rf.05ca2822baef5489cdd06b7413716a40.jpg,cea8c87a096313a527ca74fa1c77ca9fb55f41ee3672853e59da3c4a4bef7798
sangam-Braillie/dataset/train/images/25_jpg.rf.8529456e6981f699b0a70d82bb9075cd.jpg,9ce9b64ff31c371db78c45e4be5114e8211625508827b5fcc5c6e6c8f2631be2
sangam-Braillie/dataset/train/images/260_jpg.rf.856fdba165f9039014ad019f24b67fda.jpg,bc97124c8fc72384078a42e5cc074bf5cce4140bd3f80d432efc7d127a613901
sangam-Braillie/dataset/train/images/262_jpg.rf.2aafc56f4170d3109dbf53f3bbf29d44.jpg,801ee099462e9de115c159cabf40f10b507c50626e453f2fefad0889e1834c9d
sangam-Braillie/dataset/train/images/263_jpg.rf.858c11ecabfb8b5d60236a3d78704ff4.jpg,8f5850f179586fb6ebbff4c2daf02fe1884e9f0dc816964015f719f427e66e96
sangam-Braillie/dataset/train/images/264_jpg.rf.6f18c01a78ef8e91166ff4b11a9a54a2.jpg,70ca141c0767855915c399e768525e0f15a9fd3d628323749d0e87cc62a13225
sangam-Braillie/dataset/train/images/265_jpg.rf.53807eb857a908fff18fd685f63f2e46.jpg,37be05f7e05383d636fad47bd2c52bf7e72ff4860a8ac8eca410fb5622837ad1
sangam-Braillie/dataset/train/images/265_jpg.rf.b2e74b05cf7bcf6d66415aed292341f0.jpg,6b397a8f473b3befe8e26aa13e13ccae8372327d24707ad9bc2b15e1a6bb955b
sangam-Braillie/dataset/train/images/267_jpg.rf.04843f53cdcd62407269e4b3308dce43.jpg,83fc29e424f53d1794a74297b29d762cebd0dbf98efd6f47ec8dab7e372661c8
sangam-Braillie/dataset/train/images/267_jpg.rf.0c68946de00a7e4b3ac4da81ad4761ed.jpg,f29f539b5ebb35a485a75c5f5dc661a9dfa45f780efda44e99478c18cedafc3e
sangam-Braillie/dataset/train/images/268_jpg.rf.7f761510e309e92d5087b517862dd372.jpg,5910f05e2deff866b4bd69a4b6af839d543e5d7f149c14350af0c362cd88bb40
sangam-Braillie/dataset/train/images/268_jpg.rf.b0d597c815d5d148ab0056250e7a9d95.jpg,073922c668982e2cece043c86874bf7925d05edf35a0e6d36560d2824850216e
sangam-Braillie/dataset/train/images/2695_jpg.rf.5a603325f5df22d3bae89b862f2b3187.jpg,eda14ce59e09b7467044deb40ef9fbbb512e538c46a8abb59ba8df4d0942827e
sangam-Braillie/dataset/train/images/2697_jpg.rf.0d6bd1bf5b57d0b0ff2b43723ba99d69.jpg,a275921459720b73fddcd1e689f69cf2cb264eca550afec1793b49aa52bff979
sangam-Braillie/dataset/train/images/2698_jpg.rf.d875d1b0cc39e8c09ffa181277310c12.jpg,4999ff68caa3c9a454aca780b276035fb0b1f8cd23fe1ca1723c35d70926d3e9
sangam-Braillie/dataset/train/images/26_jpg.rf.a76881fd849e4e91b61d80dc76eb67db.jpg,24e5dc0ab7d9666af00b40a146ddfb33ef3f24a0e03258e91e374265b5761d43
sangam-Braillie/dataset/train/images/26_jpg.rf.eac01df86e8e98a8e4e32b5d5d7d24f0.jpg,58f112a85883811d0293ff653e9feb37171751ae11c1211478ea9740eb931537
sangam-Braillie/dataset/train/images/2701_jpg.rf.602c5ff91c66aa76d31159e9ff0dd971.jpg,93e2812fe4fe1e948800f3475996ecc1a1b566d4800d9701d766970be3afb003
sangam-Braillie/dataset/train/images/2702_jpg.rf.29024c5882a31a549b75963198591789.jpg,e1a0396727f7caac6639821db02e77c29e43b614af7c6d32352885970cd73810
sangam-Braillie/dataset/train/images/2702_jpg.rf.551b06de7798b2c111e94b6164e64a2b.jpg,172f3eeea948b76eebd86e8ee68674d23bb996fd2f4ea9bd1509eb0ec795e828
sangam-Braillie/dataset/train/images/2703_jpg.rf.6794838e614e422c4ac5a2b1651706d6.jpg,a531206fbc3a9f88ebfd0fc55d997a51921af40cc87c5ca5d75620bb6fa3e1aa
sangam-Braillie/dataset/train/images/2704_jpg.rf.b04f6b2edb5f82326561bfdfb8a2283d.jpg,2658cf7cc5d13d3f2cd5d2013541bf1eeab3929f29e6a0f9a7e7cae1750d4ca3
sangam-Braillie/dataset/train/images/2705_jpg.rf.0fd3466c1feeb56f06da11719f1c9d90.jpg,14431901beae57772247e8e0f4f148203a0a702ee01ba6cc3afb32296aac862f
sangam-Braillie/dataset/train/images/2705_jpg.rf.adddca5be58fa17d1c386c1c4ff506f7.jpg,01e02d9fe4137d7d64af9cb3856eb5546562acdc34794e61dda342dd100cfe02
sangam-Braillie/dataset/train/images/2706_jpg.rf.b730e6163c22d03719e30f8ef9321d28.jpg,f70c07cfeef184953ea80ce3b32ad8cbfe777c96e9c40ea920f8c201ecdc1842
sangam-Braillie/dataset/train/images/2706_jpg.rf.b8a59cc4527d8d3bc0a72bd95208ea54.jpg,84b2fc5a923f13105ad079f100df6267f32a2464bd14f27d1a83ec1f8e2120ec
sangam-Braillie/dataset/train/images/2707_jpg.rf.4b98c0fd2586b33128676ecac7e2f3e1.jpg,6b7e5747a29638d82fed2e907917341cb2507eb055a6dcdcb86465b3557ac8a2
sangam-Braillie/dataset/train/images/2709_jpg.rf.20f70571cfb46265a40ba8ee0854665b.jpg,dc4a23593975bf612d3cba74af1e89342468635dace33ebda1f66f7db415dafe
sangam-Braillie/dataset/train/images/270_jpg.rf.e2d431182397478813755dfac1fafa2a.jpg,17e90cfddbb9fee853dda7c5478b88dbc0bc0b3d21c482b6180413a44d62fbe7
sangam-Braillie/dataset/train/images/2710_jpg.rf.b09fbd75f3be9555411fa4bdaec89c29.jpg,6c58afdffcca4865e9e61eda5e6b1e0769738a83430ec88fa1aa8fe745910563
sangam-Braillie/dataset/train/images/2711_jpg.rf.27c672842e81bb0274443b35d1d27f0d.jpg,cdafa48d88e228454aec5407f2bd9e3ffdc1f5f5cf1dcd37e2610fcd15c63323
sangam-Braillie/dataset/train/images/2711_jpg.rf.d521b21c2dd88f7e46f4f4e09a4e4124.jpg,8fcaf8eca7eb414f3624eca2aebe7edeff855b97d22ac7f566601ef0b5faf767
sangam-Braillie/dataset/train/images/2713_jpg.rf.4d9941982de09232f86ae538df6d79f9.jpg,21d75cf7c3bf30f50344c03061feb21013736062fc21c257e062e419094dadb0
sangam-Braillie/dataset/train/images/2714_jpg.rf.88ca3442881ef3929b17cc5b53033189.jpg,d0a4bd6bb1aa6114fa3e17b15f42765adb7a6a6326a4d60a734a0d837f051af5
sangam-Braillie/dataset/train/images/2714_jpg.rf.def77c108e36df84ecbc44a2531b5259.jpg,fb12be72b587b2aa0aa26a622b0b78a6c39ef23e9f4ef9e47f326a94cae0a00e
sangam-Braillie/dataset/train/images/2716_jpg.rf.8c38fbf589e101248c84a07c0644bf5a.jpg,dec968b75661f67e093caee956f98936fe9a66c973fc3a0746fce59fca16f9ab
sangam-Braillie/dataset/train/images/2718_jpg.rf.25a83dd8c027b76932831c8dfbd38be4.jpg,a0ceb1819b977339f51a9603b86a2d2c91a77b779b26c4f1673289e07315d76d
sangam-Braillie/dataset/train/images/2718_jpg.rf.83ad093874126d6612cd945b33d8e6d6.jpg,684779b5b0de4937122f1893387e24c5372a5111ba43b4e04fc18c535b53719d
sangam-Braillie/dataset/train/images/271_jpg.rf.8f1fc97fde9a1bbd4129198c0660457c.jpg,11c33e482828ce5011a36d567979d1cf1f1e8fcde589991d2f49938f703f565d
sangam-Braillie/dataset/train/images/2720_jpg.rf.c0a7c5e3a5b1b8998f5529af6fb7a093.jpg,5f15cb2d1865efd2b21063cd96cb3f522c285a4be5cd1e6e16976e4021cbec25
sangam-Braillie/dataset/train/images/2721_jpg.rf.8fdba0794037c1c296b861837728a3f5.jpg,6a20ab0453640c94c3396dba6eed89fa3f08f165cc6dc8b1389b8573daf3a5c8
sangam-Braillie/dataset/train/images/2721_jpg.rf.f7ee95d9dd18f1a0bbb5521310939d50.jpg,4d1fa4a094a23adeda1bdd9597cf1fb0f079fd8935e747d5c19814ed9c6ceb33
sangam-Braillie/dataset/train/images/2723_jpg.rf.1f0437bac81ff846f63f0884c4fe973d.jpg,ff45f615a1d86592e0f1597164b25d4f424bb39e230c7896ba0d548e8460c0f6
sangam-Braillie/dataset/train/images/2723_jpg.rf.4c3eefd567ea71ca84353e4e16269e21.jpg,75b00fd50380479d4aa5bea225c8ca4e4c78ff7b28200742ef099e1511462c39
sangam-Braillie/dataset/train/images/2724_jpg.rf.04c35bbb5b4ee4d0e835232f3e657fcf.jpg,dcb62252d6cd4d17a3cec7ecfdeb20c527add8fd3c0fb6235bcb7aa25a6b26a4
sangam-Braillie/dataset/train/images/2724_jpg.rf.f129fea2693e0b9cfa26c24a02aad3c6.jpg,2137225b077552c472ca22e4ec627a37e527c9b10de333a6bc9d07813fa61dd1
sangam-Braillie/dataset/train/images/2727_jpg.rf.bc2f35b4c752ca42f43809f308968e7c.jpg,899b24314e4349ce791e548a7adb878403db4c10dc59c28caa8023a6f2014396
sangam-Braillie/dataset/train/images/2729_jpg.rf.26c3845fa0a553c0466d6ee5e4913d43.jpg,25041f61c74f7800b16f1e5ed5cf6b397d41d8e0282fd36cbadbdb7b8c64b770
sangam-Braillie/dataset/train/images/272_jpg.rf.87317549b7ac712f1c413c7c0b4d98a8.jpg,37b0405b98ecea30c7fdf1784e341ef76aaa7f18c49546f99d373dca4ccb40e5
sangam-Braillie/dataset/train/images/272_jpg.rf.8ef9750ed2d6f53e3f2efe2adfe51cd1.jpg,c61bbb5dd6853d4a3474f15ff506f511de1fe7c831b0c833b78c84d6642cd870
sangam-Braillie/dataset/train/images/2730_jpg.rf.4ef59bcb38aa4748b6768870d3ad7193.jpg,cf3fdf23971b7ce69809261bdf03275e44978e1e8edc54d3b931bf37905ce12a
sangam-Braillie/dataset/train/images/2730_jpg.rf.5fabb3b5dd3e4bdb19ced49ca73f7de1.jpg,eee6ce360ed6417aa4a701b99fc78646304372513f2e972c17e628e5d7dc8a60
sangam-Braillie/dataset/train/images/2732_jpg.rf.736d158d24a643656d066b9e4496f2b8.jpg,338e53445baacbc5b52ac0a1be714901da835af0342adbca65c4440303bdb45c
sangam-Braillie/dataset/train/images/2732_jpg.rf.8f0197e28bf6f927d29a8ed4532b7d1c.jpg,23fe1f8af1245fa8697f3def0c41c35478e23e07d7458be67c439b86345cd14f
sangam-Braillie/dataset/train/images/2733_jpg.rf.e4c176388b5c85ad66dc81e809737bf6.jpg,da84f991fca17c625b2ed2c4f155199d577cb93fe6b9a62a13c90bf1e6a05959
sangam-Braillie/dataset/train/images/2733_jpg.rf.ee23208168a1c6fc1a620281e4d255ee.jpg,fd58325e7e3422db2ccd9a58fc3cc5fd2fa044e23f5c76e3178f46943581ddd9
sangam-Braillie/dataset/train/images/2734_jpg.rf.1433c4dbdac066c4950a01efabe99dff.jpg,5067f0eff17ecddc84f2dbc20957ccfea3d1cc2e3127c8be59c46b06df9e74e8
sangam-Braillie/dataset/train/images/2734_jpg.rf.1d826e1887e9599d20ed303361a78b66.jpg,eeda116bc5fa9c84c5461f9697ec5bc805a3b43e3f0b3abc4f8b35a5441f2c81
sangam-Braillie/dataset/train/images/2735_jpg.rf.32d6dd9a2d855809cc25f9e5e3afb5f1.jpg,98eefda291240954298a6ac75f928f5140d424d1377e3b2bfec486f405c27bf3
sangam-Braillie/dataset/train/images/2735_jpg.rf.4185ce6a2b920b7761ea53573d4e5c92.jpg,fdc1082e386cf93ec366376f61231f781b9917918d1732bf17f7f2085bfc5dc2
sangam-Braillie/dataset/train/images/2736_jpg.rf.578949ea8924fa1d14c62d610751bd6f.jpg,8ab99935b4e3e344f0938f93688d81281243d3ee7bce6b759c1007c1b86b24fb
sangam-Braillie/dataset/train/images/2736_jpg.rf.aa2bae1bbfced57c415650090fca0b47.jpg,45fc05e2138081945d157eaefb26541ce6977b24aaa029d6d0c2898af69d018a
sangam-Braillie/dataset/train/images/2738_jpg.rf.7c09e840d37d9f3614bb3cefc9f17fac.jpg,ea3517fce02eaf51671a223e9fbc0d59f27910ef2fc2e2b1ec1d8218edc19323
sangam-Braillie/dataset/train/images/2739_jpg.rf.4619eeb8173cc61ee42529057849ffd7.jpg,8c81bd8d4fa4f8884c5cbb39aaf2e1a4f853d9c23ea78c96400dc464291d6655
sangam-Braillie/dataset/train/images/2740_jpg.rf.c066cb6804f3969b889dc731d2c5e74d.jpg,2fde23d88b1bb6e2a6647ac2b51c0eb40e9acd6f335e124961a3ce254aada7eb
sangam-Braillie/dataset/train/images/2740_jpg.rf.c4d30516ce1e5ecf34baff1181e854c8.jpg,a6470afeb3d2ebf8a7b7107001435aafa17a4b9fcf54b3c9bc463dcff431a10d
sangam-Braillie/dataset/train/images/2741_jpg.rf.124cf16d865185992852b2719af32587.jpg,7bd6060db470bd1e2087f8d18e76f5097820926581f123d1ebc0ef403791c384
sangam-Braillie/dataset/train/images/2741_jpg.rf.3d25e2a578fa41bc2d56eeb5527d4ef9.jpg,a183086a20d0e035431dafb03a6c09db5491d41e3d767b6061abbb01be97ef62
sangam-Braillie/dataset/train/images/2742_jpg.rf.16db1c833a58cfac950b0d5af185ac81.jpg,defdef34302ac32b2dd09239bfc157c542b529d4ca50e3a96f02d09617463521
sangam-Braillie/dataset/train/images/2743_jpg.rf.2de24b0f352d3de5a82eeccc53d1f924.jpg,ec4dc620e8e60ff8e7931fd46476b7856e3a8bf3dedb36d1fbe30a9df9f00f37
sangam-Braillie/dataset/train/images/2743_jpg.rf.cdfd51223e98ced43da6eff3523bdd5c.jpg,011344988931795e0bba2b47f3b61af5ceee7bce3c115a95ab49e5a967d57323
sangam-Braillie/dataset/train/images/2745_jpg.rf.80c1648518f8bf2ac3813280e7e806a1.jpg,b83c882d404574e1f17370ca46523af60a23c5ec714cd1b48c428333ac871963
sangam-Braillie/dataset/train/images/2746_jpg.rf.2900cb31f05b01a6bc964ea90b9e9bb5.jpg,2c5cadf89a226a0c15467b6f7ba5138da0b035960e3cd3c890e75e600ef898d3
sangam-Braillie/dataset/train/images/2749_jpg.rf.8d1be6d375c82d4b7edaaa492750259a.jpg,aa0dcbf89fd998d2cc1ab51ec68331d7ebea5fbae99dce452d24be77b295b36a
sangam-Braillie/dataset/train/images/274_jpg.rf.1954d233101d41ba10c4974c8107c771.jpg,24d3dfb25d9d4cfd661ceeb4d77f752fa26ef7a32421b5834040649f15a67433
sangam-Braillie/dataset/train/images/274_jpg.rf.c2bec2408764e8dccc2f17cb89e79f50.jpg,e40a8730a2d9aa06b11bf8137e4a009802f149e4a75e21eecf97eb2cc6008305
sangam-Braillie/dataset/train/images/2750_jpg.rf.c627107aaf1fbf478a56ff5b78f9133c.jpg,877dae471eca12ab5cd390c1052149522afcc1936b7f1e971e725729993b50a6
sangam-Braillie/dataset/train/images/2752_jpg.rf.ea08d1734d9fddff3f8b15f1c1000253.jpg,93cfb4becd020483d006351808e7b99778b20cb8f73cefc88cbaad6345faf318
sangam-Braillie/dataset/train/images/2753_jpg.rf.54bad95e37d63a015c7a011ccf26c454.jpg,b65754654934176169a01182eff17fb77f422cd872d5c6a6a83bd73ca70e6d8d
sangam-Braillie/dataset/train/images/2755_jpg.rf.04bf0065ac0d3d903a09bb0542aae0bd.jpg,1a8bcd22f3ba75248f4d52955f30e4a92f4c47758bd8759fccce022609995d71
sangam-Braillie/dataset/train/images/2755_jpg.rf.e50d04ee22719d8c12fd576cdd1ad730.jpg,9623deabb7e0c6967f3430c0f8e81a2fb60debefde7211518e3c04c689f5f79d
sangam-Braillie/dataset/train/images/2756_jpg.rf.29736dc9b99b3231cc5bd73292b37b3c.jpg,f7d7a3e35c26d22d3b867139e05f81465144afdf96604009c9e60f29c229d423
sangam-Braillie/dataset/train/images/2757_jpg.rf.2f82c58a4e2ee584a7b0281b1403bfd3.jpg,f8254ea8e49c1e6c89e82989100b696fbc1e543fba7b8b63e7e0a3950a28cffc
sangam-Braillie/dataset/train/images/2757_jpg.rf.b008d3bd0e9add5ad368cd9cbf6c5fcb.jpg,96d514d01b55464357a5dcb5ac27adee269507a064d59254a201ac669dc50146
sangam-Braillie/dataset/train/images/2758_jpg.rf.a367e546a3cc4ddf0363a90107452b53.jpg,afe787e66592e1a37e4673b4ba4ea4e1cdf79ea6b005fa264425a0101a07bf64
sangam-Braillie/dataset/train/images/2759_jpg.rf.217a5476dcdea3923c8695126f2e496b.jpg,0f2888137226d17b6896e1bb43be3500bc051cbdaa58d04f90eb7a7da3c8587f
sangam-Braillie/dataset/train/images/2759_jpg.rf.b98f4f2fbd79679f4218cadc8de41816.jpg,2610ac2c78bc10c252d9846c2e91e1f4c38f033afbc4ca6e688012325f81f67a
sangam-Braillie/dataset/train/images/275_jpg.rf.e76169ee3fcd49c157dc9f7095f230b1.jpg,61c0f1f9472c9217c5f2fbf30b2e9d98175feeb35442132b951f90bf8e62f660
sangam-Braillie/dataset/train/images/2762_jpg.rf.691f4adbdf195a069763bab30155ae5b.jpg,ae8e2b2aaec129c419385d8e0bef28d9a50304afb406717c51c7b68f640dce88
sangam-Braillie/dataset/train/images/2762_jpg.rf.cb48d9d655cdc332241a564314c87a2b.jpg,f24d1399a291e7300cacce2616054872307cc8344b977248d89ddb3a94c9a806
sangam-Braillie/dataset/train/images/2763_jpg.rf.4621472563b6ca5fa5e8a5dda16ecaa6.jpg,0dfd93520e8dd2710be203d5a5b86bb9213470096a101bb2d4d41d6a653d13ab
sangam-Braillie/dataset/train/images/2763_jpg.rf.b653ab370acc77bf46318316a46438cf.jpg,23bcd881d954c2b7168a2b54f6401bc3199271e6616b06a0b0fa713a55def7e0
sangam-Braillie/dataset/train/images/276_jpg.rf.9c7dbc687cccddef371a9c9a296e5f64.jpg,8cc86dfec6150c8c7dc792a33426776d9de58254167f856ea8d39f37e8f702e7
sangam-Braillie/dataset/train/images/278_jpg.rf.24b23a3559427dcff847118def6f78a0.jpg,fdad24eb27a3aa82e30224693da669a88785bb2d5c515ad1f21e22a06faf25c5
sangam-Braillie/dataset/train/images/278_jpg.rf.7a2039b07ef5d045c7f673b16b00a1e5.jpg,4a38f5da6b78a11ac4893e5cd05c705522808272b2223ebeab536478bb207344
sangam-Braillie/dataset/train/images/279_jpg.rf.20517cb9f75b18ed60f748ad70d7bc50.jpg,29c09507a00eb9bb3099816dd77d4810b689b13623f74b7167a7b646940028f8
sangam-Braillie/dataset/train/images/279_jpg.rf.9faa9f8f0e0964f5fc7d390567d6d8a0.jpg,ea9bc2724ccfe4a15c83776638a52533cc8732e4f924d45deb1e140fe0df57e6
sangam-Braillie/dataset/train/images/27_jpg.rf.319d6ce2a3eca5fce7e8b8b45d1a697f.jpg,97e7d8d46f49f5c94fb9337418c2b450d71b8c1414d8e9a3b964e1eb07a411f0
sangam-Braillie/dataset/train/images/280_jpg.rf.5df12c35cd80df3a426c27de7523401e.jpg,7a8e26f562bfd34e31d3d24505c261aeb2d0a98988b583a62f2def9615f55159
sangam-Braillie/dataset/train/images/280_jpg.rf.911eee5bf3ef8db751696bf23b032663.jpg,d118f8b37e81902e5cc8c7a6ae5cdc30a84c6a587abcb2ef0a65f43413d054bc
sangam-Braillie/dataset/train/images/2873_jpg.rf.309dd7fc3f2459091a31399d6015a7c3.jpg,a7030d6f9fe3ba577a3497050f0711a8b44fe36c9ce4dd9b95b820c31c9f88cc
sangam-Braillie/dataset/train/images/2873_jpg.rf.aaea69cf38ea1558a8db56330fe339af.jpg,93c9d1b6128b4bd0c5697866c8b3052bdce7b6978e8edb8a70ed58a774c5e9c9
sangam-Braillie/dataset/train/images/2877_jpg.rf.d5e9d2fb6138b9b46e2eeeaff9ec951b.jpg,dd8012ab16091f9681ef28d0630da0acf4f72ec715232beba14f661e27982323
sangam-Braillie/dataset/train/images/2877_jpg.rf.e179f923562391ac5ff54cf58c75464d.jpg,773ab2fad9117e8b938368d368d12168ff46700433e808eb9dd17018dbf3d2f8
sangam-Braillie/dataset/train/images/2880_jpg.rf.4e720bbe8d058770700be5bb9c8b9e3c.jpg,11e38a803364dbe3145f7a5ceac7f4948d3c55d1771e18f1c37ced34df90ddfd
sangam-Braillie/dataset/train/images/2881_jpg.rf.445dc01b53d4113b5d899b5afc877f66.jpg,c7d496de39a84562cdcedc23b8536d90af0e4b78d0afe8d377fbd21e69fe2be5
sangam-Braillie/dataset/train/images/2882_jpg.rf.029bd28bdb110d9a2182c6a73e3bb865.jpg,9d24ba6d50872aa1f4fc606c056a6b89926bb3f4fb609936f6c6780e50cb2a39
sangam-Braillie/dataset/train/images/2883_jpg.rf.b483b6acbf110da0f0f1ae364a8c30d7.jpg,c5660006268093559ec3c555181d4adc644996b450ad7814237948a7ad46ac9c
sangam-Braillie/dataset/train/images/2884_jpg.rf.3e543fbf7b0bed67f5a21db3db4913c2.jpg,2986a30afde8333d0d6e9c82a60a67135b50a4f79c5de07d50cbc072f41e16aa
sangam-Braillie/dataset/train/images/2885_jpg.rf.216ba217ceec1b9a2629e9ff3723d98e.jpg,26ebd2100ef42285418581e85bc959f3d7357dbf32f75a46620a8d1473f702a8
sangam-Braillie/dataset/train/images/2885_jpg.rf.f0aefc1db3fd8f07e1279478c7ac0e32.jpg,a52dd4d5164630e879e1ccea40bf3b900eae41ed944c468fe92504ebb1c13908
sangam-Braillie/dataset/train/images/2887_jpg.rf.27e9c835c8b05d8e354122dfac8d6039.jpg,435ef14bf0745cab2d4395d8489cb66de0a6356927ab17949ebd003b04bf3069
sangam-Braillie/dataset/train/images/2887_jpg.rf.c00e991d2a987f8ef701d2f6aa601372.jpg,833b9ca20ae9c795a83ade02472c30664dc5dde28b6f60386d613b10ab72b570
sangam-Braillie/dataset/train/images/2888_jpg.rf.1a34cd36268e159bcd0c05d19c985e1e.jpg,449a6fc250968bef859d467b6b6f6e9303196ed2b4490b8dbca9f8872137b580
sangam-Braillie/dataset/train/images/2888_jpg.rf.34533152f4923f8f2b500e670b3e2630.jpg,8f020b697a6bf5f5930c7d8675cf4a545f89555e5b998368f30db144aa350e4c
sangam-Braillie/dataset/train/images/2889_jpg.rf.8e1f63b9ee1ac69fbbe05a28600bff55.jpg,b1f334f6f9513da2780cb3c9dd2552ace50542598a94bd02e229b637c3b39cf3
sangam-Braillie/dataset/train/images/2889_jpg.rf.aad3c8d088e2bcd6ee83646f629c1ae1.jpg,c7a6a6432d4db9930b7e1f77ac0c1f1798616e73041171b5a8499d721f6e6eb6
sangam-Braillie/dataset/train/images/2892_jpg.rf.d946b9670783ad887f174fc5ade634fc.jpg,5f40074760e1a87d80ae11c93b62d6157ef9380eed9c3d64e63c547252ee1067
sangam-Braillie/dataset/train/images/2894_jpg.rf.ab6c2a1914aa85d0f1f729548746b321.jpg,424c70762c1fd65ab77ae7405bdfc3448482da2c8df5f3d7df46b1715682070f
sangam-Braillie/dataset/train/images/2894_jpg.rf.f9c102dedc632fed3216b0420f83b828.jpg,2af0e4aa4fd65f096eee836e65364b8119f01ea60b284a517c4c70ecbcd6dd06
sangam-Braillie/dataset/train/images/2895_jpg.rf.78b7f51055a50a6f14d4c1317e85989e.jpg,ec3eb52730c22071cf618a145685d61c22ef88b086eb8bb452a84995d7f5440d
sangam-Braillie/dataset/train/images/2896_jpg.rf.087a44dfe60def2a12c90623fbfc7ca5.jpg,4c70de94339acb3407d64168a3b21018edf5a6d0bc5ccb331a19025f3c23d74b
sangam-Braillie/dataset/train/images/2896_jpg.rf.7ff458cc47464aa0bd0a2a3980b44d28.jpg,18d649e141ff36d77c3f74bb19b281dad8d417dbb3d08ea533e599f0689084fb
sangam-Braillie/dataset/train/images/2897_jpg.rf.b3fb307db7c10635feba234c9a388d7a.jpg,4882283a75dded54f24df2d01238d13553ebb485eab0f7c9a9c07a774a9bc908
sangam-Braillie/dataset/train/images/2897_jpg.rf.cc6d849cb94b8c7dd304e84b67a31599.jpg,2a82def5a0ebdce55a3e3e7bedf1e54e36597e2cb73cae08c572e29d0de883ad
sangam-Braillie/dataset/train/images/2898_jpg.rf.a2c29c654466d536f475081666024525.jpg,ac28b9937292d7a32629812c8e5cd61bae9a0e176e22ea107e578e7061a18f03
sangam-Braillie/dataset/train/images/28_jpg.rf.f82beaeb398d2ed2021595a780ff5701.jpg,19662863bc53d0c9323f21eeebefaa11c20f1d321d5c56f9be3832798619121e
sangam-Braillie/dataset/train/images/2900_jpg.rf.64f36564180864066235ce92808400bb.jpg,7a67f0222e5e8ea72c638df4d04dab7c53c93f30ed3b38fc9f80f18864241c01
sangam-Braillie/dataset/train/images/2900_jpg.rf.68829d3d5c968e335e1fa72eec5dd221.jpg,8f1d387e0dae642c1495613e3a77a0296323faadff47e7f68d2c6b85dac1c0b4
sangam-Braillie/dataset/train/images/2901_jpg.rf.d91f67c43053d704b25b7e4b583dbb7b.jpg,99e390f59f974fc1eb9177dce2123d53e25988f912e25689d3f5a0430130b313
sangam-Braillie/dataset/train/images/2902_jpg.rf.bda067910c97a8c9f7b68925169323ee.jpg,374011e6be9c5aa0b11abdd54eecb3b34e7bc0703440b6900e90ec585834fa6c
sangam-Braillie/dataset/train/images/2903_jpg.rf.1d4b37c7c9744e295bd84620987215b3.jpg,8699a94c503aa24c53ef079d2cf21498104f7f7f79dc63e2e7fc192d3d88d8fb
sangam-Braillie/dataset/train/images/2903_jpg.rf.64ea28fc2d52c4a2a20e0a2bc7e692ce.jpg,ff6239326332cd5c76594a423dcc79be36fdbaf0784d3ca5da02d561a9502559
sangam-Braillie/dataset/train/images/2904_jpg.rf.630f5bc76a9a5d6b21b0a7ba3394db59.jpg,0b3bae68db46bb4f3c11fa9a9014325c2b11683900d96e1a02fe80717baab949
sangam-Braillie/dataset/train/images/2906_jpg.rf.7e59314f56672904a6861ca76103979d.jpg,ad3efb6ba86b463088bb507ee666dc1a61b75a9a7070a391aa3451ffefde24ce
sangam-Braillie/dataset/train/images/2907_jpg.rf.50b049a4e2af114faef7baaf8816a093.jpg,16a76d41508416b049fa3ae71b978bf60d73560ce02abf99a05bba16f180f35d
sangam-Braillie/dataset/train/images/2908_jpg.rf.289e8024d5eadf5a1091aa4c56ce374f.jpg,2f8b8bc1e00e2dadf405337792132d60db4175e4b220433a964861f679f272f1
sangam-Braillie/dataset/train/images/2908_jpg.rf.e126b082d3cde026a859cf54082417b6.jpg,0b4b7451fbed686751aacce65c4c38ff833c3d5d20f6bb707f8b19cbc3bf5948
sangam-Braillie/dataset/train/images/2909_jpg.rf.fa3aafb0b54f5cddc715e68e08b4586c.jpg,bb367ee9eee62e9ab1ccbd04466384455613afdf56d29034583366ef066d4d85
sangam-Braillie/dataset/train/images/2910_jpg.rf.60aded01b9e99372c13ae0a9df432e8f.jpg,69283e6a48b2d6b12cadcb7a964e11d9cf823cab76df122d8437fa532091e28f
sangam-Braillie/dataset/train/images/2910_jpg.rf.d9c79f8638c2c63f7aa4cf37c97f9fd7.jpg,aa80b2cd11b59b2dd4b0616565c341cfffd698190c455dd0a8bd2fcf7da11b15
sangam-Braillie/dataset/train/images/2911_jpg.rf.39a203e0f69dd31c4043ead2d3b032a6.jpg,e06c1d0037d2b8a3701202de378f5b81fb202163c7cfa5023301cce889cc9c81
sangam-Braillie/dataset/train/images/2912_jpg.rf.dd7e392e673907735b3ce31a541f8f4b.jpg,a1a5145301753c8e4364d6b8e97f768e3a05e607109b07ae6ce79d84e28d89ac
sangam-Braillie/dataset/train/images/2913_jpg.rf.0bc5f8ebb2eb8f5dc29bc74e0afb1933.jpg,5dea7079344f7c32682c8192788987c09ee09d1847b090fe75b396bf93071490
sangam-Braillie/dataset/train/images/2915_jpg.rf.1ec8dd6d4a6416f8976b5ff15de35532.jpg,5263ef1736f31fee3516f9e436c2c30104557c8f97702a77beb02ab86b181577
sangam-Braillie/dataset/train/images/2915_jpg.rf.529efe42e9dfd79965b4a4d92b972a6c.jpg,01dec78f4b8a82a5efcc62589f6b192c8794c70d1073c679964e98b487f786e1
sangam-Braillie/dataset/train/images/2917_jpg.rf.18fab6510e150afca4c819132c5e2e2a.jpg,f81577f3a87c32c1f5f14a84a7bf01aaba1212f5058dc6c2fc30f47efa674d9d
sangam-Braillie/dataset/train/images/2918_jpg.rf.b7f2ee73bdf0d6ccb0e904cdb41c0e7a.jpg,d74d207223bddeeddf9096cf5eeee11a948fa3dd8f6e911ee1dd9e6b2bdc1c5a
sangam-Braillie/dataset/train/images/2919_jpg.rf.5adb94de5845eb2a508c42b880f595b0.jpg,692716343c1d87b913db5161ea7f73ee3ca4e6f5d25f0706c20674789e341045
sangam-Braillie/dataset/train/images/2919_jpg.rf.be3a78555b953e91a8a7ff3499974377.jpg,6c1fdcb2fa813c6c9277a37a67b032926881e708a8d3ff758640cb270bcf06f4
sangam-Braillie/dataset/train/images/2921_jpg.rf.a43a4a38fdcc2881a8cc6cd5fc72391e.jpg,0c084b58a5ce8d41cd54cc4bd4a0498c59cde68d6f730803b0fd6ceb9dad7613
sangam-Braillie/dataset/train/images/2921_jpg.rf.d74915ec9c45f14a5f4194723620cc47.jpg,e6982ff37dc4a539ffcd02e193345681192bd5737860c4964b449fab910a9ffd
sangam-Braillie/dataset/train/images/2923_jpg.rf.76defa9b466a96794b2bf7917e3b2bee.jpg,bd22e3cad0b9c517558b00a0b731ca76197e5641d2f80db6b013f4b272dff205
sangam-Braillie/dataset/train/images/2924_jpg.rf.21a828e496357964ac6acd623007cb71.jpg,bb8350cd2737ddb837c1900abf5bcbe225b444ad3d59efbe1312ee80060b64df
sangam-Braillie/dataset/train/images/2926_jpg.rf.92a81bb9d1296eb92bc0badca1908976.jpg,a13651fc3feb2d5cb8eace9f644a0c94743c9172616dbec6ee8ee9eae1316f8d
sangam-Braillie/dataset/train/images/2980_jpg.rf.1c9683d21cb5fb369b775f91e433ee30.jpg,a8944631a18aef2108809a196a60f4690f9f21595fb2edb8909e96531b209676
sangam-Braillie/dataset/train/images/2981_jpg.rf.814e6917831f497c61734678c4dbce19.jpg,cc75f5ff1a4d1b849628e17afc2f21799365c09a14e93bf84a22d7a790cc55c8
sangam-Braillie/dataset/train/images/2982_jpg.rf.cfc4793ae8795bc388fa4431e75496c2.jpg,367a637408493d21bb991b7575d5912e3056666a47826d7c435d65a66bb60434
sangam-Braillie/dataset/train/images/2983_jpg.rf.545e0a43dd75d0db96acea9d4e43bba2.jpg,93a4b9e489d20be85071f1c379046b80a40a958ce287e0b81b5134b9ae1d8ed7
sangam-Braillie/dataset/train/images/2983_jpg.rf.732298c49b9bb00672b5448c07aa3a66.jpg,efe78ee063076e14357187a375bd8f262f9be3c11b18136d8256df1ecf718508
sangam-Braillie/dataset/train/images/2984_jpg.rf.3fc35a6ac3ee3a2856253d4d7497dadb.jpg,44077678a8279013075c30ee48e38a375715948f98f39352a851aa7f381a85f3
sangam-Braillie/dataset/train/images/2984_jpg.rf.5398df6ab2339da4f551a78dfe6a6f56.jpg,4fc8dc91bfa3068d16e4c4bfd4cbaf010b2f08fea180b763cbeec63e8e318013
sangam-Braillie/dataset/train/images/2985_jpg.rf.03a7a06b126f1cade8e26091596396c0.jpg,99a0808500ef9f86651b2f1dadddbce992a06d61ba6641129545d0b1ba216739
sangam-Braillie/dataset/train/images/2986_jpg.rf.39d8f93ff71542a63c2b31e6ba132144.jpg,2aef51633753bd261a242e1a738084b079f63d9e971de2b3e46f3444e1b765a4
sangam-Braillie/dataset/train/images/2986_jpg.rf.b797067935ca396beea161ee9fbad725.jpg,156b6a345e78625b10a98124e239d173dcb7ab20e8717398c9ef89fa589c027b
sangam-Braillie/dataset/train/images/2987_jpg.rf.1e52b002ea8ca12da2449aa2673ced6a.jpg,db75c2fa093b8ed322e2f073f298231fcb7b59e1cd176de37b2708697a66b0b2
sangam-Braillie/dataset/train/images/2987_jpg.rf.ef9602ac501e065939f42d3995cb94d2.jpg,71dd944217a97ceb49061923435bcf7ed6bc3fd9a9219642eda0895a807fa768
sangam-Braillie/dataset/train/images/2989_jpg.rf.33887de88e0716b42cd993278473772d.jpg,94dddcf50433594782126501f71eb6a33863e958df32e42e2825b654bd503a5f
sangam-Braillie/dataset/train/images/2989_jpg.rf.eac17cd370b82bd5ab791b0fa77f25b8.jpg,6969c405a881d18322c07a085e963ba1a8c6526413ed3a8247ee6cf2719e252f
sangam-Braillie/dataset/train/images/2990_jpg.rf.490e233427b1d8535a5306fcf619e8a2.jpg,ef873f1fc0b4b021cf95fb8a97fed8dc9f57aa635c4778a79b237c363667e4d0
sangam-Braillie/dataset/train/images/2991_jpg.rf.a0a329fbae07894060dbc26778c2ea56.jpg,f79470c23afb2e169f697646dbaf2b478618468cc9a310b754e964c3c3069b28
sangam-Braillie/dataset/train/images/2991_jpg.rf.b49569ed71a56cddfc609b04e1be6866.jpg,1e2650b4064bb9cb02ead6b791eabe29dfac4b8d5e9d77de60fb82ae86137d30
sangam-Braillie/dataset/train/images/2992_jpg.rf.2c0fb28b7f22da4448672804a994574f.jpg,8d2cfd78a61f60b253aa7b7e3480b7210583f2ad62370d3c6ce186dfc4129107
sangam-Braillie/dataset/train/images/2992_jpg.rf.e33b48f783dff04a5c29539da5a6ad83.jpg,7eaf8c15cce0c1485cda2cc8e016d44e356e344a3bd1a2f60312d218f74e0797
sangam-Braillie/dataset/train/images/2993_jpg.rf.b1388ebea5fe1cdc4e4fcedbb0253572.jpg,61d2dbf09f4383339e8760acf24d72b08e5e5cb8729c61394e431ab0f5f0c77d
sangam-Braillie/dataset/train/images/2994_jpg.rf.17ba0b9f9970390917577b2cbed460a9.jpg,1aaa833f987f545b7b46435135ae8bfcd7eb20b8a846763aa1a311749fd94ddf
sangam-Braillie/dataset/train/images/2995_jpg.rf.b8f6a2ae98251d23f65ea36cc9f3cd74.jpg,c5acd206837b10f4863f618769345b545b22336a056aa88726e006377afa677c
sangam-Braillie/dataset/train/images/2996_jpg.rf.86b154db7691c190a1247f0e57249bbd.jpg,a8485b15859e6bc01beb99703fb38879e1ed2880d54ccbdfa122b00ae91ed48d
sangam-Braillie/dataset/train/images/2997_jpg.rf.502425075c08dcb378fc53bfd03a60a8.jpg,0f11525691a7f7b128ac90f3788c400779b1d103e6b75b7b4ae1960ee2605c4c
sangam-Braillie/dataset/train/images/2998_jpg.rf.53fb0e9f9960eb34f3cfb4385d979108.jpg,9ca2a1e55db1562a42d243e1691e4f2c684feec40f8ed015008958390036cf97
sangam-Braillie/dataset/train/images/2998_jpg.rf.5cc23af2183be8a7b80b25556d3bf5fe.jpg,d866db1ef88d922b175d53b80b2af22b86c178f66a50a09f6fed937b39b34553
sangam-Braillie/dataset/train/images/2999_jpg.rf.a4d615e218a20cda718a0f5d5df729e6.jpg,5d13957428e05438985d518f95c132d06146982b86a0cc8c873b1a0b62b175f9
sangam-Braillie/dataset/train/images/29_jpg.rf.00a18477cab77987359280854aaf8696.jpg,1a295de9f4f0aa6d8546a5342b1d36ed34a2e9b81f69c395577cba27a6adb2c7
sangam-Braillie/dataset/train/images/29_jpg.rf.1180822d7bfb8370980720f5a4983de1.jpg,18e946bf675be9730a3ca288286fd215282de4c3d2cee3402b623adb780fc628
sangam-Braillie/dataset/train/images/2_jpg.rf.4fb8d79cea65ca586c32f0c561d373cc.jpg,7d52c6934e9fdc4ed5907a8c5e13df31ec33f9a4fd3ab25b92382117bf3aff22
sangam-Braillie/dataset/train/images/2_jpg.rf.64985ed06aa1acaa473d37b498bd0398.jpg,af34d572039cc955bd40963154dd0de14e54a98410b8482e434c3f96dda5fd64
sangam-Braillie/dataset/train/images/2_jpg.rf.f361ac35e4577cf1ec83adb0b69c07f0.jpg,f20669f01a93f2e7010cc6c57a60dde29ea7ff9642e775db48429cea9ed938e7
sangam-Braillie/dataset/train/images/3000_jpg.rf.80d89d4fc85a4623b17e68852a9b9bcd.jpg,f11207d4a013f860226a2c4d4d08d042680d5b38b54ec74f3523ff48e73f8478
sangam-Braillie/dataset/train/images/3000_jpg.rf.de6ea10b566ac79264b8698f148c5452.jpg,22053a26c9bc86384fd66c24dbaf13747a4a6dfd307f96928c9d1fa3b2905ae0
sangam-Braillie/dataset/train/images/3001_jpg.rf.ad621d98543db75e052eb09aa0235cef.jpg,2327916f662cbbb8c9ae42f3d3a8cde7114dc7f3eda1daff77ea6d9317292ad0
sangam-Braillie/dataset/train/images/3001_jpg.rf.d3ca0a0a60b7ef17f24fa7f183225aff.jpg,d8295953bf61a479e400f45f7e641e05089168f02d65a57d4a2548cd8923a8ae
sangam-Braillie/dataset/train/images/3002_jpg.rf.810598c829676e3a9b7ca06f177e1ba4.jpg,ac2b4c552507e845dadcdbc4189e824772343422fef8f0a6a5dff1cf481abf5f
sangam-Braillie/dataset/train/images/3003_jpg.rf.2209e32945d073b5f06c7a9aa12f27f4.jpg,33e91913569725397c2cbede6313c7408402e57afd3301805c6cfacbe2c5792b
sangam-Braillie/dataset/train/images/3003_jpg.rf.db8736ee24e9664424a6e2b8b32c3b50.jpg,1f4520808acfe314e3d604108ca3fb7ba1e715d381d0649ce56bc45903a5a72d
sangam-Braillie/dataset/train/images/3004_jpg.rf.02e0935844329e08523ec9f1fab7b5b2.jpg,6e91c6d5b1e1c12df86123baeb72b9b1692b53d291da687f5d3f4fb30d50a3a5
sangam-Braillie/dataset/train/images/3004_jpg.rf.ff5c4c4cd4e332ff7c44d2ad07f4c6fb.jpg,69457125fac61da62f7e0f49934d330854d18fe5e3b2c15255d2dddf0e0f1269
sangam-Braillie/dataset/train/images/3006_jpg.rf.9a7ba154a1d18fae73986db0b12c8a48.jpg,ba3e6e5e762c2c0b2863ba97ed041d790a715fa5a5f96f6fe60a3b957905093d
sangam-Braillie/dataset/train/images/3008_jpg.rf.51e81621050b12ef62f4c93a5c96c1e9.jpg,58752a4ef27a74adbade39b252e7325a6338931573a48085b921dfa602d768de
sangam-Braillie/dataset/train/images/3009_jpg.rf.125f90a8fd60d86845acebad569b53b9.jpg,342ed5cab2cd2a06ecb067996213a8a75a8ad01ff541560c04f11ec06ed89e39
sangam-Braillie/dataset/train/images/3009_jpg.rf.d5673104ad7e95292243c1fd43b32dca.jpg,6b0f05098fe6db0b3b951845e87bc98f5c5613c17f3a63a476a78a10b4725727
sangam-Braillie/dataset/train/images/3010_jpg.rf.14dc81819583b376f9da23626dfcc37e.jpg,4c99e5240b4c6dab46e37b5fb84754d61da0b7faab0fc56a13d1e01c8b138e27
sangam-Braillie/dataset/train/images/3010_jpg.rf.d2157dc04b23f0a6da1fd96fc26d43b6.jpg,805979d812a045db5a6299ac93e14c56f03df6c3e8387d783c8996fd008feb39
sangam-Braillie/dataset/train/images/3011_jpg.rf.35e8bb479917936f438acaf6593ba7c4.jpg,42cd55326b3eb22c2e51f27642671457b61b2df95346df6c6d3da906bdc32fa1
sangam-Braillie/dataset/train/images/3011_jpg.rf.65c3cba056da2fda8d8ba6f24c3a2181.jpg,fd42e4b11ba7057041f12474ad459f47273612ae835c82f6a77be59751e8bb1d
sangam-Braillie/dataset/train/images/3012_jpg.rf.143e786e211d2a44cdb54b9d4d7aedf5.jpg,ff81e777e15a1054240d82c6c88d9367a2a1aa5462a6460334a08550ad92f52d
sangam-Braillie/dataset/train/images/3012_jpg.rf.95fcef95f1c997652e5140ec624c1aff.jpg,b9d7f156937b3c41a4ee3b4e96a27f4ea3b2ec118b205266660bfcde2b845b72
sangam-Braillie/dataset/train/images/3013_jpg.rf.2b73e5752aa6aeaf064b26600c5ae241.jpg,12fa2d3dcd0d2332d5eda9cd7d847ede6b50d91652d6b4844a23d2a5809cf3b6
sangam-Braillie/dataset/train/images/3013_jpg.rf.6b1ac6325eb4e51533b1b1a89a36833a.jpg,1f03530c3ca85b92227e89ec8ba5ad9702fe23992b0b48cc6844e2d5294dce8e
sangam-Braillie/dataset/train/images/3014_jpg.rf.cbc560be91e1fef0c7f3be12fd13ed36.jpg,585edc2b0e12bff34cc2bdab571e29875907d624fc4b5b6d4bb699526d166f42
sangam-Braillie/dataset/train/images/3015_jpg.rf.ab5a93a912413d8f33d2adafba06c7c7.jpg,1b1ab1e5df79d9310b28dab1fccd9929cc09c474259464d60a55351f15a1cb6f
sangam-Braillie/dataset/train/images/3016_jpg.rf.4aedced47dabfb347b073045bc42d0a1.jpg,74513bcc88ef19b8693af9255a3583c8e5174fe3e2d55a7e634504d6ff83b141
sangam-Braillie/dataset/train/images/3018_jpg.rf.15cc0de96a8f8390daeb2c64f5950298.jpg,761cff073ce12ff7ddfa9c26a96aa37d3f8ab39297fc8906e63ef450531ff787
sangam-Braillie/dataset/train/images/3018_jpg.rf.74185ca8a5ad01a3264803962c64809f.jpg,47dd73f11ed4f06d55e2ef083e3d6cce761e8625281a612e8e016f2ec9fb7144
sangam-Braillie/dataset/train/images/3019_jpg.rf.74eb49957b99707638101eaa0aeb968d.jpg,66cc27eb8e86f33f16441253ae9d8bb5b1ff65ccb880902ffae26efcc3660cdb
sangam-Braillie/dataset/train/images/3019_jpg.rf.c2543847de9fbcb75c0f55a5a1985653.jpg,b669ea216d925a59f6c6471207627e86f2bce55e7973b1b94be08b038b3c1191
sangam-Braillie/dataset/train/images/3020_jpg.rf.8a3de7e03c36caa32db5f6f561c6412e.jpg,3283bf34ad037a2b71f4728a8a5cd73e9570c14ca015ee81f1c2a2023000409b
sangam-Braillie/dataset/train/images/3020_jpg.rf.e3e35afd51942334b605a433800aa2cb.jpg,029709fc2127446a99e9a56a6126537624afbb6be18067394c92468363a934d7
sangam-Braillie/dataset/train/images/3021_jpg.rf.6321cfc5e99969786d3dfb809811b7a7.jpg,387513a9b4f5db4fff0e99609e7b717f3a271bb5ea2507544155a09fd8589bed
sangam-Braillie/dataset/train/images/3022_jpg.rf.af127f316ffe8bad542c57c0bf5f1a7c.jpg,7cc0882e67dba0f7c4e12e248633d63061bdfb47dbc3bc41861ef7adb2ecc36d
sangam-Braillie/dataset/train/images/3024_jpg.rf.72c366d12af94687e05a646ae94eb588.jpg,2ae0215f228230ae937bbb994d47168bb207f6dc0b499b2a477fedd42ebe33c8
sangam-Braillie/dataset/train/images/3024_jpg.rf.f4521c4f814b2110f98b80aec0b6f187.jpg,1adc917c4a4c4c6a648c33b2c60ab5b8812746313709271c8821926425ade370
sangam-Braillie/dataset/train/images/3025_jpg.rf.1b80230104758e18867d04a0c772fc6f.jpg,f6cd318645eae307017135e86031947ec110410bb1637460e8a75637b7abf70a
sangam-Braillie/dataset/train/images/3025_jpg.rf.644271a5645468e3121874300b54d21b.jpg,20c1c8ecd7317ffffdad8f7422976f50683a50957751f51a68fab6d579c69552
sangam-Braillie/dataset/train/images/3026_jpg.rf.3f1da6ba015bc2085448d89391421b1c.jpg,367e3509aa0105aee364f22f6cc8bfe35e7367e868d6ecb29734a276de5cc1c5
sangam-Braillie/dataset/train/images/3027_jpg.rf.1ae47977a05d0a682caa3ab12323d02c.jpg,1e938a6d51a2f509beb810099a25108fc12ee4bdb44924111aaac0884e4b0ff8
sangam-Braillie/dataset/train/images/3027_jpg.rf.c7e8937c169c5212dd7c9927b93e055f.jpg,01cec310bfb6cd9d1775d0445e4459a9ca027b4427dbaae7d45ab01251ef11d1
sangam-Braillie/dataset/train/images/3030_jpg.rf.7c8b4d40c2585972ee446597ebca6938.jpg,c7a92637a013b9c894e8bcdb077e7240e4a5d0af710a5c13f4ae120430f0fc37
sangam-Braillie/dataset/train/images/3031_jpg.rf.8290f47bfe114dd171e181678b09a7ff.jpg,cf84616ba385ba53bdf95f61619c886b376a81beb2fcb84c32aeb06e20d36c3f
sangam-Braillie/dataset/train/images/3031_jpg.rf.ff179234cc2cda5395f8298f732246e4.jpg,7c22ee49ed0174d94f3df84d9c11be2f7b0c9317a583496e35c63b9306945276
sangam-Braillie/dataset/train/images/3032_jpg.rf.4590d4d15d31956a5055ad4058aeb645.jpg,706e79edbaea6bbd72e68c3eda1a3e10456d328874c173c98ea91452f2347707
sangam-Braillie/dataset/train/images/3033_jpg.rf.8d3f8fcd632c7f16c8bb7832da715fa0.jpg,446a89f2470d3fdf90148e5c97d5fcccd89932af3bd9195663f411f140b95140
sangam-Braillie/dataset/train/images/3033_jpg.rf.d02859cca24ecf09f40c96c4c9945e42.jpg,d66621d126c4e9b2e8189f0318fa114c281fc76739e11f0801fc58be7f817188
sangam-Braillie/dataset/train/images/3034_jpg.rf.d6ee849433a01f6b53e4d5e8264a9862.jpg,2f03da79d2773633ab76b80c76e079b5bd2c76adcc09c1157e2441a4aad4641d
sangam-Braillie/dataset/train/images/3035_jpg.rf.663601961b1bffe04e3973b798fc517d.jpg,c8197302e3b5f7a67d3ff20fc17aa6ff10b601cce9841687771d048f0b1e3586
sangam-Braillie/dataset/train/images/3035_jpg.rf.70610d82439e9a7796f5a3dd98e049be.jpg,0a50454a0842f515cfd39a1a6b4708010a6fd4a9592858a39f3e9f8b34621925
sangam-Braillie/dataset/train/images/3036_jpg.rf.0b03b51ee4cf8283bf1fea3f07e98fe1.jpg,ec47d96a03c0d1300f295c53b0d8b01891b655e8173ea47905b260af62dde4ed
sangam-Braillie/dataset/train/images/3036_jpg.rf.2d4e88e3b419e95627726d71b1f8ce61.jpg,6e8c52d7cc448c25d2705d93528cd540e5a1fd90449c739986e90bc16d4ec73b
sangam-Braillie/dataset/train/images/3038_jpg.rf.766bf49ed229a4f6961e7843bfe7bef8.jpg,28716ffb16b2b8d2bec36e86f7ddd7ee27b9b300122c37ae8a94f1c2d9977ffc
sangam-Braillie/dataset/train/images/3039_jpg.rf.22c4e78e571895f46f651d59974f7978.jpg,6dcd1db0895ee9cfba9236546d917a8e1083d8b74d3ae92532a3dc383cb2aa02
sangam-Braillie/dataset/train/images/3039_jpg.rf.aa92728bf5f9ecb7a1bd06dc92001aa9.jpg,90ef026982d9e703e6dba0e0c0e86035036e12a890c66d0ab21391f5dd27e395
sangam-Braillie/dataset/train/images/3040_jpg.rf.05ff3212dce78e8f0c9c10ea0c86e3e4.jpg,8cd974c9d578fc6b1db413d399b69eb9df95f081d4cb582f76f00ab9168abd4e
sangam-Braillie/dataset/train/images/3041_jpg.rf.0bd45c56e878a7074d2018aa7a2d2ebd.jpg,ca60308ce7f70b11ea1b41211f9b61bafe8aacd188da20e9f73a100468e43912
sangam-Braillie/dataset/train/images/3041_jpg.rf.d94ea7cfb9b939b1021374cfafc886c9.jpg,a325fff4e1bb4e50f3df8ab557c52ef9c5e8937281f32b53233a24cc8eb8ba5c
sangam-Braillie/dataset/train/images/3042_jpg.rf.3d681ca22659450142d0b8247a4ad62d.jpg,50d3d3c3f132bc39508a88cf3a8740a2513650dd026cf96725d96a463db2d2a7
sangam-Braillie/dataset/train/images/3042_jpg.rf.e5bf2e9543c18bd6509ded8cddfbca69.jpg,d707fa1b2cb00362dbba0199ae4fd0c85dff3df7f82e6623cf287b8005fbd491
sangam-Braillie/dataset/train/images/3043_jpg.rf.9ce7aaf3520979110db0acc30fa0c8bb.jpg,40263d4c1bb48f94323be63c9d4c9bcf055cc17084daddd069f9e053c7302c19
sangam-Braillie/dataset/train/images/3043_jpg.rf.a553d01256bd75158cd3568fbdbccf12.jpg,8e7ba06fb628daf0fb2934ee8758d5a86c8d6327753bb82458299c712244f370
sangam-Braillie/dataset/train/images/3045_jpg.rf.aa7e621e059f6eb50d1abf0b1a2a8609.jpg,3640763a0879e0c8dbcf0a337fd5afe97d4a58d47c04cca98663254c7ad3d0ae
sangam-Braillie/dataset/train/images/3045_jpg.rf.c8e137f6726f20bc44c49c062a07ba79.jpg,7a3cd6c41fceba585a88923e61027d54d3d74e282b96c9743af05dc5b0352415
sangam-Braillie/dataset/train/images/30_jpg.rf.70a2f2e296166a169bc3c4d2d229c560.jpg,2a89171d9fe731e71d6826c6269499c29f7c50d9f3bfb00b7b48008999c523df
sangam-Braillie/dataset/train/images/30_jpg.rf.8553479fb161b009adee672c81e30efa.jpg,9982ecc22f371cfdbc2c940def60160b0e913783b827c19023d2ef34f8bf1152
sangam-Braillie/dataset/train/images/31_jpg.rf.65e6ec3b58482f0a2e0edbd760e1176d.jpg,b7cf00d898012be7e9842dff870c658782a70b62d88935cf6edc78f1bf83bf56
sangam-Braillie/dataset/train/images/3259_jpg.rf.62aec57918b9c32dfd8d6a9d2af51050.jpg,e247528724de9f9dfd161c40898d66b026a9691fd1a9ff65ddbf37796b57be29
sangam-Braillie/dataset/train/images/3261_jpg.rf.41afafeafd151435e0f5a111aabce300.jpg,45b767097caee13a8d0cb94df4dab697c356c5591bc99d91ee64df24b127ac63
sangam-Braillie/dataset/train/images/3261_jpg.rf.6776b3697379349b12bd0a0bb58cc927.jpg,e2cf0ad243a6e3be8bd7eb364d74f8e5ed3ddf6eee7ee364bb58745c1b227f63
sangam-Braillie/dataset/train/images/3262_jpg.rf.4c9b6063e0e747f2245098ea0f0a4108.jpg,8046fa7d63e6f6ba6a8c024e3cb10bb1a984b35dcf19e6391f96993b637919a8
sangam-Braillie/dataset/train/images/3263_jpg.rf.06030c568820a2568ae1659e7f6d11c5.jpg,7ae0c88dfc859bf3982f8eb930796a9501386da9a616cf613872913275bccab6
sangam-Braillie/dataset/train/images/3264_jpg.rf.5238584ce018728547b4b08ecb8ccf0e.jpg,e876887ca8664cf911021aebc10fb5453f618320ba78ae743aa6394a6eb6b2a7
sangam-Braillie/dataset/train/images/3264_jpg.rf.74d448918279d08e637634ba1e206b23.jpg,4ab4f0564360c9efe7c4f4f04483342b22aab9c16051573f3a087f026c202d5c
sangam-Braillie/dataset/train/images/3265_jpg.rf.69fdd9045853ab7f91b1abd9937e0299.jpg,532e789f8041ae70bfc00a3088bdf04993fa085f3536871418cff56f2400242a
sangam-Braillie/dataset/train/images/3265_jpg.rf.e2925592ca7e0e3edddcf696b242972a.jpg,62cb21d5e655a2c2a36268ab9e4c9787f3f27c151f5b49d1ae38a6d8174929a1
sangam-Braillie/dataset/train/images/3268_jpg.rf.c7d53227e85bc91383d61d5c34b4190a.jpg,c532a2b834eed31b485aa233d738b9c9496dc1c3ad95a401aab70f7ca52acbc1
sangam-Braillie/dataset/train/images/3269_jpg.rf.61aeff60bbe19321a44f06e0f3e5b9b4.jpg,de295e41736ff238ba2295aa1b9285d1a6d60cc17732d493ccfad5f6d6ac931f
sangam-Braillie/dataset/train/images/3269_jpg.rf.743cf4cc433ab927f7bd8a9a06269568.jpg,8658f2f6fe1c04fbb1e4eb5fd988a1e2290f50ec33641751b04e7e1a3d13cb4f
sangam-Braillie/dataset/train/images/3270_jpg.rf.32fef57eecd5d0810c5332e90afa1699.jpg,d8c003cf58927a550badb0cda656467a2c7846a5445b1c3e7b2e786a5add241e
sangam-Braillie/dataset/train/images/3271_jpg.rf.0c36cbd4306da9ec46d311936a6a1074.jpg,f8437bef43fbd713fa8206e6974bbfbc93678433c8b7bb332f73e014584e0837
sangam-Braillie/dataset/train/images/3273_jpg.rf.ac0840b2f3ea32345312000ea3f8863d.jpg,e94e7dcf8cd4bc86267be16a7efcb1bfe5eba1d46d33d5ed5ae7092161f5516d
sangam-Braillie/dataset/train/images/3274_jpg.rf.77d3f3626e958df662f8258a589ece4e.jpg,fa4bc3af1a2b917c73ed43a0624b65ed359989cc8cdfadcdd6da5c4ebd787803
sangam-Braillie/dataset/train/images/3275_jpg.rf.4b817539c8db3cb52d4cadb87adab560.jpg,97ed5f62a3bd0c6b9fc71c33c010ff5e01a42b9d3d4419e04cab4e4dd8ba9a1e
sangam-Braillie/dataset/train/images/3275_jpg.rf.c7141ab8e6a3560f12c1717a4311e83a.jpg,e9ba67c78f1e9e780cbe4b0fde82b5dec7660e85f82430e74f320014359d6420
sangam-Braillie/dataset/train/images/3276_jpg.rf.b2035366cefd50a85fb433d91307441b.jpg,bcfcc4a870cb60590fe8331d05b654dcdb9c727040b9f674a451700a5377e8d3
sangam-Braillie/dataset/train/images/3277_jpg.rf.2bd38c9a01a2c86856abaafd6a2d2ac9.jpg,2ee0bb1cdbde6450950488afc44817448f2b888dcdf71249e22354e11bdb6fd4
sangam-Braillie/dataset/train/images/3278_jpg.rf.25086b1dbf28b3134ace325095f3f2bd.jpg,07825de739c36be0d40633d93518f3f8147c1199f8279213652e31ba567b0a76
sangam-Braillie/dataset/train/images/3278_jpg.rf.b01f546a7df350e241c7b5bbc2a6d21a.jpg,bca857647e9f2cbaf4e8ff0d6fddb8db0a01303f054e04e5065a9b074e91a000
sangam-Braillie/dataset/train/images/3280_jpg.rf.a34772fd0e6a57cce00d98331b6bf7f3.jpg,3fdeaf4bba1905be9bba87c6a2b5d48cbab03bd0750a13bc4e63c90ad9a4fbe7
sangam-Braillie/dataset/train/images/3281_jpg.rf.7477441765c0ba63b64a21e7a98fdeb6.jpg,fc2aee480537bda278a00913eb89f9873e622a97c061fc34e4100f8647f774ba
sangam-Braillie/dataset/train/images/3282_jpg.rf.2c5a7f890e2d52e99f513a1c8ce02f8f.jpg,8a188ee9329232488566dc044f503a12d2376598d0f35fa289df02805da6eff0
sangam-Braillie/dataset/train/images/3282_jpg.rf.ff3f32d086495088c82eda6079b1c64a.jpg,8302317f5ed1ce23c49cc1afad3e0e7bb5eefe5236cb2c4d2f38c5bf52a01950
sangam-Braillie/dataset/train/images/3283_jpg.rf.2cf3af1e6b928016f95fbc9cf835bc45.jpg,5082f379fe14e0e453028014ce4602c4fd5e6a876f95b5bc2e21a90097e4fd54
sangam-Braillie/dataset/train/images/3283_jpg.rf.ab1e28566926cad1e7601fcc70cdfa77.jpg,f78d9ba45631435bb7dcab6ecd3a9eec8384ee6ba6c689eb3beb479308ca703f
sangam-Braillie/dataset/train/images/3284_jpg.rf.9da3c3cdf1e8d6df2df39967e244284e.jpg,76ac042b23bfcaad347686c4f1f9c1317a389a023fe8e6690da7fc352b404a6e
sangam-Braillie/dataset/train/images/3285_jpg.rf.21d5378da4792c8ab58db83e328c28c8.jpg,bb96dfc12626bd72b846799637ff4981fad229e7e3946770b06063ff60c4d147
sangam-Braillie/dataset/train/images/3285_jpg.rf.eb670705e0b487bbd5ce0d63e6009721.jpg,d6898cd25dbfcced8cfa3fb19a88799d2e91b9c98aa59e7a7fa13455777cf105
sangam-Braillie/dataset/train/images/3286_jpg.rf.91642b0b080f71d7012dadf3591428eb.jpg,3092d5a32623bcada8cd1a0f1bfa36e921de92007ff6c1935740f9216333d5e8
sangam-Braillie/dataset/train/images/3288_jpg.rf.2179d07a9c8193e3c3000720b6f6cb1e.jpg,3039f4d99263d30b6e277411cb95812364a160182132fdd3e34b41d24f16b09b
sangam-Braillie/dataset/train/images/3289_jpg.rf.1540757cc5320d05d2a750a1bd812679.jpg,d4bf5993eac4d7352fa2fbfbb6d093b6f8d323eff862151727c3cdcc8c221d77
sangam-Braillie/dataset/train/images/3290_jpg.rf.27d1e1420f15522885f7f453caeaefb7.jpg,94d6eea1cb64b3faf750b7bc772fbbebe8363b8ae063aa3bf403bc09b33019b0
sangam-Braillie/dataset/train/images/3292_jpg.rf.07ded7b08da1f1fa9d8544608b0479d9.jpg,f7e49ac137cbbd7b805a0862908acb90ef77b681bd1d262ed6d87730dfbea31d
sangam-Braillie/dataset/train/images/3292_jpg.rf.fa7f63f7e7fffaa634179f0fab13671f.jpg,87d8ef355819012cb7b11362ad9a79805097c92050826e418c3d2b7ccf966432
sangam-Braillie/dataset/train/images/3293_jpg.rf.c9d999e38a53aa61996864e8532aa48e.jpg,1562cccb0d33c6314e8045b83406a287e3cf5c8b3796b4b675a4b2c31f000622
sangam-Braillie/dataset/train/images/3294_jpg.rf.694a6fe138463ae63c0fea055d1be458.jpg,5cecd0552b2c2dbaea5af4b3e89c893b87d21ecf1c022fda66c1da6224b0ece4
sangam-Braillie/dataset/train/images/3295_jpg.rf.2775d87e3e8a16bbb588d580ef003150.jpg,f633d80b6eaae1657af120407c8afd1b697a63bc8aec565cc66c70bab37fb0bc
sangam-Braillie/dataset/train/images/3295_jpg.rf.b98415e191d0796523d8f1d5c00bb46c.jpg,57a7b7568ebf3514141c32fa1f467b60413f007dad218856b20b250d429f2771
sangam-Braillie/dataset/train/images/3296_jpg.rf.ea72e00ddb18cd2284993ef8063f010a.jpg,ebe90167fa37160599314a9d0157165ea620d7afdd5bcc6c62d5394b2ae7975e
sangam-Braillie/dataset/train/images/3297_jpg.rf.5a780992d432dcebf5016191d5634fee.jpg,37b4dbd96317ffcd0ea9305eaec527fe62e1eb8edfe424f9b62e0ffe7b153db2
sangam-Braillie/dataset/train/images/3297_jpg.rf.b838da46967899d8dc3fb4582ad4ddb6.jpg,762982e24923149666e340627d30822cd62243fdefb92af64780bf2352186248
sangam-Braillie/dataset/train/images/3298_jpg.rf.4105d5f9f1ca7bccee15eb5a80175e0f.jpg,0c9225dbdb82cdaad0bf3db6b6bd66724704ae21b08488c11f87675a7c7f28bd
sangam-Braillie/dataset/train/images/3299_jpg.rf.bf145851694d1da560320080c705c90a.jpg,68b18295834eab76fc2bac9a0ceec6419f9c3294cefd1fcdccefd63b00c2a196
sangam-Braillie/dataset/train/images/32_jpg.rf.3d1c6221c4fcb00db9eb6a1481b188ae.jpg,11bd17ed6f0bf1a7ed65f338e48fa18c650f97ada1eee1cba4e44e7c055bd483
sangam-Braillie/dataset/train/images/32_jpg.rf.f80cba12877ad480dad38bcd5ffe299c.jpg,3cdeffdfc956e928c6f05cd9ac5d52be0302c593f81cdcc6db134d9d2026eb0d
sangam-Braillie/dataset/train/images/3301_jpg.rf.480b244369ab73c71e863d00504f7cac.jpg,773c77d0409805e92a9159f5412a195d4742b71f43a89b77380f8209db3612cb
sangam-Braillie/dataset/train/images/3301_jpg.rf.b090204c29ccd85e1f240c0a8d2d0f4b.jpg,87e240bf82595cc6e85bdb1488cd4fb35b12ef59d6e76b82234ced7b6e588741
sangam-Braillie/dataset/train/images/3303_jpg.rf.1b2cb813fcb5ed6d290a1bd01df846c5.jpg,c63077cb83f817e1096ce3acf6c90b8e9ba3ab1cd5ba593f8abaa5323c9ac596
sangam-Braillie/dataset/train/images/3303_jpg.rf.6addc7481fe5db00fa3fc1715cb64b3f.jpg,1c19a41f0c222e8ffcae7fb2d6400b55ff313df3d6deb64517d03d4ae64a30b7
sangam-Braillie/dataset/train/images/3304_jpg.rf.fbce0df7827cc0d1226af0106d7711ed.jpg,f2b91072faa0c36e160b2dd4e6e785edde8b8d9c0add914b1483359ec91af18f
sangam-Braillie/dataset/train/images/3305_jpg.rf.71de9bd66f4e6ce7eb51f420fdeb3706.jpg,c3728b39ae9b041c1e91f92ef4ff972b4ffeb02d00318aa7ba0e53c022952d1b
sangam-Braillie/dataset/train/images/3305_jpg.rf.f0d848613d7e2241040c20406588cb1e.jpg,ff9746bf629bf872e1e67a84f2bca3f3628caf47c8ec1e5ccd2d68bfed835820
sangam-Braillie/dataset/train/images/3306_jpg.rf.a9076f4a710f4e07bfc652c2d700a47d.jpg,9e3617939c8e3fcfe38edda11d81691fbc7a705c67ff2bdd88d7bc327b9ca421
sangam-Braillie/dataset/train/images/3306_jpg.rf.d046c6d37f11d793823c9e841f2cbdf7.jpg,12cb6f78f45e1dfa38dd05bd0078309536f45f193c3bf5488d884f77ce51d8c1
sangam-Braillie/dataset/train/images/3307_jpg.rf.d0bc479b7049438d33d6802180f29483.jpg,317824df288a1e3766388209af4cae6557b75be4ac7d812f87b1b346f63c1c1d
sangam-Braillie/dataset/train/images/3308_jpg.rf.6e0e8c0e2400ec0e580c4de26377c9a4.jpg,a299f391c1735f7fdfb74e16e2526adcc3cbc777ec18bab15ed59892edd95350
sangam-Braillie/dataset/train/images/3308_jpg.rf.fab7aa9966ffbc34514c2f19aa2a7b0d.jpg,e77413f1f4d9dd100abfa351c7dd635bfd090fdb2917d26a579bf587068144b8
sangam-Braillie/dataset/train/images/3309_jpg.rf.1f6b42c386161e6809da797965acf67b.jpg,22ecd798d3712ffa890cb5a888d5d3e50d76e905050e1a8edf87297aaebba564
sangam-Braillie/dataset/train/images/3311_jpg.rf.12fdaefb96787410f6d78e695a3ccef7.jpg,0dc502a0f09f2151ddb5c2e76a85a9b4e2f08ba3ddd6d1b62788d1506fa60951
sangam-Braillie/dataset/train/images/3313_jpg.rf.ad5add5df461ac9e0c5ff8f3724a049a.jpg,f02f0680abec965347f09c527ecd4d21908b554c7d8ba6069d5510b959931fdc
sangam-Braillie/dataset/train/images/3314_jpg.rf.73da7528da58e68c185d3dbb3efc6595.jpg,2cefff34e161a8b6317db3aeb07cc70a39b4bd6a03e0ce27d591e603fdd12ecc
sangam-Braillie/dataset/train/images/3314_jpg.rf.dbc4a42b764bc5a022bde44e80543974.jpg,dc2115327f341ee05ea7325ec23c8d3c134590bc2e447eebf11ffb190d850c99
sangam-Braillie/dataset/train/images/3315_jpg.rf.cc66809421c1be661b7e7640af8ee45c.jpg,caeb2a5de4c3d1ce8277f2c81e3fb5bd5d68edd24c3a6bee6f866d4d8275d98c
sangam-Braillie/dataset/train/images/33_jpg.rf.c8a6873a05d98e43fc0223115e75dccb.jpg,303c79ef88bfc24785ccd05c7c6d8a669ae061e42cf4edc0029b49bc1d55695c
sangam-Braillie/dataset/train/images/3451_jpg.rf.74eda540e8ea359c2d7da6790a57a858.jpg,ab694676e34efe1e6ecacad1546e84fb3454589c267c042d9ef62c7a4206e850
sangam-Braillie/dataset/train/images/3453_jpg.rf.432cf52c2cc859a711d0319e05bcfa0c.jpg,4c9ba881d7c7243a5283381e094c98f55ec160e001b177eef7dbab72675a76dd
sangam-Braillie/dataset/train/images/3453_jpg.rf.a29a4115d36adc273e61b27c3d75412c.jpg,1624c9442acca0976ea0d29163984f347e97d9b3304b0cf55cdca9c4d0cee847
sangam-Braillie/dataset/train/images/3455_jpg.rf.507cb64f376f282e33afacbef19cbc5e.jpg,0cb667fd0f3ac79560a1bb7295aecbabced211b1fc015fb938d26788a60268e5
sangam-Braillie/dataset/train/images/3455_jpg.rf.fca4f35b719e6ef52b8f851fd28b7f33.jpg,d0fa1162e3d8b108900e18d83bdd8904a30e182ce1fbc1cee3c857539f1cddb6
sangam-Braillie/dataset/train/images/3457_jpg.rf.5421512880ced28f9de3d18967a2e2e2.jpg,ba1ec678d868aa6dbd8239ce4689ebf98fe59647186890b7fb911007d68613b5
sangam-Braillie/dataset/train/images/3458_jpg.rf.2a28ccf01bb6df917ae00978064b964a.jpg,74965b6cf392861da7613edfbd9860b7a47f61e5f42dde16542c1b29cb9a358d
sangam-Braillie/dataset/train/images/3458_jpg.rf.3644da0b22674e12ad242156cfa6852d.jpg,72914cc7b70f020fa54a5851a946f419c357211b0a9d3d79437617ac89049c7d
sangam-Braillie/dataset/train/images/3460_jpg.rf.180a08d62e3e7049760d88a289a6e40e.jpg,43cd5b50fcd0517d5defc1687712e2660f0fde67a6411cb246f6a8d50e1913af
sangam-Braillie/dataset/train/images/3460_jpg.rf.e4e920c1faec5bc8ed7b54956e550fb4.jpg,0176dda3954d5d4a716b39db4643d7fb62e88ad5d111c955d04add9df936096a
sangam-Braillie/dataset/train/images/3461_jpg.rf.a5d7cc32c42223ac245563d8fdabae93.jpg,a71ed1aa8fe3b6cbcd64edc5696c7e24736474b96d37df8349259f2ed29ef6e3
sangam-Braillie/dataset/train/images/3461_jpg.rf.ecda779a83ecf69892b1fa823706de8a.jpg,ae36274b4f4c2206839444cd0ad4d4b9b937637e8b5d6bf8fa1ba880966c0fc5
sangam-Braillie/dataset/train/images/3462_jpg.rf.1911e4f191686148daf5f8f156ae47bb.jpg,f22ede67c3eb293efe8848722d3daa3e03de8aed57182b05ac5486a9a678b874
sangam-Braillie/dataset/train/images/3463_jpg.rf.a8d3dbdc3088b679806f4b2a58334084.jpg,f333a01c6cf92cc72035eaaadb7d0911997f241486e0e8f3c207afc1d7fa2912
sangam-Braillie/dataset/train/images/3463_jpg.rf.f9173a03622fd8addd1dca9d732dfb7f.jpg,63afeda187926485aacedc109ac638fbfee37c717f939e644b52691932d6f9a8
sangam-Braillie/dataset/train/images/3464_jpg.rf.d3171e849a002699f547b15ad84e2d50.jpg,6091028fd514ad1e730a91c50d18415807fa9c0201f99f4b0921dbadbbda8e9e
sangam-Braillie/dataset/train/images/3465_jpg.rf.43e940533ec879ffc434318aadaa258a.jpg,d66be94981e301d21d5689b90a8a537e03092d73fdf326b2c83f7d7cf0a24c22
sangam-Braillie/dataset/train/images/3466_jpg.rf.1015bcfca8b398053a9e95e42a0194a1.jpg,921eea3874c22353782ca028014f42147b666244adcdcd20ef1dcc469175079b
sangam-Braillie/dataset/train/images/3466_jpg.rf.4eba3ea0486b29ebacdcbb7a5e2a982b.jpg,5e8da8371c599ae9aa24c823e60b8bca1d5d8c481a0348fbab22aea84156f993
sangam-Braillie/dataset/train/images/3467_jpg.rf.aaf3381dbedfdcd2e2b1e651fe34f4aa.jpg,1d6af26d0b336adcc8c595183c2d45306b6abd6e4c6911bad162951a88086021
sangam-Braillie/dataset/train/images/3469_jpg.rf.5111d43f007ec52ea8d387c9de59815e.jpg,799eea8b20f75775f5e63ecdc42f374886f77417aac55f50df1c9044b79179c0
sangam-Braillie/dataset/train/images/3469_jpg.rf.d36f60dc65328ed252adaf81820e5eb8.jpg,3c1e2f997a03d936121ad22d1b05b06fd1dbd3b2cba36f178ab85039dd498eee
sangam-Braillie/dataset/train/images/3470_jpg.rf.4151754f775a4919b957a3fd07090942.jpg,149cf221cf5de29ba4c6730eaa000de54f2e981e2032c888cf8acbebc2f69917
sangam-Braillie/dataset/train/images/3471_jpg.rf.ffa5d6fde89ddec7edd8aa1705030a59.jpg,0c6f765c325d2a81dd55bc405da7bd12648d10ebb58360924d8deb69b0adf8ab
sangam-Braillie/dataset/train/images/3472_jpg.rf.379298cd473a758e03dd6e38acce7c06.jpg,356648dac50948b798da74164bb119491c557b3c7a5b23f22bc9965c9c8e2b13
sangam-Braillie/dataset/train/images/3472_jpg.rf.8c8d35f9cb946eb862a052a9912f5051.jpg,b13d9c6b48c3045f7c26d02272c975c69ad55821667f04a948bdec57aa4edf30
sangam-Braillie/dataset/train/images/3473_jpg.rf.c08561d5035458642b03b92a5d4e317c.jpg,366041e532249611fee2946b6b1eaa43c81d38ba6f0b67a21ef070a354d32875
sangam-Braillie/dataset/train/images/3473_jpg.rf.cd26d9cdc1e850ae112351cc7744585e.jpg,d328cca7c372537dbcf8ff2b76758fcff046604eb55d17f2c1161e9f9cf4b1b5
sangam-Braillie/dataset/train/images/3474_jpg.rf.2a12ef7e202c7d55f3bbc8e3f8ef6e31.jpg,db05257994d7a54b171681b45a21f86da5f5ce1e2c95f73c436d3f7beb28b2f2
sangam-Braillie/dataset/train/images/3474_jpg.rf.f0f4847899ea17a351d0902d9cf5e52e.jpg,49ca533d0304c11d651a6a15750687253f3911eda45dfca881b60ef35dd9f980
sangam-Braillie/dataset/train/images/3475_jpg.rf.77a31b3451a17851e427953b149484fd.jpg,e78febb6a9ee39fe0edc2e526fc41fcb024b38ed849d59bc3590af662911f9b6
sangam-Braillie/dataset/train/images/3475_jpg.rf.e3528de093af1a67bc617e984aecb04a.jpg,75c80c315e1a2398f6240ab81518510593d731bb3b729d159043a73c265f272f
sangam-Braillie/dataset/train/images/3476_jpg.rf.ab1d23ee28c5b03d7bf0bc1911775041.jpg,17e3c2a2721381f77c344c297ee394d9d009fe28176dc1121b5cb0b259d6961e
sangam-Braillie/dataset/train/images/3477_jpg.rf.7dc699f46fad735a5426f9d68aebf23b.jpg,33ae9c628d2c6ce23644024a4ffa894ba831e3006f5e3982e53a31e893b977ba
sangam-Braillie/dataset/train/images/3478_jpg.rf.bbc901b70658d6bb76e47bd5992d04ee.jpg,bdf49652e6c1d520a5063cb7b63321eaaa2e76f40a014913cf76f3e160366060
sangam-Braillie/dataset/train/images/3478_jpg.rf.cde0f75e7cf89045d80a8f86afb75729.jpg,f80ed6a19a0e0d1f6b3b32b8c78a4092b936a4d4d59f5f013e8e0a62bb4b4f14
sangam-Braillie/dataset/train/images/3479_jpg.rf.7052d568c6a7c8e314d52762e71afcd5.jpg,accc37ff0dc760fa9e01ef77b2aa3a5fc2da9341f084d030e313271fac6f7f78
sangam-Braillie/dataset/train/images/3480_jpg.rf.13e9da51669e35bc67c87240bb3ef980.jpg,2ab0d662373607d9de28ba5a2a8e7746ed19d4950c37848da3caad27c477d63f
sangam-Braillie/dataset/train/images/3481_jpg.rf.8e61a34ee58fad3c855c0b0091940a67.jpg,c6b41f8f3861e214e554b8b8a6c7c6c6e53caa896c06d6a3ce283cefb4d208b1
sangam-Braillie/dataset/train/images/3482_jpg.rf.03e476d7a1f3e81334b43a3f8d218c82.jpg,c0c57b43d3833bf754171cf522d293d3e0899f83cb2d936bfeb14c900ca935ff
sangam-Braillie/dataset/train/images/3482_jpg.rf.fd8930f48df14ff504ecb5e7f055eeff.jpg,3a03b0dee9a5e2f38d578a55937d8819349e27afa976fca0bc1be8f0c3f9f580
sangam-Braillie/dataset/train/images/3483_jpg.rf.4227c0e390c243278d83424c91828221.jpg,6c1ca07eafe59d7a54cf9725e94b389f5616fa9af7e19070b9f23fcaa206e50b
sangam-Braillie/dataset/train/images/3484_jpg.rf.848538bb20f54d3e44c82f900f180f2f.jpg,123400df948bb0f276f219276e4853ad8a28c892ea3e396e98b05816044b4214
sangam-Braillie/dataset/train/images/3485_jpg.rf.d12e1f8ec93a14cdeef601e961494929.jpg,1dae69450f6941fd36888a6130e1790a61bd76d7792388679a1e8e3a2c1c7bc2
sangam-Braillie/dataset/train/images/3486_jpg.rf.faf55cf6a18382d6c720ed5d4bbb6a83.jpg,c9603a5c32054fbc950ff34176d7713ae047b3f6f7852c6703912e8bce3c2354
sangam-Braillie/dataset/train/images/3487_jpg.rf.0da8d9e0f1da957ff38b438644b71557.jpg,252b12430da5d0d4ea82b482272918cb859ca0282e1463d154082ebbc13d095f
sangam-Braillie/dataset/train/images/3487_jpg.rf.f4604d8815efd80ef069d2b8a44b72ce.jpg,8ca4aba906ca7660cfe09efa4a893aef359c24aa8ac94e3b21a322753f714998
sangam-Braillie/dataset/train/images/3490_jpg.rf.8e9e5af6e9725367b06c36f81eb2e2ed.jpg,864fd77241575ef60c4ded90a64b9d22fef1b139986ec91cf9028666072626c8
sangam-Braillie/dataset/train/images/3491_jpg.rf.b590d2d77fd36846b1b874f1842ce1e8.jpg,ff45931bb0f69ef9f23154b6c210d099ef3ad1d783440d8e39f9174b126c08b6
sangam-Braillie/dataset/train/images/3492_jpg.rf.4fb8a60e26fbcc887188567dd2736d03.jpg,e83109da0a6bf4edcaf24f89facd0c4516a77f81316642ed79081afa459b4211
sangam-Braillie/dataset/train/images/3492_jpg.rf.a5679f2f5afadff37c1fb6fe5402ce33.jpg,e4f198cdbf7fe2bf2655439e1ff239150b8a66a3d30ff03389b97c46accfc052
sangam-Braillie/dataset/train/images/3494_jpg.rf.4f684fc7b2e8ca47aac900ccae4a12ad.jpg,65e606e4f3c7081997483f418cec5ff564477b55cb01b018b0e46076a97fa5d7
sangam-Braillie/dataset/train/images/3495_jpg.rf.79b0f75f392c250879b1c2c7c4a5dedd.jpg,7d814b16070f8b3085169e65374f95d354ee5bd7dc2f5b4dc86585248df3c5dd
sangam-Braillie/dataset/train/images/3495_jpg.rf.b19584e3c31c1937042bcb3db0577876.jpg,b22ce7bd5ee540a075bccda3bb06177a73e0f90945596e7fc4df1c6ef9b95c8c
sangam-Braillie/dataset/train/images/3497_jpg.rf.70b0c37d6a5d9186081f6f04fe8f656a.jpg,699ae5db208af7b8f2f83db20fa126df76de230f55af0b264947f1628eb17498
sangam-Braillie/dataset/train/images/3498_jpg.rf.bf288b1987a49e0d27854dd2d344832c.jpg,676c1a9494edd45ba854b75e1aab5bf97a536358a6dd6d03ecda6a3e09f12756
sangam-Braillie/dataset/train/images/3499_jpg.rf.37ef992d468f97608fe0cadf457c9af9.jpg,66e7f9f3bdef226f1c4f83a49adc124bb2a4e717007b8a761dde73e786ed90c6
sangam-Braillie/dataset/train/images/3499_jpg.rf.3b8144bd668e5622adf699e67ee6402b.jpg,ff717240a903fb51aeca6b3e02e830e6148f6c529d2cd222aabe73959df071b0
sangam-Braillie/dataset/train/images/34_jpg.rf.77cc5682eb64e78c762856fc17a495b5.jpg,ad76d4a7f993fefb84d87faa04581b3345f924ddf6047f66164093f285375ba5
sangam-Braillie/dataset/train/images/34_jpg.rf.e7212c0e0fd84acfdce8505556a3f1ea.jpg,20003266b4f61a5ebcc8377c9cabc6a1c0dda90ee2e2f9fcf935e4ac2d175027
sangam-Braillie/dataset/train/images/3501_jpg.rf.7ade3eab80a6fca9f6e2ca0cc59e0deb.jpg,9f081e83bf7d0261bce2629f94da25b4a176696ba668cea887599ec9b10814f2
sangam-Braillie/dataset/train/images/3503_jpg.rf.ab4184023d96bfc0bea0706b5b260e35.jpg,07b8f3cce94809a78f44b11d1903f736784c50e4f5a2f5504b9c1d159aad6161
sangam-Braillie/dataset/train/images/3503_jpg.rf.aff8e0d37d2aa88120591a49bbda738c.jpg,d0eec2dc14a105a04f6fa21969a1d8eaef0980f498cf3f34b1376383a41accab
sangam-Braillie/dataset/train/images/3504_jpg.rf.1b46762bb11002b088ddd69bfd5a327b.jpg,1439a47107545e86f861958ac415f98cb9584bd972ef6884452e2faa8eb7dcc2
sangam-Braillie/dataset/train/images/3505_jpg.rf.7af662a857554735e61783f7167f131a.jpg,aaa6261ecb2473b1876fa774377a4fbe6f9faed7d26b586b378488da9b7de381
sangam-Braillie/dataset/train/images/3505_jpg.rf.b15468b8d872f188c538329588345926.jpg,f339a8a4002a62a7429dc97b9245a1965e02522ca629cfb9de02c255e26ca4a1
sangam-Braillie/dataset/train/images/3511_jpg.rf.56428261aa5cd9a0141dc0a257e3a885.jpg,e89df789ec0c338d51b2d1338cb4e33a18c112b63f561b1dc074e098ca7a2a9e
sangam-Braillie/dataset/train/images/3511_jpg.rf.c085235a43d3a2ca1dfd1686b3420c72.jpg,be18082deb151cf12148bd5b42fce579e57c4b573ecc998b5e80862fb9ff0966
sangam-Braillie/dataset/train/images/3512_jpg.rf.1b5a8024581b42a2f5459461fa38421a.jpg,9ca18eb3e8b00e4adaa562f52ea3fea14d3c77f350822af69ba87a73ed7f13ca
sangam-Braillie/dataset/train/images/3512_jpg.rf.c5316eeb8439323e04c335490b4a407f.jpg,86b4ab0ed4ec4135a7536bf090661e34ddd16a33a49b89bf6144cb89b8ba776f
sangam-Braillie/dataset/train/images/3513_jpg.rf.94e860008f8a312309ef7eebf22f526d.jpg,46e952c49a30eb8c0649b66961d0da9c4c6891b66a49d74182dedcfe3e637067
sangam-Braillie/dataset/train/images/3513_jpg.rf.d5833ac6fb96aa997e82834c17c47611.jpg,ec79c85ec214c82a5421cb730a453a7872995527a18ecc6808d1193a8e458d02
sangam-Braillie/dataset/train/images/3514_jpg.rf.1c7f81ab7aa0d2eaf6cbd1c320ea32b1.jpg,bc2334f5b0156111296facae92f1b241f86e7eb207c5504f51ea971b588c763d
sangam-Braillie/dataset/train/images/3514_jpg.rf.cc891ac7124b48af8a1d6c062fca8172.jpg,ce586cebfd2abb6215885e54e2436f935ba97fc1f8d87161cacb710d39929a9f
sangam-Braillie/dataset/train/images/3517_jpg.rf.58f73b3da57f1fe49e30b33263d647e1.jpg,4bc8f7913be46c2703411270548ff785ea00329ae9bea6227f614afe857b150f
sangam-Braillie/dataset/train/images/3518_jpg.rf.4b6d3cb460f8e540c7acb1bf3d414c31.jpg,111a706b4e8227b7f482149db51c2b2322c88a99dc8da9961370f26218228e73
sangam-Braillie/dataset/train/images/3518_jpg.rf.5dc53b2ad8d88b35de997368ab090c85.jpg,a2344e3635c921876c4c6c8b3f0fcbebfcdd526b7f1a09290f054922c5eeaa3a
sangam-Braillie/dataset/train/images/3519_jpg.rf.0119b11dd2cd389c15c949290a059e5e.jpg,d7c945d4ecf2e1826602297b9bd389e528e7b7abbfa1a51c33a45cd5941934cb
sangam-Braillie/dataset/train/images/3519_jpg.rf.914eaa08ccf36bf8c721285a6c82fccd.jpg,ec9bb7477853ecdc74166bb3bd51af262913d95096fdd5eb40f478ed7ab9fac7
sangam-Braillie/dataset/train/images/3520_jpg.rf.ea7ce88b237f62e0075363146ad9b867.jpg,82c7f349b6e0da0f2882f017c028294f070645063502dd2fad96d6833fcd99db
sangam-Braillie/dataset/train/images/3522_jpg.rf.5828c6f817952140e758a573ba689ae3.jpg,55293b986a43b8b1cd9a9899ce9e6ddc4e81ac03d772e137c17a76fb6dc79af9
sangam-Braillie/dataset/train/images/3523_jpg.rf.3db560dbaacc0135fd544bd610e9e655.jpg,a3664b32896fd8ac7919e97615c34bf87e79efcb86ad0c2741a641eb333c0a5f
sangam-Braillie/dataset/train/images/3524_jpg.rf.12078989703fe3c3e8dc5a8fb6d5f9b1.jpg,b9de82bbf18f63537508e6432925faa26ee829bfac1efec2a58246fbd75c4ab5
sangam-Braillie/dataset/train/images/3525_jpg.rf.e5d97500ecf481425e0db0985df11524.jpg,1ed6d547b34020d62516eb92d505cfb04162c7d218296bbd8c5cd47305d77135
sangam-Braillie/dataset/train/images/3526_jpg.rf.45694ea9bda70879b6dc322503f0c105.jpg,fe882bee5c54bf2e2b0e68e0be86334384f65433fe434c387137e5697271644f
sangam-Braillie/dataset/train/images/3527_jpg.rf.c90aa70b088095e67e90dde2be6ae889.jpg,88ef7855d4e95890891f37bd05fb78c39f5be00f613187359588127f8511fedd
sangam-Braillie/dataset/train/images/3527_jpg.rf.f1fb610a1e839d08ff8dac5d5e881af5.jpg,852eace8183a99456fc2eed019544f2875cfbe56fe75f760b21853cb9de9098f
sangam-Braillie/dataset/train/images/3528_jpg.rf.1d54bc0cfa2e87d1b65106853e1acdb9.jpg,5e6e7c98cc926aef1e1b662fa0aa5659e322f7fb6c4daba594ba84e33ef74850
sangam-Braillie/dataset/train/images/3528_jpg.rf.84ff76a997cdcf9d42c324037b54c80f.jpg,01dac70afff1d28f8a3b7b9824f0d8d4c24d2d8790bb12554d43be8064b56264
sangam-Braillie/dataset/train/images/3529_jpg.rf.d5963afa1f4cefd934719235f650273b.jpg,f809d58d28cbe2b7237397250e3c1c1b9315a2e06759f4b62d16edc81f2dff4c
sangam-Braillie/dataset/train/images/3530_jpg.rf.f733d680e69c88880eeebf339127af45.jpg,f2db1437b7356fa78527cd3ca57f69618a4b95617ee6b6f9877962db39ba457e
sangam-Braillie/dataset/train/images/3532_jpg.rf.4de24a926f35fc3444be6f9ae40a2cee.jpg,2ffbdd7b0c45bb564b6762283b7d24b9f382244a6ef405f9b82b04e73c4f7d5e
sangam-Braillie/dataset/train/images/3534_jpg.rf.40c92d06231230a8774b84392916da88.jpg,15a77a29a8bd6ed939c3e8c93ba691b9483ce9384bc1f9084c6f804ddaaa09a9
sangam-Braillie/dataset/train/images/3535_jpg.rf.68375c78cadbaf6be85dc921f665565a.jpg,68593072716f74ac75e737a1c0a6509e6670e4ea893c9c825d19b8d37bdf53ca
sangam-Braillie/dataset/train/images/35_jpg.rf.75488fcb790b4371b56f9488c39d500d.jpg,1a9dfdba22abfbc9656885ec977fedce07a5ec61017bfb84841259cc407df51d
sangam-Braillie/dataset/train/images/35_jpg.rf.81c04ddd779fa0d69efa70d0e1547b6c.jpg,ea024c755157bec0a4a719367e51efed5c307643df113cc0c9473a573b1c104e
sangam-Braillie/dataset/train/images/360_F_184511922_9ox3DVyRV1F5cvYzunAhYEgoVsjt9RB9_jpg.rf.44c90140239c63da6a366d09f6a53825.jpg,385cf18dc2c302f5c96d03a1b8f803e547396b4768cf903a4fe746cb7089d919
sangam-Braillie/dataset/train/images/360_F_184511922_9ox3DVyRV1F5cvYzunAhYEgoVsjt9RB9_jpg.rf.9bcb85682ba7ddb0780b0733d51b59b3.jpg,7a86100aa2eedbf1d304e192d744a23eec012001d00e7b5b76fb6736cb71d44f
sangam-Braillie/dataset/train/images/360_F_184511922_9ox3DVyRV1F5cvYzunAhYEgoVsjt9RB9_jpg.rf.cbd24b463affc13f92add5fe41dae568.jpg,560d11d2b0dbaa5679c40b77bb4b81341151ff3b4e911d754ccb6f40a0e5d93c
sangam-Braillie/dataset/train/images/360_F_184511922_9ox3DVyRV1F5cvYzunAhYEgoVsjt9RB9_jpg.rf.ed273b464bae2aaeecf3443aa32f2cc9.jpg,69c6f69560621d170c032eef3aeb73137825cee45eaef580b0ce760e80b423d3
sangam-Braillie/dataset/train/images/36_jpg.rf.5f98e970f6939a7e95cf08d668058028.jpg,b3b8a0116aaaa011242ba06569c5befe0db6de7f1ed30dad9c1a7e9cd1df5f2f
sangam-Braillie/dataset/train/images/36_jpg.rf.a3c7fecec7738d0fcded34ed6ffec84e.jpg,4dd04acefe6dee289a3f2ab0b75b84ce7acc6f8ee10c8acf696f52ef40316584
sangam-Braillie/dataset/train/images/37_jpg.rf.e952dde65fbdb1e2ef9b8a444a355f01.jpg,1eb5d0741a9e917d9318a5d8086ab17fc7ff9d418b038589c87a5688da78af58
sangam-Braillie/dataset/train/images/3801_jpg.rf.bd715297f55035f32c8ef9d67a250ffe.jpg,9c6f5cae694b8a38f75202dcecaf2835215f5b3ca62dcc85b71bbff13937fa86
sangam-Braillie/dataset/train/images/3802_jpg.rf.6aacc9d26a13c233311d376938de6ed8.jpg,799862af3ad6a9c31b834c06f0319b7851fa7bfc109bace6d1a49b645cc1f65d
sangam-Braillie/dataset/train/images/3802_jpg.rf.6edf3beda276d3c018a16c8af6dcfa1a.jpg,2fd6ab82bc9a14adf341ae2b6894f62eea840694752867f9f58adda12be3f5bd
sangam-Braillie/dataset/train/images/3803_jpg.rf.c92241f17cda2ce523697785f24061d7.jpg,cab4644e937954ebfebabbeb4b37e496fd7bd5939393f55b48132e45ea1a9e4a
sangam-Braillie/dataset/train/images/3807_jpg.rf.61697fe4a3c94d658ba10b13bbf5ba73.jpg,afb5b999cfe3a2f604090fa957700b3140d79c29a656f33a3277dee34028cfee
sangam-Braillie/dataset/train/images/3808_jpg.rf.349b1b27eb018273f9e3d0cd59eef158.jpg,6a08b618f02372f3bfdc27bfa55af0a4a08bdbfb11db08f15a9673af62c8e30d
sangam-Braillie/dataset/train/images/3810_jpg.rf.164b012f1dd65c83a2a718548b861b74.jpg,ab27454eed2f448e422c8a683e8e729c442d529b1a14b395e9736793705aa1d0
sangam-Braillie/dataset/train/images/3810_jpg.rf.2ab1cb2bc9db90857c8e7498d1425b33.jpg,6fa9df671541c8f48d9d103622ceffe9650eb7c1adb0982c54619d23419893c9
sangam-Braillie/dataset/train/images/3813_jpg.rf.ff991d387cf09a2e1b7bf9ae181103c3.jpg,87f2764107f4031651a1f34b1c2f6a0821a67c9dc95f0e8205ec00044b4fcdb2
sangam-Braillie/dataset/train/images/3814_jpg.rf.c5633e824ac56af34b2422c1fa3a8d5a.jpg,cf11e55ca26676532d59fe6c236a5872cfd33caa583383941c46aae3bdfb6012
sangam-Braillie/dataset/train/images/3815_jpg.rf.8c0b64f9e785878104f1ef6ac53195f9.jpg,9bf4570208802b2ee226329c9abca4964ff23de342be76fa6e2927094acbd900
sangam-Braillie/dataset/train/images/3817_jpg.rf.69d381eb2d01f478e6077ac9fff6551c.jpg,a5228f09ab7ace4c4ea2335c6ff9fe4bfc8dbc9beda49f21759b33d3f27870c8
sangam-Braillie/dataset/train/images/3818_jpg.rf.6cba1865524df48bf899afd73b9b06c2.jpg,491857b78a4ecc653226a7164de0bac88f9be0ed58978e3c8530423d4e2bb86f
sangam-Braillie/dataset/train/images/3818_jpg.rf.af3aef52a23264ea2edbdd8d50d02de6.jpg,7c248e2db179304b635988a62dcae2e982822f782eba0303374e0025655b9110
sangam-Braillie/dataset/train/images/3819_jpg.rf.9744229af885d8fcf8081bcdc7a78d3e.jpg,442584d4e59c4662d3a6903535076a8ccd49e139358da9c908ea2c9fe81353bd
sangam-Braillie/dataset/train/images/3820_jpg.rf.4102795ac521e5e1d50c2b5087fbdab4.jpg,8f8cd3ba29deae2e4c735892b861f6f70056852e8cf73e1f46eaac600b6a12cd
sangam-Braillie/dataset/train/images/3820_jpg.rf.b878105e7971d82fb706772c4dd57c74.jpg,67e221c8fe1bea0bf2eb290cf081c4b6468c4e66910e0fe4ef3a9f513ab3e0a3
sangam-Braillie/dataset/train/images/3821_jpg.rf.8332990947a4087fc2366cdbf4203058.jpg,d788e0e12c8a73282b0a793fbf2d8c3d070c0ce11612e0b170c5785d6abbbbbf
sangam-Braillie/dataset/train/images/3822_jpg.rf.19c561ae6f0097280bdc2dd3d7414d06.jpg,48cc527d6ba02159200604f44f9208325a08e7fbd0ad3a804444a57ac39addff
sangam-Braillie/dataset/train/images/3823_jpg.rf.8b3d3f65070011b8a55b8c8de23e806e.jpg,a3b49a04f7991f60df413b3f4a079b3489e229f37d9a7a015dca7a49588ac87c
sangam-Braillie/dataset/train/images/3823_jpg.rf.b351006049295f9b892485e86cfd781f.jpg,8596388cdddda47f7d3f9bdc018474164275a0fac473cc26d3856f6559835b09
sangam-Braillie/dataset/train/images/3824_jpg.rf.0aba2c895ef15365f11945069fa96d64.jpg,bf67de9de545203c44f87d5e880966699689e6fcd106b3b8c602d0b5812266a6
sangam-Braillie/dataset/train/images/3825_jpg.rf.b4bc3b5fa158ccc8d09ee663e915b4fa.jpg,0a391e6d24e3041c591e23b8979271af94909e690a3608e0a4acba573da46c42
sangam-Braillie/dataset/train/images/3825_jpg.rf.f244a9555843b7f7612f885a2c7d517d.jpg,1f471e344fad0247296bf1733811cba1be154e34efd3507651b39c7c29d652e0
sangam-Braillie/dataset/train/images/3826_jpg.rf.28352b754cf99dd932b3983064a2e065.jpg,ae4a389d4ec3851a259d16f55ec092cd164355f2e920e48061b24117f641dfce
sangam-Braillie/dataset/train/images/3826_jpg.rf.7aa73d5f5a462af284ef6f64c3df2f96.jpg,8cfff63016e91a8d7e771608b3553206e9a9611fd817c962d441810e6acf3cd1
sangam-Braillie/dataset/train/images/3827_jpg.rf.9435af2cdc8a881f291c9ddd9da1d7b5.jpg,cdd71f4cc25d3f8bc564f48d019a337ddf896dfa7f3ed0b92f667932845dac7d
sangam-Braillie/dataset/train/images/3828_jpg.rf.55fbac797e796311f454d079a379924c.jpg,bfff170857c9941f926c7ca717d9ddab3d03b02b0a527c696709576285249fe0
sangam-Braillie/dataset/train/images/3829_jpg.rf.4e9165aa8196e5c89ecaf548cee1da46.jpg,d4c3d09f662542958cb7a7b231d2dd4bd3e8ee8cd6e1dba46d189310435aeacb
sangam-Braillie/dataset/train/images/3829_jpg.rf.942cb48075c71bdc8dc3e5bb3873284f.jpg,fb8f4b8d7d5c5dd5f1facc996aa66d835638c13e1703de489708baa53ed709ea
sangam-Braillie/dataset/train/images/3831_jpg.rf.1352c36fc2e1c2e20de853e3e748e7a0.jpg,b6214b9cc3829525e328d153833d30056c886b27c66b9f979e375118f49ca4b6
sangam-Braillie/dataset/train/images/3831_jpg.rf.e14b7627bdacf24d4e34a53c6a22c7fb.jpg,7cd39965b3a64c86ee5c2f6e8aa02c1f2b3d99466129392e5ec46e12434dc976
sangam-Braillie/dataset/train/images/3832_jpg.rf.eb5bd716b5d27786d5403dc6106cd43c.jpg,6013c258610c350b5ed820b47f9b4493fb4452c554aa498c5552d3267925fbba
sangam-Braillie/dataset/train/images/3833_jpg.rf.bdedc96697c96b2f2f31bd57b9ca405a.jpg,5efb97f5fa1c8ad8769591f8278b6d6126da5751f9cbc4f3b50945f001928584
sangam-Braillie/dataset/train/images/3834_jpg.rf.2030378f716670b218ab7e5771c49257.jpg,9b9321dea0d117c30f1b0876607da50f5af136f2f8c6752942e01a57ffadd9c2
sangam-Braillie/dataset/train/images/3835_jpg.rf.7caa181358df009bdc18587485736467.jpg,ac0ca62b882eeda26e04478475ecc854c8f5e78d29de5be030e56ad80f1a748d
sangam-Braillie/dataset/train/images/3836_jpg.rf.285d76c262b9a595f19159038f476f83.jpg,a23af0fd63b606d83a395c985cf08cc1746a63fd0a58727e1aa60a988daef76e
sangam-Braillie/dataset/train/images/3836_jpg.rf.b351994943a2bb84730565df7303c5bb.jpg,691f6053fa8387620f06fc81278cfc91a518d7709b4992869dd2e08930deca41
sangam-Braillie/dataset/train/images/3837_jpg.rf.a6c442f9cb604c213b2b21193ca4259c.jpg,0159ba94b72b2f2ef780aeb36f9c4f4e344b41104af227994e5fbb65209cb0dd
sangam-Braillie/dataset/train/images/3838_jpg.rf.103d75400e6ccc16f68868e63d431b24.jpg,3a4045e2e7b999c803365d69bda87670c9218d2974359cf766ae57b6496e3457
sangam-Braillie/dataset/train/images/3838_jpg.rf.d9e1b6371309086ff654bfdccd9d82fd.jpg,3eb8ea381f5a7a6ad1d4396593ab29927707f686858220c061b79855835e9351
sangam-Braillie/dataset/train/images/3839_jpg.rf.2d483f59e7d7ad7b7b767788f8394281.jpg,660eb76329fc909c3f522977bd550c1e9b40005e472c3e619d29e857425a5391
sangam-Braillie/dataset/train/images/3839_jpg.rf.79ba8ba67480de4295e45d5a4b75f83e.jpg,a9f250bf8bece356a45f035185fa7657432bca9bd7724cee371920f80ff5e93d
sangam-Braillie/dataset/train/images/3840_jpg.rf.128132d5b33e70c21eda9cfa5c1185a5.jpg,650357c02e901e20faa5f04a1a4ae3ebc05a8315131572b13fc54d55d03e21f5
sangam-Braillie/dataset/train/images/3840_jpg.rf.ddb203ff9691697281bba43f526ec697.jpg,deae882fad7ebf5cdef912e530ffbe3963bed224ecc155c3af2ee7bcf0e6f5be
sangam-Braillie/dataset/train/images/3841_jpg.rf.cb252c67567c3382561aedcf8c7a4f15.jpg,c51547880feb5bdd9a4f33f8ae5c72b0e43c7c4fb7ae5054ac3c66e896defa8d
sangam-Braillie/dataset/train/images/3842_jpg.rf.b6f00ea422752d13692160f9c34d4dcd.jpg,fe96d38417a3a5f8e85a53874167d1673a33cbd23079f163b56399b726a9b665
sangam-Braillie/dataset/train/images/3842_jpg.rf.bce8d585aed69b968bba34f87951fa56.jpg,4be4425f2b7eccec68c7185e32b6f58f201e1d5ea1f0769c6c4b8db43c914f4b
sangam-Braillie/dataset/train/images/3843_jpg.rf.6756b7d2b32b747fe737f77ab0e6feb9.jpg,acd31443106a1bcca6c9742ebbe0d2280fefdde5dc0afd7c06577dce11c69bff
sangam-Braillie/dataset/train/images/3843_jpg.rf.e4625d460fb0c1b685201495024d7c61.jpg,5dc561982c5c34906c5ad6d785bb16d366b51c293cda5915f5523875e4c45a0c
sangam-Braillie/dataset/train/images/3844_jpg.rf.ae82c3635483233fed4d02091c5e94b9.jpg,7e80b9ed71cc6f8472a53524e7522f1ba1a78b2e257bfeaca07e84f0b48f85ec
sangam-Braillie/dataset/train/images/3844_jpg.rf.ccdf348f76710b82f7f3a66051858f3e.jpg,f2c93a0a4c45e7798ea724e30198a7352022f7da08441eda6797b989e6b96e8f
sangam-Braillie/dataset/train/images/3845_jpg.rf.d9722823447a0583dd5a45803cae6875.jpg,4ced225e974ea03cd09679dc352053e1e3f7e12dcda6e3c32db671c9b089312d
sangam-Braillie/dataset/train/images/3846_jpg.rf.411bda91c7c9169816690737dff6c7eb.jpg,c73ebe728fbddb9625b0e8a3421347d6a869fa216450c6234328953340877ea5
sangam-Braillie/dataset/train/images/3846_jpg.rf.a082bc1512d69463bd91542616af3039.jpg,10270036cdd21c25c6c5184fa0fb724662a4f9f5aa76aaf043d02638ebefa3e5
sangam-Braillie/dataset/train/images/3848_jpg.rf.b30680f62f00569d4be16b0653ab7b64.jpg,489ee96269425242e3c158fe5e916fc84206ddb7bffe10d5e628e18582e65582
sangam-Braillie/dataset/train/images/3848_jpg.rf.e58c7add486b7cb92041654bf840028b.jpg,2a2c6144cc869701291bca658023559ea6141f7150cc4e355a84c7fc6bc6c2bf
sangam-Braillie/dataset/train/images/3849_jpg.rf.720549f5f0c73021636af762af2c64c5.jpg,4e5b4359b7b878703ae9b25e1291734461a51f6952fe6360e8cd41d97a40fc11
sangam-Braillie/dataset/train/images/3849_jpg.rf.e0ecf490c2c7564c34ae7ea2aa350917.jpg,fa3b2dafc57d4a6da8ff9b71227886da33c3cd346845e33a9b4eba6c2d2469a3
sangam-Braillie/dataset/train/images/3852_jpg.rf.46f1c63f59b257b50ba33e97043aa72b.jpg,6dd6142ef038a53aadb0fcd74cae0f97c4a2bdc90e7c2e9d6e8f133b4f509aa9
sangam-Braillie/dataset/train/images/3852_jpg.rf.e8f8ea8a5f3560090d10544336c1b1fb.jpg,438b9b9543caa8d4abc9f61701828cee01e0e8bdb2c3eaac029d35927b686ad8
sangam-Braillie/dataset/train/images/3855_jpg.rf.f423892fe27c531e726a0b6986592470.jpg,2e19a760fe928ad92236d924b5398e72cf7a567b78fb0e6fa52132205f0c2188
sangam-Braillie/dataset/train/images/3856_jpg.rf.8657ab9512d6bf09e99ea9035b6f4e94.jpg,b06401ddfb94a951af61c14a3d66b6958b979b5fcda3405f9988bac725406b7d
sangam-Braillie/dataset/train/images/3857_jpg.rf.99e25564b041a4f54a0b7fab6ceb9212.jpg,57cf0156078c656b266355e71d66c97c5632009b6f963166e53505537a5a707c
sangam-Braillie/dataset/train/images/3858_jpg.rf.596f1f687e2f119ff2ecaa94854be65e.jpg,82d19320e6dd647265612858ca2c9ee88d9be96fdd359e955a5fb6b3531ea3b8
sangam-Braillie/dataset/train/images/3858_jpg.rf.a31d69c05afe6da02afbbbf263650e6e.jpg,32a5b6351afea4ff7f9d31ecfdb47c7c00776fdac2b5a5b23af896287db6b06d
sangam-Braillie/dataset/train/images/3859_jpg.rf.27b0eff909536a6ca843528f5435befd.jpg,007a9642373093afbcd17e847ed9599149bdc823a557de7c2496d72f7d9309b6
sangam-Braillie/dataset/train/images/3861_jpg.rf.3a9408d1edb83fbd4f21ba165d0e3b6d.jpg,83c5b6b86572896748c0edaba6c3b137faaec484f9e749ddc9ef2134c85289b1
sangam-Braillie/dataset/train/images/3862_jpg.rf.9feca03204f7b1966a7c69ee81e72cd9.jpg,8ca8f3cf770e70af02429b989d6e39704892383f136d1bf3fc05f1a3d0d11c63
sangam-Braillie/dataset/train/images/3862_jpg.rf.cf9376dc615c262cbaef67d638aee34f.jpg,3337adba52e433012d287efbd0bc582bb72543cd16dcc4fec1a98addd7167dec
sangam-Braillie/dataset/train/images/3863_jpg.rf.3af1d97dbc9ba4c6bade91b9a33cabad.jpg,896c4e845f5af25513ba8ffa3fe5b4fa5ff51c6508cc077e4a385c33ebc1b9b9
sangam-Braillie/dataset/train/images/3864_jpg.rf.0b46262c727fe0cf475aed2862785be3.jpg,370052346a7e318924b7e0a17a6f453a545c5ed3e7ba948b0f1bc38f95aac83d
sangam-Braillie/dataset/train/images/3864_jpg.rf.3003113856829c0ba3d75caaaeb6b326.jpg,1688e361f28f713ac1c91a643365e0058bc9248e83ad9c6c4665ae26850f750f
sangam-Braillie/dataset/train/images/38_jpg.rf.947623cb4d0fe4302d1cf5714f168f57.jpg,84afd206a11700ea6530e0dd29ef2c891035780148bf4c96fff007e4c8f6a022
sangam-Braillie/dataset/train/images/38_jpg.rf.a65b92d7e55fc3f71fafcdda7ee1b2a9.jpg,cee306f3008cc5ab0358a9671f85375629094f9252d53226b592872ab1bd6347
sangam-Braillie/dataset/train/images/394_jpg.rf.28c120326cad0f84356e833352507fce.jpg,696a9abc6b902987f088ab05e437ff7c37a727ba0678fcd80689b01d34b3a33c
sangam-Braillie/dataset/train/images/394_jpg.rf.986ee405247b3815f6e2dbdeb4106504.jpg,df401b1e5a2bf8c09d9d201cec5d9815b5f92d136e627d47188a038321754ead
sangam-Braillie/dataset/train/images/3993_jpg.rf.2d93fe8bfff9e1e1ee4dc499c12fc988.jpg,a232f3f15d980106c1b4ec351bac7b8c60ef19e26276df8fe39d371895a8e913
sangam-Braillie/dataset/train/images/3993_jpg.rf.8a5f0bc595917d12902d2b24418364da.jpg,19e8f3d493c24c0c906b6984e16f02335fbc568fc08537727f037c204a7bf518
sangam-Braillie/dataset/train/images/3994_jpg.rf.5a98d97f2ea38dfdf365dc97f8b35d4a.jpg,cc3e9a01e5cba1bb6627febb5d46209413613377ddb9248a73a8de3a89519e49
sangam-Braillie/dataset/train/images/3995_jpg.rf.95009b3a999cdf245eaa9928906ee9eb.jpg,ab94cec2d4286160bc9242c5aafd7c3e66da0fe6dc789b04d67c2a5e67397b8b
sangam-Braillie/dataset/train/images/3996_jpg.rf.a2a22e6a5356b50b093dbb847d4dfb3c.jpg,8e38c51a5cac02a74aaa5bd42ae18c4f299cf21b4154b71efa9b81cea351bda4
sangam-Braillie/dataset/train/images/3997_jpg.rf.a8e7b97877df60686e2ad1400e5fc377.jpg,4543016d1ff7efb6e15d6d58e76661b2f2b5ef9511f11abb8011b96191833041
sangam-Braillie/dataset/train/images/3998_jpg.rf.82f64a028ddbc53b3ed660b26fa0d3dc.jpg,7166d43acf1b5a6b2c5da1f742835e88c8fe985599918caa21a71e43346b781a
sangam-Braillie/dataset/train/images/3998_jpg.rf.abfdf296053b73d821913d7f5a6469f7.jpg,d1aec0f802074a42fc8622cb875f2fc5c2f8ebb444682cf523cf6acae5f05414
sangam-Braillie/dataset/train/images/3999_jpg.rf.0d7e85e9bdf997bc6f523c83faedcf7d.jpg,d99c8e46a4c060933092c1b805858168550a3706812fd3081547f876b5464bb3
sangam-Braillie/dataset/train/images/3999_jpg.rf.6915d37f378fa4349822380a7f211df7.jpg,310f5c86893fda5b69764ba842c8a15a001b4da4601faa93dd4a677ec34cc50b
sangam-Braillie/dataset/train/images/3_jpg.rf.2131ad5546b5e6577359976d487be351.jpg,340d9ab439ba7fcd92d1f0c7690d28b910c4de4e76aa239614f9a3babf773aa2
sangam-Braillie/dataset/train/images/4000_jpg.rf.0bfa0cf9ab8d88a51491b2cfaa9a7269.jpg,6a318ab0c64134207afd5ab30ab511b840e8bca5684fab04d76ffa2b97b7105b
sangam-Braillie/dataset/train/images/4000_jpg.rf.ebc85a0a5cbd354c7a8d4927f2ab38dc.jpg,4ad83f51e17cc0e6c4e808c300e1757f4ca9814c5d99c580c82338e7224341d8
sangam-Braillie/dataset/train/images/4001_jpg.rf.471d3343175f547f46d45f191007050a.jpg,ae38d56019570a8ef2dd6d9c1cf1675c5ceb3a08a9acf418abdd47841cad5c9c
sangam-Braillie/dataset/train/images/4001_jpg.rf.5d94c60517996490d4614ac2565a32ff.jpg,cae89e1782c6ba5450b109ba52554971f0e753771ca8126458aedd3bd2d44a1d
sangam-Braillie/dataset/train/images/4003_jpg.rf.0dad86970af27b223b5ba317488fbf1f.jpg,d21b6a7aec631805ab702c6abde28d111718822d7677e3f481fc16d21554a566
sangam-Braillie/dataset/train/images/4003_jpg.rf.b7d15ece6b207bbd790625f48d09d336.jpg,feb80fa996eaadeabd2e4e19a3918893c239290e4a234dfb301a0201bf374213
sangam-Braillie/dataset/train/images/4004_jpg.rf.17838adf6269ef4325ebc76d07227fd6.jpg,86eff91ef876578cf4552c19c8fcd58633817b6b62bf083da162af9ba2a269ce
sangam-Braillie/dataset/train/images/4005_jpg.rf.10bf257feff765f3feabee3a766ff3d7.jpg,9bb45ca7846f871b42148c7ab33f3bb4aa3cbfb63a849f41e677f99fcabf9897
sangam-Braillie/dataset/train/images/4006_jpg.rf.64bfc43109911081edb2c3977322d840.jpg,50f831131538a0e2ade9f3a6d07b264b15bae7b7a4e8bf3f7ecc102e734c42c8
sangam-Braillie/dataset/train/images/4006_jpg.rf.890a011050bd65342618d971b7eb3835.jpg,fb90e07d21785bdd5ce74062949d333f6f27a72da96cb12ec7d31bc4aade4496
sangam-Braillie/dataset/train/images/4007_jpg.rf.a8948def251279e1927e25467759899e.jpg,2685e7bb342ff5d4d9ccf1f41add2c261645722c79fa94f71d8349e98aa58f5e
sangam-Braillie/dataset/train/images/4014_jpg.rf.6a1bb867dcb86dd344005b22d69ef9f4.jpg,3c8272244f18a201365d0bde33c5496cf20265e1dca998c400119f687d2a8e52
sangam-Braillie/dataset/train/images/4014_jpg.rf.fd8b6f6ea03844960860467fa9b984a7.jpg,0ad81210de3175bbfb6d32e6adb5e780b8a180ea18a54075d9e568f0174bb22f
sangam-Braillie/dataset/train/images/4017_jpg.rf.dd3df5976986e7523eaaac6d76b9bf6f.jpg,e7adefb26c74a2fbcb8e2fbfa132b3c7461e7619237eead99152472e06ce6c6a
sangam-Braillie/dataset/train/images/4018_jpg.rf.344f90566f95afb9dd59adc00ddd8c55.jpg,80fcd8f7331dbfc63b5cba5345612da00385f630f4fd3d0cbd6b250b02902236
sangam-Braillie/dataset/train/images/4018_jpg.rf.c02bda746dd8e15a887b0a934b452dcd.jpg,ee9b752ebd0b56f224e32635c581172f5c38673172e8c4c24cb493c9ada95544
sangam-Braillie/dataset/train/images/4019_jpg.rf.a21aa0522102fe28f666a3460529e178.jpg,afd7f009589db35ae07e3a67bf9768abcd29c46488ecefb299dcc373d24bc24e
sangam-Braillie/dataset/train/images/4020_jpg.rf.9a9c9d6d349eeb87bb4507c4f749519d.jpg,c3cf936d8f51163ead48bdff72e489655a5e3d8e03e90e67db2b07dd9ec51921
sangam-Braillie/dataset/train/images/4020_jpg.rf.c79905d5d5824d4e944044db3f63d38c.jpg,4122be84f4abe310df8d34aaf2ed12e5db6e48ed2090b5b4652dfcd6b5ee1958
sangam-Braillie/dataset/train/images/4021_jpg.rf.39a3bbaa53d22aa0b362421999a20d32.jpg,e7a5df1caab7370e19a93328bda7c5af57ebc63e11a75c3ca012d33ead9a44a5
sangam-Braillie/dataset/train/images/4022_jpg.rf.596a05c1cd4ecc4dded0202c45c0b0ae.jpg,1117d9be045f27331be260d530ed42bf7b895e3b2a557edd527cb196316a0283
sangam-Braillie/dataset/train/images/4023_jpg.rf.3a8f546f8032ba7253691f045a6c8832.jpg,02f209c611a3c13a1ff31a289a6924bcbbdf17cd60e8c781cf2b04050c578c2a
sangam-Braillie/dataset/train/images/4024_jpg.rf.c9862221b47e0ab456a7ad0ed07646f5.jpg,d60b416c35f13442a48c47243beea3155341a24bda8a463252b7676aa9b7b0cb
sangam-Braillie/dataset/train/images/4025_jpg.rf.6a38d7a725b2bde8728b1abb1e2005ca.jpg,c666680211596a32337bd4b3b586f50982a9e451fc7e27170cd54bde62f98ee6
sangam-Braillie/dataset/train/images/4027_jpg.rf.3fe2da45fbd338d8208bd58b005ad34e.jpg,3abf713895bc2213bbe917a64c96d86bf6151a2d19945d693a5382bf165c7d7a
sangam-Braillie/dataset/train/images/4027_jpg.rf.5fdc19fbc5bf553915aa8e0745bccbff.jpg,fc22dded7a9dc572785ef6bd1cdc93a614d289df6a9c282eb567874cb6da5778
sangam-Braillie/dataset/train/images/4028_jpg.rf.bfbca404c49cfeff66e55c1f25463f2a.jpg,83051189d0a00fa9963e2ed1f658088372e1ab528aff34d73a0b59ef75b00940
sangam-Braillie/dataset/train/images/4028_jpg.rf.e85b0822738cbce9fe31bc0aa3cb1465.jpg,a168ff1bf3186e86f2b80ac6e51d49ca8edde7f9919cd7b6a2ebe6f572c3c317
sangam-Braillie/dataset/train/images/4030_jpg.rf.b2043169de236e57a13780068bdaa568.jpg,9b551bdd4341ea72623ac459b8a639354c284c9d9077c6a95083cd703229a872
sangam-Braillie/dataset/train/images/4031_jpg.rf.614ff3885dc94dfd422d1a6c31c4987d.jpg,1c2bb120ee598ae7f27790fb417293ef6244b0954f0dba9a74b49035be8b8b0d
sangam-Braillie/dataset/train/images/4031_jpg.rf.fa16743d6fbd73164f9764b706bbee00.jpg,25e0891a303c5e07e7343c9b95ef3b34f176a84fbb1ce072b52dde8663dbf245
sangam-Braillie/dataset/train/images/4034_jpg.rf.f2ec13344616df89b09eac008e048a7b.jpg,1416b82d526b95f009ab44541f614b8e470b0f7ac19cc3503bf893cf0769144d
sangam-Braillie/dataset/train/images/4036_jpg.rf.2d11e7c8a31ae4979caf5961cc86a5fb.jpg,7946a10fa5c178bca7e915830594902327667b559776868fdd02721e34f0046e
sangam-Braillie/dataset/train/images/4036_jpg.rf.d6edf55154b2285e7d1211d02fb089f9.jpg,dc55b2ac429c876cbaa4beb99d414b3e4e76866fc6e9cf92e972656f3a224f0e
sangam-Braillie/dataset/train/images/4037_jpg.rf.09abefd9a3130981310b55271b6c2906.jpg,c46cd1b660c1629aadcf7f2975173e0369836c13617184d795952da8a728a5f7
sangam-Braillie/dataset/train/images/4037_jpg.rf.b0b1121b89b9046a01ed5ee795c4bd87.jpg,81fe9d70706b0bc43de0103bcb8ac8310231cbd9a767dd261691cf263ffd93ea
sangam-Braillie/dataset/train/images/4038_jpg.rf.4d37f96f0b54f5fc6cce178484e43e8c.jpg,e8dd8549808330aa1f1b3ae60befadee92e834b46353645e11cd4feb76fbbf56
sangam-Braillie/dataset/train/images/4038_jpg.rf.b229036ef19e6a0996b5c9bbf847889b.jpg,bc7d21a6317b23aea1e3025a9471ed2451607f989a137fc362f38d833ae3706a
sangam-Braillie/dataset/train/images/4039_jpg.rf.36523e4df5c3ca78b69aaf4a51c24da5.jpg,540bdbc4c227fd03be4317ef82cda0bc74ece2cddbe69afed0ae568335c92206
sangam-Braillie/dataset/train/images/4040_jpg.rf.6c377fb61a4cd4139e83eeaa29fcdaaf.jpg,c2fc94c8cdbdea2861537468f1bf7174c6fb2268cbb838ba0c7b36945f429b49
sangam-Braillie/dataset/train/images/4040_jpg.rf.fce41976b1cfb53aaa8cbb845c189784.jpg,9733efc4e889fb5cea3dbb1cc42f61f223b25051bcb5c4e595fe4dcb5f4d43d4
sangam-Braillie/dataset/train/images/4041_jpg.rf.ff1c41ec1e3b9ebf46bb806392358e16.jpg,df9acec40f86955ed9b97c92a74d954165395c9c5d70d5be8a61ef107e0235fc
sangam-Braillie/dataset/train/images/4042_jpg.rf.7a3f2d4d78c4b44ecf6c5b34f89bddc8.jpg,9fb009d122d404cf0d9214a8b4de9a586b61542d891542d3f3638245a0398721
sangam-Braillie/dataset/train/images/4042_jpg.rf.b8be1b5d8be74217966c679dbf647c64.jpg,3d2fcabce9a924297fad8d6a732f9e8dc409d779a1c55ee128b489a49204a3aa
sangam-Braillie/dataset/train/images/4044_jpg.rf.e74c2437301cc8b76fd3aea9276c8c88.jpg,bc07de3cd5adbb260007b288fc3f2932ee15f1c2681618f95ac05dfc7bf7ff80
sangam-Braillie/dataset/train/images/4045_jpg.rf.5871aae709e5177c54f8bde33966f96f.jpg,41dc0784fadf4c9a4a3ff2e5ca3ba1ec922ed23591510b286548b1ebf8344f54
sangam-Braillie/dataset/train/images/4046_jpg.rf.8861a78f833f2f405773cc66bf41c5b1.jpg,d1fdfef51dfbfd3312a6ce403284959ab2440005cb3fdc357d0da26bab97cd2c
sangam-Braillie/dataset/train/images/4047_jpg.rf.270197a93e281e62244aee7e6f043aeb.jpg,d53f8bdc32143cde9cc213dd59ddada72f9c084cbc606133ed236a04c734ef7e
sangam-Braillie/dataset/train/images/4047_jpg.rf.fc30abf92554963b79cedc1523aad181.jpg,e14ff3ee8ef2119fe985191eb128352725a69c7099da30e3fbc8eb23de538df8
sangam-Braillie/dataset/train/images/4048_jpg.rf.1174e4db6f2bb432bc1f524857d1e976.jpg,8e0607d65ca2036e73242dbc1f16f27c3df25a977eefc07e94fa7726fddc5b8a
sangam-Braillie/dataset/train/images/4048_jpg.rf.2c8029e8a13e9327b5f854bb68e11bb3.jpg,19f9a2dfb17b9144fc72c0614a1353c3410e12e857c1c63b185b607a6d891255
sangam-Braillie/dataset/train/images/4051_jpg.rf.3b017185279aaa1b23b7b1c951df5075.jpg,2c568c230eb6b2f09999b94e67c25bd722c7b2635a151a116a7e7c6490c60de0
sangam-Braillie/dataset/train/images/4051_jpg.rf.47e26a4bb7b6c716e7cb9267d0811a3b.jpg,8db4157f847316671404f3dcdf37e35820c98a00a1ffd98a02bae06672480b45
sangam-Braillie/dataset/train/images/4053_jpg.rf.0d49a9386e6fe7316adff9e707475a84.jpg,595cb28b584174e0de65e79a1805364e2ce85d85858b2525f7a409f630c23bf6
sangam-Braillie/dataset/train/images/4053_jpg.rf.747058cd69f7f86ee52cb7b10bd74ddd.jpg,86ac7618617372123a51818e2515c5811461a9680694e8bf6d39ba86e547e3cf
sangam-Braillie/dataset/train/images/4054_jpg.rf.61d5db839582fc3c87a97adfdbac9e30.jpg,26a7602aae4b6c81aa834dbeb49c3ac3a66f368b49ce9d567cd53804e0234fa3
sangam-Braillie/dataset/train/images/4054_jpg.rf.e8145dbc63df25f792ef019256145bd8.jpg,fdea732e08a8d7409b327a45758d3a86b9aadcecb3fe74cfb00f33de21df4635
sangam-Braillie/dataset/train/images/4057_jpg.rf.67541ca03006500d4329d8806ab7d8ac.jpg,6038bf15cdb2938e33121480663d76ba2b892896a45d5e9050ee784ffda31ca0
sangam-Braillie/dataset/train/images/4059_jpg.rf.0831f41cd84cefc7a1a9c993aadf11e1.jpg,fa076e99401b8839f4387512bc4145361e84134173156f9cb2794012aefd91af
sangam-Braillie/dataset/train/images/4059_jpg.rf.d77c781068038b0920f01e657b962b5a.jpg,21be5a40201d0671e799da73ea6c5a60e92f8bdba66a3e9114eb058fe9598565
sangam-Braillie/dataset/train/images/4061_jpg.rf.2990867084c0225e122ff0da0f468331.jpg,70fa712565bbf624c828290b3d68e1beb8639cb25eb2712bc51eaf7f76a9cd1d
sangam-Braillie/dataset/train/images/4064_jpg.rf.0f654e0b707c19d5a7a38cf94ccd4be1.jpg,2d4a3af6065210a32a88229e22dd5580bb21e8f78b19c47f8cdec599faf72b62
sangam-Braillie/dataset/train/images/4064_jpg.rf.b3190eef6e82256693a05d8fd3b57778.jpg,a97339f2d54a833d9e8d9761a6b3dc7e92b99f9192231fc290609239e5b1144c
sangam-Braillie/dataset/train/images/4065_jpg.rf.10a75d5c4499d9b2162a6ab9ce2bc571.jpg,e4b25fd3a663aae471d17100d7571e8cc27f05113d2f758ed52a4900827bb16f
sangam-Braillie/dataset/train/images/4065_jpg.rf.e33d54213493ea807fa13cd2147da79e.jpg,b39872da71a0283f839f74a316a59f0a3d452806fb56f4fdf5a5a5cef747dc01
sangam-Braillie/dataset/train/images/4066_jpg.rf.89c7d4a359f6836c028d1c8e0f53db66.jpg,9bbd16b8744a2a90208479037e2b1395e758c5dd462c9724afac39b13233ca38
sangam-Braillie/dataset/train/images/4067_jpg.rf.35a719f86a9dfea7db9b7982ad6a5d59.jpg,79333e7dc07da9be0ae581777019efa2b76cfc9b3a93921635c49b876c85231e
sangam-Braillie/dataset/train/images/4067_jpg.rf.8d9504d26df391f4e619381f35061e27.jpg,0c6bba0a0bd74abb10f12bc3adc728cd15dbd3cae2294aeaa510341daff94379
sangam-Braillie/dataset/train/images/4068_jpg.rf.df73dafc8929aef2de4058b35a3654b7.jpg,a8520ea6455998fb84cc72bc469bf1a02253dbba998b94276b96e2b18168ce37
sangam-Braillie/dataset/train/images/4068_jpg.rf.f138bffb792a976dd4958db4c5b0265e.jpg,af87bdbf127fb9606545e876b9d0ae4a8ce82e5fd5d63f94546e15ebb0556c1c
sangam-Braillie/dataset/train/images/4069_jpg.rf.444c14a030d0f86c334c1daa1bf1e414.jpg,1ed335cba7b4731b40c9d690846494386fe468734ece47a3cee1122e897cf376
sangam-Braillie/dataset/train/images/4069_jpg.rf.798b9cb7873e968b2d2891f53637b6a8.jpg,b60b639a9e7183771031c0ab62a30a9003a8cc8037842817e6a70480e5e996d8
sangam-Braillie/dataset/train/images/4070_jpg.rf.3057c46a4e2399978abeddbe2fcb77e6.jpg,33317639956f3d192dfc09f0ae34a90310dbceb4b06148d6b657ace2575fd3f3
sangam-Braillie/dataset/train/images/4070_jpg.rf.eb49ae6b3c3ed2877a3e60fe884b1cfe.jpg,e116f0138b607f77e5a6b35c9383ba717d7403ab0b621ecbb4e8c4027fe8b9c9
sangam-Braillie/dataset/train/images/4071_jpg.rf.18adde9963c8bd0f6f143f5fd6987de6.jpg,9a972c8aa6ce3f62946f76b2e3228cc69476cb247128ac1832eb74c87b6edf2c
sangam-Braillie/dataset/train/images/4072_jpg.rf.5a0bbbcc6da29099c2d30705f964aa7e.jpg,32f434edf6f29930b330fcee4d94937503fd0569dc0482cbe6e30cfc24834ec9
sangam-Braillie/dataset/train/images/4073_jpg.rf.1084642562439f035ebebcb24ac118c3.jpg,cfaf8cb8f9d6c0952e3daef9bd04f25070c605760927d97e9d98beb4c5810aa1
sangam-Braillie/dataset/train/images/4074_jpg.rf.f59183ee842faaa50b459ca6d6989f1b.jpg,98e50cedf8ce0b6852fe906b812184d038a868178b0a0fa6a5270bb27c533c26
sangam-Braillie/dataset/train/images/4078_jpg.rf.8eead5370ea84b7eaf00788733602357.jpg,57f4896805dc2861e19670f6c15fb31eafb9ee20a64a3dfd4dfa154a75a30b21
sangam-Braillie/dataset/train/images/4078_jpg.rf.a268d69ae003832cdf29217f0df3958d.jpg,25599737084d84ff482dd16f7d26bc4719ba2b0c2b8c2eedc210ec77b695013f
sangam-Braillie/dataset/train/images/4079_jpg.rf.b5ab036c0e6c7d6c7178d5a6af394075.jpg,8a53bc58c2ebb6ec872a2005ac93a550bdaf4b739ba735a638a124b04d075e71
sangam-Braillie/dataset/train/images/4081_jpg.rf.6540ce1babe9528f76a62bbc9ef28156.jpg,ecccf7edf83855372b17251351196ac4896922c8cdca7fdda359f991a9f7d25e
sangam-Braillie/dataset/train/images/4081_jpg.rf.f30fe0d732b97d63a68302ec9ac49c65.jpg,b819080d27e30a943f98ec38b74994d7a2d907bda8d2c833dc4b49f235f642b2
sangam-Braillie/dataset/train/images/4083_jpg.rf.6a6f35e243afc618e690bed243f6ad39.jpg,51c60cf1185d47720bac621f29a8f3beb6bbe66354b8f2c89b2c1d3794c0e780
sangam-Braillie/dataset/train/images/4084_jpg.rf.d5c806c8309f4f5c7e2792b243c29e50.jpg,f7b0632f751a775c573e003dfd6edb4531dc7d6576dc8ecaf3ab20ca9b6c33b9
sangam-Braillie/dataset/train/images/4084_jpg.rf.e2a0c086cac7daa96d4bf9e085d5485e.jpg,94e727f7fe03e8dac82d3d7c6c5193bfe5f07cc89df2d721c2d314579a34ea67
sangam-Braillie/dataset/train/images/4086_jpg.rf.fbe4fa607f951df7c51211d842e61026.jpg,bb0bcabdf4bb4df8622f3d98913533a07d6c76be2ff912ec1f582194a000f41b
sangam-Braillie/dataset/train/images/4090_jpg.rf.6a2df837e68d9c8e6fb8a4d85f3b7a18.jpg,1198a54cf759020ceaa8b4d46e4c7131a4c66cd12766d9f2619d6d0a504c6355
sangam-Braillie/dataset/train/images/4093_jpg.rf.df3c80ffa6fb91fbcb3dfb0bdee418b9.jpg,1885dc302fed6a680d9e05be38126ef24c3ee0e08c9eabd8e5c8f21512a40858
sangam-Braillie/dataset/train/images/4093_jpg.rf.df6a4e676c19d2fdf0c1cab2308d2eab.jpg,157e171219ca4a16d829529e90a9cffcf4926c9e58e6a0f0382edd7cb28302e8
sangam-Braillie/dataset/train/images/40_jpg.rf.a2f7223bf6c3b2204b59ce0c4f94b16a.jpg,d4b84862694ed7a5270b65acea9aa6ba3d14247f214ba40d096e5569d9be22a3
sangam-Braillie/dataset/train/images/42_jpg.rf.304c841877ac33871c119557f08656d3.jpg,0ebba852ab5c9288e2119609712fc78600cb9304c6eb5aa6e014a612e332360d
sangam-Braillie/dataset/train/images/42_jpg.rf.4cc8412708f8d4aa272aa28f21cb37d3.jpg,f93897a6055086b454eecbf8ecd65ba7ed568a029581cfc44a1ea3bbd23aacd6
sangam-Braillie/dataset/train/images/44_jpg.rf.5a66bf59c783db9979b2cee585373876.jpg,75a151e2927763524697014e676709756c24f9a31ef2c774933024636e02ba65
sangam-Braillie/dataset/train/images/4556_jpg.rf.45f8a73e939b587afc24a5089908c5dd.jpg,7b80a1798fc046d74f18fe424eb9180b93095b78e6fbffb4f12fa651098d5915
sangam-Braillie/dataset/train/images/4557_jpg.rf.880fd476a0f4d40265467dac93007465.jpg,892fcbad57587c80bc8f1944a261e5adc8468485517ba49c262011e105fc630c
sangam-Braillie/dataset/train/images/4557_jpg.rf.d691ee485d7d4f62c55099d8cf5333e5.jpg,7a8003474028137ecc0b30c147a800e716c2f35357343009a4afab1006976f95
sangam-Braillie/dataset/train/images/4558_jpg.rf.3fb9044fe50ec76031df21397ba47249.jpg,b0a2457a9bd702216ea2b28ec6f2ea598a2554c8b073b9c197452e65289359f4
sangam-Braillie/dataset/train/images/4558_jpg.rf.da5350c16d28060344573cc81155a99a.jpg,38b1879769b12484cba00c9de6b7201e449415374b0b5291199c92648062bc35
sangam-Braillie/dataset/train/images/4559_jpg.rf.c0f9f6e1444c1e7640e88e00a1ba757b.jpg,a8ec503f39f73b3aae3a5406ab956fe9d39c3f3cf78f0d6841788e78848b4440
sangam-Braillie/dataset/train/images/4560_jpg.rf.7614f5722ea45e312fe8c3679696534d.jpg,25b9db9dd49566395eb205b0037444136b46287acae84deb9b2134e47da7b106
sangam-Braillie/dataset/train/images/4562_jpg.rf.e1b0bd6e4e6ee5e6203c0e3fb6c2081e.jpg,1319e855350b6637e8f24738c7ce4af45a16f77e20c7db4cd9c01dfaaecd749e
sangam-Braillie/dataset/train/images/4563_jpg.rf.54252c8559cb932004b474f8024306e4.jpg,88aef6a31fe0c05d3c6f6baaa82a5dbe07fcc190014625fd73b7c872b2484a99
sangam-Braillie/dataset/train/images/4565_jpg.rf.2784266014092e0d880ab82e9fff5b9f.jpg,a220954501b535fefa0b4c3b1080c4f034ea77b30659fd295bc24ee275a46336
sangam-Braillie/dataset/train/images/4565_jpg.rf.363fb98c6b7aff2b8bedb64eb4966e2f.jpg,4b6a8e948435c5b2786cd59ca7309a65d867cdee01ab84f13007718aac02a283
sangam-Braillie/dataset/train/images/4566_jpg.rf.449a72d1f75b0096ce9c154263e3b6aa.jpg,41aa70579983c8896767c57c4aaccae9147fbfa48ba5bfc4a0aae0be7c88fa09
sangam-Braillie/dataset/train/images/4566_jpg.rf.f5abc2a75c036dd649d9692c8589b14f.jpg,f2c519e335986027939f0c5d75734618403ffc2085c3c9948c2d857b035ad3ff
sangam-Braillie/dataset/train/images/4567_jpg.rf.382a7bacced93c2b1555ab383e241018.jpg,9d4367b9c7ec5feb08101bf12ced2658cadbf24bc8181e0a3ad9372e554e775c
sangam-Braillie/dataset/train/images/4568_jpg.rf.55b53b685b1cd268abd03cbc6a37a5c3.jpg,6a3d9dfd178532996c360904d913aa1b359cd8e58e41f82a4846af3b52aa69c8
sangam-Braillie/dataset/train/images/4569_jpg.rf.72a5c2d01d0065aa1d8d7a303d20caf8.jpg,47861ff0f342e3a61782fdbdb9124d530e7fcec019ec8c7a2aecaa791e94a615
sangam-Braillie/dataset/train/images/4569_jpg.rf.bf04fecbaae6337e40b5ca487fc7f935.jpg,e26b30aec62348986cec8e3fdd5e7062ec935f22c269c11cdb8712c91839777a
sangam-Braillie/dataset/train/images/4570_jpg.rf.fc3a32c5bacfc17134db1841c9c3d04b.jpg,cb728c17f1f369754b8e51c253292b970a7b17b393c8a5940845fadba455a37a
sangam-Braillie/dataset/train/images/4571_jpg.rf.1d653e63d6655fd4b766e803039d5e9b.jpg,c40d448408206b35092e19bc6fc545bdb1603f7efa543c7784348ba4ff891862
sangam-Braillie/dataset/train/images/4572_jpg.rf.abe7c995d57b5bd1b956fff8716be08f.jpg,9f83589a7e24c4f429c6dbc0f53f6eee10a3508120ad9a11a39e583971d3509a
sangam-Braillie/dataset/train/images/4574_jpg.rf.d24834f55d6b869cab149449711841ad.jpg,686759d2b799dbe407cbeee788c7d1c10d25f1add60b4e23aad6a9c165ed0094
sangam-Braillie/dataset/train/images/4575_jpg.rf.fbc9813ea869b13c315b239d0f571789.jpg,3cbba3b5253549446440cd047012dea44f3479cf633036a167826debd7a128d8
sangam-Braillie/dataset/train/images/4575_jpg.rf.fdde693c072042430eced7dfc1442638.jpg,2a31c12220b0ac949c1f78daf5748d449aeed43985d8f516a78004e70f33a4af
sangam-Braillie/dataset/train/images/4576_jpg.rf.c99f1b85fc4a5c7b57f03e183f27383a.jpg,0d6bc28cedf6074315898ebb8bf0b29027c2b2cfc5d5bb3747d0b90eb4724657
sangam-Braillie/dataset/train/images/4580_jpg.rf.7efdacf7ed02de4916ef8f12402eddab.jpg,55bf5d9d305f32bc18a13a10d15edf5bab3c92ac4eb6bd3043475259260069b8
sangam-Braillie/dataset/train/images/4581_jpg.rf.530975f66bb758bbd941b40307c21313.jpg,6241fb5eb659b55cb9b3b219e460bf90d708e84b10b45cffd9a8937434796ec8
sangam-Braillie/dataset/train/images/4581_jpg.rf.eea1b8831affa3dbe78c874857a250f0.jpg,f398af71fada94f8f9919c4c6a2b7af09a10dfa1f34122514e013177b12671ac
sangam-Braillie/dataset/train/images/4583_jpg.rf.7d29f33289bf53e5af59aa657e35509e.jpg,82b53f4aca1b04b696475d31ab77696123ce6919b077807ed0c2df4fea435224
sangam-Braillie/dataset/train/images/4583_jpg.rf.d3841ccc98e414da52522eded6031a71.jpg,13ceb69dda457061d60d02838fc75959b2506cfc874a7035c312dd024bc37f71
sangam-Braillie/dataset/train/images/4584_jpg.rf.82d327fc3c20d67524431ee4b3cdfa3b.jpg,3403f01f4ef128eea82b72e7d015855e0a35fe197338cd8d5f579bf5d492f787
sangam-Braillie/dataset/train/images/4587_jpg.rf.5adf10155d249270106c85cdb3fc6c96.jpg,53bd7871d411c0d30c42852a5b87608ab101b6fe48aea5d68ce54daca5ec5be0
sangam-Braillie/dataset/train/images/4588_jpg.rf.5334b346e367f4ae7aaa517a7c07bfcc.jpg,343f2d7db6420ec0c1cf007fc196684f15f3ccfe19c8705b7488fe402f920b54
sangam-Braillie/dataset/train/images/45_jpg.rf.54c5861fcbb2231d41d365bb6e203aea.jpg,c568ac88a540374fc6c1176d72cf92ef48f4f07d7b58a3e3548c47ac015d86ea
sangam-Braillie/dataset/train/images/45_jpg.rf.fefc3eb32fb4b71135315a03e86e5fb5.jpg,33fc2032445a8fafd57aa0b3c132a8841d9db566e0bc5cb362f5599cefc95303
sangam-Braillie/dataset/train/images/47_jpg.rf.c164ce96ee138241e509f28ef5cfa0fa.jpg,c45e29e73293103341a40992b1ca5879e8d00a25de8e35df8e759ce4f093671b
sangam-Braillie/dataset/train/images/48_jpg.rf.63e309292523f6f502c3939bfbfd4f53.jpg,cd49c9e753514be958b70a21cb607952e3469ca743921b6ff65d029d3db01788
sangam-Braillie/dataset/train/images/49_jpg.rf.59c61dc81b8dc6930b1e1c7ee7ec4206.jpg,2635915997f4de6ebe88752916b8a82cfbf998584732c0462a33f455cf962573
sangam-Braillie/dataset/train/images/49_jpg.rf.a00d8618b127a91396b4cacfcf980ae2.jpg,7fbdc958c46287e6c66c409d4316928a930bacef06a23250523cc3c0ed883c8b
sangam-Braillie/dataset/train/images/4_jpg.rf.16c1815c229ae9f81691832ed6a959b8.jpg,1d3cba4dc14fa55ac56f712cc1fee8fd0a27adbef262915228fef8d569be1352
sangam-Braillie/dataset/train/images/4_jpg.rf.db2e480b949b9f77d49922ac3035a2d8.jpg,ac19ac45ef81a71a5b2418889aa004b84572dc023fd815203511bf12fb6c079b
sangam-Braillie/dataset/train/images/518_jpg.rf.1fb5b9e20c3e8385d503d941dfb23011.jpg,3ff1431f2dbfc1652b62de28f18fe567a99a5ca4a81456537429cfd4ef6e45ed
sangam-Braillie/dataset/train/images/519_jpg.rf.42ce4ff79527baac58293cc2479ff3e4.jpg,43038fe6aedb43084c748806d59022c5b2d98a2001ba395832f1ead0bc5d5830
sangam-Braillie/dataset/train/images/519_jpg.rf.6c8fbecbfe9197d7b0dc7fe8102acbac.jpg,271a60e8090654219bbe1850e4caac2e2ab6b3561bd13f116d75015fcc5018c4
sangam-Braillie/dataset/train/images/520_jpg.rf.6d2328bbc31a77cb7a1e073c75f86464.jpg,66fe1cb8a0f104dad931fb1d7fe1412d0529b4a89441128325a54bf2fe18ed31
sangam-Braillie/dataset/train/images/520_jpg.rf.8fa2a5946d9af8d6e6984637f80d7a51.jpg,b6545e59d4bc10cb78450b51cc5702cf8023916a9b6fc51e0ec7c2a7edda0851
sangam-Braillie/dataset/train/images/521_jpg.rf.8890aae14f6344fed0719ede11eb6105.jpg,07881fed9dcee5fd876647679a77a3919494fdcdde9a8c1657b8b95aee33c1f4
sangam-Braillie/dataset/train/images/522_jpg.rf.362588ebfbb0561f05e07e49c3cb50f7.jpg,7f8e2662cf3ecd8648ea725a53c157ed9424ad0b2e7c990c2d4212aef8e51145
sangam-Braillie/dataset/train/images/522_jpg.rf.467650090173cd73d97d98f129ec751a.jpg,872539fb8744a9c4c5b63a91f845952578e7786951cb3c3111113907d26465bf
sangam-Braillie/dataset/train/images/524_jpg.rf.4124b2e0a347bf32e47744ce4e64e64e.jpg,27fda916d0b2df4d8fbaa999e87792f90147bbed0cb39a7f591103b2e3ccb9ed
sangam-Braillie/dataset/train/images/527_jpg.rf.b8a57067801f951aa3cdeb6b512caba1.jpg,75fb7f10bf5c3d9eaab702d6705581b1699daaa621d6cf28130e95e46307821e
sangam-Braillie/dataset/train/images/528_jpg.rf.449425f9c3a6d7dbafbd6dfe51e5ec12.jpg,0f6eb5f21fc5cbec1179b6ebacd013707f9e823044d3396389df6d53ec544623
sangam-Braillie/dataset/train/images/528_jpg.rf.eb5562e3051d29afe86ac32cc5eda9c1.jpg,51c4b906075c9baa3fd66341472aa431372850517dea3c3f1af0e518db969221
sangam-Braillie/dataset/train/images/529_jpg.rf.63ac7fd5e998f547d4b00dddbd40b7e2.jpg,40585dbabaef5e9e7bda3978febbd4f255876429b53c14d91e9ec4cbeb48ad48
sangam-Braillie/dataset/train/images/531_jpg.rf.b03206824306f9aa33fba97cdf3d8b5b.jpg,132f784e6c83604adfa5603a58b60cd99a42c998eddf7821a985c00693194692
sangam-Braillie/dataset/train/images/532_jpg.rf.6252abc40efce6d25dc839aed73d8e76.jpg,d9d6609c00463f8e9d538220050cf437fc5fe0695a1c72c89da4f79f9d3bd3a2
sangam-Braillie/dataset/train/images/534_jpg.rf.a9f392643b3eb89367f2748980ef8d72.jpg,11c6ccf1caecd8091d2150ccf60c8726a6166087f7bcb2a96180e10284ea2dba
sangam-Braillie/dataset/train/images/535_jpg.rf.3bc66b22ca00f7aab6040a4585ee03b0.jpg,58f8eccf6b6ca314e1fc7ca10e6155f1ad6cad57a437f812f8da0316909c7f93
sangam-Braillie/dataset/train/images/535_jpg.rf.c05107274e9c7c00048420625a0c3b56.jpg,5b4d8e25fe2c3590573000ca2a32899ac59f04d3b0128b13ade04b686fa14888
sangam-Braillie/dataset/train/images/536_jpg.rf.042b4dd01c2e8fc101d471fb08485c0e.jpg,a52cc981f1ba32d08abdf71af0cdc0edd0f25c6cccfbe4ab282cac4fe66503fa
sangam-Braillie/dataset/train/images/536_jpg.rf.742ec368c2b96a2dfd7622ebdddcdfd9.jpg,145794d713f92507a3cd1aacdf1c52502856004e9df41fa2563e4b72a8ead570
sangam-Braillie/dataset/train/images/537_jpg.rf.4352012a04b923ea4c9a3fe9b170c224.jpg,e71ffc75749d4a2ac2fc62d99a1ec6a765a1b89cdbb035cc2db0ffd39cbf4ae8
sangam-Braillie/dataset/train/images/537_jpg.rf.5ba043ee3bfb13ec4f9c6b7b67fe2b2a.jpg,e01fa7cf7f2cacfa0d4394c1282d0d990efd4c2deabe1a96da77a85f4ae8d6ef
sangam-Braillie/dataset/train/images/539_jpg.rf.460c3b1bd6b4361e85719ef582196020.jpg,ae59c7092bba8e80890df0df118ce1839775536b5530c82863f9d07d86c2a24f
sangam-Braillie/dataset/train/images/539_jpg.rf.529b9a92d6717b880404ececb456a39f.jpg,84c429394c17db371d1b9bee39bcec5a52428313809dad81e185f5e37e2cee8c
sangam-Braillie/dataset/train/images/540_jpg.rf.58017927f09380f8e5c40aa363c1897e.jpg,b8939a7b8cfa77aea662182cc25c0b16e94d11cb48d137bed452ded115cb86f6
sangam-Braillie/dataset/train/images/541_jpg.rf.131486ff3203bddf88a38cf6c9b8aca4.jpg,8121ea1dac7985a3b289d7fdd4f75f33313f23b22059ae82a6d26a18acd72824
sangam-Braillie/dataset/train/images/542_jpg.rf.1368fe22238f01b27cef64005b270873.jpg,235dceccdfbffbd54cfc569a7a68001c4fdd07e8fb9b4d0e4791209538f76df0
sangam-Braillie/dataset/train/images/542_jpg.rf.ddc58029fa63323bbe5bf279b2da819d.jpg,a4c3156d7641532d618bc953b349617675ea62aa7bde404592efff1b7f7fe962
sangam-Braillie/dataset/train/images/543_jpg.rf.9bd4d6fabe56645566347e0520b93b88.jpg,702f2a6121f8369226864bd283e4c4346fa5786faa33bd83f494b2c47d84d833
sangam-Braillie/dataset/train/images/543_jpg.rf.fc3d6ee95602db688a97fb1b880cd816.jpg,373da1e846590f99c859ae571fc14c8009b94c049c1b7009332217765c409fbc
sangam-Braillie/dataset/train/images/544_jpg.rf.2a448b763dcb806849f11c3bebadac4f.jpg,802021fa5abc2a18a2ca65b5bf17d0a4cd82f536005e49bd1c9b9e95ee7563bf
sangam-Braillie/dataset/train/images/584_jpg.rf.c19242f6a1aa3992a9f8f28d74ad254d.jpg,f7450360e8112f36e9812fe574dffc18f5616ce2d15848b976f3eb85e90a49a9
sangam-Braillie/dataset/train/images/585_jpg.rf.ce627a9d7986856a8a7e1541dd9b4a75.jpg,f6b02c54d5669a396b1a773764fa9981e6a02091861b62e44ad7e17ac2835fd0
sangam-Braillie/dataset/train/images/586_jpg.rf.9cfaa3071188e0e6d2dc7a5676dbf3c7.jpg,f232fdb744fcc8b0a7c659693902a077965eaddf70a09a22a744a0106295c672
sangam-Braillie/dataset/train/images/587_jpg.rf.363a015ca1ac1097c43ceaae972cdcea.jpg,adf7b4e4f87c662c118dba7f1be5f7106a7c25612775ffdb4458171925d82ef7
sangam-Braillie/dataset/train/images/588_jpg.rf.6541f7ad670db2c6ffb34f1568a10e71.jpg,7da81898211f82ffac56528f4c5940548e24a9769d2ff6f8d048c9aee3336066
sangam-Braillie/dataset/train/images/588_jpg.rf.6883cab46caced5a5389548ec96ca078.jpg,b64452bde3f666d4188329b212729f4f58d52f9b08504e83f252a9642073b365
sangam-Braillie/dataset/train/images/589_jpg.rf.0001e68f3a5ca03633ef493df929d434.jpg,50b7fb93c5766d9eb761acad498840e2a81c29337b2bf578eb18566c04bf63bf
sangam-Braillie/dataset/train/images/589_jpg.rf.8119f00df64039f4c5e504a1dc2ed42f.jpg,8dff892478687d351cd17752bc98a4c600b3eb677ec5ce610161091c71d28747
sangam-Braillie/dataset/train/images/590_jpg.rf.10ef96fa6d74b09a3bc6b18fe731309c.jpg,24607fdd9f6b24c894f07d37171c48604a7365c59d31cc585a0d937edac7a4a2
sangam-Braillie/dataset/train/images/590_jpg.rf.a25046a689c7dd9f4a35ce0dc63c0f79.jpg,0ded1d6c5482fa375fc7bacb1dcbe85993ed9ae89f7b221b668da6e8f92d7294
sangam-Braillie/dataset/train/images/591_jpg.rf.b125f5d7b4778e2146248c77cc8485cc.jpg,0090d20b778045be430fd12ff2a387df94ad8235c2aa95b7272bf00d7a32a84c
sangam-Braillie/dataset/train/images/593_jpg.rf.724a74ad44ee1f0d834b8b199a48a8d9.jpg,7d30d459b25c39fe6da5e7c31984913d3df49fb8efbf65e8bd49686f7303caad
sangam-Braillie/dataset/train/images/593_jpg.rf.ecbe919340f91c4ec8ffd26fce129644.jpg,8a85b1bf06f7f44eee7f1964f1dc66a41a8aad93021fcfabd7fc36be8dfc26bf
sangam-Braillie/dataset/train/images/594_jpg.rf.9e2e92e0c0ac8063863f17dbb48f2597.jpg,5e2ed2200f5e360fef16faf4069b99fdfb0c35ddf75c49ed41c10404b98a3fd7
sangam-Braillie/dataset/train/images/595_jpg.rf.6d75d495ab6cb037abd6f80fe5ada8a4.jpg,cc71af9fcd029001ab25436c33229579bdf2008eb7b5737197096ed66ac7b0e6
sangam-Braillie/dataset/train/images/595_jpg.rf.abe9cc20e69a734b132707fe599ed5e5.jpg,48a62bc07064dcbfb60baed5aea8281181421e5add43cafab0d8c88fac960ac0
sangam-Braillie/dataset/train/images/598_jpg.rf.724a3600bc4cd91a7a7874480c6bc070.jpg,ea8d3731ee07833d586885a75407e9690847bc819c8748347556fcafa55c02b5
sangam-Braillie/dataset/train/images/598_jpg.rf.f316176d405b4aa4439e21b948f249d5.jpg,53864be19e4c93c12d4df4099e30749ddea131cd944950622a874755c2922fe4
sangam-Braillie/dataset/train/images/599_jpg.rf.0c07cd35c3c74c08fbcf80566cdc9be4.jpg,ade76a052552d60f98f67de849524596bd34f61c04a1054677364f2bfca4ad74
sangam-Braillie/dataset/train/images/599_jpg.rf.afe196303667ecc202e8570a40d293ca.jpg,08b517c711b5fc225614991aad7b3b7cd2560d215a9a1bb8e08db32bc23ea329
sangam-Braillie/dataset/train/images/600_jpg.rf.5bfd8913585c1ed0260abfc5cb6d86c0.jpg,6b73cbcc39b7c6ef20e90367ca9b40a87f3ad74d2d110647e21b825269795c86
sangam-Braillie/dataset/train/images/600_jpg.rf.67ba13b8585f3ef35b6e1d50f6b30d69.jpg,d5ad48fa0492158b9c526aadc79409f9091be6c03cae80fd55aa1159bb2c9ada
sangam-Braillie/dataset/train/images/601_jpg.rf.18c52a4f4a64f6b4512fbec45646cb45.jpg,86a09627f63922e2da82f3a591ecf28f1f77d4de7d879d2bd04a4b4a84ca8bb3
sangam-Braillie/dataset/train/images/601_jpg.rf.ebd15b26a5b490ab02ba9c9842d70464.jpg,dd54dcc503efc5bd7f2bc7d46ef41b66e106eab7507a1044927678cee0e5382a
sangam-Braillie/dataset/train/images/602_jpg.rf.7b96d71e0a78ed3fb7f171db57efff26.jpg,ae46a6e57dd3acf0965be2cc1fff965650db97d41c5931a8ca1ebf86fa75ba68
sangam-Braillie/dataset/train/images/602_jpg.rf.df4c99c95e9b64ad5ae00c99322a6446.jpg,c069f8be3ac9892360ba1ce106301f8561faa3cf59737f96f85d84527bb16cc3
sangam-Braillie/dataset/train/images/603_jpg.rf.abc16ead69d0904642dce2b781996ccb.jpg,40b8c93c5512a3e2a915341426f5c4658b1a0d910f7c6501d58c01541394a9ef
sangam-Braillie/dataset/train/images/604_jpg.rf.3ac1ec4b856d7ca5919ec45ef6929311.jpg,0f88f8e32b780f83de5520e8b6d0dbca06314eb28f3b05d5c839a11dd40c6b2c
sangam-Braillie/dataset/train/images/605_jpg.rf.2f9367550733c6088f9abf1df77f763b.jpg,7808d2a38c7287513c189c206d9d888cfadc5f637d1e788be7088a629ff2de3f
sangam-Braillie/dataset/train/images/605_jpg.rf.85f5a3fd8f192f736698fe8a3349a05e.jpg,995e9fe78d78e8eaf127f3032fe9102c5962efaeaeea1ada16e21c1e69d5bc28
sangam-Braillie/dataset/train/images/606_jpg.rf.811d06bcdfc99892eaab36ce7d7b4bc5.jpg,d054f6b204696e2843ca79b03454d82943fb8583441cdce3b13b778aa1184706
sangam-Braillie/dataset/train/images/607_jpg.rf.eb6a47776ca7f500a0419a0397557306.jpg,81443e3caf9bb2ef92bb8f6152fa7a55d2a22d4bb1e398cb1e29eeb479eefcc5
sangam-Braillie/dataset/train/images/609_jpg.rf.6c2994c53d4b81467b5e272b2be09857.jpg,67ddbd200c7f519e018b017fbd3c7d3696909dbeb6cb18491b7dbcaf2334fdbe
sangam-Braillie/dataset/train/images/609_jpg.rf.ef9061d49adaf66445a1937d42de8ef1.jpg,6c99f779c7673469014bd6251a7c85df4994b3caf7411a08775a53e437f82265
sangam-Braillie/dataset/train/images/610_jpg.rf.869e1e58459ddf216b2c1b553c648d10.jpg,ea0ae44e88621dbdba240c7b856536c3561f1f33eaf167691bfb1f4ed9cadc46
sangam-Braillie/dataset/train/images/610_jpg.rf.cc2ab717e2d3aa2f1cbf69e478982879.jpg,383ea5f9a4026340a81582c061f5d0921f0400ac82ab0b8dabbfe03117db5116
sangam-Braillie/dataset/train/images/611_jpg.rf.117a5e4fa1a94ffdd8ad52e979477642.jpg,90535845d9c0d6ca8696b90286ae44be0cb7ff910700042c698d176a86155cef
sangam-Braillie/dataset/train/images/611_jpg.rf.c57fd8e4a7ef06364e4131494156d358.jpg,c87c8e86a796601a2e7b80a8ecb9fc0b3472f48a3cd0de5eb85f64595f9028dd
sangam-Braillie/dataset/train/images/612_jpg.rf.0aeeeed2677b6ef034c59febfe7ed464.jpg,ad1c1b029bf413b2609d281b12157ae98cf0c08f720f677be765e523bf69d19d
sangam-Braillie/dataset/train/images/612_jpg.rf.b679c26755cb3d075c7db5e9997d16c7.jpg,f68b2cadeec2c3f6840acdafa4a615034cdf55b90cd621da0baebdf9bf0f5134
sangam-Braillie/dataset/train/images/613_jpg.rf.7d221772f6b3811d01c010e19a50dbaf.jpg,ce616e49f5adedb0cce7d5554d8025d6fc8aa44b3f60073687da3676bea905d6
sangam-Braillie/dataset/train/images/615_jpg.rf.37cb1e424d816bfaa689f3ce6ce2ee78.jpg,91cc466f89a939fca4b22e93bfba6cb0cb46c8106bd95b17ef78381b2671c77b
sangam-Braillie/dataset/train/images/615_jpg.rf.b8884fc94ca8b0071e43c2b600c0c735.jpg,3bb09f85f9fb8592cb65c65942c435283816e3e545a4943d1f0f1beb56b754ed
sangam-Braillie/dataset/train/images/616_jpg.rf.016a960e2bb9c6475a07bc5bf3d187d5.jpg,6c323a9149e90ab1d7930bcdc523c5e5f7ca359604508ce6969e266f8d0663e1
sangam-Braillie/dataset/train/images/617_jpg.rf.2cc2729c1b4bc29875fa46eaadc9e58c.jpg,692761c790a0159f64a59bb18c88e56f530a96f4a2791e2dbb79c748c9f4040a
sangam-Braillie/dataset/train/images/618_jpg.rf.319ec431a516fe3b379904afd05298a5.jpg,ee3eca4fb8a59338c6367cbadb119226d5f60efb3f95e5ff82057fb0324da10b
sangam-Braillie/dataset/train/images/619_jpg.rf.790d9ee8c0dd7376c4a133b2519d0920.jpg,fa4eac544f885d209bb9cfd269642e2b47d9c9c0cd2dbf97245d42ae32e9c6fa
sangam-Braillie/dataset/train/images/619_jpg.rf.8d410642d22e3afc528af00b8dec03fa.jpg,2eef99fb63b2dc2c91700c17363ae7ada0f6d694a692517aeabd853a816d98fc
sangam-Braillie/dataset/train/images/620_jpg.rf.ad0519cd616a6401d60e250efc9d3b3d.jpg,7692e8d89f534bdee4be634c2f9f95a43c1324e7a406235d9ee735cc53bdc71a
sangam-Braillie/dataset/train/images/7_jpg.rf.89f3f3673281880e2dd43873c1ec5eed.jpg,be4277116313c6ffe3197de0e221ddade9209a0b32e39969dc935b1e213d76c5
sangam-Braillie/dataset/train/images/7_jpg.rf.9ee14e25c93e73ebca5aed170f102b45.jpg,32962b31064b4bca4aedc1f958e6f20b5cfdbc068592c45dc664af45488b2dce
sangam-Braillie/dataset/train/images/844_jpg.rf.13ede181aac9756079846c184ab5e02e.jpg,7e0400532bfbaf75a0262abd631ff6048a4a1230168fa5c2c9c9691a26bf57b8
sangam-Braillie/dataset/train/images/844_jpg.rf.27373327fa7ce2058f692dafd80b5ff9.jpg,0b17cd5ad15956f876f15b53ab379639d63fe9aca970b44ce7570096f74c138e
sangam-Braillie/dataset/train/images/845_jpg.rf.ea4cb7f352f9000ac611516614582e81.jpg,cb3d360fba30c3718cbc2ff56a8f52b7aca7ca1e125bd3ab4b8d433b6e2e5b94
sangam-Braillie/dataset/train/images/846_jpg.rf.4b3b17823d44cb1d23e3dc5535998fc5.jpg,9d3c679669a30794212ac383b09b38f31a438c18b799eabbd3b40d674881d9f4
sangam-Braillie/dataset/train/images/846_jpg.rf.a7b3dc723dff68c72ee3c7fd4bfcd77f.jpg,51094e3db627267937e4fa6bc64d527e71ad2eb10e73ec153ff5200dfe9924bf
sangam-Braillie/dataset/train/images/847_jpg.rf.4f64775b9fee947935c2a4cf885ba736.jpg,78a1461e40314efedac4126a8fc99d36f51028541da34b2faee48c5c09bd50be
sangam-Braillie/dataset/train/images/848_jpg.rf.aa4289028737005868ff7f596dc94706.jpg,d4e3dd1d3b4b80ecd4030e1eb61dd0d33e072662e42dc4243b262f733d07a050
sangam-Braillie/dataset/train/images/850_jpg.rf.6a4a742f273d6e004e1f53c7514b8fc9.jpg,8f3b33dccc0135f161ccfddfd9a43f42fe470dda6ffcd0bccc747206a2dab128
sangam-Braillie/dataset/train/images/851_jpg.rf.340868258e5ae9dcf4dbd17382f6f2b2.jpg,4df0e0e19d2843aad38e096c95010a167d6755fb948eafa6b50bba0aefe69ac6
sangam-Braillie/dataset/train/images/852_jpg.rf.42360becc5d0be2650af1ca95a81f07a.jpg,be19883ef7cacb6140e6a1cc855c914fb2835279bbe1aec510beaab2520e788f
sangam-Braillie/dataset/train/images/852_jpg.rf.84e3e51af0eae982387c58a0040a8bde.jpg,e3978884478b8c261425a678fc2186df57bcf4d5d41a6511f4b5b075e8216c5d
sangam-Braillie/dataset/train/images/854_jpg.rf.c51deaaddb100f7106f4994aae432317.jpg,bd5c4cab3a643a60f70176c8204c7987f64ab435de71a42f4602a0fca29405aa
sangam-Braillie/dataset/train/images/855_jpg.rf.e52ff47edd35007aba1c35ca5d54304c.jpg,2cd153bf16a06eacccaaf1756d454e8837e1b779bc608553b5717062f21d6490
sangam-Braillie/dataset/train/images/856_jpg.rf.146a243eb422c0680c4c441fff81e1ec.jpg,f354a73bfe33eb16defdfde6e72abd58f49d9e5ff89b8f6b8702eabe082a768f
sangam-Braillie/dataset/train/images/857_jpg.rf.28d128b2b08ac0c98e614dc2ec511162.jpg,78f2b4d733d843c0fed989576b483e0a19c4946220bd0eb1d7c1be7ac6396446
sangam-Braillie/dataset/train/images/857_jpg.rf.ea01113471d3300d805ac407dfce8864.jpg,f88759532e81f309f680b097089ed4dd0aa2d9603e8043fde51374c01aa393b8
sangam-Braillie/dataset/train/images/859_jpg.rf.3ca47a9f762b9fb0438b925bbfd83d97.jpg,57846d864de30823fcc867fd8762d93ec8e98613f9a9dc4ed54190e15a4020b5
sangam-Braillie/dataset/train/images/859_jpg.rf.a8ff9c5f5e7d9f6c6e499158ecfb0e9a.jpg,d3c540f491bffe8c25046c88e31cb55edb0ba80ee974f199525c3b7366bc7d86
sangam-Braillie/dataset/train/images/860_jpg.rf.36d53ee52a88d4fb8d5afa4696c9c631.jpg,7e45ac0e63a381d90eb70ca169c748b8a122b293446eef2430ebc2075b74d3b8
sangam-Braillie/dataset/train/images/860_jpg.rf.7878a20948f353f5e29de9fb02225621.jpg,d62bad5045c88d810fe57b05b1df69301a603d0c8a76bf75143f9cc7e61d9f5e
sangam-Braillie/dataset/train/images/861_jpg.rf.7013f01cbb6ca4d3419d5ccff3c44026.jpg,98a95ccf10d9a44c5e879401d9a16905e8a8ec4ea2fba328592d2646507ecb81
sangam-Braillie/dataset/train/images/861_jpg.rf.cbf30b6077de73765783881faef3c758.jpg,a91fcbadcbf78fed4d027da175e0edc9eb4e9ae1d56796f08bcc55dacf4aa9a5
sangam-Braillie/dataset/train/images/863_jpg.rf.36325acf8c7ae05ff83ba8be90d0f8b2.jpg,c8e2a69889bb5524634272150bdcad2acf9f1c24f21c468a86af74bcdea0adea
sangam-Braillie/dataset/train/images/864_jpg.rf.ab0225e315577ffb4cf33dbc19b3c1d4.jpg,d5ce57a7ed7fcd345e8408f8cd4aae4906fd712f30e59b1bc81c53fc23500aef
sangam-Braillie/dataset/train/images/866_jpg.rf.73294b57df74123edc2bdd39016ca958.jpg,bb9236c3aab4d07da1d328ea605aec6d874a96d280a338ea74e65ed22b86171f
sangam-Braillie/dataset/train/images/866_jpg.rf.865f74945dff91b045908aaf8d4ef971.jpg,f8824475c4503141d64bad6197f3b2b3ef45e423ea7e48e47be42f177bb4dcb0
sangam-Braillie/dataset/train/images/867_jpg.rf.dad19b97ced48bb12da70ed82ce1872e.jpg,f8c709a9aeb0582bb4485b438d54550ffa92157da2fc2780aa1877622259ebeb
sangam-Braillie/dataset/train/images/868_jpg.rf.33e1dd21c04dda3e79f335797458e464.jpg,8b58db118c92c488f35ce12f5413044d7fc439a027e75fae7b10a97e0c637a68
sangam-Braillie/dataset/train/images/868_jpg.rf.e125aa20acc3519357bb5eea4bf080df.jpg,6813235401e96f6070fc9bd4e6a67202991271ade862bfd1f1667683fabea5b2
sangam-Braillie/dataset/train/images/869_jpg.rf.04dd9180ec0e5f0ba077fb5e7906dfda.jpg,090d634c273e67034a259ac7fd62d761eaa3089f6388a4c4832accd7ef095d40
sangam-Braillie/dataset/train/images/870_jpg.rf.08ee7071237e7b46ae0d5b7a78d6378b.jpg,b5d60202fe01642b2beb3c75e510b27a2f996c549ccb1aa024daa7668eb4989c
sangam-Braillie/dataset/train/images/871_jpg.rf.e105816a8cac1b42ea7a5c279df6e06b.jpg,bbc24955c3bf78861c1c008b6b8447b645ce4d3eda1834510790369323ce2cb9
sangam-Braillie/dataset/train/images/872_jpg.rf.09b6c23f5979b2b3cd73b68a07e0e9a9.jpg,523293b83ded4836af0c7cc68f6a4271f0bf35943a1925d88bdca0a0c835d523
sangam-Braillie/dataset/train/images/874_jpg.rf.eea6425c80166b14f9acbfa5d67b9c08.jpg,64bf3874d2af4ee731cf619d42bf9ce0495f1cdd86f25e9163cf213c3e43c298
sangam-Braillie/dataset/train/images/875_jpg.rf.07eb88d5e4bfa52a39eca2d77bf61356.jpg,09ac23a951f4c38e08d8961046258545aa7c18deeb42973a7cb817d3b159dba3
sangam-Braillie/dataset/train/images/875_jpg.rf.279cc0298645a30e62d9b55d5358f3ea.jpg,0028c12d3ba7100f7ab31720ee88ee2327a409b337775176900cd84be935b9de
sangam-Braillie/dataset/train/images/876_jpg.rf.33218921d8cdca3eda1b55d133cdaa64.jpg,59843e79c802eb2a4eb68a9a1d40de66ed0264e83119f63bbf2e37ec78419171
sangam-Braillie/dataset/train/images/876_jpg.rf.7207b99deea7b88c92fbaee33805fbbd.jpg,bb0832942c4ca724d03e7ad229b4aca0efbc0bfbf267269e3d90dda3514c3455
sangam-Braillie/dataset/train/images/878_jpg.rf.e236f57da993f9e9ee4c940f59398da0.jpg,f70ffec158bce2371d2132de87c23b602294e263b5cda1f386d4a9e11b3206f5
sangam-Braillie/dataset/train/images/879_jpg.rf.1b56a991948a11674a75b702f1ea3e65.jpg,52da8701604f9c3a66b87f376255e6688524917780aeb1ffe38a4d0b13c31c9d
sangam-Braillie/dataset/train/images/879_jpg.rf.a67ab06eb38b1c965f5d600a73914dd9.jpg,3954c3bdb6caea0ee886bc763786921ee7e671a637ba7839c4a31347800c47d6
sangam-Braillie/dataset/train/images/880_jpg.rf.a92ff594d4031df7b47cc3fe8c43dd79.jpg,e0bc683c96af419aebf4200de8a2c7917797dc14143d1ad15bd690d0ffbe5eeb
sangam-Braillie/dataset/train/images/881_jpg.rf.c4b408995969c592f5e94c3f4a7b7113.jpg,0100cfd46e8dd2d66489f900a13c7137b6b707a5c4097febd74eb1bcf019e45e
sangam-Braillie/dataset/train/images/882_jpg.rf.1a0d1b12dba41eae01c89499dea52d5f.jpg,6f7c1164023ef65d4ba3ba15670331dfcc453f88b82792a00afd5dda726cd293
sangam-Braillie/dataset/train/images/882_jpg.rf.6729774baded341b8d1a387ade9d36ca.jpg,95091cf2a750fff8dc2f499bd97f59539c46bb7bf6a76fbfaca0100c19b0b5e6
sangam-Braillie/dataset/train/images/883_jpg.rf.1adf5f5496fe8be21d74d8954c038872.jpg,01695f772e83aa0277177697d30416c05c1a1192330e2556f85ff357af8bf051
sangam-Braillie/dataset/train/images/883_jpg.rf.a33c28cfbd5a9e18d3d28857ccad2187.jpg,04210393ef60260a5bc27e9ac979d8562ba6c6326a6a4f7dff3441a95f048c46
sangam-Braillie/dataset/train/images/885_jpg.rf.33d89a78a340524a49a170cba15d3c84.jpg,c1384f4df451d4d5e5d6ee5e114ca930613a19037a332f3360580a258a1343cf
sangam-Braillie/dataset/train/images/886_jpg.rf.92eeeccb2cbd74f326444a0f59611f77.jpg,fc949abc6f78132199d3a3f31d418681985d9337b01cf25c5f0e2b335aa7f4a2
sangam-Braillie/dataset/train/images/887_jpg.rf.6c321deffc222bcb51249401669356a3.jpg,27c5a2b17fe284be7bbbb4ec613abf296f816b5f4467c72b01a68ad12c936541
sangam-Braillie/dataset/train/images/887_jpg.rf.a4fdceb2ad1c85c06b2f8ddd149c52a6.jpg,0a44d5af2339379335784590023fad8c56707569632c22c760b60894a8ce6501
sangam-Braillie/dataset/train/images/888_jpg.rf.316298ab063489fcc0f138ca845eaf06.jpg,8bb67dc6a2f46cb622c20f622eb1935a70c469db37e10eed4b7b2e5b9e3108c1
sangam-Braillie/dataset/train/images/889_jpg.rf.519de71475f3e94a793532bff4de3dec.jpg,041afffd99a7f12b9443cd582b90749b21e72932e438014b2636c1cc83e35c80
sangam-Braillie/dataset/train/images/889_jpg.rf.c2d5e4718889919471ae30773a57d56c.jpg,f9d9799818e8086b8238af5e19d40657490b73cea489eed8a4a5ceacbd516f9a
sangam-Braillie/dataset/train/images/891_jpg.rf.842834b7754d0213aaaa0154e067ba11.jpg,e6379822a67c5701ba9bb77393203f155a1e2987e4f0b1eedc6903ae1b0e7d8e
sangam-Braillie/dataset/train/images/892_jpg.rf.1dc43e9e3abbd1ce19be7b1ac786abf2.jpg,9bc25f13d7171f4d613363ff699d82bc7f0000821ed48cf40b4b0c09fb307814
sangam-Braillie/dataset/train/images/894_jpg.rf.1ce5a3d24275e97cccdf182ec040d489.jpg,1d47f954615c451e5ce3d587bdfb63d47b121c8934e3bca5d093be03f8b9e386
sangam-Braillie/dataset/train/images/894_jpg.rf.7f7f7abfa28d18d278e8604012cb922c.jpg,0a8e6e6ed4b26784870795f598339ba9af25014879b8219434d4cac0ed5220c0
sangam-Braillie/dataset/train/images/895_jpg.rf.dc945f0727d33f4d52842d369d22b203.jpg,cf8c757788e97776b9847d01b198adf25df4204bfefd2a55191b619bfd0eeb50
sangam-Braillie/dataset/train/images/896_jpg.rf.4f7cd49ad06507c513d8c9aca806755c.jpg,cc85742c7f18c93dea4fe9dfe26014bd48313b5bc2ca809dba2ea0502b198a72
sangam-Braillie/dataset/train/images/896_jpg.rf.d7e6a1f635995b07080dda416eb84250.jpg,00e9d078e6341b9d14befaf096bb73065ca67ed285cd917a051901446449170a
sangam-Braillie/dataset/train/images/897_jpg.rf.3e9b65bce91d2f9a4f1a64b37853da3b.jpg,e97c491adfb27f0c5e14de3b575323b8a604326d89cd1df7c32baad777d5203c
sangam-Braillie/dataset/train/images/8_jpg.rf.3b1bcba6327fa316b803b5a4e5cf783e.jpg,e7ae031e5632cc984213a8c8d935acd7a60001527de174bdfe7c74aca902e5bb
sangam-Braillie/dataset/train/images/901_jpg.rf.d0746a8c210967e2c11b2192ee5c9979.jpg,e19fc2ba41ad08f09a0ec57ad254b25d3170b4a0cb45da91ae84554c4fe32469
sangam-Braillie/dataset/train/images/902_jpg.rf.3a21962ce5285c11838d1a9a99155541.jpg,db5a36a9ecbbbceb1180dad985cefb4d65c0ee3fbda91977e86db4fa866d2b6b
sangam-Braillie/dataset/train/images/902_jpg.rf.da72c1872ca479ab1a773018095c8f61.jpg,8ee1c0afdc41d6545b2d24129c1701abef12648e627104ceeb151da09f1cbd8c
sangam-Braillie/dataset/train/images/903_jpg.rf.8f9ef246c35a2297e2345a70df5ace9d.jpg,a17c019e17505b08e255e205b2785f7c1c9dfc2060553c66ede4f5b5850edbe7
sangam-Braillie/dataset/train/images/904_jpg.rf.8df649fcba712bfc988bb4d7b636e1d4.jpg,e842a6c6b2c86e33c86706c93442adc5d9006aeb08e6bbe013e185a059003f6d
sangam-Braillie/dataset/train/images/906_jpg.rf.5bbcc94dde641ab57d8ff4dfd0026359.jpg,5b4266c301d0eddb4b9d308c9008b231a6b71afe2298f911caaaa0644291f375
sangam-Braillie/dataset/train/images/908_jpg.rf.fe058de15587021d7dd248e3f5c9ea60.jpg,d30beb320179497c3ff55b4819cf5b9f2f3a1ca52a2951b1b4f6e6fc080a59a6
sangam-Braillie/dataset/train/images/910_jpg.rf.cd1189a9d2a4bc846ce4bc382e48fa21.jpg,936e76a9703aa2248ff66d060e5db664186922ab37bf4f732752c4b3822db866
sangam-Braillie/dataset/train/images/911_jpg.rf.6cfb9bae70478de87ccf09afafebc339.jpg,9e9ce47ee87230aa0d24e5e073d31219dcce5b64614bf79923cfbbc7539332bb
sangam-Braillie/dataset/train/images/913_jpg.rf.92a8f3d637f3209ed77c8861c42a717b.jpg,c712bbd9c1dcaefa82657a17934fc99f92a5e464427209e1a1ec3490b3738406
sangam-Braillie/dataset/train/images/914_jpg.rf.38027624125dfc222f0fe0f270366db6.jpg,4da0c61b0b4835193a78af50df82d90ecdbd443e5ebf5b44a3d5b627b8a18d4d
sangam-Braillie/dataset/train/images/914_jpg.rf.66c2644091c9c15610b32a26d912eba6.jpg,a07d99afa572ec3bc7f836d506fe876df9cfc8b54c7fd7e870e39219bcc3a254
sangam-Braillie/dataset/train/images/915_jpg.rf.2c4557687edd0e6bf766ff038ec1e30d.jpg,768b19ae3e459b8198500cc43e5d4caba6027a459bd6e5b5f0719960e0d52dd8
sangam-Braillie/dataset/train/images/916_jpg.rf.6e234333d21964fb2eb4559dc5cfd149.jpg,4ba77281f006d2c825dcafa62142f369d12f2a6d19c7d70a8a2698eb914faf5d
sangam-Braillie/dataset/train/images/917_jpg.rf.703216cb0785c7a03529969b4fc3de38.jpg,70f557e6f297692fb4ea58bd26fcef4ea6304a00457f9e083aa6bd9d21670d1c
sangam-Braillie/dataset/train/images/917_jpg.rf.89c9979774395273190c7e95162f34b0.jpg,f1642f75c1ddfab09d52e5e4ea6525aaec2c2afa74678000c4a40a33a322f729
sangam-Braillie/dataset/train/images/918_jpg.rf.c26673e8485a0670aced8111f79c2438.jpg,d03ead75dfa7442d4fdef97e5b50b978019ba4be07774a3b0d9ea77dc164e491
sangam-Braillie/dataset/train/images/918_jpg.rf.f7706430db6599675f7782cbe81d3a07.jpg,a01beac0556b43a4162891b0a92ed08a0f3d187832d0feb53dd703b589796e44
sangam-Braillie/dataset/train/images/920_jpg.rf.6e0ecbdb7fd979c0619085590ec3752d.jpg,0fb4fa242d335c8788ce3458c60cc66320a4541fd6e340dcc40fe45d1e2a0fbb
sangam-Braillie/dataset/train/images/921_jpg.rf.78021f785f93d7c07190b5a304dc4fa9.jpg,9d0228b48828a82292f4e6c75e99e9530c7eff3254e748bc5d1fe98b648c4f86
sangam-Braillie/dataset/train/images/921_jpg.rf.9fbb74f849ee431dd3a591fd11b177c8.jpg,eb55e7151138e955619ff030c4839dd967d9ab8c1aee8dba1469d3798fc18e9c
sangam-Braillie/dataset/train/images/923_jpg.rf.72a3d7a5089280f1fcf15604998bc360.jpg,4abcafed82634cc94969224515f2b6509b29b7cae4c797ee9cb0f778b8fb8c78
sangam-Braillie/dataset/train/images/923_jpg.rf.802035fd3b54767887a56c8c7fb0c56c.jpg,44f789191d1d36d754cdd490d40f695f8096dfbf47838c902530cf58daff5c91
sangam-Braillie/dataset/train/images/924_jpg.rf.27c56b50a29bd2d8002f39fba8f3b3ce.jpg,75df01a8bf6a616fc1e861e1f07c6cf9aad8d038858e0de65e6cfa3bce7b9527
sangam-Braillie/dataset/train/images/924_jpg.rf.44bc961fea876bc5059c3b862b19bf08.jpg,3a3109df485069962e85a7d997b7dfc5e1d5225ec7f3df4555c3c4fbbd3f43d9
sangam-Braillie/dataset/train/images/926_jpg.rf.15e5b5ce553a6ab8e46a6e34c4e43aa1.jpg,537eda60180b7a52e6ecce71915fd9cb2c8e5c7fbda8ff930ea1f50a404045ad
sangam-Braillie/dataset/train/images/926_jpg.rf.95a99551b72d8ba230a0d660fba5a9f2.jpg,ad201b01d550863ebfc60f5a099d93b075756f45e77962a2d6d87d84eee3c972
sangam-Braillie/dataset/train/images/927_jpg.rf.5ba83a780f4363f8353f38e0d8513c34.jpg,51d3e05aa1a1cdc6b2bafd699ebe69ecc2b8de058526fe009b8eac0b07608c08
sangam-Braillie/dataset/train/images/927_jpg.rf.9a4a19f2daa8047e3e68ea037727d756.jpg,77887427c7df50480e23ea0e6f32c9c71366a8a85150e113f8ca5fb40532b272
sangam-Braillie/dataset/train/images/928_jpg.rf.e13fe0d80e4e67f31c70a00f57cd940a.jpg,a577dbbcf7d3412654eff074ff836d96322518c0f7582aff14811b66fc8ff1a7
sangam-Braillie/dataset/train/images/929_jpg.rf.8a4a6a589c808363a68b706fa1688890.jpg,3936076bb824fc0ce1f01c698e104bff9a0d4c0d820310c8eaa8b34fe9338762
sangam-Braillie/dataset/train/images/929_jpg.rf.8b7fa8b8703d877b6daa425e46261ead.jpg,768fb01fa40089b381380faa1dce3c829d11059c6e50b19d4d2a95670244111a
sangam-Braillie/dataset/train/images/930_jpg.rf.31d8c48125682227d259bf0fdac7d896.jpg,6901104f0b62947bcb4efb985510efc9c343223b821a637a2f8f42ccb16ddcfe
sangam-Braillie/dataset/train/images/930_jpg.rf.635c6581373d1abf4fc012f9c08d910a.jpg,553b8df605215104a632cc54b0930b01052f647a7e9c3a7fb466293930f63f5f
sangam-Braillie/dataset/train/images/931_jpg.rf.0378130bd9dd11ca1ca23458eeb66c99.jpg,1f8812f568db70afa7b7d6164f991753ff4cb99f89fb7fb89c6b28da84f238f2
sangam-Braillie/dataset/train/images/931_jpg.rf.18f877d6d5669c155bdd86d0410ca5a3.jpg,cc97a91271f26eefba186c9eb15fc546ff52faaaaa2765a6d787443e51cc99bd
sangam-Braillie/dataset/train/images/932_jpg.rf.ea681a34be3ea815990c85c451027f5f.jpg,4690363043b46fa358bf284acf376ad76af3e8b3f483446c726947b935f0d98c
sangam-Braillie/dataset/train/images/934_jpg.rf.41dca495872ea95081ab737d2e5dd965.jpg,1398774ed1c56831ed2ccc8417ce71657459302d6fc68bdcd42574d162d67604
sangam-Braillie/dataset/train/images/934_jpg.rf.f1378529672cc75ecd299b3e2364f244.jpg,78676da5b83bc6ad1e6e38f431c091e0e2ea6d4f597bddeb812fb8e0e2672263
sangam-Braillie/dataset/train/images/936_jpg.rf.708a7fab80ec0ce0c00c19b86bb54a6b.jpg,b6e37bbeeb0ff96b56be994832c4de199ab3c6b8a43d6c79c9895e025d59569a
sangam-Braillie/dataset/train/images/936_jpg.rf.75d1badbfcbefa42a2b1e9c479dc5f8f.jpg,67b50405d65bccb30b22b06c856e063c2b86e354424fd544af28bf01fcce9eb0
sangam-Braillie/dataset/train/images/937_jpg.rf.7817f6e4d5e577541f443887bfdb27b4.jpg,43512bfc9303bbfda91f0d49e846679163de9cebddcdc218f8afd314933b9ca4
sangam-Braillie/dataset/train/images/9_jpg.rf.5a8f062f85014b4013f063888c26d96f.jpg,40d1ee338c7bc55872a7534e61e62dc9b75c3b43bc72dd56e143e9b1c1a83d7e
sangam-Braillie/dataset/train/images/FSDGFSDHQA_png_jpg.rf.4aab4b00807704b445bef22e2e89c049.jpg,50ca4ed2de35c498c0bd6b8213e4c0dc58d1acdf532c0e51eb9b00e76c60fa39
sangam-Braillie/dataset/train/images/IMG20230420223638_jpg.rf.4f59f6272c649967d5907404c974b695.jpg,565d8540199382af0f4b1f36908fb039deac66d8b8383ef07bdb37ddd36d0eaf
sangam-Braillie/dataset/train/images/IMG20230420223652_jpg.rf.1e6065d1c776005f490bd815942f067d.jpg,5cf188cef63282ed29bd779e3bd0dc8825fc4d44990c32211a5ab3ca747520c6
sangam-Braillie/dataset/train/images/IMG20230420223652_jpg.rf.2d1cc34f0821b25dd8e99efdc8d2569f.jpg,c8481588b96e9b270ce6b6c0d7983acb010052a2887cb5b780bf753b48bd5866
sangam-Braillie/dataset/train/images/IMG20230420223703_jpg.rf.3e1a2237f8a449e4b9a99bd090f662e9.jpg,1a246f7f3093aa81f1f353d727dde1c7f11b22502b9e987d21ef82fa2447932f
sangam-Braillie/dataset/train/images/IMG20230420223703_jpg.rf.ce998903a4c4d146e7ee8c68ccd22045.jpg,21e1e3353cb624a8d5e3a8afda2b8f1f99e16baf5569d082e2d2f588a90e41e5
sangam-Braillie/dataset/train/images/IMG20230420223714_jpg.rf.1672dfa7fcf1ac4fda4f938506886e18.jpg,ed96a9bb2ff32b7f30a142c6734313c2cad97aaf8ca757cc09f0ede96ed40b9d
sangam-Braillie/dataset/train/images/IMG20230420223850_jpg.rf.8565a99b05ce6fa6e0cc276695f605b8.jpg,12af9f08a7b42f05094f5bf48f51c9142781adfe5339feb8d0eba4a1ecb26663
sangam-Braillie/dataset/train/images/IMG20230420223850_jpg.rf.c0dab3aa8d97bd79a9d28ad25c842f22.jpg,1578fe8a3cb95b3d3690aa0363be60b616fded2c9d9d939e9569d64fd04e6484
sangam-Braillie/dataset/train/images/IMG20230420223939_jpg.rf.2e816e42d1f6d790ff4c11d732ec1a55.jpg,ca52d1b1a40c1ccabb7a19e949d70c11797c9e29bd39b2efe258abb3aaa88c71
sangam-Braillie/dataset/train/images/IMG20230420223939_jpg.rf.c04c738c3aa0c46cb1083f720ba00817.jpg,53aab67685295018227842d42fc37bd6f84d1158f07c3ca5af0835eee63ac63a
sangam-Braillie/dataset/train/images/IMG20230420224048_jpg.rf.3ba401fd6260672aeb0a1dd09d927582.jpg,940bbcc9018d28df78203c16842dc3dd93aa0d886a7eb18b3d8d5da71b894538
sangam-Braillie/dataset/train/images/IMG20230420224048_jpg.rf.90b50b026f5010618d5efdf3ce91594e.jpg,381c296e29792e47a7722f8fba616eb3a5592c0ccdea6fd460c11d5413412fea
sangam-Braillie/dataset/train/images/IMG20230420224139_jpg.rf.520579851415a5b1fd0f1d7b6dd3aa79.jpg,8ed0335765e47761c79c213f66ac4f4b533408971275005e3fdc233a484367c8
sangam-Braillie/dataset/train/images/IMG20230420224139_jpg.rf.63493702aebdf782557d12b75fc13ab3.jpg,6c2feb9f6db275fbf6191390c678d96a04db1c5f0d4bd79ea63b01965b5d397b
sangam-Braillie/dataset/train/images/IMG20230420224216_jpg.rf.77f211506108fc6773c1c44ae1ef452f.jpg,76ea3e84f87961accc6b0406663a962434a07c1c680b140ba58236888f5b53be
sangam-Braillie/dataset/train/images/IMG20230420224216_jpg.rf.c259cd7cf02d8dbcc98c3d0e044c0180.jpg,3fc3c1fbd3eb5bac3e66b60bf230b55d3b733d9acd96cd7491100cf7f6c8a587
sangam-Braillie/dataset/train/images/IMG20230420224239_jpg.rf.1cc871280ee89ed7bab49e5c672ca182.jpg,3462e15a7f66c195b381b59755c2c5c377446fc979a978028bb6678502dad951
sangam-Braillie/dataset/train/images/IMG20230420224239_jpg.rf.1ed80d7ee8ca28ae7829741fff8433ef.jpg,8391d1b93b280e8b66ec8026d3f9ef68163822d435544ad5c58f08209981f798
sangam-Braillie/dataset/train/images/IMG20230420224302_jpg.rf.2bf857e183be4d77cbddcf6f24d0f0f3.jpg,0a01de97477bd45a59762c6f5e660b828de0bf2464c4f50638576758df90e135
sangam-Braillie/dataset/train/images/IMG20230420224302_jpg.rf.55b040ba590b3c0363a3d5fdc3408b84.jpg,94894adb95a4168e99dec54cec88689246593dd908eb37a827544bc40ae1e0c8
sangam-Braillie/dataset/train/images/IMG20230420224311_jpg.rf.82bf40a34628ed293dc222ab4c9bab9b.jpg,cf6a4b2376ce1687326256532a0e60fd213db5920cb20a34435455fca9771daf
sangam-Braillie/dataset/train/images/IMG20230420224523_jpg.rf.86a712bea7e6b72b49a5644d1dc54636.jpg,0836350c895553b1bc04e202718c5221ae2c98aaf7eb6c97ae960bb1f33ca8c1
sangam-Braillie/dataset/train/images/IMG20230420224624_jpg.rf.4a631705c57de71d31242322d868e2cc.jpg,3e9b58f841475dfd95dd2efbc948762edabd4a9c16b2828108df395e69eba66b
sangam-Braillie/dataset/train/images/IMG20230420224624_jpg.rf.69254b7f3f75b18668a146064ab4bdd6.jpg,1e296ec207d761ab60800de54f396f05fff8381f710f9a268aff9728884b6a35
sangam-Braillie/dataset/train/images/IMG20230420224654_jpg.rf.da127797d3702165133cc3b79bc19ca7.jpg,1b4321b88324262aa3c8bf5f21a325de1a5bdd16f76c97b280d3745f129b5d5b
sangam-Braillie/dataset/train/images/IMG20230420224654_jpg.rf.fd16d400caf4707840d1375c15e5afb6.jpg,8e78aef6799a4f6ba1a6fad375653a35dea983dcd6e333187a4c7cadfa634438
sangam-Braillie/dataset/train/images/IMG20230420224828_jpg.rf.464562a9515b37d85beaae1f2cf9aada.jpg,5d18bdd9213f6a4cbc917e58ced0a8c184c08a31414971172c367331f98ffae7
sangam-Braillie/dataset/train/images/IMG20230420224828_jpg.rf.c4509a49111e78728ec2e0373ae4b79c.jpg,c800eeec3da494c3391a3a97ed74bfc5b86f3037afe1c415985d5979d91c3f91
sangam-Braillie/dataset/train/images/IMG20230420224843_jpg.rf.0360e73589e4c41bc5a7ccf8c3ff1cd8.jpg,a874b2245e14a18e114bd4c8479c99d2e545d8df1ca3cefea7ecd9ed88d0ba5c
sangam-Braillie/dataset/train/images/IMG20230420224948_jpg.rf.f9076566397b41241452d792764dfc65.jpg,42d9a0d416369d286a15ba77af31d9a7b448705f0b8eaba36800aa55ad726a00
sangam-Braillie/dataset/train/images/IMG20230420225001_jpg.rf.68d316d1585a859a060b89285efa1625.jpg,472433dda545283cd42aaea2be38bb3c166672158b56c10b01436b9acc9609ea
sangam-Braillie/dataset/train/images/IMG20230420225001_jpg.rf.ac2d18f64d47469de0b278ca4af75088.jpg,a386cd19196cdb0fca5675bd1d13d9c40b54f5217c95fa927e8a7a6505810781
sangam-Braillie/dataset/train/images/IMG20230420225108_jpg.rf.52868f85995c12b5a76d194d462eaa88.jpg,901a23a38181182a57dea2f7929e8c5c47a0374389ef8d142749765fc08d18a6
sangam-Braillie/dataset/train/images/IMG20230420225122_jpg.rf.b1a2c57f1435e979eedd49f5a156a1fc.jpg,835c8a8bf22e8ce5d9c8a4a1b012fd0e3c72e0c8c942f6ed3295ab0d7323c311
sangam-Braillie/dataset/train/images/IMG20230420225122_jpg.rf.d0246690aea4313e22a8197711e361db.jpg,37a7537f4955495c68d10f807bd74177904b72740b567588ab5343ee9feb58f1
sangam-Braillie/dataset/train/images/IMG20230420225144_jpg.rf.9928c8de9ed5c6ac5508f308ff03a5ec.jpg,170422b5016c3fedf252d82d405f2945c3652f946f44c9bc931aef248d494a00
sangam-Braillie/dataset/train/images/IMG20230420225329_jpg.rf.aa9ff3ff58b183157ad44b30b3055d7b.jpg,1f0b795b58b770bfef95bebc6484f341f2399f3cca5d46aad3e44ef7614c53b6
sangam-Braillie/dataset/train/images/IMG20230420225329_jpg.rf.fb5bf9e8c61b17a6b37125fcb66b23b1.jpg,19c25f4e5de262c8366d7a78a1fcab50507abdf7dcbe1c04cfe3fe14791db2ab
sangam-Braillie/dataset/train/images/IMG20230420225359_jpg.rf.59ffcb141a919ab65b1ad83b91d2f4c1.jpg,cc13fd751532b5d72c5c8aeb5e32a030e2bd6a15d89bef1021d67bdb99ceecce
sangam-Braillie/dataset/train/images/IMG20230420225359_jpg.rf.e5caa819b6061cf4c407df51b55f4978.jpg,53cc639a557b50172afeb11361ad90f033daa3e7582d3591b30abb53f2ac623a
sangam-Braillie/dataset/train/images/IMG20230420225410_jpg.rf.662f1f3b6327f468786d3a8c1f02999a.jpg,b8ed388b08fadbbd2da59171b2ac853a72b2e63f4f6f6f1efd2b10d051894fc3
sangam-Braillie/dataset/train/images/IMG20230420225518_jpg.rf.7e0690313f4920ef8a586fe6e7316c9e.jpg,dc6e98c30d4bfcb89541d65bc8913aec4134f9e60d229746c35b026f773f1ae1
sangam-Braillie/dataset/train/images/IMG20230420225609_jpg.rf.4703e5b5c5b93bff0e9baa4796ec27f3.jpg,6e6a6cd9b766d6f4789847e470152a53d9370a53d0e159651cd7e7f8d3cac355
sangam-Braillie/dataset/train/images/IMG20230420225637_jpg.rf.c136c5f81294b7415cb9ff0064826fb2.jpg,6a53f4c4da2645e16309dfc130ce37dede53b99547faf959f1d67e13a7d28aa4
sangam-Braillie/dataset/train/images/IMG20230420225637_jpg.rf.e1d640b5d11374f924c3d9cd79905957.jpg,089b9641922afd2adeb23ba31a73d05d4025c6c97f264942547f1b87d3743090
sangam-Braillie/dataset/train/images/IMG20230420225733_jpg.rf.6d19fc083b89b88ee9c5f8553cf489d1.jpg,c062fd754ef61b3ea3effb36e639bbf6447484acfefd54fe6fff43d7960d4429
sangam-Braillie/dataset/train/images/IMG20230420225733_jpg.rf.6f23ac9cffe299a026746c23a1288f4f.jpg,3151f801328fe7ea0b788dcf5cae123ffdc60ea9665ef252b3e0760cbabf8d71
sangam-Braillie/dataset/train/images/IMG20230420225835_jpg.rf.96254f7b14f95ddd554d3bb64dcf96cd.jpg,d846759da7051cd858c42d1b5ceabf86e5a6a796dc9fe6fdb3036a39d3108db5
sangam-Braillie/dataset/train/images/IMG20230420225835_jpg.rf.d3ce4cc4a7b7583cf141f2c1ed66949c.jpg,163c94bfe6f4eac4354eeb7c9dc7654067b3cdd3e0dddbb82403f582cfc8edf1
sangam-Braillie/dataset/train/images/IMG20230420225849_jpg.rf.496138f5c037c2da0c1ce5908ae1bb5b.jpg,b80d8691accd2f21c970695b9edb116e4c5061feafc3edecb86a2968d752a494
sangam-Braillie/dataset/train/images/IMG20230420225849_jpg.rf.bbaaa5211c395e5a121a7405cefb0ee6.jpg,86ee870136b1c55041fe72357bce498052f4b4b6ef3ed3d972ee6455374d2beb
sangam-Braillie/dataset/train/images/IMG20230420225928_jpg.rf.cc7d6cd5f2e8db3f25bb6f022187401b.jpg,da48dac67b37dcf52c3d5dde89f8b75e252581aa3292b438cd83de845f5f8651
sangam-Braillie/dataset/train/images/IMG20230420225934_jpg.rf.8fea0fd960c1c818b97925c42b6afac5.jpg,8647ec490ac9f7229688aa43944b806b964a00ca4b41e540360860ca0697d0f0
sangam-Braillie/dataset/train/images/IMG20230420230041_jpg.rf.9b4f416368bb026e89d1dee09e129fa4.jpg,1bbbb1864e6a99fe32677ddbf1831e4c31e36ac05f134914fd7189746fc9735f
sangam-Braillie/dataset/train/images/IMG20230420230219_jpg.rf.ba2bc0e325287ed39f0ab7524451142c.jpg,c583facaeaf09ebe25f63f4db564ca3d89a1019c6fa63a3ac3f93c4e9226b964
sangam-Braillie/dataset/train/images/IMG20230420230352_jpg.rf.6cd5344bc3a3a134b0582c332602c72e.jpg,660f0e895c17bb2865b16bf5d4b5386f0c86dab06e18724ba45132eab09d54b8
sangam-Braillie/dataset/train/images/IMG20230420230454_jpg.rf.b10b95aa5835768a466f662199235837.jpg,0e6374f21c9f8ec72fef1060ec923933594b64f76705ebdb2d2ec9a65d7a5775
sangam-Braillie/dataset/train/images/IMG20230420230504_jpg.rf.39ff0716dcbebd9d80092edbc5ce42de.jpg,5a0a1e45b35af71641611dd9f4fcf8b5f64ac609f57975bb2dbab5bd7fc18264
sangam-Braillie/dataset/train/images/IMG20230420230504_jpg.rf.879f9ab099cc647238dbd8eda0ac1a9c.jpg,11c1d43df82a32539fec61758957fb02e9bd178082fa1a52814497b0c6f26cc5
sangam-Braillie/dataset/train/images/IMG20230420230525_jpg.rf.6e2cbeb7f7f72cb2870c6de977fd434e.jpg,510e70ee60d47fd97605777e5506dbc21e867924313d6f0e3675745e95971e4f
sangam-Braillie/dataset/train/images/IMG20230420230525_jpg.rf.f7427b50be032e33e80aedd9741f44a9.jpg,f77aadf3b8bf2c5e0d62bfdaea880160809f905e1fff2f640d27b30c5861a238
sangam-Braillie/dataset/train/images/IMG20230420230537_jpg.rf.27d445676552adcc7382de266afcdd96.jpg,18bc54a208091c3ea6cd7811b461a8317cd878565de07acd42abe2d0db9216c4
sangam-Braillie/dataset/train/images/IMG20230420230537_jpg.rf.ed67708b092386579b87e46f62f212f6.jpg,970e7264456a3727250bc29500d0babf82b73e94801ec8d04704ba657c4eac8d
sangam-Braillie/dataset/train/images/IMG20230420230552_jpg.rf.15aecb20d8d65bc62fc102bad5fe916c.jpg,76479a0aa8b506f782f8cd7eca804e3d5a7c653384acdc9e7521375a812178ee
sangam-Braillie/dataset/train/images/IMG20230420230608_jpg.rf.2f01b83fb664481c70036eb8fe02a63b.jpg,024d85e05b73099ef8f8bc62283198d5fb1eb716a45e6b312733774fa81d84e2
sangam-Braillie/dataset/train/images/IMG20230420230608_jpg.rf.cdfb7734c0e2e123ac85e360d4b07d16.jpg,7824a77757b4185c5f826042367dfc9b81e08d248acf12acfb8ab71bcc57bc27
sangam-Braillie/dataset/train/images/IMG20230420230656_jpg.rf.8496b81bb8633769819e525b72e1b96c.jpg,75fbd8a369c16051fc8a96cf0888af7b82af66e205940a21c3c898bb051942f6
sangam-Braillie/dataset/train/images/IMG20230420230712_jpg.rf.082add82328daa6bd8a615791c2a53d4.jpg,ede2edf2331c2739e71fc3a1adf9c256dc76238fd130ef3a192799e173a0450b
sangam-Braillie/dataset/train/images/IMG20230420230712_jpg.rf.c914176868ffda0a33d3424519d794df.jpg,508c16e9a70e1e4840a1906fcea3a148aeae6495a9d7ca0d113dfdd2d3b4b3dc
sangam-Braillie/dataset/train/images/IMG20230421102437_jpg.rf.a9918abf255abea914cd92b25d1ab22b.jpg,3dc220ddc6e0285d4f135e5d473a5f2c2583aa6537b1dfbce9b8e5d23615aec5
sangam-Braillie/dataset/train/images/IMG20230421102437_jpg.rf.b2255332110d28a6ea3b8e4b0a30b19d.jpg,ddab2e7f46161563386f606e50d71a5ac4fea8f5e4db0d204155273a6c9b7727
sangam-Braillie/dataset/train/images/IMG20230421102437_jpg.rf.ca7771679877d908740c9df5fe169aa3.jpg,2f21c83e53cbe1fe8262120f98962dcbd7f4f9ef24d8353678e6d3c9fefbc8e0
sangam-Braillie/dataset/train/images/IMG20230421102447_jpg.rf.5ef73d43f426875f823197cd114836bf.jpg,32c30fe1ef897689619f1cb903447ebc1749494007cee11f7c962ad047f502cc
sangam-Braillie/dataset/train/images/IMG20230421102447_jpg.rf.d667bcd8ff2fc4ee230a86c418ba0102.jpg,55c748654f35e83c1d110dfab811ed9febd7ef1b8fc9ebaf608483ddd1f53da3
sangam-Braillie/dataset/train/images/IMG20230421102511_jpg.rf.2849d026dcc4003fe8299d8e81c7dff6.jpg,6f80c734a138951adc38d57098b9f4f8fe4825ea0b187eeeae9ff32c6459fba1
sangam-Braillie/dataset/train/images/IMG20230421102511_jpg.rf.6ea9b9dc7b0da66d21ec8f878a1e90cd.jpg,87165efcfcbdc5d50293efd0093247b4c0be3f845e2d1f9fa07640a1aaea5595
sangam-Braillie/dataset/train/images/IMG20230421102511_jpg.rf.c5ad02e3cb41d607bafadd32fa4a05cb.jpg,817a760c0a7da4b45b616c123cce32e303686f0dedb531919de605cf3935b4fe
sangam-Braillie/dataset/train/images/IMG20230421102521_jpg.rf.058f67a9fee8bbee1418c645fc89e29e.jpg,ae260f3359dcb8400e9012e6bf85d5303ec52c986bb0e40f5f9b8fd96c4ce493
sangam-Braillie/dataset/train/images/IMG20230421102521_jpg.rf.821421806e87a66f730b3fa4585ea742.jpg,6d0c0bbd5b13f36473f00ee2946ff9c7a1bb89dfb2ace0704203ad362e749cee
sangam-Braillie/dataset/train/images/IMG20230421102521_jpg.rf.aa6d76c217b369ae34b586452de16fc3.jpg,d8be260a43fdcc562d5d85b02283585c175979012a2fc445bc1960f2ee78e4b5
sangam-Braillie/dataset/train/images/IMG20230421102521_jpg.rf.e46ee545635560e4899a8fe6c20b42a2.jpg,d60f2979c995f3fa30c0c368dc727ccc4345172c40d8653242b07c9f40983a71
sangam-Braillie/dataset/train/images/IMG20230421102536_jpg.rf.4d053e325690219b0b45c64805a3be05.jpg,3398c828fbcf15ed8410b26ce8133f17e7665045c2f5585734490a65b9bde97c
sangam-Braillie/dataset/train/images/IMG20230421102536_jpg.rf.e236d651dc2b19fb258e0850faef8c4c.jpg,39b841cb8631c210d31076e58d899250e7acec57ded148bf4da234c35f99257f
sangam-Braillie/dataset/train/images/IMG20230421102549_jpg.rf.451aaa99d73ff1930b264cb276c74c03.jpg,1a353a668f040d046b9d95f3d6fb3728221e0f214ecae792b1cd20b9fff01ad4
sangam-Braillie/dataset/train/images/IMG20230421102606_jpg.rf.6f8d07b1452c456d1e3f3c6ca9e12b72.jpg,1e0c5417eb6a0b2a31665813515fde9f8cad97700601dac45e0dcad2f29b1792
sangam-Braillie/dataset/train/images/IMG20230421102606_jpg.rf.847939b8fe62f92eee8e926673bfba1b.jpg,b078b61fb33e85aa507f2cbc5921776f4eb282773a9d1683a087183022b4290d
sangam-Braillie/dataset/train/images/IMG20230421102606_jpg.rf.a0586a888a34c8e447d7338dcb9db450.jpg,b41bbddf4e3874e596a9bc54093b7610fb06717cb670048f26c9118168e3f3d4
sangam-Braillie/dataset/train/images/IMG20230421102620_jpg.rf.5d58d22f562e8109243cf3afd55a2d67.jpg,fe8367eff6922526665a49201b17f56ea7a2aa9b45eee5a22003f32a025f6352
sangam-Braillie/dataset/train/images/IMG20230421102620_jpg.rf.cab7a4b581e891c99c0cbfc58b20111b.jpg,da44594bf5f6f1f217fd0acc53bcc74f1bdf26b0a7a1dc73711ea00f01397fd8
sangam-Braillie/dataset/train/images/IMG20230421102805_jpg.rf.84a56a33a5ab5163c7654152cc882600.jpg,672e54531820f8b4ebfe9c2c89b1d8ee8d38d7e136f5dfb4a181629b5405e93d
sangam-Braillie/dataset/train/images/IMG20230421102805_jpg.rf.861a567a0e3f2840b012503faceeb4ae.jpg,295974475dea62d448dfdb97bca8f0c6ae051ce80300d08b0969d4afec6b0a22
sangam-Braillie/dataset/train/images/IMG20230421102805_jpg.rf.a1cfa2aa4a69a2ad51931fcadf7fabda.jpg,b1c7eb99bb338727fe4d081cbb089057b994aafb734f9aa8d59333062bc32fb7
sangam-Braillie/dataset/train/images/IMG20230421102805_jpg.rf.b297f10a693065f146b1066976252b0e.jpg,4aa5c8ce3dac82b76bc6a17bde896d4f634d2b477183478ca62c48052ca1ad53
sangam-Braillie/dataset/train/images/IMG20230421102815_jpg.rf.1e707c8e499a9d24c93ef9e779cff729.jpg,0d68d2d3df66592e4412d00b8e47cbf8dd9e15f12c77300f62934c6e99e77117
sangam-Braillie/dataset/train/images/IMG20230421102815_jpg.rf.2058deb2881e3adae6453c509c62072e.jpg,53bf87fe3437e6bc00284dcdf445baccd458aa8e93802865d996ae6ffd142bd3
sangam-Braillie/dataset/train/images/IMG20230421102815_jpg.rf.63f580d11da236e8b07dc59d93f93869.jpg,45bcb30d2bed02471ec3c2f3f6de311f242d43e0e14b48d4e9abd4c4aa7b1834
sangam-Braillie/dataset/train/images/IMG20230421102815_jpg.rf.66ecf38a2a2b0eb67a991e66a4822465.jpg,1d9e8d52e14a23995f6e1245014eb14d7c8298ae044e8984578a4d1988d8a947
sangam-Braillie/dataset/train/images/IMG20230421102834_jpg.rf.04e29a4aad0b9e1073f6b51ee466b028.jpg,a9d8b9a705ad61ba961de5daeafd651129fb27f60cc8995cb3747429196d17d4
sangam-Braillie/dataset/train/images/IMG20230421102834_jpg.rf.2aeaaa5198bbf3ddbf05ad143e337b87.jpg,0d38730dcce32ad6ed911c428256151e8bdf6d2d55c97583b4ba908303872d1d
sangam-Braillie/dataset/train/images/IMG20230421102834_jpg.rf.53ed33831c443ac0652506316aa4bd69.jpg,c7835e719f3e241c59613549bd3e2216a6d72d80859297d9b908a540527df363
sangam-Braillie/dataset/train/images/IMG20230421102852_jpg.rf.783c7825e3a36073507cc75ffeff8f9a.jpg,d321c9eb6bc09f55899272ff55a8714cad621e0070ad8d84c861f0578e5f7b04
sangam-Braillie/dataset/train/images/IMG20230421102852_jpg.rf.d47eab9debc9a7f9c7ddda48e0f57018.jpg,538c1a5659991ed1c2e0b53a668bada63bfdd507437a90a3869fd6d2cd66adac
sangam-Braillie/dataset/train/images/IMG20230421102852_jpg.rf.f5ce9c02eb61e100aca62b56ccbdef70.jpg,1af77d9a4ef21c45168491da9238c05e973092937aa51188bfa5573bd99821a5
sangam-Braillie/dataset/train/images/IMG20230421102908_jpg.rf.1dba603473fe77abe0a100950dc4dea0.jpg,2c736dd3c086843fd4a10312f8e639b953ce52d018063093214bb7e39c20076d
sangam-Braillie/dataset/train/images/IMG20230421102922_jpg.rf.be90a122f294dd3cfed6110eb35d1dcf.jpg,6361c68d4a4e6cc4a9a5c7e0a286ba55f88f3780de2f02c3a1f7c5114b4c67f8
sangam-Braillie/dataset/train/images/IMG20230421102922_jpg.rf.f534b64ef79f59dbde2936432e815f52.jpg,5ed177b929cf5e857ca57c47749085d3ea43c7a18bbd5736f524e618dfceac4d
sangam-Braillie/dataset/train/images/IMG20230421102947_jpg.rf.8686255f4413240145d3b17f38b95c0d.jpg,d2cfce34b225e5187228fda1e552ad26090722b10364147ec83ffd7b9480d3a4
sangam-Braillie/dataset/train/images/IMG20230421102947_jpg.rf.f7f752b72fe47e39096258796ba805f1.jpg,adf95d2f5c80a076e153a04ee9ee78e8b46e3bdc0efcdfd9bd8856b085ccc774
sangam-Braillie/dataset/train/images/IMG20230421103002_jpg.rf.3443b8ee1c97848540002003068e1641.jpg,141a48606ec4d98086af7e42f72c44c00b637d65d733de501f201947a19deab8
sangam-Braillie/dataset/train/images/IMG20230421103002_jpg.rf.738be3acd27f66c6f92df912b870d054.jpg,32e35ac40b3c320be958a5cccc6301e339345f6300058f2770427092e7ae6f1d
sangam-Braillie/dataset/train/images/IMG20230421103002_jpg.rf.b950ffb97a94113431a74b481f167a3e.jpg,7269c11471c611bf2f47580f73e6fcf22dae8df76450359dc7c3199fc01f9146
sangam-Braillie/dataset/train/images/IMG20230421104353_jpg.rf.052331059d61bd0df16946949034bcf0.jpg,89c5c5e90ccc64a91395cd3572486813b8c78450938436ea505f9a2f64bd8e20
sangam-Braillie/dataset/train/images/IMG20230421104353_jpg.rf.e235f9190154a16f22f51db9ca1b6c7e.jpg,401b112f2fd0b3e34f303d7064e1bfc340aaf4ea112c2e9d53177eeebf424d32
sangam-Braillie/dataset/train/images/IMG20230421104402_jpg.rf.1be7c1b2d983bf074a81017694e4db5a.jpg,3c03a073dd174f4696b5fd92531d28ad13d3cf86558c8ff2b797dcb75b6d5bf4
sangam-Braillie/dataset/train/images/IMG20230421104402_jpg.rf.34e6433c15550b92a4c0554bfb4cfa49.jpg,c680694dfdca810c5fd3a6fe7d5989c48eedd6d6914a9ea031c6a05f2926f587
sangam-Braillie/dataset/train/images/IMG20230421104429_jpg.rf.29650b1c137e2f6d2ab82c074c23ef3f.jpg,5ea1656fc62e539c25bb90b845747e99c489d2131ea6e27d4cc9ec0e0c6f392f
sangam-Braillie/dataset/train/images/IMG20230421104429_jpg.rf.37a00867a411f0699cbe4ea5d3eacfc9.jpg,98815bcd420528df9b53065c78339db5f6702c0beacf362688e94599aec3c274
sangam-Braillie/dataset/train/images/IMG20230421104429_jpg.rf.5539bcaf3970c612245b9a988d048f81.jpg,aea74819197ea216e0397ac31f07a6fa0f246f983584f36292e8e2dab3b2996d
sangam-Braillie/dataset/train/images/IMG20230421104429_jpg.rf.ae366fee9e2fd7299b8f1402592246a7.jpg,43fed8b58a467b8c593e08db506a319d15a1a0a87575d04dc33817259a2b066a
sangam-Braillie/dataset/train/images/IMG20230421104444_jpg.rf.ed9e3aef36f21bdeb47cd86774a0910b.jpg,512a069d47c9e5df60fef07fb03bf0b5aedb40d45d4ead870f045c66f6f9b24e
sangam-Braillie/dataset/train/images/IMG20230421104444_jpg.rf.f9f1a95adfec8f436300c3a908aa839a.jpg,fe3bd2fee743201074b40ad9498243c85d26a6cc897444f0f11b089adfebbfd0
sangam-Braillie/dataset/train/images/IMG20230421104509_jpg.rf.9ae329a9162184fd4ad7b72e9019233e.jpg,68c99ed363e4d7ef288c7c991e9099fff155b7448e541c0e3906ee6dd51c73a0
sangam-Braillie/dataset/train/images/IMG20230421104509_jpg.rf.c99339516613979e8af7d483a474d67d.jpg,69802ced8e5a62089b642b2448121d19b7b861b3fa6ef61114152b9b461049a3
sangam-Braillie/dataset/train/images/IMG20230421104509_jpg.rf.f64c0e37d76c2882bde283556892d170.jpg,5a3558ed2e22d11116773fe2f574d9aec63c914d05e5688fac9092bfb4784daa
sangam-Braillie/dataset/train/images/IMG20230421104523_jpg.rf.2a9ca3166de4d0eb6c6a2dfefe22109f.jpg,ad63cc55f69b3128824ea404b2919b75ab945201779bf8f78b428db9e7ce93b8
sangam-Braillie/dataset/train/images/IMG20230421104523_jpg.rf.886d5a163921edde0e24eec15c67236b.jpg,b33092aa93a57832ffd629d9cc9aa23ebf1e0c515b43e9f61414ea263d68dc41
sangam-Braillie/dataset/train/images/IMG20230421104523_jpg.rf.938f148f837da974f0caa5509bfd1555.jpg,e7dda9d7cf334fe43f1dd80b5bb9a60a467060c70a3927b025d136ff73492b4b
sangam-Braillie/dataset/train/images/IMG20230421104546_jpg.rf.21cc0d1295c456b63b5248b8f217b40d.jpg,f25666d090e4829649a77e2616e41ae40dd30db10572b59e8a589231f844b104
sangam-Braillie/dataset/train/images/IMG20230421104546_jpg.rf.6bed110fbde8ab60d2fc1818aafae3ff.jpg,400ab1c10978d0a281049e555943d2b8216e77d027c61c40e321fa30be5cac1f
sangam-Braillie/dataset/train/images/IMG20230421104546_jpg.rf.6e553502e8518b624845539589d3654a.jpg,ef86b072947ee15766359ea47fd907f1b4b89144787f91e51acc9347c8beb27a
sangam-Braillie/dataset/train/images/IMG20230421104546_jpg.rf.71b9e99c8e7d5fab41c1172b3a22d40c.jpg,5caeb709451f9a8c57357c0ea0a29a01ea097008a53106f9e6b81289a99cd397
sangam-Braillie/dataset/train/images/IMG20230421104559_jpg.rf.a7c7f0845d55ef855141d6144d9023a0.jpg,fac6f71795c9109482320b3556389f85b7cd1205f5aa2ae09a2efdfade8d8d2e
sangam-Braillie/dataset/train/images/IMG20230421104559_jpg.rf.b1f5ae785f7e958b9b1e457aed82d4e6.jpg,5450719de2c99f81ae734dd8094dfe64082921c1ce682849bfaeb0331680a3c5
sangam-Braillie/dataset/train/images/IMG20230421104559_jpg.rf.b3f1f83a9a7c86768a3eccb2acf8ea07.jpg,d16fc8a7ee13da7301583371628d003833b7d1ae8ed9870f369028e24e9f06a6
sangam-Braillie/dataset/train/images/IMG20230421104614_jpg.rf.136d35e4fefb6ff51b46325ac9eeddec.jpg,2e45c442d6b65afa8e874d63ccb2be21c9949d76f4360631da33731e4f9b59c2
sangam-Braillie/dataset/train/images/IMG20230421104614_jpg.rf.729d09680e63c0ac2b39152ae5857605.jpg,dac30149eb86634d981007b7b352e968eb8487cdc2322a5b7ffec5c147e9b386
sangam-Braillie/dataset/train/images/IMG20230421104614_jpg.rf.cb1e1e6c719cbfac8c6f13f3fc2a22df.jpg,b855a293b5ebce76a95769899a91a18407cd3b996d80af22dc1268a886554eed
sangam-Braillie/dataset/train/images/IMG20230421112705_jpg.rf.6b1e07aa78bc8f4608a1bac212b9802a.jpg,7e60889a271f2585b0f87612d10ecda5af8af9349ccbbde754e9911c2c4ad5f8
sangam-Braillie/dataset/train/images/IMG20230421112705_jpg.rf.9b6abdd102b4a1cc7f1c55992d36ca3a.jpg,8deb823a4f14cade3f506089ee6ff71cb2279c41127b81b80ec32741bc231494
sangam-Braillie/dataset/train/images/IMG20230421112716_jpg.rf.019045e6c4e20db030f72a75b8aecdde.jpg,7e97b030a59fc1340bec65a5dae8f012f0a02a7724181ee465f6a2c674356214
sangam-Braillie/dataset/train/images/IMG20230421112716_jpg.rf.4e094e666fdd6918563445f72ead6eeb.jpg,6c992acdfdfc9d112862c1eb2379e45d87f9477cd55fc39c6906fb315219fc30
sangam-Braillie/dataset/train/images/IMG20230421112716_jpg.rf.607348038d43e3659a55dee2ec2d548a.jpg,ce4ec482b70d1764ee3a1926b5a7f1fa626705143e05610475a45b86e9304317
sangam-Braillie/dataset/train/images/IMG20230421112716_jpg.rf.82cd1cd491afb7c6ec23395a46c3a454.jpg,e40e0606e3ad3604646556d059c621b5a9043834084089c1128f72cc8d986e08
sangam-Braillie/dataset/train/images/IMG20230421112740_jpg.rf.2014d60cdca1742c7f8e8388d53cf3e7.jpg,be759bc6308899358d2480a338cf00a1988e89661ae4a3b73b51186b9a00c32f
sangam-Braillie/dataset/train/images/IMG20230421112740_jpg.rf.4a72210cc998d16e7a6bd0c0001c1c27.jpg,b21b72824bf07bbd29637f39ec7675e0c69c229ed9eaf15b66183cb65b272578
sangam-Braillie/dataset/train/images/IMG20230421112740_jpg.rf.9195efd387a9d103ad0f4b2415d29410.jpg,8e9aa4d0acc534c91180e81572cd8aba5534233dbd4211ebe6ba143d607ab2f5
sangam-Braillie/dataset/train/images/IMG20230421112754_jpg.rf.27288282c53158a271fdde93f06d764a.jpg,92ea10a15428816d1b5fa535bb84262b952ded82106a88ca8c8bacd49c626d50
sangam-Braillie/dataset/train/images/IMG20230421112754_jpg.rf.dd1ad34bbf8a4910a93587c2a045f831.jpg,edcbdfa846d4ee7a4c58372ad6bef350c314d08a74feaac9d93e187820d2b8ec
sangam-Braillie/dataset/train/images/IMG20230421112812_jpg.rf.325ee901914099b8883c4c50fd357186.jpg,e8aad95414e51c89dc7b84417faf3fe553a3dd6319c8e2b6be4061a4b2cc7285
sangam-Braillie/dataset/train/images/IMG20230421112812_jpg.rf.ba296129ddd9cecdce614342d9d94e3d.jpg,ea544920d17e5065c342581b829263ae19b664810e38a5e4edb00b89393d8156
sangam-Braillie/dataset/train/images/IMG20230421112812_jpg.rf.c1524796c4a13129e6887b1a3e643bf2.jpg,b65a170eb0a5f41cfe7fe8521eaf4b7fef761cdde2e9240ebcb208ab06a26f06
sangam-Braillie/dataset/train/images/IMG20230421112822_jpg.rf.17a6ad06eac93322857ce72784d68e4f.jpg,a79e1d7536a63be9ac437e92dc31a13866beba8c8032b3641fc9a368283243ff
sangam-Braillie/dataset/train/images/IMG20230421112822_jpg.rf.313f5a211410fef95f6510d5270fd743.jpg,66bdfedf5fb37cdfcc67f6502e1c237f4667415e655291223bd9c7a34ab00c1d
sangam-Braillie/dataset/train/images/IMG20230421112822_jpg.rf.f9bdfb0d2430dc74376ad0fe0c696258.jpg,9bce69becce3280e04efaf16ddbbc198094819b9570a74f1bcb19826eabed790
sangam-Braillie/dataset/train/images/IMG20230421112833_jpg.rf.3be1a5d4bcc7d72d11b41bfe63af016c.jpg,45add2879c7565052757bbf5a1f9c112e8bd58277cf761874b86822940673483
sangam-Braillie/dataset/train/images/IMG20230421112833_jpg.rf.ccce082b67e112070244ea11efcd3ad4.jpg,98e1e1717de607ebc7b2c49b3e954dc4d6d6b536383800966a3557951f3f2193
sangam-Braillie/dataset/train/images/IMG20230421112933_jpg.rf.1085a1396c6cc22948406735336052bf.jpg,5b13d2c419a0682897dd6941d308d23ad6b086c263d843338a8c3a16d83d267b
sangam-Braillie/dataset/train/images/IMG20230421112933_jpg.rf.a5e62112ffdbe58d866c949ca188202b.jpg,4943e138ebd4d628954399a1f2e22e92c9e48eabcdba0db4ab5be0af99d01012
sangam-Braillie/dataset/train/images/IMG20230421113045_jpg.rf.90b7fd9add4fe1eb273b548adcb737e2.jpg,ae5b8187f1d41a0a54e11f396251d662e405989be870587b807c833171eccf6b
sangam-Braillie/dataset/train/images/IMG20230421113045_jpg.rf.97bab5fb3afe336a173dfdbabec5da17.jpg,2485f687fb327d37540ed10d1a1b50a21ba06dbaf1476d5cfd67d4e95eca63e3
sangam-Braillie/dataset/train/images/IMG20230421113045_jpg.rf.ae9eb9bf4e719f00a917feb67fdcd1a7.jpg,5023cdabca18014649a57f0c3f937a8bde7cc90b5a6e18283574328886579941
sangam-Braillie/dataset/train/images/IMG20230421113045_jpg.rf.dee3a7ef338775692b1f778d5858c6cb.jpg,644528fa8814d4b9d763f002a8e16ea0c1cf834542d122dd824f7e60fcc45946
sangam-Braillie/dataset/train/images/IMG20230421113052_jpg.rf.7074b30eb6dcacbbdf850d53150cff37.jpg,eded257b36826534ebde169e4d1f5ee9d4dc119a24e624d19c7610d0971c925a
sangam-Braillie/dataset/train/images/IMG20230421113110_jpg.rf.4760188017c7106ae45eebbcab299d8d.jpg,c6ef19917a11e0ae4fd1747efb8c5cf94bb1e94b8f24fe6e0a946966c38007bf
sangam-Braillie/dataset/train/images/IMG20230421113110_jpg.rf.5e14cec3c87d550562d5e0c4118272c4.jpg,46ba12dafcb04fc2751471ae9e66827f54f4b764806727ce6f54dddf17d15d06
sangam-Braillie/dataset/train/images/IMG20230421113110_jpg.rf.c3f17f9c65a9cd4b20ccc1230d3720ae.jpg,60591a258ac60dd9a7909ddfd7525b13eb65fcb50f6bbb542d3bbd2fcc19d75b
sangam-Braillie/dataset/train/images/IMG20230421113137_jpg.rf.a201af46b76f455cc865db2287b32f25.jpg,203e20aa0f81f28dd0dabc17e9245cbe34402b927fc75f294825a5c46b2b6237
sangam-Braillie/dataset/train/images/IMG20230421113137_jpg.rf.e93d551408c8e0efd8f553e7b6d650ab.jpg,bfb805d5111a28c885bbdfae2f743fb1f1ac3d31d750f17e302f5e99d5cbe8cd
sangam-Braillie/dataset/train/images/IMG20230421113144_jpg.rf.d032e90aa42a27eb300c455570468acf.jpg,75df8464b9929b9df9b0ce2d4a45e6ce3ff823f3ebf3c8fe5c1b224c8026fb03
sangam-Braillie/dataset/train/images/IMG20230421113206_jpg.rf.12bec62f0225671d09d1693999505e11.jpg,32e46d379ca67cb5eed35482eb1291e44256f24c869fb806e6a0889dda7368ae
sangam-Braillie/dataset/train/images/IMG20230421113206_jpg.rf.aaefcd109d81884f045557c011ba6d8f.jpg,032706f725704ebab68e0a22835e1e3c1db5c90893003f154d39553726769688
sangam-Braillie/dataset/train/images/IMG20230421113206_jpg.rf.d6e72441bc8b5bf7906c1d145ae7de9b.jpg,90768ebe7d4a8393088c30de4cd75cf9c213df2457e4916f68f8c2139a3de84a
sangam-Braillie/dataset/train/images/IMG20230421113215_jpg.rf.10e22ce49419557096f2d6b95a5c9e00.jpg,17a9dde5a7e1c44e57f290e02579fd20e4a30d016a998a83327d20941294ffa7
sangam-Braillie/dataset/train/images/IMG20230421113215_jpg.rf.4e2a84fa66c15ade7d5c458643908836.jpg,00363d98e6ce0f5864aa1db09715b4647f70fdce36f0bc9594b7128069c4407f
sangam-Braillie/dataset/train/images/IMG20230421113227_jpg.rf.ab9d546313593877769db273957cc0df.jpg,94ff2bf5287dddadbdb8b3704a8d545d26b237ddde309ade9d18cd406a04bd17
sangam-Braillie/dataset/train/images/IMG20230421113227_jpg.rf.ae866fc8f7fa5a65293afa02d53827b9.jpg,f075a620f8c13048c4d13500cf2537235b177c7281bb4a74892479d95dabb249
sangam-Braillie/dataset/train/images/IMG20230421113227_jpg.rf.bc7fd2ee980a3b4d343eafc08d8c7973.jpg,4b8df9fe46bb3a863ec27500313b0ea6198380b72bbf92e0e628d1db1887afaa
sangam-Braillie/dataset/train/images/IMG20230421113235_jpg.rf.317d4612b23b3314140f95c700a11a84.jpg,fc4cfd46a25f684f3c4706a279f440c4b15bb1eb680db6412b1df2c36aebbfb4
sangam-Braillie/dataset/train/images/IMG20230421113235_jpg.rf.36d484f791bc7f8c34c0065a5fe889d6.jpg,c5b5213ea59093e86fd079c71808b237e35b7c8bfd838c926272a98616e35c95
sangam-Braillie/dataset/train/images/IMG20230421113249_jpg.rf.225e6068ca22abe4ed83ee0de8f13bf1.jpg,c68ab26ac43c0eb5cd9961ea69851a77a438074f7a121ee38fc922993c2f557e
sangam-Braillie/dataset/train/images/IMG20230421113249_jpg.rf.706266165729535af5e614a04acdac9a.jpg,17ba5675024eaee5f6685d364362934da1c1f7141efee7c78817589f6dc3b538
sangam-Braillie/dataset/train/images/IMG20230421113301_jpg.rf.5fb796394cd87d557b27a0128ccd9468.jpg,4f0b023b09ade4aa0495ba98f76f0fa8433198708f227547e27a13c21995c833
sangam-Braillie/dataset/train/images/IMG20230421113318_jpg.rf.c08523c79b4e85fcbb8d83806acd08da.jpg,d264ea35c6317a46bc0dc53e87bb5bbcec8514a6c2704fac81c9233a761cb132
sangam-Braillie/dataset/train/images/IMG20230421113330_jpg.rf.1a407f13ddf446bcd9eac06a6107e7c8.jpg,2efa481fc8bde39b30dbc44b8204e62671e4ce759707aafbbcc974127080075c
sangam-Braillie/dataset/train/images/IMG20230421113330_jpg.rf.246781034adeb10ceefcd2cdde8f56a7.jpg,63e00e3c848a44e5d364e4425a371b50b830c4aec4d4ee0f019655c0cafcb01a
sangam-Braillie/dataset/train/images/IMG20230421113400_jpg.rf.a11ba201aa9c922354580c2db4b35e59.jpg,a2359577b32bd82c97254ce3271e7401678bf31df639b58a7e786e527eab6052
sangam-Braillie/dataset/train/images/IMG20230421113400_jpg.rf.e9f0075a489d4042db273bf050336827.jpg,a495448faeaa17148c87b52838dc6ab6f2123cc25076142f752cbfcec3e6478e
sangam-Braillie/dataset/train/images/IMG20230421113451_jpg.rf.81cddab1e30e5d4a3fad0478b3f6d3d9.jpg,9fb83928d4f8f66db270e6612f5372bd797a772050bfd2f91de61b7423e7579a
sangam-Braillie/dataset/train/images/IMG20230421113505_jpg.rf.378b0400f96b677caf7465a9abc7724c.jpg,cce20ff6c0517721f0b4d9288679d7d452773d1e135bd3dcd0d2c283556db7e5
sangam-Braillie/dataset/train/images/IMG20230421113518_jpg.rf.d313bc13cd51d9906134259f245addd6.jpg,03e8e5376e1613ec726f9e1f2004cd91e4dd9fdceeec5acf7395956e8ac3b785
sangam-Braillie/dataset/train/images/IMG20230421113518_jpg.rf.f12e0470376d7088f29ee9896eee1b16.jpg,86873d042cc6582ccc005f8f1175f6f7097b24f532755d9b0ce20ae601e527b7
sangam-Braillie/dataset/train/images/IMG20230421113536_jpg.rf.283e9453b0e1bbe07393279fab0c8f3c.jpg,af5f7c18a207fe2251287cc3761feb25d924279788330abe5ebb3bb28a71665a
sangam-Braillie/dataset/train/images/IMG20230421113536_jpg.rf.cc9843c914de726438ac5047670cd411.jpg,c9d0b22c1179f785f4d271fa29572d1e565ef767d092afa6ad96568dec1cef2d
sangam-Braillie/dataset/train/images/IMG20230421113556_jpg.rf.6211c55996092643bf277e4bfdb6e958.jpg,7a401c8062062c2758ef789c58ff58bcb1b1469a0db79b9cdcff1059b605b00c
sangam-Braillie/dataset/train/images/IMG20230421113556_jpg.rf.98d5f81879fc4c2d01a5c16a0e6d5671.jpg,3bee630f1c8f9b11062b7409efc85d56ccf6951e5cd4522c209236eeb53edd11
sangam-Braillie/dataset/train/images/IMG20230421113556_jpg.rf.9db84baf8e9bd69c2c26841ff91fe1cb.jpg,947b08114be4ed6d1a324966f60329b63808e3226b10ccfaf66112c56a693dec
sangam-Braillie/dataset/train/images/IMG20230421113621_jpg.rf.0e674df1e44c654ebd4431555796241f.jpg,fce130c412e62f19a5ff12484dda881f1e32f1a08e9b503e4b7859115e62a3ae
sangam-Braillie/dataset/train/images/IMG20230421113621_jpg.rf.9e250cff6a3dae32573b66c8ee32a8de.jpg,268f5fdea53b5ee1bc1afe909cc01f7ab871f71cb5070ea09a43f4dc590345c2
sangam-Braillie/dataset/train/images/IMG20230421113652_jpg.rf.a8798e9ddeaf619da38af8425d8e13bb.jpg,7b120c50bbaf8a88c09020eee62f988fc97a7a4ecd747f9d9ad798dc21a4339a
sangam-Braillie/dataset/train/images/IMG20230421113652_jpg.rf.b94ef3fb0fab45526617093ea067e7c6.jpg,8b65336b39026468c8d3755134705c2d4c04b655005b0bc0a9256a5f041b1b13
sangam-Braillie/dataset/train/images/IMG20230421113659_jpg.rf.5388b4c6320bfffb4a11519215728d13.jpg,5338312d22686e68e0f83ebbe87a1d421922b86e48fc54c284c4600fdc54eb63
sangam-Braillie/dataset/train/images/IMG20230421113709_jpg.rf.4bed089d12744ef373b9eea18497bfa2.jpg,16d46f46a6c902d34094f8afdb947736cbebdd74b64c07328e88f361e12bbf17
sangam-Braillie/dataset/train/images/IMG20230421113709_jpg.rf.d51eb42c733790b7b05478857a180678.jpg,c63d3939196d7bf07f4040ac0bebf24d6e75b30707365ab061c39d263c84cf42
sangam-Braillie/dataset/train/images/IMG20230421113719_jpg.rf.7af1a909be2ff68e4280a5e185dc42a6.jpg,4f7900a5300badbbd970fe8d2c0ee77314148d678142bf7fef63945a81d74f5f
sangam-Braillie/dataset/train/images/IMG20230421113719_jpg.rf.ae31f35c41ab55c31c6b0a6310f3f8a8.jpg,181ba3d683cc7d09d6fadf62367f9da78ab3092adb62e8bc74edaa52359c2a63
sangam-Braillie/dataset/train/images/IMG20230421114134_jpg.rf.8a1a2e644a61498a93226e645fe317d1.jpg,f62f965f89bc232327ec08fef907a2b3ca5e0867e1782e82f2273f6f834db003
sangam-Braillie/dataset/train/images/IMG20230421114146_jpg.rf.7010bd3304997fd0387a02ba3a1daab9.jpg,dd79caf2a10ddc016ca92d280dd5dd0d2ef811503d2b8aafff0209dd39cccb2a
sangam-Braillie/dataset/train/images/IMG20230421114146_jpg.rf.ab3ffcf5e45a31a682eef887aaa27d6f.jpg,a53d8eed676ced7d133d203c3aa28d6836a33914c458de46aad6ee8528200028
sangam-Braillie/dataset/train/images/IMG20230421114300_jpg.rf.de7246f73fc8595cb9d92b75ca5b182d.jpg,53eb8a5ac49f07ec8622e747e4ffe830a347a8fb185275db935d68b8552ee8fb
sangam-Braillie/dataset/train/images/IMG20230421114407_jpg.rf.685f7a406cad143fddb2c72e36817ed5.jpg,92e9eda70251f5a675b8bd14304a62288d5074b1af8272340052d2591e5188ae
sangam-Braillie/dataset/train/images/IMG20230421114432_jpg.rf.3d5ecb918fcedcc309af4a47c28531cb.jpg,d89bf5e235c1f67bafa1c0ecbb293cf059cc3c2786b9533faf5aece569143ad0
sangam-Braillie/dataset/train/images/IMG20230421114450_jpg.rf.d9d3ca59f85097c594832677efbf61ea.jpg,2e870e72c813ca641abf225db43b665b209c4c52539c08c8762e76a70a0a69da
sangam-Braillie/dataset/train/images/IMG20230421114759_jpg.rf.0dc60c0b07e2d9e288ccb23f7f49ebc7.jpg,c5bacaa938a73866562fd5cba1c21deebde943958c7924d1678089ca4c93bd00
sangam-Braillie/dataset/train/images/IMG20230421114759_jpg.rf.42e340d36f837d954f12ee262ef3e7f5.jpg,3cd298dc4b35e94cd468c937c2744d6e04f141b9b13860ce9e367e98e57477be
sangam-Braillie/dataset/train/images/IMG20230421114759_jpg.rf.72c0d2c9a6a3d80920965c048ad380a3.jpg,b4c79c1bc76691816381047ccf97c323199c8cadc03661b6d8994f191426f98a
sangam-Braillie/dataset/train/images/IMG20230421114759_jpg.rf.85e3c33a7f3bf1d08b0cca9483ae9cae.jpg,f978144476a63a6279264fd622e9f8d716f9989f30bf2736a742929661403b69
sangam-Braillie/dataset/train/images/IMG20230421114806_jpg.rf.23b9f260d9e5aa6ede89053d81bd1c79.jpg,20d2aed8644dba32d5a4bd4a3441f88a287137b4711c1e7150cca35c614c4ca8
sangam-Braillie/dataset/train/images/IMG20230421114806_jpg.rf.3d488e6503398a78ef349ac16a17f0eb.jpg,43c8db90a9c17a3f6544f894ce4b823d2740c10bad45cfdbf3a1e295099b0531
sangam-Braillie/dataset/train/images/IMG20230421114806_jpg.rf.dd281219134b80f1fcb0ab5e19254a00.jpg,ac22f60beb8f4494f562d62f179d449e1d19dcc64a7468f61f385703f8f58730
sangam-Braillie/dataset/train/images/IMG20230421114848_jpg.rf.22cf5d5a62e4299f32a4ed5fde233318.jpg,331b5eb74e766c74b42e41fe6bb2c6c4685da4b4014a7a71669d76233bca69e7
sangam-Braillie/dataset/train/images/IMG20230421114848_jpg.rf.496fc7ddedb469960beeface131de8cd.jpg,f30a60dfaa4ca2bc6eea94f8e5e3fa7ac39dac078286e88533dc7886d01de913
sangam-Braillie/dataset/train/images/IMG20230421114848_jpg.rf.87d0ca5c790e257650ac381e34196f42.jpg,a0ff0b5adc7c3df8e10a61c62d512cb891014c274fc712779628c42cb3eb625d
sangam-Braillie/dataset/train/images/IMG20230421114848_jpg.rf.e92cb529be6c9ee8cd78e75bf0b84ed2.jpg,daac1ba4a777219e27acf102d97f37ee774fda3d939930cbbbead705f1828153
sangam-Braillie/dataset/train/images/IMG20230421115016_jpg.rf.5b7188a170d1de8174f252c87de9e4f1.jpg,8ac0e746afc42fbd872b98145c2e4df028dd9cfca9d5609341e9c92c70b8387e
sangam-Braillie/dataset/train/images/IMG20230421115016_jpg.rf.6596d48b78dbd3ee27df4520e6a110f1.jpg,34bfa7cb17747f758ffdef77f6bd91803cd64e32bfe9beb1b10e18d1b0098441
sangam-Braillie/dataset/train/images/IMG20230421115016_jpg.rf.b7becf7d0ba07b3362d42fc836c9b8d3.jpg,d5f54bc6952d50db5e98bfaa03083bc6e94412d19779ca24886245e662209b19
sangam-Braillie/dataset/train/images/IMG20230421122646_jpg.rf.97e3700e1b07f428974ba0ded8438489.jpg,6e9dd029fed419ebce80e260abfaad6bcd99480661f9b2902312931cc63897ec
sangam-Braillie/dataset/train/images/IMG20230421122646_jpg.rf.a5756a64716868399b071e0cec97565f.jpg,ca5592774747bf9f23f8eec73a1f41779cecd4440d08e3b817737bceb954db4a
sangam-Braillie/dataset/train/images/IMG20230421122705_jpg.rf.70acc102893acaf6d885098e8806ceae.jpg,7b7fbb042e6435d326644dea03a8c57f1f90eba8c49738ba6c7068404b3a608c
sangam-Braillie/dataset/train/images/IMG20230421122821_jpg.rf.6712c6a8556e4c6110e91c403403dc60.jpg,08fa99d31a6d140bc526cb07e3eaf2b2f790e2e9555d8e32fbff375a70b590e0
sangam-Braillie/dataset/train/images/IMG20230421122855_jpg.rf.3b86810b24b1a9f63fe28860eb47750d.jpg,fa4717a06de01aa5abe06ef901fc2353c37aef1009a12c72e4afb674d0c6ead1
sangam-Braillie/dataset/train/images/IMG20230421122923_jpg.rf.cf0a8e34fb0f6124b3a3bcb0c909ba62.jpg,d55bdeabb81f95161c22ecbd3b53df02a6bcfaa657e496779471475c3b609395
sangam-Braillie/dataset/train/images/IMG20230421122954_jpg.rf.b918d6b1df1e6da3ed1de284fcbed100.jpg,9b2fb1e9f8602a6d108ce361bcafa0ac5303e3a550fe2d393282c7ddbde047ea
sangam-Braillie/dataset/train/images/IMG20230421122954_jpg.rf.d7307d10097f0633ed828266cd87948b.jpg,93f7961047f1bfd4d8a99ada2bcb15ee1c28f142f9059a59a0a9881938308d28
sangam-Braillie/dataset/train/images/IMG20230421123012_jpg.rf.8e27eee634e9fb74fc9099f5102d4bd8.jpg,0261a3666de1e11c38613d4a01683bacf546474a4e0f33b25e43a2d3a971cb07
sangam-Braillie/dataset/train/images/IMG20230421123048_jpg.rf.51b520d123aef9d52e8a33422482a3b9.jpg,01a093eb2147565d9f339e2ba751f60100e9bc9d006381d99e20c8ce95f83291
sangam-Braillie/dataset/train/images/IMG20230421123048_jpg.rf.85f633a382d8bf90e4bb241a8dadb099.jpg,9ba110872b830627547cbb4ae1001a410636432bfb27ee746c7f9f234adb9664
sangam-Braillie/dataset/train/images/IMG20230421123101_jpg.rf.5753978487f79e3a118c1f9f1ca7b9c5.jpg,dfbbaaa39af6d136120e5148093ad6013b5f308a740c03647485073021fb4dce
sangam-Braillie/dataset/train/images/IMG20230421123232_jpg.rf.399f11d2f8b4f5a6a30f73e6f41246f1.jpg,03c36d15b5f66a40ed1ca234fa95adef21ed308dbb5986d4b00b33c914218f8c
sangam-Braillie/dataset/train/images/IMG20230421123232_jpg.rf.708e72ad35529bd22896b0b9e85d5ee2.jpg,dae30cb0764ba0d88032f5bba8973db440f1cbf666a991ca9566bbd3445d0bc3
sangam-Braillie/dataset/train/images/IMG20230421123245_jpg.rf.0e52e9bbcd8bceeccc081bed0916de90.jpg,322b6ce6bd2994d13227298336e294a9a9fcea7697ce1a64aeaf450f09536ade
sangam-Braillie/dataset/train/images/IMG20230421123303_jpg.rf.cd9f89dfee9b3cb1f8158955d381e84e.jpg,a7379f446ef552c1c617da94a302755993f9b551bcaf548f6f055021dbe162c6
sangam-Braillie/dataset/train/images/IMG20230421123303_jpg.rf.e8ff126ecc45bc97156a51fd614765fb.jpg,77a02716d1c5cd44ee899d17af45dc076731ae77b7eb6dc56af1dbb0d939b333
sangam-Braillie/dataset/train/images/IMG20230421204123_jpg.rf.0ef3b611c993dfc12b81b92106ab4fa5.jpg,fd411cf043db09e2c5c1df99e912d9c371803a0f986df8e5bb1efe637c036a0c
sangam-Braillie/dataset/train/images/IMG20230421204123_jpg.rf.c69b4a96f31289294f5fa34a65e2bc84.jpg,824ea506d25342cd6e3c42c406a6bef4f49204a796fbb3253ee482a209c90d01
sangam-Braillie/dataset/train/images/IMG20230421204144_jpg.rf.e9d1de38fa968880d42a6970bd10dce1.jpg,6a95b9a943f0b926f325b4affd9f085b361dbc408b3510f567a5f3419d12cb5c
sangam-Braillie/dataset/train/images/IMG20230421204212_jpg.rf.5026cfe4d5aec63ca0b1fbd7c969e685.jpg,5fc74b844eef3ec5bc3f90ff63bc85d68122df01148debbe126612af5cbac592
sangam-Braillie/dataset/train/images/IMG20230421204227_jpg.rf.e1c55febfa7d3f5f96fc533d427def2b.jpg,fb4989b66d806fdaed800e38ffa26a1d558359072efab047c68c3d452ef312e9
sangam-Braillie/dataset/train/images/IMG20230421204247_jpg.rf.a029d74482e43c5675e6df1ca5f12d9f.jpg,0be69c28c5ab3935cdcd55c33a2650cab5bf04925abbf3a5b3d55d6b5c45d9af
sangam-Braillie/dataset/train/images/IMG20230421204300_jpg.rf.b429d452f4b6d67397098e8bd9e8fcf9.jpg,c9b8933d9912e2295c641071cc848cbfc9674c44c451d93807188272757bb5f6
sangam-Braillie/dataset/train/images/IMG20230421204300_jpg.rf.de17778a6123ef02d4241b507437d438.jpg,3cbe8a6716f20c69bbe2ac73037ac0cf3fd19de93bf70d8a0ebdcd58f68372f0
sangam-Braillie/dataset/train/images/IMG20230421204334_jpg.rf.508772545d0ed17fab5100e17b18eec3.jpg,cffb78b46ec136929b430d947c95da2ce75f0fce2e6acc8bb7e29a4268b212fd
sangam-Braillie/dataset/train/images/IMG20230421204334_jpg.rf.6a601ade98b762b8812e375d4d674fdb.jpg,9b36cdf254050b5a5500d63d4bcbea5ffd5261239ed9dc59654f0f38ab11deb9
sangam-Braillie/dataset/train/images/IMG20230421204522_jpg.rf.7e1b5f489e76b757329c071ad178d29b.jpg,928b98cb4e4d8c8e44a807bc15a0b3f00ea32e5cb241f3e1f7e978e8bb341dd6
sangam-Braillie/dataset/train/images/IMG20230421204522_jpg.rf.cdf5b30e476e5256ed70162a6c05b6c4.jpg,202c65358405fb1259d1a4aa472f282f22fa2859f338b542d49ce7ce2fe02a61
sangam-Braillie/dataset/train/images/IMG20230421204551_jpg.rf.72372cf58551c720d116b040536c0501.jpg,f4b7da4f3f3446af783558fde6977822a6e599b961562290d194a06064a60c1a
sangam-Braillie/dataset/train/images/IMG20230421204551_jpg.rf.c0dc77579b2fdf0cefa259a037d3acb3.jpg,ed76f02700b93ba67f671716434a6c6cb15bb009df0290d8c462e7e947bc7ad5
sangam-Braillie/dataset/train/images/IMG20230421204617_jpg.rf.07ebc252223ecc7aebb7cdc705797628.jpg,ba072f013698b3b19f791bab65551e5b3b6d27d4a2e47ee7ccdadf49ada962fa
sangam-Braillie/dataset/train/images/IMG20230421204634_jpg.rf.1893f03ec739f579228902fcf8a03106.jpg,a1034c4fa847cf447490dd296ab5f65ff8f502c40c5487535ca47b448c7f02ba
sangam-Braillie/dataset/train/images/IMG20230421204745_jpg.rf.54b571e21e0577e69355224647c4c6b8.jpg,ce81d25b89608dbb316a93a84ba171ae849c7f7686e95cfa653ef65f0eb4a55e
sangam-Braillie/dataset/train/images/IMG20230421204757_jpg.rf.30ca8d3b8a10e30378c0368cf3c38527.jpg,d6a0b12a79ae59cd2b1755901437594f9da378b9bea9d7dd4a33c19ea94c22b2
sangam-Braillie/dataset/train/images/IMG20230421204757_jpg.rf.5214f3bede418791e813e24741b73597.jpg,43e2c7922a5bceb60d8922d8aa1679c35f0039618c56352d540eb9a45632bc0d
sangam-Braillie/dataset/train/images/IMG20230421204817_jpg.rf.2c42377aa0400a5e5fb1d08c949f9b09.jpg,659ec24affa321659d8211ee4d8b92502ce5543e046198732408946c911a2285
sangam-Braillie/dataset/train/images/IMG20230421204817_jpg.rf.c4d4d4e0dd6bc91c97382d0eff645ed1.jpg,e6f8098b0cb421353cd4a27eb8aee57385112ccdbb408d3a4801b564a0b0b603
sangam-Braillie/dataset/train/images/IMG20230421204959_jpg.rf.62044b69bb1463eae536a12d15789735.jpg,ee35984f983135fe1fc0480dd5b7d0adf7c5af610b9d05ffa50f5a20e2bc26a9
sangam-Braillie/dataset/train/images/IMG20230421205015_jpg.rf.6f02171242c940c80cd103ba32f11ede.jpg,6bb9fd9af7cb051741a344d4b057b48775ad7b3195f7960d1c371fbf5f26f3ea
sangam-Braillie/dataset/train/images/IMG20230421205015_jpg.rf.f8f968c50a307ff8f728ce9f187bb4af.jpg,6f26af09b9d825aa288cfcfbcde9e200e7455f28464e0306cf2866d6ad75d199
sangam-Braillie/dataset/train/images/IMG20230421205049_jpg.rf.3b4fb1b0042a67fc7e195d06dd2e3ade.jpg,1ff6e3bbdfcf8326d37bbfa25bd27a52c4617406fe08d8ecaa95d7d449ac889b
sangam-Braillie/dataset/train/images/IMG20230421205107_jpg.rf.7139453afb70566612bbe3fc6c7f401f.jpg,e68b87be0019f4523fe17381f1f61cc5538081d6aaf55f26a9d485431a0f5c74
sangam-Braillie/dataset/train/images/IMG20230421205121_jpg.rf.70eaa4cb5072129ea4db96dd0cf6d295.jpg,df9ae1254a9531994476c3b4f13947ded85732c566bd73bca9e3a0c7f8bf6764
sangam-Braillie/dataset/train/images/IMG20230421205133_jpg.rf.6addc82c62054c7b3793f3c7a095043d.jpg,443ee45ef2ee79d69689b39346d2353655355c820b6c2ddcd7cb9d62431d3bcc
sangam-Braillie/dataset/train/images/IMG20230421205214_jpg.rf.c7ee997538fb84cdc1572d5c3892bc36.jpg,132283560a871d2ec21751943103a04039e44e10c47ff3ba41a34471a6fb74de
sangam-Braillie/dataset/train/images/IMG20230421205225_jpg.rf.1e379e068685bde1e435c03d7dac3fac.jpg,12f0b0302164bfb20e667e85c3c25596c343f093867c6d5b3b62d13cb7d33e8b
sangam-Braillie/dataset/train/images/IMG20230421205225_jpg.rf.4320af413cd6f38f12a5620c5c11c483.jpg,b5999a1f8e54b5356f9b3c9f3a2c78805d1f148e223b4b955f636d7ebe89bc8c
sangam-Braillie/dataset/train/images/IMG20230421205235_jpg.rf.276a1c5ab1cd1857a825984774195357.jpg,22d0e85f1aa280733e86095719a0c586078ee996cff03b336d9728787127c45c
sangam-Braillie/dataset/train/images/IMG20230421205235_jpg.rf.f54de418f0cf73163cac717b67bc8813.jpg,bc2759b6d26d1c511181ad2eaacc62d041116b598f4549775ea805538e500a4a
sangam-Braillie/dataset/train/images/IMG20230421205244_jpg.rf.3037df3032a23fb55da700a7e199f88a.jpg,d3d0e4be7b9944c15c11338d127265ec2aa035c4fbc0fe29164d8e68679782cb
sangam-Braillie/dataset/train/images/IMG20230421205624_jpg.rf.1934ea336ceb8896da1518e9ae317379.jpg,1dd2fd329b0e9714685d9dc436cfa69853029cf7c05d81336e169791b049e85d
sangam-Braillie/dataset/train/images/IMG20230421205624_jpg.rf.6f238452862065e9c2721f8b8e56ff14.jpg,5f3315802296c4e39fc15b9ac0c11ad556e9259d112e28504ec185addd1b83d3
sangam-Braillie/dataset/train/images/IMG20230421205811_jpg.rf.98ea376ef49dd585e9beb7a881ec61c2.jpg,c6874b739daf978c2d6bce68f7dfa97fba19e4548560b95fd91ee33416ab4830
sangam-Braillie/dataset/train/images/IMG20230421205811_jpg.rf.f7f155c775367e29bad103fe5a872fdf.jpg,c7e3c1c74b0ee8f267fbb57f9c8168f82c430f085cbbea05534b36c1a003568a
sangam-Braillie/dataset/train/images/IMG20230421205850_jpg.rf.c769fb157ccb4432444b18bd76210623.jpg,30af9f2e95f4ab8f305a189dbef75ee2693f4dcf1df1181918a99adcc7d1e98f
sangam-Braillie/dataset/train/images/IMG20230421205850_jpg.rf.eee27c986a77cbca44f279760f89b76f.jpg,df75d69e25541974a464c2d9e6f8fad5e06e9b68deb59033269534137938f27d
sangam-Braillie/dataset/train/images/IMG20230421210021_jpg.rf.bd0336e42a01dc106501cfd9270de82b.jpg,5071093d976aacccd94a7347f529959b806089e19e2bd1e85d1d8716017e6060
sangam-Braillie/dataset/train/images/IMG20230421210032_jpg.rf.b4e4765c99b8d077830229d743d571ee.jpg,d4151a6f9e86b8040d512e4f7c50e28898358e593d2759d49b318370c301116b
sangam-Braillie/dataset/train/images/IMG20230421210049_jpg.rf.5993e44bece326ca0d2b303b163168e6.jpg,7b7327bbf63c70f9898591eeeb61fe5dce8b3f752aa79584bf5e5e0d1ed077bd
sangam-Braillie/dataset/train/images/IMG20230421210101_jpg.rf.d04fe1342288fa7dffa7d1e865fc82ea.jpg,cb5e0956d8e8592e32db323d49d543fb42197e1cbe16647bb7f5aca546e23a72
sangam-Braillie/dataset/train/images/IMG20230421210111_jpg.rf.0a08aadd4860e52520ad5087a3354735.jpg,b1a71dcce3e0e483b21f49e143e3aec808fc4a5b9b262d1808165a54bfad1c8e
sangam-Braillie/dataset/train/images/IMG20230421210111_jpg.rf.84a6e53b70ad19a1c77d3ed74998edae.jpg,99d27f6c8cf64f7f38ca38e097b79ffb21d727c69ce8a7492c35b0bda4d0baab
sangam-Braillie/dataset/train/images/IMG20230421210150_jpg.rf.67bb4e8070b6c5061ec3e7a294288968.jpg,bfc6d9d89d98a60ed51c41ec0960efa7d3e3528bd474d0eee06f6ccaf0ee044b
sangam-Braillie/dataset/train/images/IMG20230421210150_jpg.rf.a0782da40f61716fc8ba3950b50fd91f.jpg,6d758f29a98a9bdcdc70d5702df70f176028ad1944be34bcf4dcf14f91fe6db4
sangam-Braillie/dataset/train/images/IMG20230421210217_jpg.rf.066617dc9c5c5feaa21dba188787060f.jpg,c1a679e9e14250496ecc29bb8e2f75499195bb5aca39be8e0d1f660fde99d5aa
sangam-Braillie/dataset/train/images/IMG20230421210217_jpg.rf.6f8474e33b513ab892661b5117abc36c.jpg,fbabfd09a90fd4a9ba8ac692faba2ca560596a7df881799a9460f3109e4abafe
sangam-Braillie/dataset/train/images/IMG20230421210232_jpg.rf.bf7c41d78f011c818cc7287c0867e7bc.jpg,e9dcec13abe263794d582a0dc9e4592f951ea7d994b1c80ca4e065003447826c
sangam-Braillie/dataset/train/images/IMG20230421210241_jpg.rf.8d3d25529e1255ed37555d6e2d3ae505.jpg,29984c5d80fa300c61baff1965f547226a50b13653edf5853c07fc738e8a0c2b
sangam-Braillie/dataset/train/images/IMG20230421210314_jpg.rf.2d3185d8274310ca1c500e2973a47b6b.jpg,93477630d40c2511346d2562773e525ab7c596994fac1e29e4b9eac5e16cf102
sangam-Braillie/dataset/train/images/IMG20230421210314_jpg.rf.554dd195d099a153fcea50f4967ceb14.jpg,900f3b36cd30836867894e9d0b258adfa381563d0efce808e7e361f82fa46798
sangam-Braillie/dataset/train/images/IMG20230421210332_jpg.rf.d9f40547c00a6ee8c6e3460a24698e59.jpg,1860a1f39cebf74d9c610d5540ee3705c2da9f6588980f36112a7da8b4469f49
sangam-Braillie/dataset/train/images/IMG20230421210340_jpg.rf.deed341cdb9ccfd370c30eab7fd15c02.jpg,f64f5cfa07f2c84e336d3d800579334794f93c4b63acf88175558497a14f9597
sangam-Braillie/dataset/train/images/IMG20230421210340_jpg.rf.f45eb930b4816bdff699008e258f3ca1.jpg,63893d5829e9b3a5a6fbaed07809fba386a8645277c49bcd49d9ccf6a885328f
sangam-Braillie/dataset/train/images/IMG20230422143128_jpg.rf.709e005636320a29a046c5c41048392c.jpg,8c056baba7373453fcc1abaa0acd50c66359247f16c6767217fa19b51e4978fc
sangam-Braillie/dataset/train/images/IMG20230422143144_jpg.rf.5201940f57b5b808f0ca614417ba02fb.jpg,9e0ab51305694c5ff01512a150753e2c5660e78ea6fbdee11bc0fba4f5af127c
sangam-Braillie/dataset/train/images/IMG20230422143435_jpg.rf.84b677a73f18df8ec06c46034e002724.jpg,8c0bdb3225244fee4882f69198d0b323114ecc0f4558e1996e3cbfb7c84d3071
sangam-Braillie/dataset/train/images/IMG20230422143435_jpg.rf.a9bc14ac9a62f7b8e4d215b50b20027d.jpg,6e0a8e833bdec41d9026840da2638cc7993bc0239f192e2c17d3d34c7b2ab898
sangam-Braillie/dataset/train/images/IMG20230422143454_jpg.rf.a76beeff3d5ab914009dbe1b5dfd9073.jpg,a7cf50366b5219f65c355fb2f12f3629cc1e8e8ab09ab60f114293e1848fc124
sangam-Braillie/dataset/train/images/IMG20230422143541_jpg.rf.0832bc02ecb947f1915c89c9da47fd2d.jpg,a2c91900710051e5494f056830ff46cf65c43958efa3ac85a86ff76d52638ee5
sangam-Braillie/dataset/train/images/IMG20230422143548_jpg.rf.0a034cafd799ffad6b94f38381c2f59a.jpg,4df7c2b601c74725eac00c6adefcbccd3c0060bf636d7d7f03a2a81d12660e6f
sangam-Braillie/dataset/train/images/IMG20230422143559_jpg.rf.b58ee3298a7a1ee894efd073160296bc.jpg,227d24a05ee74f98c98f6d91cc57f4dca048372a57a1af8bd3fc7b3140c1c376
sangam-Braillie/dataset/train/images/IMG20230422143559_jpg.rf.e649596260648316696078f0c9931f34.jpg,56d5b4453d4aff6316efa7ab4aae5953bfff6125a866faf8562676176e28a10e
sangam-Braillie/dataset/train/images/IMG20230422143607_jpg.rf.2c3d45767a50c022aca0744729faae16.jpg,0e5bbf554bdfa01036091247b65561bdb713e19878ae397fe7b1c854239cb87c
sangam-Braillie/dataset/train/images/IMG20230422143607_jpg.rf.3ed19131248a90d4959d9f6da9a2c062.jpg,3dceb4af2d881bb83a3cc1a048689b5c8113b1878fff06c793cfdbd2dab6c492
sangam-Braillie/dataset/train/images/IMG20230422143622_jpg.rf.55e6bc4f8f54927fcb1db432fc3a7949.jpg,e6a4594ac1f61dcd74d9f4f497e315b1cd15d2cb0ccb6276111f29f68ab9d8ac
sangam-Braillie/dataset/train/images/IMG20230422143630_jpg.rf.6849e2ba100665868599a31f36f4991d.jpg,0e6076af1f1c54bd0310c6639e63de41327f7fce72b0e3805c0d24d44568cee8
sangam-Braillie/dataset/train/images/IMG20230422143630_jpg.rf.7881bc443beb9449018bef4242e4c687.jpg,eafcfc8c95237e4e66dd8a559edeb6c51600167668eb4b776f09014e244e24dd
sangam-Braillie/dataset/train/images/IMG20230422143638_jpg.rf.95997a091804ae7b99d940b4f0a925e3.jpg,b8a2a1fb3a4dc095ebc6728e9673610747aee22da6e2d80ae820bfc89f8e1223
sangam-Braillie/dataset/train/images/IMG20230422143651_jpg.rf.6e3910cd719280dbffd0691e6319f041.jpg,59bd9f50c21f8cd76f42a465edd0cd4be244d6a5797765f33aa1acd898c9dc18
sangam-Braillie/dataset/train/images/IMG20230422143804_jpg.rf.c52a7ff6cef2bb822704539eeef5d2d7.jpg,9d11bd3a793b00f5995cab19d4803ba531ac328473437bcc4f33d4debec03f1a
sangam-Braillie/dataset/train/images/IMG20230422143804_jpg.rf.d0b5a76cc2af4a01c9523a692a2a557f.jpg,94f2e07e0dc972b096cf74045fb544b8f9f1f9bb16287750e6a0df341a1c262e
sangam-Braillie/dataset/train/images/IMG20230422143817_jpg.rf.5f768d825928cd7c7e386b3258cb0781.jpg,db910eca2be6ce8bb456f801190d0ebe85fb5ecf18d6bc08e46114cc43f9100e
sangam-Braillie/dataset/train/images/IMG20230422143832_jpg.rf.4db65b93337e6fdf0a26a1027982f6ab.jpg,a8cf95b6adeba64c946514d4e303b7815ae7ab7192350be413ed83483876f145
sangam-Braillie/dataset/train/images/IMG20230422143832_jpg.rf.ca31cc7b95d498957bef32c2d13c0946.jpg,8f3b08cccd2f36a0af0a477da7b02e3e461892561b2e96f870fd05eb2fc3dca8
sangam-Braillie/dataset/train/images/IMG20230422143856_jpg.rf.4c31cf355c083cc59ad79b5080e0dcf1.jpg,3427a41d1f339ffda4525f246e61e1f27992431e14ea4634eca7e8c7ea92155f
sangam-Braillie/dataset/train/images/IMG20230422143856_jpg.rf.642713bab6b3b6dd673c8bdafc8e41de.jpg,f976a126ef5239051aea7267d554efd11d26e0f0bfc56e585dc5bedc102d2406
sangam-Braillie/dataset/train/images/IMG20230422143904_jpg.rf.5e047f8a7fbe0cf7f56e12ce33923886.jpg,b7bfec4f38f6c7f6bf10f41cc1d1d1b0626f9b5e955a583b2195deba33361f86
sangam-Braillie/dataset/train/images/IMG20230422143904_jpg.rf.d2f0d5082fc8c127c0591fd5ebe3880e.jpg,77ad25f9a596de37a0d9e722704473bfdf14c624bc51e750faf0c12b048179d3
sangam-Braillie/dataset/train/images/IMG20230422143915_jpg.rf.049e47f5ebe1e9d78ecb1b9b6ceb51f6.jpg,adf0e2546a5ed1b06c125a9d19a87a526e2073a67d39c445d77b09a58d1f9ac4
sangam-Braillie/dataset/train/images/IMG20230422143915_jpg.rf.7aac37ebddcb42a70b85830afcf84e7e.jpg,095bab69479ef3251d47906c59ef6d678cb71e103778156a5eefa2070a03b619
sangam-Braillie/dataset/train/images/IMG20230422143922_jpg.rf.3ed64a8326faf605369bf1dccd077c7b.jpg,df598354ea8b3f81d3bde86dd53e8ca3aff8fe6f724d79d0efd118f5cbc67c5c
sangam-Braillie/dataset/train/images/IMG20230422143922_jpg.rf.b3b7b73dc4c6b4b4c1c6e22004b1bc57.jpg,6b448984137ed1b3371f885dc03ca5e1e2bf6feba78e824e5c429962584f3c96
sangam-Braillie/dataset/train/images/IMG20230422143945_jpg.rf.c1fce88e83dc74b8d9fc67f355d1e199.jpg,6c6f9e77ecac56aa3bcccfed30fd7b8361ae3f6e8fb932571ce674e782c6c212
sangam-Braillie/dataset/train/images/IMG20230422143945_jpg.rf.d00fe533cd1f5fe87161ec98d890cf7b.jpg,882e1ba8d7e7a7a39c87b8fa14c0b6e620e34bf5cc07ee6b6eee386325773eeb
sangam-Braillie/dataset/train/images/IMG20230422143957_jpg.rf.4e4d35627c25662b307b7aa600cf5183.jpg,aa9d24e271b1c0d7bf4ba22f7861a9a27dd8477d5fa6c43e60d64cb959859cfc
sangam-Braillie/dataset/train/images/IMG20230422143957_jpg.rf.b8d24f0dc1b933cdf239b288c2b64b36.jpg,038799f58a57f66215c1d63143d092874203adac4016209cb1819f089a647073
sangam-Braillie/dataset/train/images/IMG20230422144009_jpg.rf.939dbcaccd8d22630ec7184cb5543f74.jpg,0da7cf3e32f93e7b08968aff5ce62798f823c363f228611ca8cb093a472be39e
sangam-Braillie/dataset/train/images/IMG20230422144009_jpg.rf.fe64412b70e62108deb8a2297ecfde9e.jpg,50eaf135c2a49295a5ff2f74839c96e3730fa51ca0718ecd4091465c6861e129
sangam-Braillie/dataset/train/images/IMG20230422144017_jpg.rf.0ee95f5be747ff5fc84821c6bd8f5a6a.jpg,748eac85c4eba2784ffe3f3fb269f0d40e6c004dc17c57d40ce82b3c7c3b7028
sangam-Braillie/dataset/train/images/IMG20230422144017_jpg.rf.3ae965ca8552274f4a23dd7f94331bfe.jpg,25f7ca57b9c7c13db75b596038e3a85be62e5c4a91a79302f7ed2c2623fb16f4
sangam-Braillie/dataset/train/images/IMG20230422144033_jpg.rf.2364b5b21d7e43c501b685fa4786f55d.jpg,f9dda864c792fc60dd6da70798fff9c21b8b00b2919c1b7775d36c78202a841c
sangam-Braillie/dataset/train/images/IMG20230422144033_jpg.rf.8fe5c5cb4f73720600eb50440ad743ec.jpg,c4dfd1e8c26411c0f42734ef8878290e3823c7d17bbc965330785fe0c93846a9
sangam-Braillie/dataset/train/images/IMG20230422144043_jpg.rf.1a962492acb419d3732d5a51eb09d55c.jpg,ebdf08f3b0c19bb354f2b11772fbf239359f09c7a4935d034ee24966a94c39e7
sangam-Braillie/dataset/train/images/IMG20230422144043_jpg.rf.6cf5914a79e523578c569bdee472f825.jpg,8b40ec890e612fe821ad4bf03c7dbb8233d0ae3ce6fd00a49c90238ee08edfe3
sangam-Braillie/dataset/train/images/IMG20230422144055_jpg.rf.2e8d884a84f7a8dd93af194b40c5dc38.jpg,6ab58428656b0a6165bb43eeff71331c9ad96a7998740626792b9bf844458944
sangam-Braillie/dataset/train/images/IMG20230422144055_jpg.rf.d79c635c16523b8a2f1826fe6d89e9a3.jpg,d19bf3a77e0b2e5f88a57a0d1aa9663363d27292c126a2f2ae44f6cce621ff63
sangam-Braillie/dataset/train/images/IMG20230422144222_jpg.rf.1444f82b618008973389edf9f0e88a98.jpg,6de7f8544aab857f4f6f4cca984fbd961767cf5d424449d0ac9bd9e131526dcc
sangam-Braillie/dataset/train/images/IMG20230422144222_jpg.rf.8849a7425ea07e1dff371809686c48c2.jpg,9bba31f77f9d180244ae185e4ddd89da0c4e90ea85ae3633cbe2101e4a8edc3c
sangam-Braillie/dataset/train/images/IMG20230422144238_jpg.rf.27bf06182b3c18c630eadb6c05818bdf.jpg,74411cd59e0f44afa5e6037c45f65b25a2755456401806e4b78288e173ed710f
sangam-Braillie/dataset/train/images/IMG20230422144238_jpg.rf.317adced592d175b46aea5480e719bf6.jpg,068d707bbcd71403cbf7c27bc1bc63fb984b4b0ca954c4b06f97966df5bd55f9
sangam-Braillie/dataset/train/images/IMG20230422144249_jpg.rf.919efe0d9fe8a53c70b5df5f52e453ad.jpg,79331d3aad45eba83c54413b10108a897ad776cbdf3bda27136c716642e07f8d
sangam-Braillie/dataset/train/images/IMG20230422144249_jpg.rf.feeb86eb8787fdc5945b64df7c48f4d6.jpg,6fc5fec7cbd4828a63ce9478ed28201b12e1193ae734560f65e44c1537aa30f4
sangam-Braillie/dataset/train/images/IMG20230422144257_jpg.rf.64479ada5a617d78eeca360cbc7945e1.jpg,eddfcb9581c5b0b2339144e80a66ed01bb04516bce003dfeedf7709de02dda94
sangam-Braillie/dataset/train/images/IMG20230422144407_jpg.rf.68777bba136305d7e5edb9ffd266cb58.jpg,01aed474eb2202d0ef0955985ec9de6a2299fe8bdb2623f00f21b2b8ca6fcbfd
sangam-Braillie/dataset/train/images/IMG20230422144407_jpg.rf.e7df3c2fffe28f13babeb022d43d8818.jpg,806f986d690779c70dbf040fa381f8375a5447f9fe4c5cf0d97e8431fc69d48f
sangam-Braillie/dataset/train/images/IMG20230422144433_jpg.rf.07083b6f32c9b1526854a6f531328ae1.jpg,d76fb2ce94333facbf5305cc20f02bad687e2e49c37c1969da80cc9ee48ecb59
sangam-Braillie/dataset/train/images/IMG20230422144433_jpg.rf.fd1d49bb6abbd66e34b354b78fa9856f.jpg,72aa41a6478f0c2829aa629a38080e4e7bfd4860b9a6e45dba23d5c15bbbf4d2
sangam-Braillie/dataset/train/images/IMG20230422144442_jpg.rf.8bdff5edad39bc3b727168f88b0ea2b3.jpg,3bfba88919dadbe10a7660cc6c687fe3a20a544228dce1e0c9f2238bb50d6e86
sangam-Braillie/dataset/train/images/IMG20230422144455_jpg.rf.c1ca7af29ec9cc5d979e994c8c8f08cb.jpg,71f3b0b55b0b326179f48eb9f0aca90387d3c6ea34bc9331481db81d3e3106ad
sangam-Braillie/dataset/train/images/IMG20230503105447_jpg.rf.d9b217a21e767563f3287a20b763263f.jpg,0fea54c255d2c3cecf5fe792e251f3ddce9d876140f5010fb21aa11d5ee5d953
sangam-Braillie/dataset/train/images/IMG20230503105457_jpg.rf.0be885124ae7026eed9465eb1e817e6c.jpg,37f0eb4ef422a5f051f53e2a68afd240e28ae1fb77000c96172c8da6786243f8
sangam-Braillie/dataset/train/images/IMG20230503105541_jpg.rf.796fb5975560829fc2482127da648873.jpg,002759b8c021e7d4621553529a2834cd9e0c6ccf81e7b629395f193c6ca193e6
sangam-Braillie/dataset/train/images/IMG20230503105548_jpg.rf.586193faa2b3f7ab869fb95b03c784d2.jpg,38ceb2c2c74b14b548d239732accd1c9f4cd198ee73d8e16fd3d58bf64684d11
sangam-Braillie/dataset/train/images/IMG20230503105548_jpg.rf.733d5f12c902d95e64630e1e13b5dc29.jpg,f1bb91d4b5c3bca4641b8f5eccdce3660eff8184c58320d0051f0469b4080195
sangam-Braillie/dataset/train/images/IMG20230503105628_jpg.rf.c8a21cc486a03dfedcc4db980120a742.jpg,f3ae36ab860de8bb1f62447e26be3053e4c45fc83789697eefd3c14570b1eacb
sangam-Braillie/dataset/train/images/IMG20230503105630_jpg.rf.c821958766cb7deea9bc0edfb514718a.jpg,be384025396bde7eedb0d58cd46f4b60b8e9ab6bc03fb16f662308971aae092b
sangam-Braillie/dataset/train/images/IMG_6208_jpg.rf.4da97364c74c4a81b0fa629fe4bea99b.jpg,f38a5471e59c27278788c9ae1ebda000701c24578bf31846ecc55b8e11fe57b1
sangam-Braillie/dataset/train/images/IMG_6208_jpg.rf.7cb467d0ffd5bf98e7daab80fb5effe8.jpg,2c250f0045a7c8e6176213d51c2614a34e7f22a1897606b92d2458c06fe39ef6
sangam-Braillie/dataset/train/images/IMG_6209_jpg.rf.920818032f7ec7a3e4819caeff8d70ee.jpg,149be98d304364d2e65fe18b5a95b30bbf3e0bd256e52094c90cb92d7c91da03
sangam-Braillie/dataset/train/images/IMG_6210_jpg.rf.4d14399840991a49e6bfc64f8e7b52df.jpg,635ef8734ba2446d71dc6d0ab5f287cdea0a2bfbffc8b3cea1671a3902652182
sangam-Braillie/dataset/train/images/IMG_6210_jpg.rf.6a37b20e5b45dabf47971e64ac2f54f4.jpg,8fd1226733aa9dbb75d0934fc45ed9f2c94cd285025df3cf86da309660244aeb
sangam-Braillie/dataset/train/images/IMG_6211_jpg.rf.8aaf890b665899c7d90604da8ae1c6e1.jpg,93ae05e6d8d6356caad2bd8c64c325d4f5cef75aee2a4df27aa09e1a792fa36d
sangam-Braillie/dataset/train/images/IMG_6211_jpg.rf.ff4c4768a4003671728008ae81ba37a0.jpg,6aacbbde708b85855bbbba470022a0e5dd02d27b91a4f06bc267270df35d560e
sangam-Braillie/dataset/train/images/IMG_6213_jpg.rf.1dab3a87cc01424689bfd9be8e8b2292.jpg,2c5b80076a8cd65c7e37baf04f7f1365949ea8ac8b9dcc433e6314f14720a7c7
sangam-Braillie/dataset/train/images/IMG_6213_jpg.rf.49ace97f501f42694be8a952f8420571.jpg,a0b2ec50b4395ec6d6bd0a31a44509442c27bfeb787f948798d27d4cd4997161
sangam-Braillie/dataset/train/images/IMG_6214_jpg.rf.5fbc110abd36e324d19d98ad73ded33c.jpg,aecb1e7b97521519c2a075a24e0f680d1fb9e01d99c93fe737642b04fe520c47
sangam-Braillie/dataset/train/images/IMG_6216_jpg.rf.5134ec48229c5f4dd56ec1113cd4b051.jpg,529652a6694e9f4c0a4ce0cdbf1b341a1b9fa66b424d5d88810e1e05c985fac9
sangam-Braillie/dataset/train/images/IMG_6216_jpg.rf.6336fc0b1e331348c1a6b1c307c61cdf.jpg,46029293484480cc684d70ae159991be20642b4eba5463561c90e48982286231
sangam-Braillie/dataset/train/images/IMG_6218_jpg.rf.8a562ea820ae89c8d9fe15f35dec60b8.jpg,3a1acb1240e5a69c9668e9d50114b01c126350b983d2e7792c4871869943c133
sangam-Braillie/dataset/train/images/IMG_6218_jpg.rf.9f73767db44c072c1519eb3598c8b38e.jpg,13ff2fbe7b8feab1644eaf5b4428098cd2841f9683b0b5e9cb07dd0ce20f9b91
sangam-Braillie/dataset/train/images/IMG_6219_jpg.rf.c15933917c9a1b79e7ccaddf60e089ed.jpg,27a17498fb20ddf0450c31994f9619bc2f9585e125feb4f6531b4203c25576df
sangam-Braillie/dataset/train/images/IMG_6219_jpg.rf.f5e7cd4cc9f55696bb7dee4564c0568b.jpg,7918573f6afe7cc0ceac855384609cae6be9b7119b23862b847f15ba59fc6948
sangam-Braillie/dataset/train/images/IMG_6220_jpg.rf.dd53c3dec6c5112fb6b8dec67b5f851a.jpg,d293d69fee5217c725230a3c7767455fe48274d4198cd63f6fe99dd67790df34
sangam-Braillie/dataset/train/images/IMG_6220_jpg.rf.fbd691e385b754d846de90e8f9de66bb.jpg,b534e8bae1c494f75f9d9e8e02c55f71846249b9c05a6350f4785892722ce0a3
sangam-Braillie/dataset/train/images/IMG_6221_jpg.rf.017f5b38cf45ad3d62d2f8cdf52d7722.jpg,e1afcb48bb1c1fe4a614f13546496022319c6209c664644453d10f197eb54854
sangam-Braillie/dataset/train/images/IMG_6222_jpg.rf.447682ef915a4251103a23f8e83506a6.jpg,fdfaa7fed15d8200e36c479ab2646e10d16abb6522911204c6477defb04aa7af
sangam-Braillie/dataset/train/images/IMG_6222_jpg.rf.d0809bbc180bcdd83032c1305634fb72.jpg,28234d440322ef5f37dd4c769ca8aafaeea0282a1a5bc0ef7024440424f70fb6
sangam-Braillie/dataset/train/images/IMG_6223_jpg.rf.5505d01ba67bbafa48b0e7118b64f2da.jpg,271a34134e1d82fa7030fcb02871bd1970e703c637d84e02ecdff9ca509454af
sangam-Braillie/dataset/train/images/IMG_6224_jpg.rf.10896f8472ccaedb19a2c69c30052dd0.jpg,5a2d64d20be9c9f79e1ceaebfa21a7bf273529e18f19be52c81155a21cd0b88c
sangam-Braillie/dataset/train/images/IMG_6224_jpg.rf.4ee3b07bb359b5839db180667d24cd58.jpg,65ad22cae8023184421c0a50f277309c52ec15b4662d2b68fee27e30ea456a87
sangam-Braillie/dataset/train/images/IMG_6226_jpg.rf.422f2b4a52f92332272ddc112d938e67.jpg,11a4eb6d7bc5db1d4d90e25124ea06eb2ec5e5a43e665b19dea51b1d3b949ce2
sangam-Braillie/dataset/train/images/IMG_6228_jpg.rf.5ee2bfe9ddf61071a45d6f81119e97c2.jpg,df2bfbfed067b07db6c3400a18b2b76357f4517080ac4870c71d618f9f4db2d6
sangam-Braillie/dataset/train/images/IMG_6229_jpg.rf.095db5538d82b135893462495e05ac08.jpg,4dbefa93820f61d9f9a09c6f57fbf2c2f93d3ebafe198b3236a2ed2c296d6535
sangam-Braillie/dataset/train/images/IMG_6230_jpg.rf.1792832b8295d288fc5eb6af931d93de.jpg,2472f33a41f163e428f04e442ca2bc885ff431b804b453cdfc2dc021f9422a7d
sangam-Braillie/dataset/train/images/IMG_6231_jpg.rf.e69461293c3bcc145f9d27bf5705f23c.jpg,658d7ae63fd0838240b830788ff320ea83b02dfcf8db33e38f875143f0e035c0
sangam-Braillie/dataset/train/images/IMG_6232_jpg.rf.8da2bf0e2bcffa85a7826ea998691ee7.jpg,c219376ac460d6526a26675118b04062834d16a206fa4b0334599853381dceb4
sangam-Braillie/dataset/train/images/IMG_6232_jpg.rf.a991d99340d4bc34bd73783bd3f2dd4e.jpg,fe49bbdf9d58eff9a6833756b449e0e169897677d2de652006e4df990f1d9040
sangam-Braillie/dataset/train/images/IMG_6233_jpg.rf.3a485a0b8eb5b714ac1fba5e6660e3e5.jpg,fe63d9bfa683cd8e42f41d2d6e645a249509ad90779fe60bbecb3a0ce9b5c551
sangam-Braillie/dataset/train/images/IMG_6236_jpg.rf.66f5b6c4dde9c1c9074c3058d387733c.jpg,8457adf2e443ec785188ff56b64e204b7e0a1db516a28b6038238bd338d9ae44
sangam-Braillie/dataset/train/images/IMG_6236_jpg.rf.e807bb0dc74919a9689fdbbd76f9ede4.jpg,9fc6aed7a4a5876a2757518954186bed90e4aa537f950cd50d769153a6dc020f
sangam-Braillie/dataset/train/images/IMG_6238_jpg.rf.3e2b041789c721b175d71cafa7fc39df.jpg,a01b917ac1926b04138733653f94df3a3f359d6c8c69bac7da846976ac2965c1
sangam-Braillie/dataset/train/images/IMG_6238_jpg.rf.8836b03d3f088f9f9deee2eee9909ec1.jpg,7a3c63e310a243e643bc46b2212556db73371b648bd4ee55c7283d722a11d9a7
sangam-Braillie/dataset/train/images/IMG_6240_jpg.rf.4c4dbcbc332f0ac674e2cbe58158cf21.jpg,96dad7e08bd5c5fc5a661b748318b13ce8732b7482eeeb2463ea5d2163fd7182
sangam-Braillie/dataset/train/images/IMG_6242_jpg.rf.26e0dc7ba9498be7d3565be5e38c0990.jpg,864c2579c394f7dfcaee146f9f8d3b6dd180b21aa2ca07c8b201262799c9e0ad
sangam-Braillie/dataset/train/images/IMG_6243_jpg.rf.57e167ef676730cc912ac3b2809b0c2b.jpg,792f2397ca69123b8f8f8a1aceea10d824d8ca6c3742846fe5a5dac460748b05
sangam-Braillie/dataset/train/images/IMG_6243_jpg.rf.e3476d9b2adea195b193b8ac935540b9.jpg,ef9d0c689248609b4cee5c2249f1eda85fe86f832eb4d6ec8d707bab215febfb
sangam-Braillie/dataset/train/images/IMG_6244_jpg.rf.c56bce0e05aa1ad32e963b0660424a12.jpg,8cee8bd07fbed039b5ff5fa54853839f97d0545253f90d2b706781edf243b4e5
sangam-Braillie/dataset/train/images/IMG_6244_jpg.rf.d19b21ab8f97762f2e616acb04468a16.jpg,1eb454f8bdbdb2e47bf4fdbd81a1ec5b2f509e4cc9c7f09ae8092ba47a4878a4
sangam-Braillie/dataset/train/images/IMG_6245_jpg.rf.69dde0c0f1ae23fa05acef08dbd63141.jpg,b91c35ad90c098fd1b3a90a276f96873704ff9d634ffb4c190aef2e51993d75d
sangam-Braillie/dataset/train/images/IMG_6245_jpg.rf.fa1647e4e5d6748cdf78843078e856d5.jpg,60a753fdaddb523fd8939f83c158dd56763ef6b125c86ac21ad94bf67be23446
sangam-Braillie/dataset/train/images/IMG_6246_jpg.rf.e9d6ae5efe673b9d3c556e3477c2459d.jpg,a93bcabbc334db06c17aa7e0ea7d0ae29619e379604fd5ce01441d85c1162b97
sangam-Braillie/dataset/train/images/IMG_6247_jpg.rf.f139c49a62ba49800517a0766cb62bbd.jpg,687b66dddfbe4151f268c62a6cecb319dd8d14a82e18e26d2773ff63805407d2
sangam-Braillie/dataset/train/images/IMG_6248_jpg.rf.32e73db7fbfbb9366e433072728551a7.jpg,9c1fa585d85d025f6457f84cbe2e9cbab455ae407d0edbac7246bd8e1abcf8ca
sangam-Braillie/dataset/train/images/IMG_6249_jpg.rf.f627340594de6f3e0d0e2eb6f154ae30.jpg,87d8d203ef1c5b8b9da91da48add70a19da43eec75c66acbe6c9cebba6514a3e
sangam-Braillie/dataset/train/images/IMG_6250_jpg.rf.5f3599d79c833785510b84bef96a8328.jpg,dc1201a78f30599b7f976135e3916e3e3c5667e188e69f59a52cdd29268f7d65
sangam-Braillie/dataset/train/images/IMG_6251_jpg.rf.06d6fd3cd3ac33ea086e283ad88a3c95.jpg,d504b28f3a78b31d215bb094cede26cd4726c6da35908e71a7e5574eacd310fa
sangam-Braillie/dataset/train/images/IMG_6251_jpg.rf.93d0bd59fac5f8fc894eedb45e818972.jpg,b9b060ed437d65681685f72072700a83a41a277e662bd43c7d99712d772d81e4
sangam-Braillie/dataset/train/images/IMG_6252_jpg.rf.22ef9ccdf9674ba49d7871516accd35e.jpg,11ead996d3d9d8d783be84749ba6e4d8b62f2ae210711fd210182ad8126d0235
sangam-Braillie/dataset/train/images/IMG_6252_jpg.rf.5ac0c27ebff1b8085175eb03b25d9bb5.jpg,2f1f277762eb340ac282fdcbce96b5d0a80387a41ca46f7145f08aee8ab9f934
sangam-Braillie/dataset/train/images/IMG_6253_jpg.rf.4feebe93e6c129ea64cad7992a54bbcc.jpg,4541bd03bdcad716219007281fe9051bdcca956bd709025ef3d318eeac394344
sangam-Braillie/dataset/train/images/IMG_6253_jpg.rf.dfd96affd23fea76c5870a336d654fdd.jpg,1d334e7f1d6c9330ce9e7b2abc848ddd27201da61c35da768f7ecf1c9632479f
sangam-Braillie/dataset/train/images/IMG_6254_jpg.rf.14d58d3f2c1e1ac720d2e9955a4205bb.jpg,e1282ce4959a5bef7296e30a3a6312eeab51ab6c65c57789dbf405ccfe1ca361
sangam-Braillie/dataset/train/images/IMG_6254_jpg.rf.9ba059256130bed42aec582bb7eebe7c.jpg,b542b3905f4ddbe1470b3af88fcee02786889036ac4c18ea8e8168def1fa5667
sangam-Braillie/dataset/train/images/IMG_6255_jpg.rf.72d6a4ee968664a89ce3f5e854f120d2.jpg,4d5b42f7708cdb7fd634fcfb800373df8aac763942e12fa30a02231e5a7223ce
sangam-Braillie/dataset/train/images/IMG_6255_jpg.rf.9c846dc8fc89a61a196b76f2922cd2cb.jpg,97d20af27e3ba11ed7c5158e2f5e791b066bb9510b315463826c61762d30d2f3
sangam-Braillie/dataset/train/images/IMG_6256_jpg.rf.a229f15e50044182990db65db5e6f469.jpg,9287746e144325f2cf8ad0b24650a66fa48b729cc65507a97eedc55093b9d9a9
sangam-Braillie/dataset/train/images/IMG_6258_jpg.rf.c6fa53d13326239f0a15d00f17f9caac.jpg,03ae0ed9fe68ee50a03e70f23ca7a5bf8da4f30298604bdf46030440c9a2885e
sangam-Braillie/dataset/train/images/IMG_6260_jpg.rf.77198127c0992a7885c30e737242e8b0.jpg,930d3a3ae708df3b7c69a4d4e017d22ff80bf7762a3edfdca99f64442be11d58
sangam-Braillie/dataset/train/images/IMG_6260_jpg.rf.e7e077d31bcb159a5b306d382a27cf2f.jpg,c07190569d21c65fbbba7de18269693bba57449b1122ac9ff0319e0442280db0
sangam-Braillie/dataset/train/images/IMG_6262_jpg.rf.4278060f4f5a514b8f4f06fc859c17f7.jpg,0d49d754e7186aa3d2be3e0f59fef3f4e98c386827af21ae298c24b528566b7d
sangam-Braillie/dataset/train/images/R_jpg.rf.288cff17cc259290a8069e477228bd2d.jpg,515a56e45b8ed27297e6749a70b61c32f68466f3ab6819ee08c16385dfba91b8
sangam-Braillie/dataset/train/images/Screen-Shot-2023-04-17-at-10-43-00-AM_png_jpg.rf.68d4679564a49f880929477701c36f7f.jpg,be60f00c70132c71c004ddf7aca5db71eb17cd747fe522391d9282b5aed8fe89
sangam-Braillie/dataset/train/images/Screen-Shot-2023-04-17-at-10-43-20-AM_png_jpg.rf.8570f476015ac12578976692f61e9f81.jpg,6311040acb6db7f17311ef80fcb5058e91c5d31803549671aef86ea29dd217d4
sangam-Braillie/dataset/train/images/Screen-Shot-2023-04-17-at-10-43-52-AM_png_jpg.rf.c92d3e6a22cd5f313ffcbec8ed447c69.jpg,f485bb20b82a0f61e8c9a90b7692a3cd6043af703303ddd8c7249b0feea23d96
sangam-Braillie/dataset/train/images/Screen-Shot-2023-04-17-at-10-44-13-AM_png_jpg.rf.34502954b77941310eb4ed0fe2d81ca9.jpg,24680348a3ff8e7e1107944e9a9c54f714672544d4ff39d04feae21ac056772d
sangam-Braillie/dataset/train/images/Screen-Shot-2023-04-17-at-10-44-13-AM_png_jpg.rf.7434198568baa61133cf3f3704c3c8c4.jpg,8d7679275f62c5590b2052296809b00fb9bf54e66f245c3082a0a152a3b3c020
sangam-Braillie/dataset/train/images/Screen-Shot-2023-04-17-at-9-47-41-AM_png_jpg.rf.0db9f924fcf9a9d8748e6e306c234b08.jpg,cafb829b41c7d811607c220019b93af196d37c60fa88703e92e0c21b8b9025ba
sangam-Braillie/dataset/train/images/Screen-Shot-2023-04-17-at-9-47-41-AM_png_jpg.rf.21e5211a751c96657030e860c3cafa27.jpg,28c19a0521c62dd7b64b977cca709a0e077889c1ca54abd164a8836f522ed86b
sangam-Braillie/dataset/train/images/braille_png_jpg.rf.d33f9d117a7c2e09ed8a949bdc8875d6.jpg,7144c1876928ec09040364a4af87f92fced41ca49a2790591ce57f4011d8f38c
sangam-Braillie/dataset/train/images/braillezs_png_jpg.rf.69be802cca0f89cc1056380d6a179f94.jpg,1cf200389cddada3a98afb1a341921c327e8781e74729a610078c3b2b9ee17b7
sangam-Braillie/dataset/train/images/db10_png_jpg.rf.1fc74e51e8719d0db273075c94014e25.jpg,aeac567056cef9e7d65e898af0d9f61d9dd3e3333a671e8b4ddb01eb3e24e3d6
sangam-Braillie/dataset/train/images/db10_png_jpg.rf.953f3d61c1fdcb5ae85fa9fa8a167636.jpg,d61fe10c799ff1af2a454295ea00bec71a5307c551acc1752395bf9197cdc24d
sangam-Braillie/dataset/train/images/db11_png_jpg.rf.460ec03de5d5c236b2cb86b8bbdbcd50.jpg,eaea6f114416834fa8d18eb2b2520bc455729b9590f946779f8f79885da568db
sangam-Braillie/dataset/train/images/db11_png_jpg.rf.78027985ce81b10d8261bfa61e03b8bb.jpg,5074f53ea9697e9d4fe345ee0886dcef826dc077df03605cd15c6367393f05b0
sangam-Braillie/dataset/train/images/db11_png_jpg.rf.9222f756aeaf16a358a0ef8bbcfbd5ac.jpg,d512d6a3db15a142c70a79de069ec50a0102e715ae5220aff36c5ba317cf34bd
sangam-Braillie/dataset/train/images/db11_png_jpg.rf.9b9f7ef145014c2bbdbbe30cb86f8c07.jpg,05290fd13aca8357d8d53e42713032864257cbc8e3ad786eda91ba4a53d488b9
sangam-Braillie/dataset/train/images/db12_jpg.rf.d916bb4defe2af696f67910695c81846.jpg,f8df27a7822be3385df805741539dc2c0700bfa9cd41b87fd0174dfdcb95807f
sangam-Braillie/dataset/train/images/db13_jpg.rf.0d3ae38631ac7fe119ce9d5c6e3c5889.jpg,1517a669b18ca016604089c940d78c1e18e70cb34eb2bca0e3c62c98381d8a98
sangam-Braillie/dataset/train/images/db13_jpg.rf.104711402e4236288d619bc3466219f1.jpg,beefd07c74d2d5e028dbb84281d3fd201c04c2c620015c83ac9d0c698c7a508c
sangam-Braillie/dataset/train/images/db13_jpg.rf.707f842bd5d43ceef85f8259460e28a8.jpg,d57db1e6b290899cdc866d0dd1e4b6ea94a7bdfbe9178db0045475ea093d8db6
sangam-Braillie/dataset/train/images/db13_jpg.rf.87548b5eb2879c74348913983189491a.jpg,19e5978f298bad594e8f9f333c2f313aeccb36f04da4499783d67c484a6626dd
sangam-Braillie/dataset/train/images/db14_png_jpg.rf.1996b1cd173136ec659d71016b16f2bf.jpg,77e5289d889433db89916dffab18a950f227c8d47738e759edacc4c77f532db4
sangam-Braillie/dataset/train/images/db14_png_jpg.rf.4af5641c1f2155501e710c5233d234be.jpg,fb005bcb8007956a8944d30a841c23e530cc559a53acbe1f2e67772f8bc332d4
sangam-Braillie/dataset/train/images/db14_png_jpg.rf.a0dab222debd54bfa623fecc2971b474.jpg,bb2860bdfa98ec2231ef3a13371aa553c487da20f4044a9ca68b4fb436bc8548
sangam-Braillie/dataset/train/images/db14_png_jpg.rf.c134d1d46044bcde26e65e652670837d.jpg,48b0b08de1e25bd916d49512ddc13e258242e577128d09dca9f4ff39d9392197
sangam-Braillie/dataset/train/images/db15_jpg.rf.676e200f2f12d243736052de5e3b874f.jpg,f4ec1b35e3e8a9b8cd70665416457c648abab43dad43f99a1466c0af9941b89b
sangam-Braillie/dataset/train/images/db15_jpg.rf.b4cb06ff74336d6e8e71967b87b1b157.jpg,bbe2c2293679146c42d87cccd68644d67e7866382c7508f91275bebd69908d2c
sangam-Braillie/dataset/train/images/db16_png_jpg.rf.c4710705a994f1720ff4f30a6f3fc0f5.jpg,049c3ad52953151f78a22645bc7c213a0d19c588ebb680042d1a187e44015c56
sangam-Braillie/dataset/train/images/db16_png_jpg.rf.d268805d1f4c2b4374614e6895305b47.jpg,0d7ff34139ffcf819f201a34727aa75094416caaf3b5b54fde472508d83b0ebd
sangam-Braillie/dataset/train/images/db17_png_jpg.rf.5d8c42bd9f2167b146bcb3f3aec1e037.jpg,68c95a5ab46649b769b55a3ccfe5fb18960410a800dd4657ce524095d2b20bef
sangam-Braillie/dataset/train/images/db17_png_jpg.rf.c29707dca0cccc9bfd135861993b7a88.jpg,a390188683a28f03b5db862b47f812cf6493c020dc18fde95e1f404f411313f2
sangam-Braillie/dataset/train/images/db18_png_jpg.rf.42d18210f1b580d597bd0641dc6450f5.jpg,43410ba61d60ff539808bee4fd9b2dec351ee813fa769bd0c54b0792c3cf6da4
sangam-Braillie/dataset/train/images/db18_png_jpg.rf.50eb9f2f8386aa5d79147372fde53a7e.jpg,c1fe76cecc788234367432be866ccff46bfe3cd8523ccd7694dbbff8ec980c62
sangam-Braillie/dataset/train/images/db18_png_jpg.rf.b9603fc4b42adab7439501f32b1a70f0.jpg,fab57a4c5d4e4016cc5af3984f933c46e98a88269d475028a5357ad6a929cb91
sangam-Braillie/dataset/train/images/db18_png_jpg.rf.f59c993116831bc286a8957828474f10.jpg,c2155bdeba2d2ff2bca0e8b37b91ef96f42bf6c288954563e4a651242c23294f
sangam-Braillie/dataset/train/images/db19_png_jpg.rf.83b71a6d8b571284f961601a7fc985bc.jpg,118ac83c01d6925c8f9515c0420975895b86202eee6e65333b0d306a40f9e912
sangam-Braillie/dataset/train/images/db1_png_jpg.rf.8d2b12caf44f9f8ababf5bb42b281861.jpg,678f2fb5698c00528e3950dbeb641e657c746f0d381c683520bed2535145a001
sangam-Braillie/dataset/train/images/db1_png_jpg.rf.b5e8d27632ef1bda7cc26a06c487494b.jpg,155b76809e614a2bbb30a70f46651514383ab23e4aa372fb5139349168352f89
sangam-Braillie/dataset/train/images/db1_png_jpg.rf.b82b1ac5c37e6baa28c9dfd33cd49763.jpg,f94882b3c3409eff167a0a951a4e5f55a0a85fa97af851686ecfe7dbca910740
sangam-Braillie/dataset/train/images/db1_png_jpg.rf.e3f78811bd9ab6bd7c1a777e59166b0b.jpg,317c1b19235209467be9b3fd2c346d519d59c4d4a3833c73646be70a26782181
sangam-Braillie/dataset/train/images/db20_png_jpg.rf.3136da4da9b84de2d0836b6624e58414.jpg,f1a4c84ce4506a5d50dcc5b09ca9b2a69da54a5657903e5e8f7b00668df3b0d8
sangam-Braillie/dataset/train/images/db20_png_jpg.rf.c538890042d915b3cec20a6a21a7e698.jpg,85018b0010e1f500d799cb96d2452e8c343b6d2939407857653729dc3d65cf5d
sangam-Braillie/dataset/train/images/db21_jpg.rf.307b83fbb32fa04f1ce6f7338dec6bb8.jpg,276f635bfd2c894f3cd564d6087bc638c6ec1cbb03940f0e9cfba77c5e3c1f34
sangam-Braillie/dataset/train/images/db21_jpg.rf.3290364cea5975f62f3f3b2bb4b640db.jpg,e0f4e99280675a2d3761abbada3c363c551ee02fe83986614cf3de65f164324e
sangam-Braillie/dataset/train/images/db22_jpg.rf.1b466f127242a3e93ad3ff9a7b9e27ba.jpg,0c23c5a1cfe83737344f621976f1db38b9713b35aa682c3d6c6d58118725d193
sangam-Braillie/dataset/train/images/db23_png_jpg.rf.cb51c59450ca2aa0c813b19bf826407b.jpg,e055a465e1bc07ac15d083e492702ef547ead42b6d14f14c40b6f0bdc94a51e5
sangam-Braillie/dataset/train/images/db24_jpg.rf.791180d8bc98d04f111337d017300cfa.jpg,0578fa58aec7c7b013b918b2a4a25f79307b9a16c4235e1d0aed8601012a16ed
sangam-Braillie/dataset/train/images/db25_png_jpg.rf.c2a6e09d8e1b5972d9b925bbb5b8e710.jpg,70a2eb5985666478fa7cf64276791a7c1abe4cf0fdb8fac7d1476d3d1df4de91
sangam-Braillie/dataset/train/images/db26_png_jpg.rf.46a9613d56d11750f01051efec9f9284.jpg,bd19c8b9588c88b0fe5bdbad33643f0cc53d7ff169e1abdfefc41828b18cff11
sangam-Braillie/dataset/train/images/db26_png_jpg.rf.ef75139e5b316a6eacd5c3008a5644a0.jpg,c116d0d3839a48028a1f5da73c13de55a9f27485dccf044793e922e04c6fafac
sangam-Braillie/dataset/train/images/db27_png_jpg.rf.00bb560de6d123a9bfef60b275a9dccd.jpg,88a4a4a589db5992c1507ea0b5ba265a15de0142cbd7b351f9872d0cccb7a991
sangam-Braillie/dataset/train/images/db27_png_jpg.rf.0cf3f441b24438c5efd835dfdc0231d5.jpg,4f257e8c0a0a93f07cabf905c8a4ff316f5267cf0a44b15464d528a36382420e
sangam-Braillie/dataset/train/images/db28_jpg.rf.09787b949170a23a64b4e310e2235906.jpg,6c5fa0e7409126cdf2e97f894ed01bf11bf4a688ec7b595bc0a5725ffcc7ed81
sangam-Braillie/dataset/train/images/db28_jpg.rf.be2c3b5d78a6991b3806deb1b0fad0d9.jpg,52835668df6ace9083884a91b8a8c3b5626332a6cbcc7e083e971691b3e7b756
sangam-Braillie/dataset/train/images/db29_jpg.rf.8c91d7b7549e851f019cc6e32ca03178.jpg,4da7325d9af76723c8b9640395c6e2fb45a6d1a82393487d65c9c7b61aa5866f
sangam-Braillie/dataset/train/images/db2_png_jpg.rf.0464f9a58aeb3684ebbb100a65128ae0.jpg,d6a81c632be46381a106dc2988b8c9117ffa82f98d238da0464f462ab1afda94
sangam-Braillie/dataset/train/images/db2_png_jpg.rf.319299eba820abbb6ca2f7eb657b96ee.jpg,24f69b91462e9e111537dd7d1abc68d186983d2b2e07dd5a9cac275a068f6cee
sangam-Braillie/dataset/train/images/db2_png_jpg.rf.731b406ed7d16bdd57852407dd91cc08.jpg,ae5c069bdc7131321b6059ccb9e7619005ac058629402f47835f962716ec5f88
sangam-Braillie/dataset/train/images/db2_png_jpg.rf.c2133e92b36fb1c266cf2dffdca2c318.jpg,c7ab31e77f4f7cba8b00376f07c1a49ac231c7957285cce9e3c02688e74c8374
sangam-Braillie/dataset/train/images/db30_png_jpg.rf.1ae94f24e55cc397679ca70a12615611.jpg,3648bea0c54c7b24fed78e7cb599f63733082015aca365e12b589b0b96d0bd16
sangam-Braillie/dataset/train/images/db30_png_jpg.rf.69eb5384c9810edcacd924be2d026db0.jpg,96c8732cb14c83d29862fd569cba6d523d6b35e22251d07e30029ac881a220b3
sangam-Braillie/dataset/train/images/db31_png_jpg.rf.a3e78668e4cfeb180fc368933806147c.jpg,d30ca2e1229489e7e92479dc61cbc0232da39addc1d4579fb556a5088eb20d67
sangam-Braillie/dataset/train/images/db32_png_jpg.rf.c1b83d227dc947c36a7d193d4982d94e.jpg,d0db5ffe7b40f54190e87d7ada79ff6088c5eee16b4eec2be59535b9bb45ecde
sangam-Braillie/dataset/train/images/db32_png_jpg.rf.c83fb2b9556bf4cb850688182a6b9524.jpg,f42c133aa49d4ff24caff03040a19bc611dcf93dfd9fe4dce16a203aa33733c7
sangam-Braillie/dataset/train/images/db33_png_jpg.rf.e6c3748923bcc176c4798ad10e23e615.jpg,3d72650734d8e0371c62d4ae2cb14f27ac2a2cbed014736db664f2023a2dcdfd
sangam-Braillie/dataset/train/images/db33_png_jpg.rf.e9e91e53da04060b244ddff01d2784a5.jpg,45d05f111858c4ecb101ea78edeccb97c4a0750a9e2ddc5392bcd83e47e0be04
sangam-Braillie/dataset/train/images/db34_jpg.rf.d914875bd344c2960b6b9427876f54a7.jpg,e092c13f3725484bf3d834b739a08533e6fbebc54eb446343b8fb5438e25d0be
sangam-Braillie/dataset/train/images/db35_png_jpg.rf.62dc4d7a7bef9cad2c1149e81f80fa1d.jpg,83e838c2509751f3568051acc9ffae60cb5cb178cbd34348a72791e87d280757
sangam-Braillie/dataset/train/images/db3_jpg.rf.6e39c61278ede2ccb424e73181e05483.jpg,09a5cd09273f2e1255457a303ff8e450f44a12153ef7f76cf28e5d880790c06a
sangam-Braillie/dataset/train/images/db5_jpeg_jpg.rf.1e07c35e102a6ce0c9f21d7e3db8e9c8.jpg,1dabb518bc0263392d5d669008f3d74729fdc97bd8f1a93d82a71ef19678fd9b
sangam-Braillie/dataset/train/images/db5_jpeg_jpg.rf.a983043713b0aad0fcdd5aecaffc3e1b.jpg,77af4fb99e651138c9a144357364119377d925ff4b4399e04a1728253bc4cb97
sangam-Braillie/dataset/train/images/db5_jpeg_jpg.rf.e4769e25ffce739cab1bf7332ad9b536.jpg,0eff87014001ad0421c8873b95793115dcfb78ea72c6c0183e7f536c8c309f99
sangam-Braillie/dataset/train/images/db5_jpeg_jpg.rf.eb4b8ab0bfaa3ca18ac4f9371cb0584b.jpg,64076a7824cd93873c11a66aedfb1848a432f5b56c3e456aa57fa5f997e69151
sangam-Braillie/dataset/train/images/db6_png_jpg.rf.9972dd93fce9bb7cce63e4e508b9dd36.jpg,3f57bb98e233844dae9c2b643df68ed26a0812de61f48f0519162eecb91b8fca
sangam-Braillie/dataset/train/images/db7_jpg.rf.e1ccc5c0d1dba49e4659fabf2eeb2b0f.jpg,241e205ba93528bf0ecba0d553464a3b643636dcc2511bb6054155c28a990d7f
sangam-Braillie/dataset/train/images/db8_jpg.rf.528b0d413d85fe2ba65795d0eaa6343c.jpg,89d795e7f1970bc657435b3557c4cc4bffa297a8689b68fc15086e73e8809833
sangam-Braillie/dataset/train/images/db8_jpg.rf.57c80f95f4bbd58cb1d380ec955f62ba.jpg,182e1a5d850c5c42d88de7af1f6db76d43d22ce632980468d4ea3456a42d24e5
sangam-Braillie/dataset/train/images/db8_jpg.rf.f372f0312a12c3f171c80d848c7c70b5.jpg,3570694120a45377d0843f32e2f864a97495f61be338d3aef30b7fa6183753a1
sangam-Braillie/dataset/train/images/db9_png_jpg.rf.c1652a5bbb1bf8f8fd0739744d177886.jpg,20e00ac72683d73f8c576db5a3cc6883f9774a405e7a28d1a5c4a6f6dfbd7009
sangam-Braillie/dataset/train/images/db9_png_jpg.rf.df0eed7d1099cab3672cb4befd7da084.jpg,50dbb2ff1be23d397ef66fede70130d663d03140b229bb407e3410a813b60d0b
sangam-Braillie/dataset/train/images/dito-start_jpg.rf.ae10f0d6e8965b8d5dfed291f9574785.jpg,965224191119b0719c39a3e60a292d5619637d50e696a561c042dcde2d128206
sangam-Braillie/dataset/train/images/images_png_jpg.rf.9c66e2b8459d47ebe1d210007378088a.jpg,bf6ac6dce0257e7dc2c3d51b21a01e60d584fe21b30568f6e6f9d3533082569d
sangam-Braillie/dataset/train/images/images_png_jpg.rf.fe85ef425de76cacfa2700d65835201b.jpg,ade3086dd07410a74fbbf4ea2d03a08dd2e52143e5b41e006e2746dac46c810e
sangam-Braillie/dataset/train/images/istockphoto-1286898421-612x612_jpg.rf.7c8036d4f233362e55a0ae2cda4b9530.jpg,77d72992b2a19e716e1efebb521a05815af014e0330b03fa3640bb03649e0883
sangam-Braillie/dataset/train/images/istockphoto-1286898421-612x612_jpg.rf.7e904df805889a1e5b1d5f25f3e4a673.jpg,b5cd3c57a678f4e515a840760b05d49de4b924e81cbd2080c59f62b6b2308ed1
sangam-Braillie/dataset/train/images/istockphoto-1286898421-612x612_jpg.rf.f15de99555364b29148afe16d27e8f46.jpg,85fb818a9f4aa075a7af45eb60116ead0398b9cb33116cf40298813b6aed234e
sangam-Braillie/dataset/train/images/zoCIj_png_jpg.rf.25f1b77de5cbf7cd64e4c1b4d57d9cb4.jpg,f7ce9ea42b47531f4bec5f33c6ffc18ef36360bdb94e54f2b16356e0d858a938
sangam-Braillie/dataset/train/images/zoCIj_png_jpg.rf.6dc2dce167c4ec01cc4f34415a7b43b8.jpg,fd84dc575c2487f800ff2a38c3c38a868ee8188871a3f2f4a7468a9d0142449a
sangam-Braillie/dataset/valid/images/1091_jpg.rf.dad1072e6b680a0b4c20efc203cbd6ff.jpg,d58d34eafaabc20cb52b063070c41d6b674b71f47fa2f1be40f9960d5f0040e5
sangam-Braillie/dataset/valid/images/12_jpg.rf.20353e71697f42d6426d0a25ce58bc10.jpg,ad0969afb01f2dc71c011d539f810c260487291195d481dbb6606044c08b78b2
sangam-Braillie/dataset/valid/images/1329_jpg.rf.bbee27496537fae1ef2c431886c71a08.jpg,ca87e1b7a4549e4e0b62498a5cf2b048f8c7281d37c343a83fa4ce9514b0c3ed
sangam-Braillie/dataset/valid/images/1341_jpg.rf.cdd1f3146ed62c0d849ea0b073e7a716.jpg,04d86c5a8de410d3af88b68de5558957ea5cfe3b9c75e66d7a2f64f97964a3fc
sangam-Braillie/dataset/valid/images/1344_jpg.rf.130177855371c5cc4be48b2f6ccbb8cb.jpg,96069781d482d5e6bbaadbbdca591f72b0b9d5d8a0c335fd272c9ddc165c03b0
sangam-Braillie/dataset/valid/images/1349_jpg.rf.ac5ebbb7b47a42cd0491841e6daf2e25.jpg,89ba36836c4f92717fd93438610473d4ff33df7b9ac814920c71eadb3e8cc065
sangam-Braillie/dataset/valid/images/1350_jpg.rf.e55f70fba5f0cb7438b4a53ae5f8912d.jpg,c5d062b956dd22fe1c2d3c3feeb7621a03ce05712c5e3cc0650bc01ae0098966
sangam-Braillie/dataset/valid/images/1351_jpg.rf.e38a8a6f4d34eb7eca7b598ce4050aaa.jpg,28ce02aa4945c4a52edd7124c4fe08734dbf92fa0a9b417358ad6c70e406a7db
sangam-Braillie/dataset/valid/images/1364_jpg.rf.b67c707f1c8b946f5eb7b302e95c5c75.jpg,50f1f3d602bf3877d485b577327909e923cd5319f66a07ffdcbda46d036bd531
sangam-Braillie/dataset/valid/images/1525_jpg.rf.69e4ffee23328ff75255284ca23bb6fc.jpg,b1d40676c8dbcfc844882a24d6d80a417546350db8df457e11a9cb52faa51a30
sangam-Braillie/dataset/valid/images/1527_jpg.rf.17a899cab64b32e470ad52efd2cb962d.jpg,778bed6c2b07a2b0669f4a2765f90389be4d0126a21e78b8465128e344e4efb3
sangam-Braillie/dataset/valid/images/1528_jpg.rf.03a875c6d361d9e95f63134051f6c163.jpg,2b2d6bb1696ffbe3d0d0f5b0e061c8bb00ad4962455ecd79c8f2c2aa110cda1d
sangam-Braillie/dataset/valid/images/1532_jpg.rf.67b95d8577a99ed43a5eee1469b18286.jpg,1a13bc998e60ef678aaae8b5a955a81145d8ca41aac1169881bdb05dc8cc3630
sangam-Braillie/dataset/valid/images/1536_jpg.rf.c45ead29902b8a6aba3cc6406b4568ab.jpg,62f831fc3c465a649367411de12ec7fd9d77f96209d84fc8a4369f3c2dd2ea74
sangam-Braillie/dataset/valid/images/1550_jpg.rf.9404bc51fcd502b86722d4ac25aedef4.jpg,8d154ba2a68ce5936e313cc7af62b010bb183ca872bdcf9354c863379dd38587
sangam-Braillie/dataset/valid/images/1558_jpg.rf.20888c167e118762483b0441135c0d7d.jpg,523bb16f11f8acff6085e6a6cf5d1f6c7487c3c80dce1a34bc116996d964dc3a
sangam-Braillie/dataset/valid/images/1562_jpg.rf.d4e265db02af085a3d3caef33542e9ca.jpg,1a4836b3a609a13ddebc8b395e704124484848df1d766b096c1326bd2388eaaa
sangam-Braillie/dataset/valid/images/1579_jpg.rf.f307a82a54d6a2be2979fc0594b6cff2.jpg,c2820c89853f6d7b97ee429ce97bf4f8da310aeb91c7caabea746daa275017c2
sangam-Braillie/dataset/valid/images/1586_jpg.rf.1387530c92aeed9c9504efa45f0c62a2.jpg,b1ef6dcc561fb1d391cf74814c406c9497729310efc89406f4bad2678fa01f6a
sangam-Braillie/dataset/valid/images/1588_jpg.rf.993f77f875cd385a8df227f16b585622.jpg,55f495c1b431af2e0fdc0021935de652d117e508786819e1fd56223f099a652f
sangam-Braillie/dataset/valid/images/158_jpg.rf.0e4809be008f01f1a4ed04a7078b8e98.jpg,a3071a62021587a755f934c5c1b957dae4dd351f389f11f2bb016af6f1624aba
sangam-Braillie/dataset/valid/images/1590_jpg.rf.179e5fd83b82edf2678626e302a9c6dc.jpg,1dac680c88ff0f8ad1334ce4087c9688d40a9a63d20812b6bbb2ce7144d95c9a
sangam-Braillie/dataset/valid/images/1592_jpg.rf.4cce3b84e231d025b468f8f3b0377f6a.jpg,6eb3bd16602e67a967e155dae9919a07a31ff70461c514872bca0d06d8ef3648
sangam-Braillie/dataset/valid/images/1596_jpg.rf.41bf242237702d7895d182a35ad2ceac.jpg,65aef9661b17009b774ff25886b2ec851f9aceaafdd5314715bad64b159696e3
sangam-Braillie/dataset/valid/images/160_jpg.rf.0b836dd7aff727f6995556eeb7429264.jpg,9005652ab230ddfd1fc34a0056c95ba15bd4945abd17051a364080b368d4ba5c
sangam-Braillie/dataset/valid/images/1616_jpg.rf.be090e6f07fc25ca9dbb370046cf5880.jpg,1d0889e5825523bbe6c6bf129e9e7486872f04f88af32e3feb9fd00683e7d642
sangam-Braillie/dataset/valid/images/1617_jpg.rf.41b65b9a0c37cfb5d56bf5e80ab63af4.jpg,254ce986e902880c1deaa094526db73bfb39f74b5fcd442a47037a7df40ef709
sangam-Braillie/dataset/valid/images/1619_jpg.rf.a7d3f4467dbab2b3b367171ffb20e059.jpg,a10c9a5126689ca25eb0a9566df38ca4195bca9a94af2421b1d784ec031eafed
sangam-Braillie/dataset/valid/images/1620_jpg.rf.bf827197322b4e163957f7d49b26aa66.jpg,80b86edb0aa6b7e5047f780ab1ad944c399eda43f6f0947ea388eb58115d5e4f
sangam-Braillie/dataset/valid/images/1621_jpg.rf.d0545c174ca952c5e3b634ec01e99169.jpg,5e32614342411b4e76876e3e5267de7ddb87ed368dacaaacfacafc9111cf96b8
sangam-Braillie/dataset/valid/images/1628_jpg.rf.a190d71e43ca0036039bb7e122f793fa.jpg,45a5d90927a0849ffe89debe2b8f9bddb9216e17d40c4b80d7a0ca6605c7e521
sangam-Braillie/dataset/valid/images/1634_jpg.rf.471c17500d0dee0c9ab02f33aed41901.jpg,d50ee39e9d61e981762bece9a0d3633be33f4875f48b8e487bf318138c85e405
sangam-Braillie/dataset/valid/images/1635_jpg.rf.8179e5821d3c4fcfcb3bb391b9af98c9.jpg,c722043505e532bd204ae2a13005bfbc89fcd69481445454ed40b12c231dcbca
sangam-Braillie/dataset/valid/images/1636_jpg.rf.b9e29ebae8a7159e7e21557749f4f3bd.jpg,44b5c95e1530709da1442ccb4798b61180346fcab6f8f9a8cb10a114011885c4
sangam-Braillie/dataset/valid/images/165_jpg.rf.b8339aff77a8ca2140d7ef3fe71530d3.jpg,297509240f22d5d03a51b9710ef4a6dd2bb2339d781472ad305282e91d696067
sangam-Braillie/dataset/valid/images/1667_jpg.rf.1780ff4f5fc67df1d87119da5a8df0ea.jpg,bb6988b43673ebfda77d661d6656766f144a7259ab0a5e466142708806e8b242
sangam-Braillie/dataset/valid/images/166_jpg.rf.f6b331ab9371a3bd67201aa463596d30.jpg,b23aa464a5820d3cc86833a06f7520bd1c34f4fef46e36909a818d217e93d260
sangam-Braillie/dataset/valid/images/1672_jpg.rf.89fabc71b48c91e329c0c8928413abc8.jpg,ba1d556317798f501c0cd4f9222db54af80cda32e2f34a8a2027ed16b73d77da
sangam-Braillie/dataset/valid/images/1680_jpg.rf.aff8d3ac8cc0000678147d8cd6b16727.jpg,1a1e220ebcc8354296efb09e4706f560054d73efba399bbb0a894eda7bc174ff
sangam-Braillie/dataset/valid/images/1681_jpg.rf.c6c3e92abf212e32b0e1f3c1c45d1bed.jpg,2e75902d1b66b898e27b2baed6d6ad368293434c3781f76a74883e56375656ac
sangam-Braillie/dataset/valid/images/1685_jpg.rf.6c132146c18754dbb39d11fddd73a1a6.jpg,9fa7b59d0681709224a13e14c3b0cc739d064cad32f80425040b024954125578
sangam-Braillie/dataset/valid/images/1687_jpg.rf.74ed7157a2bd58df1e0528ed53151c3a.jpg,f6a4f68c2fc2570e7362d8cee7fd1d1dbbd4ec3146294dd91d9032de9188b15f
sangam-Braillie/dataset/valid/images/174_jpg.rf.2de4e4620e2d3af0604934c7c63761ec.jpg,d80a6b70b643f621d2f845b217ef629770d49a4858ba16d7d114234af18884ff
sangam-Braillie/dataset/valid/images/175_jpg.rf.b96c85379b248352af734ba8fa408298.jpg,c809c8f72d384cd411c22afb68a461957e614db6b30e22f9312978ce244854fd
sangam-Braillie/dataset/valid/images/179_jpg.rf.6af7342cf4f285fcf01ae49b6ec6138e.jpg,96a43bedfbf720d102faaeaee2dac3c9779efa292e1d6a1918b74807e231609e
sangam-Braillie/dataset/valid/images/17_jpg.rf.f3f269294d079b41dcadb0cd41465b61.jpg,1687ebbdc3c68f52b93ef486d4532ad08f865827b43f22f4c736263f3723983c
sangam-Braillie/dataset/valid/images/2325_jpg.rf.865fdad1c327905f647320ed2f6dfd2a.jpg,5fd4cbf9c4da8ede7d61feeca2f4f789c9895ab14581d300ec7583f8995b902d
sangam-Braillie/dataset/valid/images/2331_jpg.rf.97b6172ebbba9ac791f36b5e9fefb89a.jpg,eae7fdd136a1ec4340a79f420f93040bbcf99c1bc4bb99915cba0bae418d6156
sangam-Braillie/dataset/valid/images/2334_jpg.rf.4d769d2a23816924e34bc25dbbb66cd7.jpg,c9235a002f6ba927c72399825869e53392546053f32bf992fab220681640ed57
sangam-Braillie/dataset/valid/images/2335_jpg.rf.4ed73c461f6def185facaa44bb52ceb1.jpg,29b894569df6332f293cc49a2ca059120b5728a60f1d949859cb76c2e34bd12b
sangam-Braillie/dataset/valid/images/2341_jpg.rf.7edc4ec37e72c331624490a5885b964d.jpg,5232f9040130c86b8f8c1a6aaedf71d98b43ec81a4b6380fa30931f1da3a5137
sangam-Braillie/dataset/valid/images/2345_jpg.rf.f6370aab1273cc7dbe2b269e13ce4109.jpg,27e84f9006139774815c0569d3a2bc60758412ea9bad79e0dbee3c5bbda12b80
sangam-Braillie/dataset/valid/images/2347_jpg.rf.e8a8829df5f3554f465d114525a155de.jpg,9fb04479022b6ec5aee642b38ba32b4e998639bc3903d374b6e69d9cc99c49e7
sangam-Braillie/dataset/valid/images/2348_jpg.rf.9e0354e9f897c2ebd0e107b281d9771e.jpg,f5240c66c99c2aab63fcace1a7f93e456d7444db76aff2638668953f18e7b378
sangam-Braillie/dataset/valid/images/2354_jpg.rf.603c5c78f2a861f7ccb461f31b03a1f1.jpg,217415f1a1cc4073af574e6befbc081ee8d9cfdd5bdff77158d487c1b0f3fe07
sangam-Braillie/dataset/valid/images/2355_jpg.rf.1284df1ae9dea1edf93a42d386279491.jpg,23a4fd3495fc2e1ba650b4930249f1d67e9e5a5363a1f91bcfb284a0f24acdaf
sangam-Braillie/dataset/valid/images/2362_jpg.rf.383f820bf62cbfd2745a3bda9285f6a9.jpg,4f46c873f4323fa18307a60600b949175989f41ef16ab9462e9abf6d7d2b50b5
sangam-Braillie/dataset/valid/images/253_jpg.rf.f0fc5c9b04ee63535b44db8b4a8da054.jpg,ba0ccc03f3ff8462ba4ea0cffbd6f46d5c85577fc3a935d03dc628a92fdc6a9f
sangam-Braillie/dataset/valid/images/257_jpg.rf.61b77a35c7180774aa518c6fc3c51102.jpg,7ca4bb3012174d5e350375d525be9a0183284d134e0b404631776ba61988a534
sangam-Braillie/dataset/valid/images/258_jpg.rf.149eb6fd94cd1bb1976f912528a37f01.jpg,3cdb51e27fb7443ad8c61c9faf79067449f12ccb6f21c113b8a109eb9c4468b4
sangam-Braillie/dataset/valid/images/261_jpg.rf.ed0ffefc015a4500ce330c872399891b.jpg,8421878a7e176059090319d53be726348f2be33e234dc7f03c77a07ad8141faf
sangam-Braillie/dataset/valid/images/266_jpg.rf.25352a3c4807bd6546ba97e32ee0b472.jpg,69f16e706ecffaa439d512d8302259fcfe3a01e098a2cc2c05eef36beae9847e
sangam-Braillie/dataset/valid/images/2696_jpg.rf.baf06c20cf6ebfb54db22ebfe0f64d10.jpg,8112e9447d931ffa90ba670b674e9aa85af3356bee142336e416a92cdc89488d
sangam-Braillie/dataset/valid/images/2699_jpg.rf.361949680d964e322ef8d83a350707b7.jpg,e3bbcc8c732919a9f21784051875ad1648313358906d9852eaf49ed7e4ebd3cc
sangam-Braillie/dataset/valid/images/269_jpg.rf.a6b8c7076685cd9284049def379fadc2.jpg,a5f089dd12222a6e8d8309650a3c123235c9794671aac14c826a05933c6d4c15
sangam-Braillie/dataset/valid/images/2712_jpg.rf.37f61efd6eb3b1df8ec2ef14838d89cb.jpg,f8b5fef3c432339b636d14c79a88805797368a50db66699a123572e606903fd9
sangam-Braillie/dataset/valid/images/2717_jpg.rf.81c469cc4c58b1dd0ad8c22868531afa.jpg,d9d5903ccacb8d7440ebe1d6225b25ef91f0e653c4935e79363ece6128a765db
sangam-Braillie/dataset/valid/images/2719_jpg.rf.c5cbf263944f0189c0650895749ce789.jpg,c62b67aad1ea8c5e39ec21b28cc364ea63f1bda8ef0ad2f3efb975118eb1f16c
sangam-Braillie/dataset/valid/images/2722_jpg.rf.9ad7af845eace4ef1170f9c6f800a37b.jpg,2cd43749533584ebf59431d6ab21e0ba91a035480ea32a76ce63a5ef94ff6a97
sangam-Braillie/dataset/valid/images/2725_jpg.rf.beff1be05127b225861825d3f7d32d81.jpg,f10de0a651ac0b7f2eeca8e03f57fa521070c85d8274cf9d87496cf5654e7a9c
sangam-Braillie/dataset/valid/images/2728_jpg.rf.5fa05257512bbb9793ab94d659aae466.jpg,346eed985b76cca3b05f74da4f7b113d7359d28c8c2f17d91280ca251db35b6c
sangam-Braillie/dataset/valid/images/2731_jpg.rf.be2b7ebc77d53be31ddb974530524af6.jpg,eaaa9fa64ba7107bb379ef366278c0288d6c0b4443ba6c5fa6f3c77239c35a41
sangam-Braillie/dataset/valid/images/2737_jpg.rf.dc136c480aa9e634044a929ee0ae5888.jpg,68fc1d4eeba5dfd3c4d6091336ca2b29414747f527416194dd501eaf2e0038ae
sangam-Braillie/dataset/valid/images/2747_jpg.rf.9a31269c0addcbd0ea0ed039298f1d4f.jpg,a460b9c4a4a0e0d09d26b7fc7f2e9ebb13ab648f65033a9c4e58475286febaec
sangam-Braillie/dataset/valid/images/2751_jpg.rf.01dea790f0ed00cd58e1b57f153972dc.jpg,299384f96cdbdf0048144fa3630b8dcb5dba71af5d00580961a031c38f5ee77e
sangam-Braillie/dataset/valid/images/2761_jpg.rf.5db0da6ebd4f4322355423a95e4da902.jpg,9b0e764e9e20dc5187a62364977dd41fa4fd3457d0be4d8950cbaa88fa0907b7
sangam-Braillie/dataset/valid/images/277_jpg.rf.5f3e5f87fc8405de833973e666197e54.jpg,53514c0f72633784a5937484b4c56436ed4a3e01eba50701b1be3b08fc400b29
sangam-Braillie/dataset/valid/images/2872_jpg.rf.d83ca3c4e5d49abaa89255fc45767bc6.jpg,9b06f651761bb60ddd34b2637aded6d706961a3e2c45c7bd42ded11ea1373da3
sangam-Braillie/dataset/valid/images/2874_jpg.rf.0771cd0bd1dc07a79d34e9faa7964d3d.jpg,4481a136b39dd996721c01e14645c7c989fdb2182edc7911739496a63d885de5
sangam-Braillie/dataset/valid/images/2878_jpg.rf.a0ae448d879015fc78dd4b56bf7e50e2.jpg,560b37ee1399a820e9ec3513c1e102d1b1afa09125f17d6c12954795ac13a545
sangam-Braillie/dataset/valid/images/2886_jpg.rf.c8f33560a3dbbba89fb961d9bbf88ea1.jpg,61f2088be15cb4f3e7c2803cf80d377b3498ba2f3db93113b81a0d09927b1e2c
sangam-Braillie/dataset/valid/images/2890_jpg.rf.4b45ff698923999210745f766bc11ecb.jpg,0af214fee73c2eeb619fb20cc8f7536ecafd205929c851c485f335e1a0fe3ab7
sangam-Braillie/dataset/valid/images/2891_jpg.rf.190c4be07eb3ea6b6bd7582ac6241ade.jpg,0127312c406d239e9f602fc92094141c134ab578793455f40b2a3b98422c1321
sangam-Braillie/dataset/valid/images/2893_jpg.rf.4487fe1064b53560242f71f5744f2747.jpg,2c540ef1349c7b0919c91440247e0c9722e1d45435489f3c57e182557db72e3c
sangam-Braillie/dataset/valid/images/2899_jpg.rf.f1562f5fb842aea161698cc7616a1799.jpg,c213ea599c18ad061c4455fba3fe8cf9adfab1ea85c2aa66229ec6e268a184a7
sangam-Braillie/dataset/valid/images/2905_jpg.rf.490bcb9831197b479364042a12a8d5ff.jpg,e844415d7bcb0cf96482c9611fe8f2f45a9a9bb5f7ebaa27dddd610754741652
sangam-Braillie/dataset/valid/images/2914_jpg.rf.a7f415df2adb72c68fe23a9682deb2ac.jpg,9b2c653609f0094ec40001feade1b4e089c695f176c5f8b22a5b5c775b007b32
sangam-Braillie/dataset/valid/images/2916_jpg.rf.68a7799ec5cb27f8bae0c41895adaec4.jpg,83171d9726b6f520f2b6a8bf9f5dd7c50ccbd35011dfe215b7665e440261734e
sangam-Braillie/dataset/valid/images/2920_jpg.rf.3eefe966fd565d2ce8d60bd7188cc57a.jpg,bbff56112b1d0f0d5576f53e08eee40ae58b7d8d5693009165244b9e660c4114
sangam-Braillie/dataset/valid/images/2922_jpg.rf.a7f53771fc030f04fbc4856f5bf37977.jpg,2ba0c1035bbce9c5f022eebce36822144529c81a00e21192df7ce605c0a8de3a
sangam-Braillie/dataset/valid/images/2927_jpg.rf.1022c77187cc7a7cd070e5cc45a73615.jpg,a7d5a9b85f5169452238fd4b9f3aade295796821f944ce0f24a151e91ed8e638
sangam-Braillie/dataset/valid/images/3005_jpg.rf.873d467586c4fac75a51834def5c0fbf.jpg,42043c913826b7f44ac53ad3712af69b27afdb465b87d30400368c30bed731c6
sangam-Braillie/dataset/valid/images/3007_jpg.rf.330d154a082808c3950c68814abcf18c.jpg,9f4713711af3af6896a881123d26f5942290be12dd0bc3936fcbc262e006f2bc
sangam-Braillie/dataset/valid/images/3017_jpg.rf.4c8e2800b5fba7eb3e4aafa8563d822a.jpg,001c4ee1ed9e24800b1a61f0ec71bf07764788dbeb8fae605940ffa19305523a
sangam-Braillie/dataset/valid/images/3023_jpg.rf.6ef04c3c59c77d3c85b1f00a416c9437.jpg,944a161fd1260a64c54e84c7a3ce8a4df202686af69218d982b7202523226d69
sangam-Braillie/dataset/valid/images/3037_jpg.rf.381c9db9b11265a24c3c6730701b3d08.jpg,79a6104f3ff60b9e4ca213c42892ead8f23e6d32de18e1cbea14281454932235
sangam-Braillie/dataset/valid/images/3044_jpg.rf.ff4abecf97b5777684d8e248aa39f8f7.jpg,bbdc59e7d2b1d2e87f4b75e1afae9d1af61bad6b61d2988861cd73bc3971f13d
sangam-Braillie/dataset/valid/images/3260_jpg.rf.fd7a60c30f5ea2ef74618c8c03b31730.jpg,bc87f7f82f9b3926a5ba1894d95399c425f367f852638928be5c26b7d6275e93
sangam-Braillie/dataset/valid/images/3266_jpg.rf.f476d00325e715c8938e4a931cb3f14b.jpg,fbe06af4605f5360817647281ecaf1d687512db815abb65945855e3c1ce9f2d5
sangam-Braillie/dataset/valid/images/3272_jpg.rf.07ddf01b12808f0f208a668c405a451c.jpg,a925e487e71d97434077f3f2790df929ec303bdb6a9c8547ce35277641c46b9e
sangam-Braillie/dataset/valid/images/3279_jpg.rf.40c1b8fce2474c646989e0b1c5459970.jpg,f4e6111345d4f7bf8d19d27cd1a5b7b89d5320ed7e2be1888f0cce51e937b1d1
sangam-Braillie/dataset/valid/images/3291_jpg.rf.5b1110387586fc7c9364ec5ea96e8ece.jpg,73f17b023eafb8e2dad181591a57aa84b357c214fee30d762cc4c3423b1a4b14
sangam-Braillie/dataset/valid/images/3300_jpg.rf.0d687ff96dd65c232a81774cb70bca90.jpg,b6fdf6b40cb3628809865b29c5af694fdc56d85175570a4015ee559fcfe89cc3
sangam-Braillie/dataset/valid/images/3302_jpg.rf.cf4032536663d84f68dd12440e1d49a6.jpg,7948fe9d1e194df192a40dbac6035e3da9f590d3a580c3c1de995d23cbe8960b
sangam-Braillie/dataset/valid/images/3310_jpg.rf.34a8b58123d148f9e2924bdaaa6c5822.jpg,ba7768e4e571e7cb9034848c73013d05ad66dbe2969c8b97891f64d748b2d4ac
sangam-Braillie/dataset/valid/images/3312_jpg.rf.7d02d5e6b9219cb11f0f4201fec25157.jpg,6421ebf13120e3a501a6f8e5d6a4e513bb8a7406dc9387e07b86e0f13d6a9946
sangam-Braillie/dataset/valid/images/3468_jpg.rf.e8c576289acfb4d87c387aa6806b03d1.jpg,44f6c14f89e41975c91a0d66e1b6500b576248855643e353199c6e8e74b23f19
sangam-Braillie/dataset/valid/images/3488_jpg.rf.a7dd86187bb89a2059a1c81c17e948eb.jpg,265097dc940931318a19851c670397cc392dfa6928840b4c597143c8e1d37de9
sangam-Braillie/dataset/valid/images/3489_jpg.rf.52dee9bd28f2fecbebbd3cd8aab28227.jpg,f743aed7f39699748956ec496049bda45f66503eebbac805cf10422efb0f09c4
sangam-Braillie/dataset/valid/images/3493_jpg.rf.e6995ca5442c51eb9234e7c724a05461.jpg,8506eb434e2502f7b85940c7c49c758429f3286bd74c53ea8cda4e2f68c4eaaa
sangam-Braillie/dataset/valid/images/3496_jpg.rf.acfd586b5feaaca48e8a19968282b6b1.jpg,d3f377c7d137d10675adefee2c11c1923d3a51e76b628b51953eb2f0993d9793
sangam-Braillie/dataset/valid/images/3502_jpg.rf.ea1e37e3ca5e05e3dd93682ac2183cc7.jpg,601bf484a864ab459472bdd236af121264cb0e6a2a05b6b99e69bd70bb493985
sangam-Braillie/dataset/valid/images/3506_jpg.rf.b3d9cc05aa0788e017eab6f4454843f5.jpg,d7bbca6686b9953771ca46daef92dfea5c35ff3b0837a327cd6405df8bc50ec8
sangam-Braillie/dataset/valid/images/3507_jpg.rf.5cbcaea035c9d8d42354af79302c1c61.jpg,58aa218d0cb26b687dca36bc0ff2fba91d8099323ad4aec5320f3707d1f358d9
sangam-Braillie/dataset/valid/images/3508_jpg.rf.90049bc9b161698893e18d5db4f6f1d8.jpg,46b7d38512779e33887fc930293caf70869884c37190200a27fc6e79aa69e451
sangam-Braillie/dataset/valid/images/3510_jpg.rf.18144b04478144a79d4061367dfb7d87.jpg,54557207421372bae3ed037ec1ea8b88d5d6571d9b7811f8e01431706334f089
sangam-Braillie/dataset/valid/images/3515_jpg.rf.aa1150c46384b5a34afa247f1997d906.jpg,a08c9183d12b7668f9fd23e428c7e58fceb2c51dfa5d5e242c864363c2d8e860
sangam-Braillie/dataset/valid/images/3533_jpg.rf.adfd4b6d3c2939566e48e0af07662b9e.jpg,288978bb7b049e3147db9884e46510d24d4d46d461d0142b0235b626e1461c29
sangam-Braillie/dataset/valid/images/3536_jpg.rf.2278821d71ea90cfb49b03697925293a.jpg,33244e60f5e1888a84533cae9c9d457dc6c505b95dd4bef6b1bf82d5ed411a26
sangam-Braillie/dataset/valid/images/3804_jpg.rf.d5c744b08760d143577b372c6b2ccd31.jpg,d47fe4d111658140deaf725d70d392139d0cd452260a7427eae2b03ba7864ce2
sangam-Braillie/dataset/valid/images/3805_jpg.rf.e05d253cebe3df0414596c4683203644.jpg,f21a2ff3d3859d6209ff96529c22dc3f23105e397807d67b93a3d20f3c4ac05c
sangam-Braillie/dataset/valid/images/3811_jpg.rf.dd5ac35ff166dcea6b8b141589f1cee4.jpg,0257f838d060ecccb5f5992c3f3e09b63cc94453d99e15b8b1714fcbc5728aa7
sangam-Braillie/dataset/valid/images/3816_jpg.rf.b8c8ff04ced959fc906cd357540f2da6.jpg,0d06ed2dcc0403ac2437bf78e1773ed422fd3487ed3783e30926a90d98c1fd0e
sangam-Braillie/dataset/valid/images/3830_jpg.rf.2b2bc654bec39061efafeb08f8ebfc08.jpg,0cc26a8f141b6fd9b08e9462da63117788dc943886c09442069c35542305c263
sangam-Braillie/dataset/valid/images/3847_jpg.rf.3b97e945442e766fa6eb2ed23d71dc1c.jpg,5b8595fa72f387d3d5d06cde0b08127d182bc968c910bbf8e7e5d9dce7316542
sangam-Braillie/dataset/valid/images/3850_jpg.rf.ed9e1c2ecfe97960f43ebf371f93e441.jpg,c1a57a82a9d2543b51d2e0c78b6b002978e38477092eccc87c76adacfa48cd4b
sangam-Braillie/dataset/valid/images/3851_jpg.rf.509796dff7ac28bc99bca8f4f66cba2c.jpg,4b29635b5e4dd006a3c6dd149b10d55a8bd38a55ba45172b69c2d5f7f42cbcfe
sangam-Braillie/dataset/valid/images/3854_jpg.rf.225145483a069386d722572207eca3df.jpg,3f7aa53e8f0447f1d2de62335d144603c7b50db9c5c191c011ed53d7f6b4f3b6
sangam-Braillie/dataset/valid/images/3860_jpg.rf.73e9cdc47013401942dc1260486ce3ab.jpg,3283d38abf6a62a54be9ca373bdf305cc7542bd721c2705b9b6854c7fd6b3273
sangam-Braillie/dataset/valid/images/39_jpg.rf.056315450bfc3829516bca967aa4a819.jpg,650ee4afd2a7ee4607f903224a08256c52cb80ec69ff92d55777b12e1955a902
sangam-Braillie/dataset/valid/images/3_jpg.rf.ebd8a994d7bb7fbcc98b8600ff936036.jpg,24eb335bc39b06ceced96e72e8ddbff7c55c5bfecbf0eb0cb14490b9eb75824e
sangam-Braillie/dataset/valid/images/4009_jpg.rf.10dec6cb91f103fafb9e7b34d45d9f5d.jpg,edfcb4201d17db4efd2f06c9bc143d0c5777913dbd27b4ddaf8d864de046bcd4
sangam-Braillie/dataset/valid/images/4010_jpg.rf.33bb80c55e5914d43afc6b5b30164c30.jpg,864f63d7c7136346e2955d2bedb13cd739bdef292b41e4f50020f5b4551fa813
sangam-Braillie/dataset/valid/images/4012_jpg.rf.48836601ce865fd5a93838d628716100.jpg,f73591bb966fca6f9e3011e3b60f11ab504bb1da40fd5cb7dee76e019a7a35ce
sangam-Braillie/dataset/valid/images/4013_jpg.rf.4c7977a02277dfe06afb12a3599e41fb.jpg,254c82c9a54bb58340a83a049c5bbdc1b2a390730ba97892672da4317c24f6d5
sangam-Braillie/dataset/valid/images/4026_jpg.rf.2ef9f03d91e4062c0dfc891993077744.jpg,c53673c7dba741b4ddfb5aa8fcff64cb4a84bc6ad6768a754ec6cacd2936b46e
sangam-Braillie/dataset/valid/images/4032_jpg.rf.f730494452928ce4225b5ec50eb49dfb.jpg,ac603ea740e87120fa3a8050e14e959869d80efa91104f6a8a58dad248ead331
sangam-Braillie/dataset/valid/images/4043_jpg.rf.14ffab97fa8bbe212d27969660c0cc1f.jpg,869219e5ff6f8a69a607ce2233b281661dbce6addcd23e2884dbceb24404d731
sangam-Braillie/dataset/valid/images/4049_jpg.rf.caf8286f67b6cdddcbb6c6a56ffa0506.jpg,a99333b5dcd09fff15654f1ce2d6799f6e1554f90db62c2a11406ad1025ad829
sangam-Braillie/dataset/valid/images/4050_jpg.rf.b8e87b77e219c965fc73fe9a07b99000.jpg,4c8d3f3f757c4064aa1ce7815644569b8694a1aa53ec7fdb8402cb1e4dbefb54
sangam-Braillie/dataset/valid/images/4055_jpg.rf.a31866b180060eac891e19c67ce11b75.jpg,58c0348a309a63a5a50dc4a89203dff128849122bb33d989db57f812c87619b3
sangam-Braillie/dataset/valid/images/4056_jpg.rf.a17d6e1210df32e395047f73fe42ecc1.jpg,26dec0991c74da8052256a508bb0367e91456a045952ecfe4a13dc9253987ba4
sangam-Braillie/dataset/valid/images/4062_jpg.rf.2f2657a53d2b97c4698755fabe5db6ea.jpg,67dc4934fa8e8efc0249c6dd1152326676a95c21b4ce53120198b44208f72380
sangam-Braillie/dataset/valid/images/4077_jpg.rf.b6a18c384e79925797eec333b5914f16.jpg,281bbe4cb23681fc4a7eba3e6319ddeda10735e8e8ce924aaacf679f39145f16
sangam-Braillie/dataset/valid/images/4080_jpg.rf.84d8f9516ce1dbee68d1f8b7bdf2a9f3.jpg,48265bf7a40584a82d6bb14d9b73cb67baf0fc953061c15c910d931f028266b6
sangam-Braillie/dataset/valid/images/4082_jpg.rf.112573e7983fa8fa7e59e4a76b90b84e.jpg,9a3c87207c3f5700d6f98edcabbac1c64ee23c0912dca65705caafdac6f65b03
sangam-Braillie/dataset/valid/images/4092_jpg.rf.a78a7f6fd8568082071e17ad4eaaae37.jpg,662df78bcf4ed26cdad611eea07783d4b5a4e10ddecf19c7ed9209f5f02ad008
sangam-Braillie/dataset/valid/images/4561_jpg.rf.c86fda60210e6932c2f0c77a48a70949.jpg,fb458a50e46791dff6777c3a2d4635bab384c0b2fa9bcccdd815b6eae5cf5b62
sangam-Braillie/dataset/valid/images/4564_jpg.rf.06508e6d505b8332d32f8d5ab26b04c0.jpg,ea80786492cc63d64c7d586bedcc26cd55f33e83785d709cad911b4073776885
sangam-Braillie/dataset/valid/images/4573_jpg.rf.18454d1293bc0550d4ea6341d15803e1.jpg,4df9aff9a89fd58c9cdc1a07d462bd4050be9073539fea2036d080c4a87c74f9
sangam-Braillie/dataset/valid/images/4577_jpg.rf.7606ec6ed4215af1ddac297c86024669.jpg,1b79c3d49fa47bb1a89cf78528784fe1ebc397d40aa90167db54b7e7bfedd371
sangam-Braillie/dataset/valid/images/4579_jpg.rf.0778e6284e8479eb989723c30e66ac11.jpg,66ad9e0171184d2aaad73ef18745994feda7e3ca09e9f034c65b698693d6bf7e
sangam-Braillie/dataset/valid/images/4582_jpg.rf.e2ec81ae575d0b91daf02c8887369de5.jpg,eb41b8b554beb569d3680305b32146b3d61fc6a4b13daf392bcafaeba6026f10
sangam-Braillie/dataset/valid/images/4585_jpg.rf.9b412bc7237fa0ed0c180ca002050099.jpg,10be078c35d35ad3f92f8b5463a35ce7a45936fd8835b4a1f08524524106bed1
sangam-Braillie/dataset/valid/images/4586_jpg.rf.be82d62fc8e5c00881e8e7119fa83c2e.jpg,3042ff46ece73b9a7bcdf1d26aa7def275069affe833b3f613c812350387867c
sangam-Braillie/dataset/valid/images/517_jpg.rf.469c4175fc84c868b17d92438a2d96a3.jpg,fc58d41ec58e7c2ace80afebce8e0c4dc2e6a8a5d0b1835ad795b20de29ec2b7
sangam-Braillie/dataset/valid/images/523_jpg.rf.f7693b51f8c230dc2c0c53dc5bf7cb34.jpg,027929334ecb00d342b68f12b94d0b1beaa12dc92978a463243bbc18e6739d3e
sangam-Braillie/dataset/valid/images/526_jpg.rf.31e54bc24ced8c36b6e40c9905c55b4a.jpg,61f8478d59d2e722bca730eeb8149f23cfe08872bfa9f0cab425b211624e3e87
sangam-Braillie/dataset/valid/images/533_jpg.rf.e35f815db4cb6ced4b450b672b02b5ba.jpg,25417e6f9fa9f36bc4c6e51b42f5e3850bc4d8ea318c6e70da760230f47fffbb
sangam-Braillie/dataset/valid/images/583_jpg.rf.0c45d741848a87465cbbe357f726c6f7.jpg,126439e10e20221a643f5d5894853706baaf9a1e2b4afd7ce6357dd1f8b8e622
sangam-Braillie/dataset/valid/images/596_jpg.rf.4285d92f4322f6ff9ff5f0004acd2e36.jpg,e4cb860d0fc11b6d150ad5eddce6a099d88879e1311b6a31f00d90edcb6dcf14
sangam-Braillie/dataset/valid/images/597_jpg.rf.b3c2cdc7a85695269776393d420f38ab.jpg,2fef9a9e563f460bfd28022e721f81a4e1f637352e643f9af5f8bba1544feade
sangam-Braillie/dataset/valid/images/608_jpg.rf.03cbb3846d82e5279b1b023bd8535fae.jpg,baefc966e8df748986efe7b6dd4e7668d650f8664a02f9c88dea643b67cea231
sangam-Braillie/dataset/valid/images/6_jpg.rf.82e84c41ec33b4140121aabfa4be36c5.jpg,0eea343181cfeae10c52f1ecb81c59fbacf8e23a62a633736e94157ee846b151
sangam-Braillie/dataset/valid/images/849_jpg.rf.76fff5cca6566ca87db8452547198657.jpg,eb26fa78a72e627090ce21b9fd21ea28029d6c1d5bec127f79a0863986c8d859
sangam-Braillie/dataset/valid/images/853_jpg.rf.a0e3d45d7ab9764f8c91d010d7738e3d.jpg,1d2c379d399303a02a20627794bf9588230bdd767d45abf2f8bb1720e08fa8bc
sangam-Braillie/dataset/valid/images/858_jpg.rf.da3bade687f52bbf5e0eaa00f141bc46.jpg,889490d03df793fb77e4ea7a2b35f0f1706be148784f9788767ec19f5b26254a
sangam-Braillie/dataset/valid/images/865_jpg.rf.623e15b1ad23f788f426a828a4a75733.jpg,55d71b928fee451c3b8ecbc24c0fa150f5f7a338d9a5541e63eaa0d16fe2a1f0
sangam-Braillie/dataset/valid/images/873_jpg.rf.8a390e5d552e19e3e8ce19a21bae495f.jpg,93980bab07713e4c34a9433e3bf8032e8cce47e6c704e7e0f9c741814d3d1015
sangam-Braillie/dataset/valid/images/890_jpg.rf.73344b395b16cb33dc2c43e341eb2384.jpg,feece7cccad0a59c194570e725ead79c0a6b0dc536bf557341a4e6701c0fc97b
sangam-Braillie/dataset/valid/images/893_jpg.rf.5639046d76ac93a6efb9aa1f1277d757.jpg,12ee6c54162fd2450984de674fdc7d27050a341467e71e6eeb18c0ef064f3a58
sangam-Braillie/dataset/valid/images/898_jpg.rf.9a4cae930c0b873247b5f57a889222d1.jpg,b07996afb5c83e3d089cafb96957284fe2bafddb94827857a157640ef7304c88
sangam-Braillie/dataset/valid/images/899_jpg.rf.fe459aab93ab34672990f21dd25341e8.jpg,f66dc3007350edd4e1b059bc5aee7cd7fc09147ae2fe410f5b1d50ec6033d581
sangam-Braillie/dataset/valid/images/905_jpg.rf.e0367d3da90b7554837b89c201ad7f1b.jpg,3848a9798910244a6640ed69c94cea619cedf1f1e364df8fcc42161e70bec22d
sangam-Braillie/dataset/valid/images/907_jpg.rf.bbd2d3c33c9f1155520e0a65f09e0d8e.jpg,a8ea9ec5320851ff792a6bb705988b4d17ce20ca14f4816815923d8c8f0cd328
sangam-Braillie/dataset/valid/images/912_jpg.rf.a903d0ca1cdf933c84080bbdd0634f6d.jpg,380d323942fa4a6248793820ef92fbb0fb697d5cab9b7ad44d1aa56f7086c3b5
sangam-Braillie/dataset/valid/images/922_jpg.rf.decba885d72096f3f1cb30c178e63d46.jpg,77a82e78b10c99c7c66002e12c56ce181171daba4b5b295650fc2fa48b342aff
sangam-Braillie/dataset/valid/images/925_jpg.rf.49e252507c82009b808c3535aaa9f72e.jpg,ee73a65b833146ee969bcc236abba18bf95fd239cd8d0f384f9b9bf4797d9eb0
sangam-Braillie/dataset/valid/images/933_jpg.rf.8af9c5b1253cb4eb583aab084c14bb04.jpg,9156330742a72881a0bb792f2af599da809f8adbf143f28305e70ea17bf5f7e6
sangam-Braillie/dataset/valid/images/IMG20230420223819_jpg.rf.305d4548766a80526e727d3599ee4438.jpg,7710b7eaafa5a1f5aedd654fe5718db262fc20d0579e0d04b5e9541adee4f456
sangam-Braillie/dataset/valid/images/IMG20230420224001_jpg.rf.8a578ad1be757a34ddee4a04fbded99f.jpg,688e6169013d8d7da5e5cef3768d6282f274348e9e33fab849897b5b22c216b2
sangam-Braillie/dataset/valid/images/IMG20230420224504_jpg.rf.57ca9c2f09b1794d6cd3210cd2442379.jpg,ad9943f2734e2982a1555128e339ce92f008c7988cba83da8e0e94e4105ddcf4
sangam-Braillie/dataset/valid/images/IMG20230420224745_jpg.rf.c055ea3ea8c9d5a80914f7874b8888f9.jpg,6327511dbd284825a78ee243416ecbc91dcf58c3d6f9bfb38d44453b224b39ad
sangam-Braillie/dataset/valid/images/IMG20230420225456_jpg.rf.c4467f05f572e0300923c77ab078b32b.jpg,50999a8129871540c387590afe34b1ccf0a6c1ea3d2ebdffd6f7bbe90128a91d
sangam-Braillie/dataset/valid/images/IMG20230420230009_jpg.rf.55ee001b3d26cc584733288648ce9852.jpg,39b6d4d98ddb763f6b32acc837119689f633ea80f86d00aca62f22b5019a5f60
sangam-Braillie/dataset/valid/images/IMG20230420230403_jpg.rf.cfcae81d87b731263dbbb581f108e561.jpg,c6e95ca475e477f7a1478794e6b51bc3b622febab963efa133c99cfe4a2d14b5
sangam-Braillie/dataset/valid/images/IMG20230421102549_jpg.rf.91a6c6ee0448a808abab2f32c1347c4c.jpg,e1a1455c297f2100e5cc7213d1ddb7d8f54ebac6bdd0ab7599b890d7f9d515b4
sangam-Braillie/dataset/valid/images/IMG20230421102908_jpg.rf.555b9e3f0b0943f27a8ecbf4d980f589.jpg,3f68427109834853ed5d7c05d7ef84de8d80c4a8a8429484a9d50d7cb9753104
sangam-Braillie/dataset/valid/images/IMG20230421112754_jpg.rf.c5b728b212ff51b4129f2dc7258bab0d.jpg,ee7d2ccb11e3a5948cc4238af0cbcb4ec358db41ef4d302763f7c45b3dabe24d
sangam-Braillie/dataset/valid/images/IMG20230421113144_jpg.rf.63d7545685092093f32047fb9bd9b902.jpg,d2e9721207d8e06a88335e8ec7ee36e3ea51ea666dce077f96a41231bf2a5d84
sangam-Braillie/dataset/valid/images/IMG20230421113709_jpg.rf.feec1d2b6ed346697962bc09b4e88935.jpg,3683291186a27f258be08e1873b8e247fce2f69dcf2af82fc80f38930b2388da
sangam-Braillie/dataset/valid/images/IMG20230421122914_jpg.rf.7d4421924b36e1abb91c945330554682.jpg,4d9f35c29e89f2d543b798b7c6afeb5a0dc21aafb654608786163e20ffe5bc9b
sangam-Braillie/dataset/valid/images/IMG20230421123123_jpg.rf.fd7f05d3dd06c6be370eaa0e351f5f85.jpg,279cf03cb796f82370d453fa0baa5284e066b2ded3d863652fe9f558deb11c61
sangam-Braillie/dataset/valid/images/IMG20230421204323_jpg.rf.8d633e2bb5a15f5037dc026d550436c3.jpg,287bfc2611409876c025391c96c30c5464b8b5da2141cbaed7b1602c65d6f21d
sangam-Braillie/dataset/valid/images/IMG20230421204512_jpg.rf.ce61f76a3e03712f95525d62edc510f4.jpg,cf55a9ec293f170a3eada49d11d4026842d4ea43ef8b46af0ca23905b6e9d4f6
sangam-Braillie/dataset/valid/images/IMG20230421204645_jpg.rf.3d72787ae26e48d8f10ea35b89f18cbb.jpg,5208a9804eca55c460caea1cb3ad0ffb92af75f452ec9cca56b2db5ba855bf9a
sangam-Braillie/dataset/valid/images/IMG20230503105614_jpg.rf.2a677d0857628ebecc72094f3e5513dc.jpg,f7d0bcb55cf0ee7b58c91a4f788086e1047217428ea5d86d16907827c8610c11
sangam-Braillie/dataset/valid/images/IMG20230503105617_jpg.rf.a4a7b6f68a258fa3708e542c1b98cf5a.jpg,dca8a90eae5aee762b66778301c1808dcd907dfabd360d62c7d29a53e2016afb
sangam-Braillie/dataset/valid/images/a-Sample-cropped-images-from-the-braille-dataset-b-The-37-different-symbols-in-the_Q320_jpeg_jpg.rf.88b57a602369ec66df8027f7283efe50.jpg,b441ce63aa591993e44d5f1644490d690d98d2263a8bd9ef722034fe6a1dc5b1
sangam-Braillie/dataset/valid/images/braille_png_jpg.rf.6442068715a2777959f54e2890e41e88.jpg,ca37847f4dbacf18579ee00cfc9646d62cc3369acf340dbda2060ce4cfe97893
sangam-Braillie/dataset/valid/images/db10_png_jpg.rf.e674c3c05da1b3916dc6e61a08dea20c.jpg,67ff818d4c105ed8dca6c2424adae9459a86636b775b2edfd936384083f69f57
sangam-Braillie/dataset/valid/images/db17_png_jpg.rf.b7ff2f490e7de09ffa63c80f11b8aeb0.jpg,bbf12383faadd792f26bc925ce29a7477b290130d99a47a5a4abc07608af8c60
sangam-Braillie/dataset/valid/images/db19_png_jpg.rf.0a127603f61ed1af2fd737dd7a9b6840.jpg,13ec629ead7f6eaacbb869361f7b2461fb3235683377c85c7015fd35593c612c
sangam-Braillie/dataset/valid/images/db3_jpg.rf.8b1ecc4b8d4cb1b11f8ba2b6a185865b.jpg,f2668207e9b001c55697e0969684197b3d129951c8fda76f3b5423612dff0321
sangam-Braillie/dataset/valid/images/db6_png_jpg.rf.633056eb193ba29782b61825edb1cad2.jpg,1c92d3539929ae5d78068cf053308ef7f57397b77d4f3f5bf16318548bef144d
sangam-Braillie/dataset/valid/images/db7_jpg.rf.270d5b716ffe1f7f75d1660ed69db636.jpg,9051ff902f83897436501142896b58a6cd8c1d1aa21d90870e837a1a06ff330a
