path,sha256
asmitha/dataset/test/images/1067_jpg.rf.be50e49c6bf357ba8cb664cac7ffd9b9.jpg,1341187f7ce72b2ca76e0f1e16760437480ceb06377763a43fc24ab2479a9c58
asmitha/dataset/test/images/1070_jpg.rf.a407a00781392ecf7ce10a35a9e0adf3.jpg,d1a3137d616d06189a0e81febf610a3ef68425c3ad4fcbb22bebd5449c8f2e96
asmitha/dataset/test/images/1071_jpg.rf.316e5472056d74bf08538aac50ea4d22.jpg,f0ed54d072bf3c453112ff30960af21483abfa08b3a04c1b313d0c7406ef4292
asmitha/dataset/test/images/1080_jpg.rf.95aa3358d3f09e244e0314962d3fc34b.jpg,cc4ae6e66db897b4d6629e3673b138da8eb1021c622e95d44463e1e9501a52e5
asmitha/dataset/test/images/1097_jpg.rf.6774c7b6f4e66bb1adcc86273677b34e.jpg,92458a0e4477fc47aaa089852e09c3dd1d3b4e824aa62a16aa2b78b5c617b9b1
asmitha/dataset/test/images/1319_jpg.rf.7c878a08338f89f699a00649209e0609.jpg,b9a89418bd38dc5cc0a278dbf4b73c9cf159e12ab9e1c761cbcc63f4b06466c9
asmitha/dataset/test/images/1332_jpg.rf.4a2134c63e0d5322cb63e8e3d54bcfea.jpg,aaca634b952a6a514e3701babfe02d92d334bd378fe4b3da2cadbc5f0b14251d
asmitha/dataset/test/images/1356_jpg.rf.f48f16007d171ca8d666046eb33d65e7.jpg,548cf3139e829ea156e7e62d70976caa30050b0f48982662ac7afc9a7d0ff1e6
asmitha/dataset/test/images/1366_jpg.rf.eb41c40cdfc55e447849cd24d91ebba2.jpg,cc95d114b667cf5b8bade82264285749142ebb1d75e80d80288493b11c8c406b
asmitha/dataset/test/images/1533_jpg.rf.1896b6410d4d8a1f54f26a715d634197.jpg,11be1455c22780e43a25d0ac927e1bec08d79ad83170f086d6699140a635f7b8
asmitha/dataset/test/images/1545_jpg.rf.5365e059627b6aed3d6983d0c1ea93b0.jpg,e3782f4b52fdb8ef370dcf38bbff62e25eb400c3be79ae124bec8eee90847175
asmitha/dataset/test/images/155_jpg.rf.a53e9c3918afaca42e4098d51d35aa02.jpg,7eedd4b4c70b6bb91c2d8ca4184126babffeea39dfe7a45fbe9a7d097273cb91
asmitha/dataset/test/images/1561_jpg.rf.0e65afeeded8cef555fac2f6f3458b93.jpg,9d8d3bc2fc59fd5c6c7b89cbb2bf77538658bcf7997827c19337d3ca4d086365
asmitha/dataset/test/images/1565_jpg.rf.d8cfd0bce05be7ebe3ec357aeae23f5a.jpg,179733665ee9a1627b1e71264e3d4695fce950b87445deeede584a8475c19c13
asmitha/dataset/test/images/1576_jpg.rf.0fe2aa221ba0120921312d41ca461a6a.jpg,85d464dc2895bff6b8baa9a8f0662242cdfa978261ccbdf8364f14ea9dd91c57
asmitha/dataset/test/images/1595_jpg.rf.2afd9696c9977e9541081d186e0828a6.jpg,62ed657af0192f97c651a5f0205cd5de58b8dc2c6fc581579bef5d9ac15e96a9
asmitha/dataset/test/images/1606_jpg.rf.99f169d66f5bb5d69c5e9d0eb2807b4c.jpg,234914d8a80290473710ef451b68aaa037e33606022366dc6aaedfa46c63c008
asmitha/dataset/test/images/1607_jpg.rf.1fe6b0360e2d128544b5be3c72ca04be.jpg,fcfcdcb7a5af7cf81f6c12e8c40528cd410a1be6b8f049b0a000ed7bdf156a57
asmitha/dataset/test/images/1612_jpg.rf.07be15e5656ef21e906842a7c99faa7f.jpg,26a030a5541225740f872c5d6feeb446181423c49a4946bfe62e58dea45ee9a8
asmitha/dataset/test/images/1631_jpg.rf.dc6e72debc9e1adf480047261fe881a5.jpg,3bca68d60b62ccb8c2b561f24c9c8627fde6b72e19724000291e4671f4212455
asmitha/dataset/test/images/1632_jpg.rf.1758f290426fa7053f92a7f9bc1594a1.jpg,daaf7dca2ee75fbecdea570cfb4e24b959aa8670923ca921c6c32535c0d6ac7b
asmitha/dataset/test/images/1655_jpg.rf.906f86eaf8b6937cffcc418539ea1ee3.jpg,1d8afb835c566aca45fbdb22a2f79780f715592bbd240647dd8db74cfebabc32
asmitha/dataset/test/images/1679_jpg.rf.b86cdddfc898de9b93800d2f743e4272.jpg,2ca5aecb5ef4212baec8c05e65309ea738e38e922d625b44452218d1ac5774b7
asmitha/dataset/test/images/16_jpg.rf.d635d62165fce0864d0c144b7bbf5b0f.jpg,7c0c0d389e6e79111511a3548e1025de567d5f6295c7b0be41cc94122a918bc5
asmitha/dataset/test/images/176_jpg.rf.50b1562184d45039c7da9a3881a084dd.jpg,c09b2f873a39799e46228580de9d344192395089c1b04373deb3a5359e19b9aa
asmitha/dataset/test/images/2364_jpg.rf.b3159e7c2762404d3d7b2dd500099f43.jpg,1e3c9671770d1f8e41a06c0e413d0e1a426cfe98b6adc452e3dd0366d148ada9
asmitha/dataset/test/images/24_jpg.rf.df30d535c67a08b77075b39eb9d6320e.jpg,89f849a311905cf0b16523c333f94cb876d595be0c452529ec77613173d6f826
asmitha/dataset/test/images/255_jpg.rf.5a60b86b5a5666cffb6786e43e29536c.jpg,ca4c5790444aaec420c8f1fb6d63ffd1dc3184b03dc766eefe46750c42a0425f
asmitha/dataset/test/images/2698_jpg.rf.f751e2b9003ea5a2caa2ea9225184132.jpg,ca8ed74ef4f0f78e91bdc3756a9417267e918cd2f46897b50ebc9ff4e49f5e4e
asmitha/dataset/test/images/2721_jpg.rf.2e72697c4516cb161639b3104bbf7acd.jpg,670e1258a2d1ac33be9385180eb5768da9d53de9cf703dd1533b9d80e49d3fd3
asmitha/dataset/test/images/2724_jpg.rf.4127eebc19b3d5b3b4e314967261a7b6.jpg,13974dbe05e7384c4f9385f9a17e2a21d0ff007cbb7d51ca04fb83f894a430c5
asmitha/dataset/test/images/2734_jpg.rf.e25d234394dab27daac234e336cc6879.jpg,5067f0eff17ecddc84f2dbc20957ccfea3d1cc2e3127c8be59c46b06df9e74e8
asmitha/dataset/test/images/280_jpg.rf.3320cdfcdd1f7fb4761799cf51015992.jpg,13889a801b1034c08bf025d5ab319b988c9b4dae305c685eaa7d81e6f609e838
asmitha/dataset/test/images/2884_jpg.rf.4919ab4f8e18cc94fda08a4b5b3fccd4.jpg,01fc5cc1dc34c2c5f9cf4f340d19111d17f6efc27e12292f4a7cc6592b7ecb29
asmitha/dataset/test/images/2894_jpg.rf.9b21df62561514cac9a7add63ccac686.jpg,d96c213c1ff86cff0398dc605e8d9ab914b37806d75b68744f9f779ec6eab831
asmitha/dataset/test/images/2896_jpg.rf.da96f1a0543c54f8863d7387fe9de9cb.jpg,256fc701e5f2d9201231ea858eba7c54446018ed507abd768e3f0bf25e25d682
asmitha/dataset/test/images/2904_jpg.rf.b45b598e083c2e86cbe9277629841de6.jpg,184f1ce0ad0091bf790cecc5d81c1757d29ade7647985be6efeb4f26885a3dda
asmitha/dataset/test/images/2980_jpg.rf.4a217b392330cdbede0d83a18c98164e.jpg,2f3cbf219ead1a2c08e7c132c1cd32cc5e3778be696c2defff4653fe8e526039
asmitha/dataset/test/images/2981_jpg.rf.73fe6e22b7d498220157d71e34deb996.jpg,cf9f1fb0b293edc5349a970c023fbcb3f7e1d85d8ddeaa95523705addb1e30f0
asmitha/dataset/test/images/2983_jpg.rf.c3832a46ddc601ede37ef56efc76d844.jpg,8f7286ccd69bca2c45ec379657dc310e9de87a549755dde7733319965a81d13e
asmitha/dataset/test/images/2985_jpg.rf.fb76783066a7024c34fa9ed764e5d3a0.jpg,ab54b019a50b5e52bed98399fe68648392ea1ba64b22e01317f9f05c17252753
asmitha/dataset/test/images/3015_jpg.rf.adbda4263963a40e6b1e61718276f878.jpg,7810dd8c65dfdd12f11510fd0d6b3796943c82b30188d63b86717dfaa67afb42
asmitha/dataset/test/images/30_jpg.rf.94674c27f65f292f906b69fd6d7c8644.jpg,f15d37fe1fb197114bb8718aea3776b561779e38f02a104495058b3b739aafdb
asmitha/dataset/test/images/3261_jpg.rf.8e4cf12aac0c5213b2f4840a088b88b3.jpg,36ce2f672b123af7187c958a7b47f3d7c3fae83a995f1d3b2102e846ce881041
asmitha/dataset/test/images/3264_jpg.rf.f8dd07305fcd7cfddcdbfb7c59cdbd30.jpg,ceb5971ff3a2bf02bdbcce6415a8985e82138dac0e17f60118db6782e82a91e5
asmitha/dataset/test/images/3271_jpg.rf.ddd5667fdf3504c96fd1a7c55f2bdcdc.jpg,fe4c51e4256c2865899b5f48d1adef2e1717cecccbe602d734080437c02dff92
asmitha/dataset/test/images/3273_jpg.rf.b53e717cd4e88272924fbfa168358ec2.jpg,5e302887fcab753b72f6b14771a3be824b1fdff4a238c2e2522c7e8907a3efb4
asmitha/dataset/test/images/3290_jpg.rf.01bef3ae4dc2d6123db84fcceeeff0a9.jpg,1b14e24256bf02ed1fa712edb5653238670408f2303231616c648099b4640ec3
asmitha/dataset/test/images/3309_jpg.rf.167253746cc92a7b40ed315a0b0ba82e.jpg,2e15285021c0fe2d2b86893d337daff38d24f0c93e6d54eb0416e318ef0f0f7e
asmitha/dataset/test/images/3311_jpg.rf.80283a9272c1d9bad1e24bcec56440fa.jpg,c21d305c0963bf2d8468501662d032cc1399ec0d6801609e622f12b1353de900
asmitha/dataset/test/images/3462_jpg.rf.a95a6a55bd517e41e855fa852038dd5c.jpg,9cb2b3af590c291b8a218acab7350b9d4a2e51bae6610fae46faf2709e5932fd
asmitha/dataset/test/images/3478_jpg.rf.3191ebe246ae0422a793980978650f20.jpg,c14c27ef21c8de5095446fc5e6efa349090b3a429242a8fae34f497774150e11
asmitha/dataset/test/images/3481_jpg.rf.747952736250e663abaeb28c71ed16ad.jpg,c18496c5c2cddc7709be2279ab8b0c55ed630c317d6231b667f9fdf0792de269
asmitha/dataset/test/images/3486_jpg.rf.7d44a313a64be44882a2fbe62a9b6783.jpg,c4c459cba528add854d03181b66a03addcf179e935e9384d5cfd01571045790d
asmitha/dataset/test/images/3505_jpg.rf.0fe1f5db1a73c4d5199dd1b018dfc7e3.jpg,32675b9077e7c26fb74dc3fe338b547c62404e95f58fb0bd4106d5ff68351555
asmitha/dataset/test/images/3513_jpg.rf.4ecef0a66c43bb75ce04e0f55b4be8dc.jpg,a396422b49c86863c5915ce60e08a7de3cace70efa7df7602c6d95b46154fc4f
asmitha/dataset/test/images/3518_jpg.rf.aa459ba4e6dfc4d80d673c157b9b1f6e.jpg,49407e329a8b8e6c980deb6996488cffb23c671d220cb266c418f05b12620ee2
asmitha/dataset/test/images/3525_jpg.rf.790e952a66f1f943e3a322b79fa7bfa6.jpg,69e8dc130f90e1f70d7de3606cb0909ddd15c4a4c21b1fe51c5176538226b4d1
asmitha/dataset/test/images/3534_jpg.rf.1207f3f02e7be13a067e77e216b77a79.jpg,588338e4809adea21ce7c18ffec39a405b5bc12766c4fa6df0fe5e7029574f4d
asmitha/dataset/test/images/35_jpg.rf.deb98b61bb19c2d63a113a69dd94206a.jpg,1b3bacedaf6833d8f07d99808d534e0782bb028e657d98c53a4fd63434b9b3fe
asmitha/dataset/test/images/3817_jpg.rf.c9cb4c620f1fcad4c5550b5167902a47.jpg,0d4587e9ac311e09b62b4a4a1e39a92201beec008d763c1c3f10126d52f85e44
asmitha/dataset/test/images/3822_jpg.rf.cabcf675c84b2e9eaef7bff0af068f05.jpg,010073d43123cdef7a196c31a557a5685cc31f1541e4abe2517a8f453f925d36
asmitha/dataset/test/images/3828_jpg.rf.35909e605ccd1face05376833d3ebe29.jpg,a330962bffc35e6013de502e2b9b2a380a32ae9463f28107243963c2b8975ccb
asmitha/dataset/test/images/3843_jpg.rf.b42d66697736b8b772c543c9314a43c6.jpg,6d6a6c768e6bf287d73644d7a43024b499954375ec67575a638511122761894e
asmitha/dataset/test/images/3861_jpg.rf.10a1e1ebd25d02345b9b18a5c17a825a.jpg,f651d91cfc48ef26ed241a45eedfa0eca768b930a30a1f153eca3bb1828a8791
asmitha/dataset/test/images/394_jpg.rf.50518aeb6698a68346d743dfc9e52157.jpg,df401b1e5a2bf8c09d9d201cec5d9815b5f92d136e627d47188a038321754ead
asmitha/dataset/test/images/3999_jpg.rf.8ec4fb6481418e438ba0073bdda369b0.jpg,bfe24b45e14e76235f44dde6016d4200ebb560ca7cd165d71c48f89967b026b6
asmitha/dataset/test/images/4007_jpg.rf.4dc67031b3e948a4d814270b12167f43.jpg,29d9698bd169c7631505bc649d54a1081af63aa05167f6c5d79df896a2a1c202
asmitha/dataset/test/images/4021_jpg.rf.88b6a264c0ef321fd7a92bedc343cbd8.jpg,a1c245e1583b5a03474ba6b0b2ba2ffc990b6d3cf5a5d4c435838d9457f58a6e
asmitha/dataset/test/images/4044_jpg.rf.f437b4ce37d89491fbcddf1f15953049.jpg,3977e9d31dc625ca539bb708b09605dd44f0c9fb36ef8d122dc6b77e662601c8
asmitha/dataset/test/images/4064_jpg.rf.333f45c70f2b3ed4b16544772289f176.jpg,24738c28f537a2b4429816cb47c33a9763cb44e0c5cbe996c91121fa1c317bc2
asmitha/dataset/test/images/4083_jpg.rf.7911a0b0bd4ecd675323c1731c67adc3.jpg,bcc473d97d4ac836025980a545261d5fe4ec9828556e157478fb01236c659635
asmitha/dataset/test/images/44_jpg.rf.ed0a8199ec1ebe08d97570e1f4bdf57e.jpg,ac833c0f68c592931b7729b696399c328e97659aa1cbfe4638670cb0ed60670c
asmitha/dataset/test/images/4557_jpg.rf.972e99c60260b20d5a7af64c8c2b8c7b.jpg,b64827f3d2997e592085f7f88b81fcbaf6e0b86a92126addbcd63c93f55af0ab
asmitha/dataset/test/images/4567_jpg.rf.4a15d6117fae7381115091d55678f604.jpg,e0c53507af70f5c7457b0f0ec534baa83fabc60ddd57752163fc8c4986189390
asmitha/dataset/test/images/593_jpg.rf.3af0b7647cf0da240f77baf1e86e0ee3.jpg,0a950ae742a3f7009e4f12326d6cce9959f3643c7b1ec2cc4b4d532664986b3b
asmitha/dataset/test/images/848_jpg.rf.13bdbe930cf4c48d1922a08890368635.jpg,366554d22cc9c38139ca0e67545b973293b7a8849d5f542c2dc81d2203284a03
asmitha/dataset/test/images/878_jpg.rf.2a28d7ea96a1c3140e43f59fa80ea67e.jpg,1a62cdd3312662e8bd8ad7b1aadb3cccedae9cfc5785fbff6e9eb0c75205ea33
asmitha/dataset/test/images/931_jpg.rf.181393c91432e9a55b55fcb6d340c93b.jpg,1f0fc58af3f088d575afc9398c26f27ae333b0fd5293d4405a74d5232ecbe99f
asmitha/dataset/test/images/IMG20230420224139_jpg.rf.c387109d03e6cd8161a62f405a2958cb.jpg,cede861456dd1738b2686540da527794acf5ff803d14dd19004743f5d5e61b4c
asmitha/dataset/test/images/IMG20230420224239_jpg.rf.28338a9ab83948d93a072a8089210677.jpg,861201ae7ab4c2ba7a1430160e8a21beedc9ab8d09edc9d8ff409883d3e936d1
asmitha/dataset/test/images/IMG20230420224654_jpg.rf.386358a1033a06a58152c4c76192e74d.jpg,274e3e31b02c38db33db5cfdc1d1bb7443086dd6d9488dc4d8c85e6ef7f94002
asmitha/dataset/test/images/IMG20230420225001_jpg.rf.3bcef339048b40896d15502198839e16.jpg,191b698b2e82342fe4a07809cc077d59670eeafb6abd61342b433bf435dce683
asmitha/dataset/test/images/IMG20230420225144_jpg.rf.c91934282232644c2cf6dedea3c7f1bf.jpg,8d8f821a025c92190b837a32c4bba76af551d67b7bde914f5b06b5666da2c885
asmitha/dataset/test/images/IMG20230420225934_jpg.rf.c83626e523c9d9fdab2d0c61fc58569c.jpg,94bcd69bffb7dc6c64c2a454a6a5ce69a059a9abf209772a4a0882ffa359d9c4
asmitha/dataset/test/images/IMG20230420230041_jpg.rf.5ca9e5487e9e570bf81f3e4c1c45cd7e.jpg,5ad513c7a84673cd753b112d660b1e462b7cc4f9fdf4934a99397a0782f42f5b
asmitha/dataset/test/images/IMG20230420230352_jpg.rf.9ac57e8ba53ba57efb4d6757fab6c4b3.jpg,7a6af2ec42f71c9ce79749c1d1e3a0a7262e378dd1fcda330f15f4686b86efad
asmitha/dataset/test/images/IMG20230421102922_jpg.rf.9c51e900674d14a4be4c599622c9c30d.jpg,adf015e27331743e714106dd89a5cd20044374293046d9d12d6b3ee2af3700bd
asmitha/dataset/test/images/IMG20230421113045_jpg.rf.8224124de99af38ddd39ff70f0460871.jpg,190a49b4f8fa0e054478484190afea68a0d511f4d8755f2dc2cfff7d32b65ef6
asmitha/dataset/test/images/IMG20230421113137_jpg.rf.3fdc67aab08e68a6d9c3e184a56cf202.jpg,5357389fb9417d051534c2e5e817d4610f22fdca7dc5ab253323f114b6ee26a1
asmitha/dataset/test/images/IMG20230421122821_jpg.rf.2fa5cb40ce74ce3764716fd0993a14f1.jpg,8f4f9c90d7859db7f66a9099791ad4d50aaa4f4d3409253acf515b090443337b
asmitha/dataset/test/images/IMG20230421123101_jpg.rf.a4a253a04869dfe31333b5e2d6b47ea4.jpg,a009de0ab526a869993947b360d684c35d3b895eb44c389a46dca257a8f76aab
asmitha/dataset/test/images/IMG20230421204334_jpg.rf.6372787881afcd03ae29f11f3c19c3fe.jpg,1f9c309532d0aee9dfbfb18e3136503be27ddafaeaa40aa1e68f18b59d394b2e
asmitha/dataset/test/images/IMG20230421210021_jpg.rf.30c8b01b1f0be8520ad16a88d2f15ca5.jpg,3ec4fb9fc930e88a3b8507cc400c8389b454d8fec54882943ca55352d85bb738
asmitha/dataset/test/images/IMG20230421210241_jpg.rf.cd819b28f3e8de24036e6d731488fede.jpg,52e0441ac0bc3793d093e3e7a5872a1d7b3c0a7faa950eff8ca434dac4d853dd
asmitha/dataset/test/images/IMG20230422143454_jpg.rf.528a1bc3a63bb1811e761a5c58267fae.jpg,28c293d8764af71b493163739dae0b810f8bd5905a157efc627897d14ebfa76f
asmitha/dataset/test/images/IMG20230422144017_jpg.rf.a9db8ab965b67e5590ca61d111c38251.jpg,7963eaa9ee7de1a12c711233b2d5935c1748ff9a7e370bde0aa43a59340dd389
asmitha/dataset/test/images/IMG20230422144238_jpg.rf.ab6cf999c17c60aa5f5d1af37562970a.jpg,3e5ff3a6e7b5294b38d15bc30d8bc0b149938e8e75c53f0e689d557ded6cf4ed
asmitha/dataset/test/images/IMG20230422144433_jpg.rf.ca9e407334ff9ec7ba18b3433bef513c.jpg,058d04014f3d166cf8ccede8959efe3a9baa261221e1e585b624888ad0a1a42e
asmitha/dataset/test/images/R_jpg.rf.9d9c322a62ca3c5625e976f31d638eb5.jpg,e9f602df018d95c13a544ab748c371bba2aa221036d2568b6d5d481c53aa755d
asmitha/dataset/train/images/0000007_jpg.rf.026c17446433bee9771a79f7c53ba97d.jpg,69ec7b497527c1b16bfe2fa86a2f704fb8955b91e946b6f9f43bea8c8ffa34e1
asmitha/dataset/train/images/02_braille-dingbats_poster_alphabet-scaled_jpeg.rf.7a3e3365782655044c23962449541f27.jpg,b05e550ef97eae509fd5929520f8a3c7be44821ba5ac5be8248e446d5af806a9
asmitha/dataset/train/images/0_jpg.rf.8902d979087b26dea1021d7fbb7923cb.jpg,6385259404583ebb4cf03f005512d34a59c9814acb8adb99bd2220da9cd7dd46
asmitha/dataset/train/images/1068_jpg.rf.6e9d6b36f93df05e86cb80fbf9149d9d.jpg,de20d74f48787915eddc3b38bc4e83b2c287ce51d652d93d4ab8f11120ca6345
asmitha/dataset/train/images/1072_jpg.rf.4eeac305b69dc1b7f5a778d442b09de6.jpg,00ea9eed7f7367245a4e088a38d96b694bd75d3d7e3c1b3438533bf1b6b26f24
asmitha/dataset/train/images/1073_jpg.rf.5df401ae0cd4512a7239ae161844db22.jpg,5390654c20514c14e9576cf1689f3d6818db32b27b555da266d386581c6684ba
asmitha/dataset/train/images/1075_jpg.rf.a4073a658888f51234b932a8c1b7a1ce.jpg,a2d4c99a0c3948944a5011708ed30a18e94c3ead3a0f4dff0437e592dd106cb5
asmitha/dataset/train/images/1076_jpg.rf.1b1fb8bacc2f1891c56da73f0d5027c4.jpg,5f929a947e8e9191db72b7fb67c0554d496869b402260876bcb3d507227adc1e
asmitha/dataset/train/images/1077_jpg.rf.5695b7b77b3f5406f9606c54f7030b36.jpg,64df486d559cc447801293c1e964c5dc041a7ce32b3d80ea925478ba959d5630
asmitha/dataset/train/images/1078_jpg.rf.c44eadffc34bead7e291f5005d75f650.jpg,2c458b45c06e46bd7369b904249a7b0bb792f4ca68d3f71aded4b62fc1a5ce21
asmitha/dataset/train/images/1079_jpg.rf.ffe541899467032938285d7bfad2376d.jpg,f36a6475c584433fcad92b3b74f7566b0774cef10526319c111c509df59d45d0
asmitha/dataset/train/images/1081_jpg.rf.beac072021e20216c1a13227fbbc3ef5.jpg,d6997ca0166a65615bceb142235ab6f8504b261726e23f2408a030b3464339ea
asmitha/dataset/train/images/1082_jpg.rf.6e8b0860759d3bb370dc16e7dc4d0b9a.jpg,2ec7d221bc7c2c536b0e37a1e795e2ca5b77212acd3bb3657b4e19be2c14fd75
asmitha/dataset/train/images/1083_jpg.rf.b3960bb6a1ad6f16ce3e96be740eefe9.jpg,f41d34b75701932c82e8595bcc2c1c6a72322564c3cf4286b2d940ab41ab6a0f
asmitha/dataset/train/images/1084_jpg.rf.80fc01cd083a1b51c7c4b15a80af4c6e.jpg,b34c7edb2f97a9b3aec7c301352bb3e6140c62f2e37f31a8b68c48dba134db6d
asmitha/dataset/train/images/1085_jpg.rf.5db0aa3edf1cfc959956a27327765f4a.jpg,794d7fabbca96d5449aaf8619eb0a378cac647d7534bc44e97d850390c768216
asmitha/dataset/train/images/1087_jpg.rf.5456dcb80d16a207edacfd0d2b54fd2a.jpg,8172f43c6c99bb31d015f4e553a7c3bf9eb1c1d4b6c2dd0a1ae5c8beee93f628
asmitha/dataset/train/images/1088_jpg.rf.3fb843fa3b2b3068401aa7a073e61883.jpg,4bcbc5974f4b763a70392f481f691539fe4d56aca0e73adf441ef09f7119d080
asmitha/dataset/train/images/1089_jpg.rf.5c7795a93673e9ef4e12e85c6ecaf7a8.jpg,531fa075562d1b96e33873c79e02bbc7eeae9dce5c06f43c11ef995abb8e29d5
asmitha/dataset/train/images/1091_jpg.rf.3468978ff58dc9eb3f5729bb304a833d.jpg,0044268281c219ff4b3a0b792a7708a11d34d08ef051f2bf05058ea5341962d0
asmitha/dataset/train/images/1092_jpg.rf.0dc42a5fe534f209ad4714f87f55e413.jpg,40e1578e86eb44cd8143eb778da8533c32128f5ad4b0ea8dbe2b17d82d39c466
asmitha/dataset/train/images/1093_jpg.rf.80392fcfe39858a59f734242ab7994ec.jpg,9273f31caae4b80675e544d1ea79bf09bce8cd0c67159537406d058eb71ae4e0
asmitha/dataset/train/images/1094_jpg.rf.8117cba7d9f7a5670c6a6e91f61dbbfc.jpg,4b2fab48bf3c682bb987b19a5a3bfad4961d3b2b2fadb91d5b3d2aad5c7de086
asmitha/dataset/train/images/1095_jpg.rf.cf4dec5d59feb23b82f2bf9524536e6b.jpg,3c469e85a8c0fcf2a61d9fcb67b3cd61bb80c398fba398c050a00de62c60111a
asmitha/dataset/train/images/1096_jpg.rf.ca64ce9b5af309ed42e84f50c360d3ab.jpg,145cc64fd6065ba82d3d6478312f656ca10a3dc8fbaec10161e68ff8637e379d
asmitha/dataset/train/images/10_jpg.rf.2645d8760b10b6bea0900854ce16e89a.jpg,77142edaa10a562f046a3af501bb339af3a7aa5affa8aad0508d4b4c15f54546
asmitha/dataset/train/images/11_jpg.rf.c1b99413da988bac3eb089c798c3b6c7.jpg,b31c33daf98fdcedf6aca359fc5bed70b90d9793a3ca20d25512661c9ebc05fd
asmitha/dataset/train/images/12_jpg.rf.7eb3b6180053cd44540b3c9f5fc37b6f.jpg,120a434615459664253c8eeea644b9fc89d76ab399de0dd69269f1470c1a9ab4
asmitha/dataset/train/images/1317_jpg.rf.c33f6c736b40a76c12df2bb6b4566918.jpg,d15af45751f758ffd779fcd39fbcd9765681e3a64fce474dbd13f04ea719fc48
asmitha/dataset/train/images/1318_jpg.rf.1ce6fcd008ed6d6cd4454c132f71130d.jpg,af63cbc66678ff28cd02e5460dc9f64817e7d29fb55cf0fd1a95849e7dcb81c9
asmitha/dataset/train/images/1320_jpg.rf.248308d82796793b285572aeac56def9.jpg,3e2a2a11fbb02b6316a2e293b48eeed3694f20279a553e0637ef29cae351b2f7
asmitha/dataset/train/images/1321_jpg.rf.cf618152075e5caa477518a281ec8945.jpg,72b99ed5235e90466cb954baf3e683f5a4b289bbf12ffaf33cb56fc927ec4600
asmitha/dataset/train/images/1323_jpg.rf.bbdafc66518ae816322236defe4ff15f.jpg,a0af139f789b9cb8945153030b320a857ff317bf8d8277cb0379c435d3e621dc
asmitha/dataset/train/images/1324_jpg.rf.bc935541abe0ac6b601da95bcf58a094.jpg,f3b90bd7e37b2d5885f3e38726f7d32b4e7cc550108a7b38b6710c57133fe6ec
asmitha/dataset/train/images/1325_jpg.rf.609511f8d36e8d5ff905bee88d06d6bb.jpg,705b1b39c97ceccadc1264e9b7454b853c98b343145ad50cee53f89be823516e
asmitha/dataset/train/images/1326_jpg.rf.37117eb5678fd89130baf9f21028b0b1.jpg,7b7ece03644a338263e0a2c097f9f4402ad9a33c63cd34bca516042627b292f6
asmitha/dataset/train/images/1328_jpg.rf.ae49840a0545e6e1b6fae616fd1061bf.jpg,6fc87c467243bea05b0ed712614899aa112894ced995d9bc73d0b9e31cbdf772
asmitha/dataset/train/images/1329_jpg.rf.89cfc6b7b23242c59680fa363116d608.jpg,ba827dc22cf22a12bd72f0a2b6099049a3dd8c73a23653576b786d701cfb742f
asmitha/dataset/train/images/1330_jpg.rf.4a731da1500077540816387bb4d8e1a9.jpg,e1bc84563be5ae6a6b6cf1f89fa9f4eb105e69b15db3a6f72c8eb241591557fe
asmitha/dataset/train/images/1331_jpg.rf.3d184b519e86f3f97f420c0ed87b7cd9.jpg,c7882de5af4486853eed24e11dd3fced8350266d17a49b2e49c7476ecb0d4c45
asmitha/dataset/train/images/1335_jpg.rf.ad803e202adc1483374583d4f070f06b.jpg,ca4b1ffcd99835a05a4d651fec01ee60151154b78364358458ee55ac50c1d612
asmitha/dataset/train/images/1337_jpg.rf.5c51005519365e9b4c04c7716eb049a0.jpg,9a2f2d6cdf96240b1e5649fa7c506f3809a96d73b74c07dbe23c7bac3e39698e
asmitha/dataset/train/images/1338_jpg.rf.6f6e301cdd04451e110569000b781ffd.jpg,9709b0a7d3aaf36943a853fc3062c32353cf2fc2966de347131fcb37edb920fd
asmitha/dataset/train/images/1339_jpg.rf.da8e28b1e56e000e48272366b919f4d9.jpg,4154a5e39e346af1796c45d53dd86982debbe66c4cd92dfab17cc8471bd83abd
asmitha/dataset/train/images/1342_jpg.rf.e15f6f5078b07ff15132a82d317e6373.jpg,a9f00fed08130a8c6aab3727a26fee41b95521aca8586a434012697d6595c72a
asmitha/dataset/train/images/1343_jpg.rf.bde63196c4bd6f531de108e015b7f64d.jpg,20d8fb16de033d5e62ce5f7cff832e849a50b322b9af71d14bc3ae0b3092152c
asmitha/dataset/train/images/1344_jpg.rf.51be3c1431f7bcf6ff44f1efb3c6f897.jpg,f4ed1b33c1000557cfa859901353b792aa669c96233088ac30d3b6541f9d2a96
asmitha/dataset/train/images/1346_jpg.rf.b49a029710b3707af6af314ccabe86c9.jpg,b3fb56869ecdbc668fc3a4730ae103aec556435cd1835131929cdf66cadeac74
asmitha/dataset/train/images/1347_jpg.rf.aff169cfa0d9e78791ebc04fee087f36.jpg,1191d652c564cba524d4993b3ac3674f44732888052a881bd372bdccf0ac32cb
asmitha/dataset/train/images/1348_jpg.rf.846adbdfc921b4ceead85f737ead23cd.jpg,b96fd0d8e137f2632d61389ba6697e755dc96aca85d2819fccea34c430e2d57e
asmitha/dataset/train/images/1349_jpg.rf.469d105251b7bb6ff01c6124faaefd3b.jpg,a8e70125e4328d2c7cff94611379ad2c2489b429127ad5cf69f477ea03a841b4
asmitha/dataset/train/images/1350_jpg.rf.b1b51eed8087e4ae4aec79a4cee642e2.jpg,4c824e32fe02d05a66637722ffc3e7288ec0de121b5df159348f81e048e9f675
asmitha/dataset/train/images/1351_jpg.rf.1306aa0b988a66b8a55a69c8a9a57cc7.jpg,e836c7062a347e6968e371c934dd6203e801f1d3702c7911007df91c6c1fdf1f
asmitha/dataset/train/images/1352_jpg.rf.5dab2b329b694e6edb87c744f2b88ae1.jpg,2e77f191a02deef4fcafce6ef06daec69f52caec547748a88bb95f88365846b3
asmitha/dataset/train/images/1354_jpg.rf.509b370217eb97647dc8e0559be162d4.jpg,2e728f4c7d8761e92962838489c33d9e43c6ec51c7e6002cd3125bd8c6381ffb
asmitha/dataset/train/images/1355_jpg.rf.56ec637968aada9e72787d4d5d5aa1bd.jpg,4d4e3d120b5fbbb4664bb492792de248e40bd01a3f61466ad4992f801f6651f2
asmitha/dataset/train/images/1357_jpg.rf.df07031e83b3b568dce56f3307fbe072.jpg,c59acb982521067cebd8e3b414ed883c35f35165b3318e2f116ae4003a62686f
asmitha/dataset/train/images/1358_jpg.rf.66c2f8f86e69c501cbbf89a8f0bea0a3.jpg,211b4b832ffd62243dfa04661eb1cd8160a55f071fea4b7673fec82e5cbe0e88
asmitha/dataset/train/images/1359_jpg.rf.204169132c7e0c1cb65108d1a6e61982.jpg,7810abf9c705a0cd4927b8392a6a83b303df03ad64bdb5fd1e0c82d867e44de0
asmitha/dataset/train/images/1360_jpg.rf.d852446a02ee0ac30c28a0095fe28fbd.jpg,2c60872f6db8cf6ded41e7dca5933530f57736822f8537597d031c6d121e169f
asmitha/dataset/train/images/1361_jpg.rf.e0085c140de1e4d09f80fb92b8db0ed1.jpg,ff1a3a29289124d579b44577a6a0db7359897b60cab6129302e0e3e344240260
asmitha/dataset/train/images/1362_jpg.rf.e42fca3e4dfd48845ad982803dd61f9a.jpg,ac7fa1eb5abf9835a203ec17b19a7dc13dfb75de77cf99ad451dea2efddd7f96
asmitha/dataset/train/images/1363_jpg.rf.e5125a7ebabe9a3bb07023de7ff7ddce.jpg,ac30e80ee5893967fe37c3211aed532f8c2d87c7cab13aea8c4d268b9a5e0f0c
asmitha/dataset/train/images/1364_jpg.rf.5ea7e95c282bf0939b880a8a0b60b460.jpg,6e058594cc0cf7c2ee5b0d18671ad162b98006a3d1c77abc51af7c92a3c7ff1c
asmitha/dataset/train/images/1365_jpg.rf.668c4c7dba58fb14faa4c6b4bb7fb7c5.jpg,aef16f49718c7747104c8e0d25c1af1c6deb2c0fc895aa31582a66da6a5d8c33
asmitha/dataset/train/images/1368_jpg.rf.ade016ea11c5c8dfb9254b67342e278c.jpg,8c0fee98f69d05c8ca4bee590bd9c1cdaf8c176fbc4dcc6e0b1fe896140cc112
asmitha/dataset/train/images/13_jpg.rf.9cb6310b9d1e285d0b4204257548b739.jpg,c8c6b3b53bb8d15b695c705a0c653876cedee7bd73a0dc4f3ad0a71bd0255bb4
asmitha/dataset/train/images/14_jpg.rf.3e8c2380969303fba3f5df8f94ba478b.jpg,4aedd673fe27a7a1a574cf4ec77113a279d33027025e621b62eef312eece9c49
asmitha/dataset/train/images/1520_jpg.rf.0bf4c23918e5e06642b256d0d67bde26.jpg,7956a2b9e456684d897ba476b00fef6782cc6a2b8eb4e34f1eb4632af27c74ca
asmitha/dataset/train/images/1521_jpg.rf.d51e217f300d5504831370bb18f78001.jpg,4c49831444bdfb8f902dde86fe534a6b7b6bdcbe1748350fa6d92e2017e32dfa
asmitha/dataset/train/images/1522_jpg.rf.c94140456f55848c9668fa0a23520ff3.jpg,e62f9fe8f2d45a686b53a337dd288568ddf98fc7cbbcff1c395333eea4366556
asmitha/dataset/train/images/1523_jpg.rf.cf80ee02ec86de4611f6f0ba2e88dc14.jpg,c0b18c158a000e3074d40b2ed7b1403d93fcedf205c6879fe5b0dab1d48bfc15
asmitha/dataset/train/images/1524_jpg.rf.86ffcbd3461dcd2bae23f2b5cec8d1b1.jpg,7b040e7c7322692e68c30b4c3b6cb745655cf59e44a5617125aff12ef254de41
asmitha/dataset/train/images/1526_jpg.rf.eb9b6eb4c8424901aa53e917ae67305f.jpg,fdb16bab3d817a5a732d7b66ad4c6c0f5ccfbd27f948d6bce9d65fcd1d4f1360
asmitha/dataset/train/images/1527_jpg.rf.d27c2be14d8498055de2260e79c5e435.jpg,d660f994cc675d1d12f54cf41acfc586136ff26742799dd19fcc67a01ed40fe9
asmitha/dataset/train/images/1528_jpg.rf.545dd75ea26e94bc953113e8fffc761e.jpg,d89907cfa5cb1e59a48e7f86517fc64f6aa607bb8194555081c3e1c3ff9a84e9
asmitha/dataset/train/images/1529_jpg.rf.8c58ffa1f92100f15439d25e6909dc98.jpg,1e3423dabdcda88e5eb50a2eea188cc85d6338e3d21e61ab82fa27d80b852423
asmitha/dataset/train/images/1530_jpg.rf.b718031bea8428062e47227c687dad0a.jpg,5d6ae93ba4b3f04d5853699f6306338bf81c63e65e35f978deb30ba67f23960e
asmitha/dataset/train/images/1531_jpg.rf.0529b3783010d1cae3aa6539091153ad.jpg,9b257901fdcb7735ab28456f28eb9164e7b9117c7e8a15cee46910cab30224b4
asmitha/dataset/train/images/1532_jpg.rf.d24a7684f74f542a28867cc20f648066.jpg,e27125a6d2d597d46e4517038f14076732ceb5757b64024ca862ba858f537198
asmitha/dataset/train/images/1534_jpg.rf.8b844d59823d1db957cf10ddf28debaf.jpg,9c53e214f15f77e046eac2fc7a8aa0b44658e44decc3c4a7920b7207cf59626e
asmitha/dataset/train/images/1536_jpg.rf.4492b45a78b1fba6ccfd5b27fc170eb8.jpg,872e72a8624c6b08637d6d195ac130d0e145994fe82559faa2dc6383d161715a
asmitha/dataset/train/images/1538_jpg.rf.3eef3e7a64c91e69d53e810aa8dbe5d1.jpg,38dc0cd90f3bf5c87e781b97d08e3ba2ee68e927b3ae5d0a65a1752095f5f4b2
asmitha/dataset/train/images/1540_jpg.rf.f86f64d08ec25697ea47ff509f0040b2.jpg,33bae686070f7f85af0b1ad9974e7196764420cfa7cb2c21d57bd2e78dc1b5b3
asmitha/dataset/train/images/1542_jpg.rf.cfc7a8169d49302729a7e3a6161b720d.jpg,0ed28fc85fb711cd24e1d7d8c1ffecf18e2b6f36af6b0a0d607f51a29529409c
asmitha/dataset/train/images/1543_jpg.rf.39916ae7e48299e7e14da48dca333fe6.jpg,4349765aebc123808182811ee3b4fae3cc3eddbd913b7a87e508b66e9d6919d4
asmitha/dataset/train/images/1544_jpg.rf.7988b32e8ae0b6848b974dc1541613b0.jpg,92e33e43b0ca48afbf8c2fd72d2b5b3ad5b7fa46004d5a8d6c7ff05f18bffff4
asmitha/dataset/train/images/1546_jpg.rf.9d0fb88efe112d8debd9ad8dd080fd4a.jpg,c2f37ebe8ddef07217433d46b611ea798f7d364bb307804dfa7ea2894c2106ab
asmitha/dataset/train/images/1548_jpg.rf.a1aa4bf69e0eaca556eca7dbeb664218.jpg,f2492198c507f54c72314bc68205341ca84387a932787f7679011dd7210db8c8
asmitha/dataset/train/images/1550_jpg.rf.584ed1d80928706c7209e2c6b60220d9.jpg,3a11a0d0ce54fb789b05327d029e397b34449242270997138192590c57006d6d
asmitha/dataset/train/images/1551_jpg.rf.3891261a28020ae44635077de1a6d9f8.jpg,339b93f3e0fd25e2ee0c0471f15f0a8ab2d7e388818fa8ee314aa66f3e1c012f
asmitha/dataset/train/images/1552_jpg.rf.3d4929d929f0ca2023fe21d17978125a.jpg,7f6e0eeebddb09a78317e2757e8c0b8221a36a7ae5c66e4e74a461b7940a7cf6
asmitha/dataset/train/images/1553_jpg.rf.441518de0eb68f138fc811aae3c37702.jpg,33a68dfc267bd97640cb3178fe10f6ecc6b40054e8a37427e9cfcaeba2e048dd
asmitha/dataset/train/images/1554_jpg.rf.7a623a5492d6fefc5732e6b3720210bb.jpg,a79b1b4e8128e6e6a5c96ba4295398a8d67c6564b35100dc5c00e32c74bb0d85
asmitha/dataset/train/images/1555_jpg.rf.d51812abc9faaf6d421a672b10b1efd8.jpg,55569c192c795cbf2fe7342067ff4b386a7ac922ac38591747d18db51a086428
asmitha/dataset/train/images/1556_jpg.rf.410d97101da387c3c9b7e12cf0032897.jpg,8bca6c5a65afdf6c4e35135d79a1e67502d09d2dece6c8c9a4820768644fc7a7
asmitha/dataset/train/images/1557_jpg.rf.51fd09ff38c9e76e30fc9f4a518a2800.jpg,87b9f1d49e1c4e7b0399666d9451f0ed451366f96500bbdcfa17ab982d55998c
asmitha/dataset/train/images/1559_jpg.rf.010262a01c31816e8f9094cf7275a7d0.jpg,5b342192e7268c3cd6e47b012f786a344f65366fa3cb8fed819d0e668ff35735
asmitha/dataset/train/images/1560_jpg.rf.d6fad369ecf002821908406b875c9c1b.jpg,5c3cac47b4130e2953349d82cd6aaa10411354e2003a5b81a46063dd01d2dc53
asmitha/dataset/train/images/1563_jpg.rf.b2f6d8e48db6220a6be0987e17008286.jpg,7528349b40b2a235834febf7d8787ad205d1d6384a5182af0f980b210a926b48
asmitha/dataset/train/images/1564_jpg.rf.91e7def84fab395374299446a25ea47a.jpg,a8132273a3df956e4c6bd227bc81a1ad12761ad94366aa78de6b7ce904eb3602
asmitha/dataset/train/images/1566_jpg.rf.da541b191c30aff9c21502a3e9b0a0ac.jpg,7b2e2c87f904229b95e9d7e36a266dc65e1b2736655bc82f1bc8aac92961fb32
asmitha/dataset/train/images/156_jpg.rf.db4fb27b9f1f97784ac65fb2f0b201d9.jpg,36adf2512dbe2adf38175676b1e46bf223a9b39c8f823f801684d72b4b323b75
asmitha/dataset/train/images/1572_jpg.rf.3c31bbb0482765c9d2f8ab51ffe5813b.jpg,a81afb2d1b412ff5a482f0cfe59a3a347b81ea23fd4d7efd31ba2af2dfb4fbd7
asmitha/dataset/train/images/1574_jpg.rf.4c9b31d3e96ff61df639208f301a5937.jpg,aa666586d7d3887f6479ab0a4e4f1eaa570f7e5dcc5669617204f3cf2322d171
asmitha/dataset/train/images/1575_jpg.rf.33906772cc55c4eb35345f376b0f124b.jpg,76ffba1c573937389a668a2c02ab18f5400f447377f7c38a8195cfdb1cb94726
asmitha/dataset/train/images/1577_jpg.rf.2415585764bd41d16393438fb1d0459e.jpg,02fe2f560496ebf4decbcd4e070940e2a72b1510db1e1f21bd366e4da7b35b2a
asmitha/dataset/train/images/1578_jpg.rf.212d50177e2ce2497978a3e2df4c311d.jpg,607e0c0b8f5c5d1bf721896f2be42e554292668e5452df69b40a2b3ff2c601a5
asmitha/dataset/train/images/1579_jpg.rf.c271534ea1af041ffaf9cc45bcdeac8c.jpg,15e334fd73da6ef7aa772a5407bbb9a4ea4a65716eeae8dd044800954a0a3111
asmitha/dataset/train/images/157_jpg.rf.d077731269f59b2cb90cbf084b99058c.jpg,5375dc65d7b7378050c1b0ccf6bfdc2ee2f5707ee205b9b6cdd178c2b94a5db5
asmitha/dataset/train/images/1580_jpg.rf.524b75a8b4e7265deae4953cb13a8649.jpg,4dba8849663c7a2eada656950c67b052102c7e05e087d694506d9005221d88c6
asmitha/dataset/train/images/1581_jpg.rf.6421e5bf976756686da5a754927e8032.jpg,6655e04370c0057860fb1c22eb34a4e7f4c9a4738077544e6c393fce9c1268f3
asmitha/dataset/train/images/1582_jpg.rf.3befe3145c87c3c165e237d60f72de37.jpg,fbbc61ebcd17bddf2331716fa5b15b85175b8f30d56b82ed372fde7978b05a5f
asmitha/dataset/train/images/1583_jpg.rf.7741e3ffb21bbc97c46dd8290e15c9ea.jpg,595752db0766a98c6475ac2870cdbdd68a53c3fa2fdfdb856580c226bc3bfe0e
asmitha/dataset/train/images/1584_jpg.rf.77183c91140e0f45c4293af3375d01bd.jpg,9a8e6f65ebc4498d2ce4b1a2a252d9e181a2c21549dff83c88d6de0726dcbd19
asmitha/dataset/train/images/1586_jpg.rf.188781ff38384132c027172ae711ac3c.jpg,ab5c7b1c3f8f7262b2370f83ddaf68672cb9dbc650704001521e0427c4d66bd1
asmitha/dataset/train/images/1587_jpg.rf.b7f53899cc28395d3d0bd77a0ec1ee9c.jpg,09736eb13b6f284885a2e023595884a7c959e91a42968c2641778def2cc24b5c
asmitha/dataset/train/images/1588_jpg.rf.2ecc1096850c447695b16d6d80eef502.jpg,87c17e0782fe7f3c3b140685681b9d0745e2d5ca7ae53d10e6723953c9bf195c
asmitha/dataset/train/images/158_jpg.rf.0ffa231471ef297206b3228c934dd7cd.jpg,7745c9b2973b800f9b9c8e705c3099d6a580e61b83d87cbd36f5f9fd5dfede73
asmitha/dataset/train/images/1591_jpg.rf.9b2f7aa2b6d711dda4680c9790505c56.jpg,7592c5cbfd7224b71d63787c84c32b444886ff4dbeca1138bcbc82ce76ee4634
asmitha/dataset/train/images/1592_jpg.rf.b2bfa4f5551b762967bec37f12227383.jpg,e5f4ddece3f136c8c227f5f649c9bb8be0046ab564b5c3e7446000130bfb9766
asmitha/dataset/train/images/1593_jpg.rf.0673229c3ecc26813c498e42016f65b5.jpg,52f3375f1bf9f47d254a973217adfdcc78ca0b625133115ae64dd4fadf58bca6
asmitha/dataset/train/images/1594_jpg.rf.13cc2441c83d0490ff7f964797e77ab8.jpg,fc62ec96622aca183abcbddf3d09229220592c69e9d27de87c2f033d77a040f1
asmitha/dataset/train/images/1596_jpg.rf.893d1873a41698f2862f683d6cacc944.jpg,b03e16c8e5f273120896bb384c067ca7537865e62bf549d42e710d3aed9822be
asmitha/dataset/train/images/1597_jpg.rf.033ef175a549fb2e841a18ba162ddcda.jpg,8f32bf3f6e7c54da3dfe183a43f9cfd8846036338477e19fd274413bdf49c570
asmitha/dataset/train/images/1598_jpg.rf.f28202566a4187ccb544a3f8edc4d2a8.jpg,fc4b65f5d5fd5bfe997cb5ed405bed9dd9fef8e3f7c1e872aba98babe0f02c35
asmitha/dataset/train/images/1599_jpg.rf.f81ae92a8308b2f22eab9b6d06fab234.jpg,db7c14e18e7c78886a64e1d714d3842f19827b3e024c3a90efbe42a25c12a720
asmitha/dataset/train/images/1600_jpg.rf.6c09c90d5511b97aa6d76ee4e1166621.jpg,36373d8f65b5a599f00cba889c1bc27e3cc95d5de5cd1bb2881bad1d4abf0089
asmitha/dataset/train/images/1601_jpg.rf.9ccde66cd4c960b48b15d0937632d40d.jpg,085e745a4922bcbb25d454a043fd39c23a5d8cdcaef70c2c539aa8e6efcc1b52
asmitha/dataset/train/images/1602_jpg.rf.ecc10f14846a5675479fb92604b3e0b8.jpg,6fbf1101f3864c7509470598412f2e13d1bbaed7f93cee06fd9c5c1380935595
asmitha/dataset/train/images/1605_jpg.rf.88f7253b5d6d9a8b3b324b68a06281a8.jpg,b9fec8a8fd13da328d4d66b8bb23b1b816baef112e7059d58f33027a2ee63536
asmitha/dataset/train/images/1608_jpg.rf.f7b8ea8e057788ec0964c7a2b776ab3c.jpg,040c3c2c72dc6634bc02cc47f166528929215bdb41753e55b1ebf94c7e01b094
asmitha/dataset/train/images/160_jpg.rf.0bb7c2b0182693bae5eda93650475d6b.jpg,eadd2412f61d7e22ec4f0a48f92f213a6f0f0dd053d5c19dd45d57a974e54e8d
asmitha/dataset/train/images/1610_jpg.rf.982e81ca217e0e9ff564c7da65073455.jpg,afc2e549ca1e94223f01af86f738ddfca471c861f8ef92241ee4b4d18bd94aba
asmitha/dataset/train/images/1611_jpg.rf.109d92da86b0bb045a4511e4c0cf52fa.jpg,6dc1f23b6fabc4299b3dacefba44591f3f11ab7951bc6dd180a498f6e6392fcf
asmitha/dataset/train/images/1613_jpg.rf.87ff5cc1c2a8af90c05b8b6b240a003e.jpg,9e6aac98ec1853df77913fd47147094e987893e2ce35f96094463731bd3930a8
asmitha/dataset/train/images/1615_jpg.rf.16f6a032e87a77e4798ad9f121d9162b.jpg,f30e7732e4390efc5be9635f25cbd5b31a2a23da760c8508d614bf0723ceb5a1
asmitha/dataset/train/images/1616_jpg.rf.9bd397292211d9f2528d84ed7df700ee.jpg,35bb166c92e1af23b29c6ef932bbbb26df894ee4b7a379cc6b4daf29cdc877cc
asmitha/dataset/train/images/1617_jpg.rf.bf47cac4bd9a5e223653488e3a92ed80.jpg,156b8a9d41d61d9f828c8e21ac78a32cf7a094b93f492f97ebade0dc63b07cd5
asmitha/dataset/train/images/1618_jpg.rf.1f2313da86c1b04507227394a23246cc.jpg,f9921e0f4f2dd2bc3c01a850685ee86d5df55af5df0f5c6dbf8110c2ec0f2362
asmitha/dataset/train/images/1619_jpg.rf.b9abf8f8c1459d33c21ec5a4f1fd2376.jpg,3935010874d14d083b2ee253bfcb3a50f93c7bf01de70480da92060493e7a236
asmitha/dataset/train/images/161_jpg.rf.a4e758461a324a3dc113eea727679aea.jpg,d16328ba078ac130f1a48be32b0375cf60b5c1cc1e9c25a255b797095ea97acc
asmitha/dataset/train/images/1621_jpg.rf.3dafb7db3b613381b3e9ece67ec44647.jpg,499ca83b5517d6c5e24b7d8f57ad793a7b51458c77199f893f02a3d02f979565
asmitha/dataset/train/images/1622_jpg.rf.02865bf143941384dbeca76462a82ced.jpg,c1f4d3ad6f95ec17ed9a9eb33d5e15ce782eabb7a648f747448c13e5a6c290ba
asmitha/dataset/train/images/1623_jpg.rf.a1802b91774a631b947700ed6b660b19.jpg,ce425050c4449d7142ec4920ce02b1409c4330c59e2b4193af14c3b4ff6bd527
asmitha/dataset/train/images/1624_jpg.rf.e20f3fc937cc60482f00a3900ce32b9f.jpg,5c818f3c5950055df30e9b0ac93fac3cca65c2fb39eca7af6f7d440e1f35b80f
asmitha/dataset/train/images/1625_jpg.rf.88646f3849981459cb83b2a5d48d8030.jpg,b1f41d3b01d89032778540c57c45d4c83c0b1ceaaad101597f6a37c2af2ae1a9
asmitha/dataset/train/images/1626_jpg.rf.166ea286b71714239dab7585d114eeea.jpg,cf6304d12f3aaf98938e8dfccce75f4df75bbf4726608a1075a4620138e3f486
asmitha/dataset/train/images/1628_jpg.rf.485f328b26642b2ec350fe959461615a.jpg,c0aec6bf1f9294efd4e52d59752b8c3a88371c3d17f4074e5d4d39673d143c77
asmitha/dataset/train/images/1629_jpg.rf.e0b1050206712c353948a88b53378592.jpg,9be454f1fdfe01c6bcba66fe42a23ddcdfca93817b31c0e00f039a922198deb8
asmitha/dataset/train/images/162_jpg.rf.1d7f831a46558e3b76c5159cedf4deb5.jpg,81faf54a8d5abfdf8a83a57fd1a778fe1289599ff6906d93481b2819416e3164
asmitha/dataset/train/images/1630_jpg.rf.b2e59616d1e65fa63ed7922fc0a224c2.jpg,7f6b6fc98eaacc14d1d8c5465527ff297fbe64152c4dc82ef228d7201ad230c2
asmitha/dataset/train/images/1633_jpg.rf.f69c87855057b08ee9ed035b4b7dc5a2.jpg,8765b6074f3570759d72eeeb72d80544108ef74dc143cd9cba44089405153560
asmitha/dataset/train/images/1635_jpg.rf.31d6c9170b9e555250e84058e69d2583.jpg,7311c50eddbed6afd95d74b04ac224a5dcaf3b7cda0708102cb159ee69cdb8b3
asmitha/dataset/train/images/1637_jpg.rf.596c440f73a44167d32b846dc5770de5.jpg,5c646ef0eef012eca09682d775eddf09354bfa24193c2b03fe4f9500e226df50
asmitha/dataset/train/images/1638_jpg.rf.8e42a7da74d7a4047fe7758114e60a94.jpg,029e8796d0da930339a02488865097db3c2aa6cdf38fe4d84901754b9919f753
asmitha/dataset/train/images/1639_jpg.rf.59a746eb0a3a3f08fff74f81d7c5104d.jpg,98fadd005ffe1d32be08e99f063fb9dccdbab3f008a800799957f7c3d6668c42
asmitha/dataset/train/images/163_jpg.rf.dcde82f663adc08ccef2382b1046cfe0.jpg,10790d5d3a2832346916472710ae6d2931c74c74db926443fa620592021bb1fd
asmitha/dataset/train/images/1640_jpg.rf.f40130a4d5c04babf7692d485eba14a9.jpg,3942df6081ada8d53ddc14d24113a85e38cab17f28d37fccff99b32ba563fbf0
asmitha/dataset/train/images/1641_jpg.rf.7fc6fd6c0c5138534058bc3a758d68ec.jpg,150708a36dfb17c937a743d5ce71adb51b1f7b9780fcaa9f6d28a9246d3ae210
asmitha/dataset/train/images/1642_jpg.rf.a1d64875fcddaa6f2cb9293ae197aa35.jpg,d49e4d05d5aaf2543015193638edcde9f409a8fde249883920eaf7678fe1c4e2
asmitha/dataset/train/images/1643_jpg.rf.e5b7cc3de4e74a82d7d4a9741f8dc7c2.jpg,60045349d213727cbf4965e0e14ecd88ab6fb2392a80be1d112b5315bec7f4d3
asmitha/dataset/train/images/1644_jpg.rf.ef0f5ad3d22a6f0163aa2be332efd541.jpg,08220b933b04b7d88b8dfc76433da542e0a6ca4c5374696edda7988cc1cc3bad
asmitha/dataset/train/images/1645_jpg.rf.7bad5a207571a0260c8f939eb79124b4.jpg,719384457ec6560c1c9dd5969fe3b80efec4e9de742ff4fdff0073072bc81a22
asmitha/dataset/train/images/1646_jpg.rf.d42dfd7128f4f1985c29cced87e1ebfa.jpg,10a80ff0efb98ad54a9892e6771cccb956a6d4c7e4507aae1ecf1630a3b0e1a9
asmitha/dataset/train/images/1647_jpg.rf.7a265446883fc122d27984f29460ac25.jpg,edd5e215bce4f93bdf28da19b944de1c0bfb9f025acc7317ded85e9b7468a315
asmitha/dataset/train/images/1648_jpg.rf.41650ea2c41e72fe79ddc3eb3e8f50e8.jpg,c4b9c3b9ff8b9d6a994920838037bcdf926e8fcf10541c4e522a4fb65a8ec160
asmitha/dataset/train/images/1649_jpg.rf.ce8dcb31ceb81291e3511388a2885e51.jpg,e696116ad24eadc6bf5638747d8110f087962413c4805c80f6b7c9b38ba7afeb
asmitha/dataset/train/images/164_jpg.rf.89eff7e22fa50d4d31c92a041ed45312.jpg,98f8f5873082cb1ddf7fbd18529e37a9d49666ab3baf9d6fa2ef8bdbc5fbeb4d
asmitha/dataset/train/images/1650_jpg.rf.540036de014130e03c4f01c69a40e36a.jpg,238e8a15235f89b6b55a01340d8e9cf60d23a4233f0a3addbbde80e5b64cfb7b
asmitha/dataset/train/images/1651_jpg.rf.a7d8c5e2883ed7f8843c918034a75b68.jpg,e2ff642dd0518c04a1e17d0d26b6e919c51ff884f221102bf94aaa015a08ccee
asmitha/dataset/train/images/1652_jpg.rf.687903a9442823ffdc20323328b60b07.jpg,7e6e422ac110409e49857bc640e21b54664ce233f2da49054823492aae1721d3
asmitha/dataset/train/images/1653_jpg.rf.1fbdf62d5cf6ad7aadf01242a8bc5c14.jpg,55f47d71ac2241ba658dfc70b39f1799dce5906502673ac0b0ca879fa5d6f765
asmitha/dataset/train/images/1654_jpg.rf.359584fe2e61bd5f5c99fc4ae6b1be0c.jpg,cc240a3b1c68e8974794926e7c59b4331193c15ea425752ab5e0dcb3608b1225
asmitha/dataset/train/images/1657_jpg.rf.47dd0de34064f60aa79d09d7ed72408c.jpg,f0c6548bea2de1daf4104df9de56c8606cc0b58ab52655e108b090e4cd701d84
asmitha/dataset/train/images/1659_jpg.rf.5dc624114337bcd3ddd4052ef913725b.jpg,bdcacb363c08d96d8054b944fde989d230de2383b41bed445fb408884abc5e66
asmitha/dataset/train/images/165_jpg.rf.392c5b946a6935d91cbef04dba783e4d.jpg,c9429c2589dc442ff00fb75b2d6036e42dd0014f7dbc13c9b0e340bcb9d006b9
asmitha/dataset/train/images/1661_jpg.rf.52cd3e232c4d3b1984a447fc9a14f4ae.jpg,2e001fb65d5af2da8091ea6932574200519bb098f3643795e649cc9eac3b58a2
asmitha/dataset/train/images/1662_jpg.rf.48da758bb8de23407ba191095967941a.jpg,d550218e4359c4602b3500f9c4e1b7d119bfbd7b6f6ecc6ce48c5ed7033b06c3
asmitha/dataset/train/images/1663_jpg.rf.c639851b5b920f55d618eb2a2320d975.jpg,2b80435b4b093e3214e8ffb86f82e4aef38a1a28568c0b517f31a8aee1d3e274
asmitha/dataset/train/images/1664_jpg.rf.0900fd1929162349004fe7ca7ddbb107.jpg,b779811fdd53cbfa65b3e024a5a126fb581c4f189773bc11ab949519759cd670
asmitha/dataset/train/images/1665_jpg.rf.8d0083f91e1d40b8ee498f4174189b23.jpg,cd3af36f538b37542f0031445e9753bd21f79edd71931fce8e4b5f45f9cefd1e
asmitha/dataset/train/images/1666_jpg.rf.cdae4b3843cd4b0c1d8ac060ba73bc41.jpg,4837790e90ea5d8b5acd32dfb1fa5ec25894da6616a9d70e835b75447162ff28
asmitha/dataset/train/images/1667_jpg.rf.1f0c7f978b145203d1d4214a36e448a3.jpg,a343bdc74755ec099145d4cc49f32d36bc2d5b588c2d63665425070aaa36d2be
asmitha/dataset/train/images/1668_jpg.rf.19276c30057d415c6ab7d03f4175064c.jpg,8337e2387c081b44abbe12cc47f084a69f3f1e662de8acf2db01b42642333c8e
asmitha/dataset/train/images/1669_jpg.rf.543f630dbb7bd1ca4422f58cd98a75c7.jpg,7f69182ae1df8b800ed4daaa7430a6fb80cdea4e1b382dd8ea4291b3c9ef1ee5
asmitha/dataset/train/images/166_jpg.rf.feaa6167260ceb6dc4ad02c9632b3543.jpg,b23aa464a5820d3cc86833a06f7520bd1c34f4fef46e36909a818d217e93d260
asmitha/dataset/train/images/1670_jpg.rf.6d2f53d34d3c2dbbeaf456975914db51.jpg,b6982b9341f6a6a97b5017a1b61c6f832c2b35f66ac5e6b5d9bd49de1786fecf
asmitha/dataset/train/images/1671_jpg.rf.f6e8e0f1d32801ce1319aae2825bdd87.jpg,7acac89023e63cb9290bc7061181d325217ebb0f99c080650715b96a1f9c7ffc
asmitha/dataset/train/images/1673_jpg.rf.cb534d7960f76fac669e962cd3bd4d91.jpg,fa05d10380b366f6ea7d89d1452ef76e3ac239697eb2108ec1763875e0816f15
asmitha/dataset/train/images/1674_jpg.rf.441ef1eb24a7b8497a53eae0cbf9b5e9.jpg,70767bace2f70dc1d5e7283093dff4c70e518dbc0364c970a7424db48a908b21
asmitha/dataset/train/images/1675_jpg.rf.75a11aa1079b8256a4bf0a5a64d581fa.jpg,944225974ca83d4f9f4ac0fba7eb9c8bb37a3721852f721d83a2cb59dd556a3a
asmitha/dataset/train/images/1676_jpg.rf.fa533ebc16913e8e5a37f3eddb6da26b.jpg,73dd84af9ccbb48aaa1ece8088c73029cef303bda86c51ebb221aa1bc1864ad4
asmitha/dataset/train/images/1677_jpg.rf.f5a996b349b732e8a4822f46f6e3bf5f.jpg,5d9a2223cf7850b6adf661804d89ddbb5f39900b453861e4f22d746856dd9ccf
asmitha/dataset/train/images/1678_jpg.rf.8f10549ddbf3de27b36848e2a1696fb4.jpg,0976b3a7a83646e1f796776b1ab3b1ca3652b4788848f35d6b870ad0a85ed99d
asmitha/dataset/train/images/167_jpg.rf.d575a030f67db2ff7d27454b355612bb.jpg,310a100cb6553a9facdb4d8e2fabe410f525f4031bb9c01485746cc5e77d8980
asmitha/dataset/train/images/1680_jpg.rf.b409b6d4af1107eb6ffaf87704012219.jpg,9c5778cfa284d136f0812f359164027f46b43bb2e2ab34279a6ee16ad71907a8
asmitha/dataset/train/images/1681_jpg.rf.2e53a09bf78a34ecb6cbb312e8a59f8b.jpg,cee2163cfa8029cdc3ebc9689e143c52a8efdf8632eb8c447fe0666928dc5b2c
asmitha/dataset/train/images/1683_jpg.rf.84da24073ec6ee5ea697c6007413e606.jpg,a487af4b6a67620a9a65b05f4ccbdeb113d336b576e3a3eddf382cee1e0ffe0a
asmitha/dataset/train/images/1684_jpg.rf.90862f5ee9142f66a53e7e6d6ec68436.jpg,4a3282ac9bc78d7204af324138e07010177a6769c170ce5ee9167d54f6167202
asmitha/dataset/train/images/1685_jpg.rf.1ce991e384ea3c9db26a22db3aa8a266.jpg,d58c86652e171069dbc3522ba6ed85a451edc7f0715c00d4aa03d4ff244d68d0
asmitha/dataset/train/images/1686_jpg.rf.70881be872ad40a758d140dd828aadfa.jpg,54e0465a796f09334f18bb752b043a58bed5310128a93fecad3f12880d09838c
asmitha/dataset/train/images/1687_jpg.rf.f8340f2f384f8001822d8050225a0b15.jpg,2cd56f7b50393bd8253e576edad31d4f36d2a11ad18b0bf8b28deb5b3f232866
asmitha/dataset/train/images/1688_jpg.rf.998aa624a349bd8a7bb574e22fb81780.jpg,f8c6df7dcf0412e4adc792da5180be3f99ce1b32df9221e42ffd634a7154c70f
asmitha/dataset/train/images/1689_jpg.rf.747fdafc60bbc36cd529d88e720b86c8.jpg,9bceea8079238d6393b8753cad54c61bcdedcf3ffb84189c40c4008f48c0e5fe
asmitha/dataset/train/images/168_jpg.rf.c2feb61c5c2e8b5c32bf28376f0e3e9a.jpg,2e33fafd8eeb7dc386a6fb0d9ad2b884d75d4ac5eab3f08912a01aae34cd8628
asmitha/dataset/train/images/1690_jpg.rf.d737e51e50c259922c3951d2b72ce152.jpg,ed7884b82bb466febc2371e9db143405dce142354917c867fc150bf08f2bf158
asmitha/dataset/train/images/169_jpg.rf.02535be295eaad8d11077ecd3f099d12.jpg,c627c4547f6ed4081ae488c4f71105e744e67e95887a858f049f227656833762
asmitha/dataset/train/images/170_jpg.rf.e06d7571809ffc8ca9ccccd3ad303d45.jpg,177e99e7768b93ed8bcc7cac23a21fa1cf244d3ccdc7d945fb57257242432eff
asmitha/dataset/train/images/171_jpg.rf.fa0ea3e01f86d8fd199c79d85123a78e.jpg,7a9678f0c71aa064bd6e37c792014fee86c052117c70ae43c913d3e919a0b044
asmitha/dataset/train/images/172_jpg.rf.918819ac45853a8b1f81f7316ebfb59c.jpg,bdde18550c8d8b0bf5a2ec6cf7cb7c2655e4f368abc27be4e4fc9514179ebd75
asmitha/dataset/train/images/173_jpg.rf.f0d4d07d32bcae3902055f059be7cbee.jpg,8bb3e4e07983d8e36d5ced38137fae79771256ed2bae3193025741c6e9b25e0a
asmitha/dataset/train/images/175_jpg.rf.303d349910e9168736b22efa34fb76fa.jpg,b9d4ce81af2838ee134391d6541b7652cfe7f146445a5f2212e69ec71684af0b
asmitha/dataset/train/images/177_jpg.rf.be91f242501806270850722f73a444db.jpg,df5488bd988d04017d87ebea3d2a07797fc07e4d6f773ee87683cb0bf97aaea0
asmitha/dataset/train/images/178_jpg.rf.f801b870d9189926b3e0b9f8c9737837.jpg,5b599895519c67bf61271281d9074243335c957a1e2a0aee7eb2cf0edf2808aa
asmitha/dataset/train/images/17_jpg.rf.de7b13f184c56e4c9e25767bc81f0e1d.jpg,ef1b75bfa2182e2ec889c46a3f7bb61c1921066d2ba8ed354917a9c23615433e
asmitha/dataset/train/images/180_jpg.rf.78e63394bd17124814ba0d0af446b679.jpg,733358d8e3eb2e4a50e58e3109d3f32f0feff18814546a6ac80570e734b65edb
asmitha/dataset/train/images/181_jpg.rf.8a91452813b12540bec79538d5b1ec90.jpg,656670d134cf4b40d0545850ca0276e6503cb99734ce3caf6db6959f6c840a72
asmitha/dataset/train/images/182_jpg.rf.b9b42c4f535b349ccedd0095e70761c6.jpg,6892b898f072ff1d97479ba12a79b05fc96873074c8b6b251064a448d03b235f
asmitha/dataset/train/images/183_jpg.rf.663e1ccfd5afaa37a53794fcef86a32b.jpg,13e7c5faaeaf7ab0d94bd3b0b2e08665d47e4792495ac6c1ee8cf2c2297be40a
asmitha/dataset/train/images/18_jpg.rf.f9f29bb082d55f17f0fe4bc5767f107a.jpg,eba0b4709564b9afd9c2fd7627fcb63456e917c49ad3a98218b7c3d7f7942a09
asmitha/dataset/train/images/1_jpg.rf.4c07e34e22b10f60046024fd0f4ef20c.jpg,2b3d8ca7071b704c82117249c67e40e544f692869295e0d417630b49ea1a8020
asmitha/dataset/train/images/1_jpg.rf.fee686b698f9fb13c3ae2b6d560cc198.jpg,da8cc6f9f086d6f0a06d20127a86cfd2cba73f03961aeaf30559451f57b24192
asmitha/dataset/train/images/20_jpg.rf.77b1f06622fd609a8ad8d4d521efc34e.jpg,e4b5e18cdb553fc5edab710871d321f09186768c159924dfa07d765f5ca69df4
asmitha/dataset/train/images/22_jpg.rf.fb717f38418583721d0219facd464a99.jpg,0dd129113ed905bd5603a4fdf12cf9c988a057e6b627416615214c5811f7d8b8
asmitha/dataset/train/images/2321_jpg.rf.75568cee54aa816bf8758a1733d28325.jpg,e285d1b70d5e77ff9ffcb8c3dd8be01beab701f5271d5e96f71bc39ab22155cb
asmitha/dataset/train/images/2322_jpg.rf.e2f9cbdacdd347fa314c527ca595b173.jpg,d2fe42797b60d2bba2ac3b07b1ff9456591e050f1160003213e4e30e62da5442
asmitha/dataset/train/images/2323_jpg.rf.8d160cd0c6d559a2854c67ad08214e93.jpg,204bcd5d1aea1393143e50a12665ba6f33b7badc48958d7e91790eda837068dc
asmitha/dataset/train/images/2324_jpg.rf.93502662edb8315853a03b1887a9b91b.jpg,cda7272ca920a9aa0e644ddcfd0a66a7cfc3bd3d0617e4fac600df650babb572
asmitha/dataset/train/images/2325_jpg.rf.7f657dd9879c4cbe84ca5b7f2abb81bc.jpg,ef86054a9f1c17ecef8eb98dc6bb8c654b9ec9d5ae5ac68e30fe79058043945d
asmitha/dataset/train/images/2326_jpg.rf.b019f2a347570b4c500df9bcdef7bd22.jpg,02e51efa1dcc44a8f1a8e47cc05da9bd23df582b5ebba460427534f23ce1e9a9
asmitha/dataset/train/images/2327_jpg.rf.0fd2861d1e3fb885090115c88ff7648f.jpg,4b5f9abdf88bbec6f07e4bbf5558dd82043f9c35b3488932670ac1acead35b24
asmitha/dataset/train/images/2329_jpg.rf.9b2286022bb84d49c20f560777c85db0.jpg,17a03ab3a518c3d1d55fd1e0eca60c375fc22c0cbe7e7a2a867d009f4877ed1e
asmitha/dataset/train/images/2330_jpg.rf.b5fd2d1aaa3a3dc69ac4fe5c5a9933e2.jpg,d37b8d8b34c365a78d471a921218dcd0e94a7e35cf7f5548dc4ac9467b1eb574
asmitha/dataset/train/images/2331_jpg.rf.e0326445ac2771373ec1053b53f3ed44.jpg,5b0f614345f4ba710c9a1b995831dbf29e8901d01052257e846d52615ca27491
asmitha/dataset/train/images/2333_jpg.rf.e5aaff02eb40924cdf210d628d446468.jpg,dea8549fdd82712532a52b5fb937411239908c7e1b833fd7f15f5f70e9c99b25
asmitha/dataset/train/images/2335_jpg.rf.604ceb1de7fcf3cc50a91d196edeb454.jpg,b4c2431a82923dab9445c542ad13f8e7497f958f3f5edf0e52af63d99fc7ac3d
asmitha/dataset/train/images/2336_jpg.rf.39b2fab8051e8e8b37f05ff840e93dec.jpg,2ef3bebf9ee01259f405a051032e38a09ca9f3d51b3cde4bc39a78af2e2aeeed
asmitha/dataset/train/images/2337_jpg.rf.7a1075ccef9668c25cf1033a590d925c.jpg,e693cfefd9b0fb7abad41cdb649987a4314a4e1305937184b04fd7d7a00c60d8
asmitha/dataset/train/images/2338_jpg.rf.8c7b6542199583ea9909b2b9e45182c2.jpg,d866187f42b6331a8fbb4e9f577d3a42ef08778df141373badeb4c2331a8b1a0
asmitha/dataset/train/images/2339_jpg.rf.4b9227cda1ec918439c16ab9fdc0d34e.jpg,bbd6b374937b3101137eff525907d25d39c22b4cef6527e3cd8b916439377a9e
asmitha/dataset/train/images/2340_jpg.rf.f84de9e66937baa5579865ddda61efea.jpg,65ac6b0a80bf54923199f30d31c531909697e99cbf5d683f7ddba29cc49f4b89
asmitha/dataset/train/images/2341_jpg.rf.bc95836c706ef19293a31647de076b36.jpg,358f84c88332fe9320b9ea716820907840883d81102b72dd30458eabda83731e
asmitha/dataset/train/images/2342_jpg.rf.9f9cffcbb50c3762842e84c3531f6225.jpg,f8219ffe6e9f4c1371c64ed459fa5e065814e6e49ff661a50505d6146ca3aa2c
asmitha/dataset/train/images/2343_jpg.rf.55f9c11f8e1276d3ea1eaa8dfa8d68b2.jpg,1d29a5ff6f548ae64b6918bff61edbe603d75bc73555e76b070cd19de746912b
asmitha/dataset/train/images/2344_jpg.rf.8324ab7255da6828f1a3203fcb4e9195.jpg,042b9f2c21ce16ba984997911756894c550615bd0911a3a82c8faf0396423e7d
asmitha/dataset/train/images/2345_jpg.rf.dc364c6e19aea8d33500bf5ce6a113fd.jpg,a9aa2d8b5bcec1a7e5d4d21ddbf51ce612c6b8ec7d250b04707e0b3fb22f166f
asmitha/dataset/train/images/2346_jpg.rf.2c3f80ca836858b46d05f965900b5d23.jpg,bd34b74b598fbce03c677b88a2b126c1baf364e59f0308e0b2b7b9feb00b688b
asmitha/dataset/train/images/2347_jpg.rf.24d62ae1ccb97147c73ec2758ddf3413.jpg,b426a182ce469d03ac43052b3e47a1aca9ce08c9ecb580e0794b0d6c33aafa55
asmitha/dataset/train/images/2348_jpg.rf.3bf9fcff697a5a1ffe7f9a8efcff6f86.jpg,ac47e8e100f1caeea5c0562e0a152c473c2f3714ab0878f0713c5407b684f54b
asmitha/dataset/train/images/2349_jpg.rf.56468b36127335fa5cb3a9cdff52ac6e.jpg,19a551c58c7292c67215b4eeb5343d6de0a0e5f665651ac4486b8523f69f1c2b
asmitha/dataset/train/images/2350_jpg.rf.cd24e64369b1e203ee6604653be839c2.jpg,e8231bbce5545668fd27c511be778c3f02bac659c2a38432fd50340ec2ba8458
asmitha/dataset/train/images/2351_jpg.rf.c3cfd64713db9f613210e6d65c580427.jpg,8ab5c34b9f4d69d5bbb9cdedba7c9aa752f1c69eb0dbc068de5e8fc44a525053
asmitha/dataset/train/images/2352_jpg.rf.99054d728d60cb5dd0a717cad44c4daa.jpg,2d83cc37806affba29fad842061be867d946a2fd98339688482bcc452030f578
asmitha/dataset/train/images/2353_jpg.rf.7dfdab08ec31c5565ae62c990f92aff8.jpg,c39575ab81e3837723aea9f2428a062c6e73e9775ceec0f5b8757f70e66b862a
asmitha/dataset/train/images/2354_jpg.rf.9a766932519d959ae2b2cbc3db4cf8ce.jpg,c256acca4b9460b7234d9e156192e60ff940f3f3c6cbf93302ce37c87b92c426
asmitha/dataset/train/images/2355_jpg.rf.a585da18405245340a728e3f0b16c575.jpg,75e4c636704dbd598b7ab7de9e79d763bfd97a5416aad501ff98cb0056ba03e8
asmitha/dataset/train/images/2356_jpg.rf.6052859e64bb6e456703daff0f47548c.jpg,1409b5b48ed4b950f265094b4a02c7444bf1bf2bae7f3727b2ab11b0bf7825cd
asmitha/dataset/train/images/2358_jpg.rf.0decd67ad38510a2cc402e73c1ca113a.jpg,270aecebccb272f863b1c3ad29dd67371cd96252bed3b307419d856a13454710
asmitha/dataset/train/images/2359_jpg.rf.7c2129e0d6a94440d21095bcf6ebe12d.jpg,4208dc80b7d8fd9701c6e4ac9982048e09a1896061b064dbdffa6f21436ea3ad
asmitha/dataset/train/images/2360_jpg.rf.a00fe0012d40ea12e568f78e653c83cb.jpg,f567159a37b132419183f977b63da38d18a775f9b10b05c0103e056cc1020f83
asmitha/dataset/train/images/2362_jpg.rf.b4d9fe3ded6f56928387ab941b8a0bdb.jpg,0140c9964d01fe7d9b4a26bf2255919be9db78cb9b0e6698a421602d8dda2419
asmitha/dataset/train/images/2363_jpg.rf.1a10256ba637847e10ac8b905f57c092.jpg,9989f6ec4ab3eaded1df73d8f7cfefb602480713f7e9da9e026937bc248b1d16
asmitha/dataset/train/images/2368_jpg.rf.4011bba9c17e128bfbfc7d6fcc428839.jpg,855ab024712aeda505378724ec3ca02fa3204cedf6b55e60c1c56bab7915f559
asmitha/dataset/train/images/2369_jpg.rf.76a99ecf127b634468164f20d6e7ac88.jpg,8e74bf7cde86ee988a89d0d51d5ed53d902cda357b5a742da1e19b1e75313a3c
asmitha/dataset/train/images/2371_jpg.rf.2413113ad140c5b0f59300cc097c3876.jpg,c9d3c36be8521117458626079f31cde1888361ffe2f692b03febd23ee88aa823
asmitha/dataset/train/images/23_jpg.rf.f89dd42b15f53a64409441c9ca15bfea.jpg,895f24f8cfe4664cde1890261a7594e4dae466868601c17d1c2869183a2b43a1
asmitha/dataset/train/images/250_jpg.rf.bd98f6274023eb52d1546442bd0def11.jpg,0c41018de3f0233c17d39a9fc2734753fd0d32fc54314276a4aae58432c689ab
asmitha/dataset/train/images/251_jpg.rf.8742bd222ac6d4e68f0f485388b11eb9.jpg,52889cc9b564a65be1e735672e2a8f81c8bb22c7a9aa8185a5377b19a5dfd3f6
asmitha/dataset/train/images/253_jpg.rf.92c235408d22b1df47abd5473e4347f5.jpg,18e628dbf5ca91c92a2519965326f9d2d20fe5a786b6e636d8e88cbc1a01c266
asmitha/dataset/train/images/254_jpg.rf.b136ad27d138c8b518b9dc8e631cd9ac.jpg,37a39b28718c8bd08213d9073cde949e606bcb255ce51d9d1394a9cba62b9dad
asmitha/dataset/train/images/257_jpg.rf.2dcee587f1c52d9370de0825cce3e7c0.jpg,b07f7735c5340843820e88597f2ba52952b314d3e8edd2a0012af3a4eb7a00d5
asmitha/dataset/train/images/258_jpg.rf.64935d2ecc75e0415c17f38154271e94.jpg,a62038cb00b5770b06f6f5a141f2fce6e1cd3c43f9187ffa8b4e83ba137217aa
asmitha/dataset/train/images/259_jpg.rf.2c50df98fd298d7b53ac661c255bf583.jpg,abf4bf9e8137f762adea45fc4ed6b9354d46b496ce187ca3d6382a3a76fb013c
asmitha/dataset/train/images/261_jpg.rf.64b4b56ec810e1265a5e2bd23a893050.jpg,33d7f8da7f33b7b20e41ce2d992e1b24c29c6b1adcc463029c0138c278dd8141
asmitha/dataset/train/images/263_jpg.rf.4078b73741199774875e2be7ee0dbc48.jpg,3aba98665a86d808743f94e9977bb109cecea9b7a9c0d38bfd2da8ddc884047e
asmitha/dataset/train/images/265_jpg.rf.b2cab23312ee81942eb9084ea6e401cb.jpg,bdb80f8ce4514bafa8da94b3031c7c60ae0a3761340151cf792116a132698e65
asmitha/dataset/train/images/266_jpg.rf.1c9f92026c0f68a6db04eab2f7ba9faa.jpg,69f16e706ecffaa439d512d8302259fcfe3a01e098a2cc2c05eef36beae9847e
asmitha/dataset/train/images/268_jpg.rf.44ae0dae2a3eb4d9b655c1bb0bc502e3.jpg,e1ad7050c9a7b04d1cae6163cfd43ab894a170472bc8b82f0560f0bfd5b96f94
asmitha/dataset/train/images/2695_jpg.rf.0f033b5fea31927351377ff92aba2ab1.jpg,756d225e077444d6c979ea53b40236fdc2be63ec8e057f68f74f3805509ef679
asmitha/dataset/train/images/2696_jpg.rf.922a28755d64ab6e773cc932681d6b51.jpg,605e7134d1bd7a2b049c8559227c2c4b22bfe05ff71ed80fdc9b0fb3c6b3430e
asmitha/dataset/train/images/2697_jpg.rf.d5cd33993f27dd8f0e9a3dab9c9509ce.jpg,373d448f6f5b4f9e49e25a96b321bf61d71251cae8c1e77cf381d820ce63e902
asmitha/dataset/train/images/269_jpg.rf.54a3689ddd7f1c05971af8b350512f20.jpg,587aef4e2d5ccbec2ffe0de69a568be5a5c7e00660da88a9faff90992a828618
asmitha/dataset/train/images/26_jpg.rf.ac6d9c0f9f13bffd531f531e9ec6dc93.jpg,4941116c94b26dcd08b83cc58943a65171aada0362bcb1a2e715aacbfa90b3c0
asmitha/dataset/train/images/2700_jpg.rf.b7c2cf056425b7947c5f3ccca3b894be.jpg,bfaecd2413e83c5e49fbe714a8614babbf5805433fd6fdc735c9c57c0cc54e87
asmitha/dataset/train/images/2702_jpg.rf.1198210cdbc535c688fde2d737351ca1.jpg,aacf37a9807b80f80f37a94b317aa069695a0ecb05a5c03070fc5bc187e4b064
asmitha/dataset/train/images/2703_jpg.rf.b185152c0e5233afad725b6300704ccd.jpg,358b4f0c0932e3251d9ba79b07fff8a2abd2e8a3ab52534989daace71359adca
asmitha/dataset/train/images/2704_jpg.rf.eb210139d0c19360a0d348dd7ecb7472.jpg,fe36441aee9e605ef4dfefa3a68715413ccc257720841ad75f1ec871ce913e78
asmitha/dataset/train/images/2706_jpg.rf.be7e33092016d7b5defa9e47566b9540.jpg,1a3ab35467b21917563b69a3e37c7ae19e24a5d330ed869aeeb946b35567e26d
asmitha/dataset/train/images/2707_jpg.rf.bb998739d0adb08fe5797b3c50e097d8.jpg,e52612268ac8363c8a31491fb92bd0720b93a5871b15ca50ffaf40404ef93928
asmitha/dataset/train/images/2708_jpg.rf.da811aa86399161b73139699654b9ab7.jpg,580b455e8117037dbe7794829f561398e5907d5e8439d112d81716a477be1fe4
asmitha/dataset/train/images/2709_jpg.rf.fbb4dd25b0648a480c42d8b38dd5ef0b.jpg,8c1dac7af27fac331c6aace161c6435f7924ba97052b0e64bd26c7b9ba5f1384
asmitha/dataset/train/images/270_jpg.rf.05638a9388e8dc31f18aedbc0472dca0.jpg,cb7b3255d301f0df6966187bdd3ce6c52c4ea746cf3cb5bbde3bc664985fd3fa
asmitha/dataset/train/images/2710_jpg.rf.99eeb981d09e58a5126420fe699b29d4.jpg,c9074dfd2078c8f32a0bb573e21bfe1f4682940fd0de544e2ffa0d5d75a42377
asmitha/dataset/train/images/2711_jpg.rf.b56ca2aec92e6b4ba0eaed0a4f1ffc20.jpg,428d8075402c349475d0fa096285f9544ac25e5b1d5bffa3c726a6823ed65381
asmitha/dataset/train/images/2712_jpg.rf.451542fca979a94bb9bc44764f569940.jpg,ee192712cd7ff755ef6c467f53ff560cb86e866f88d020eb0eb1d3b3c063738f
asmitha/dataset/train/images/2713_jpg.rf.080de84e8ef5113fe048a4fb3378f6b2.jpg,ce739c741ccb13ca814020fa15a17c4ff15413e73da51da342cb7f72c58196a2
asmitha/dataset/train/images/2714_jpg.rf.b091a3802da24647c72c07d7616b4422.jpg,067ffb22aff77808fff2cefb85dde19ea3cfa16daf9b5771b2963b32a2bf10e3
asmitha/dataset/train/images/2715_jpg.rf.7922eb1da888f23a8a0f26e5d0479543.jpg,64980f9a4796c8997a46e8e3b6303c44ddf352547bb40cef09a9783a38b9ac4d
asmitha/dataset/train/images/2716_jpg.rf.8aca929b80c5ade57fc6da55944289dd.jpg,4b95b2cb9096f26a875203d62b20d39d75ffe6ef391ce690d13c5ab271761a5c
asmitha/dataset/train/images/2717_jpg.rf.7b8add9504ddfac51ade67f5ff6f1d04.jpg,274d51d1689ecac09466826a9455ee445313347df4714959636ffacfd32f8789
asmitha/dataset/train/images/2718_jpg.rf.26bce7051865ebe36d02328535ef14e1.jpg,21b1f78ddf36e82ca3a8962b7fa6182cc07aff129ff636b843657dc42954dd7b
asmitha/dataset/train/images/2719_jpg.rf.2e5516a0e4d42d4480eae87b8c28296a.jpg,1ff485b4b5e03c0d2d2cb5c53098542113cdc99a49d2636b4a050134f0402a46
asmitha/dataset/train/images/271_jpg.rf.fade581a27770b84425ad5b3f5e8f284.jpg,ec11a1ca851a09baea4739cf2d3569c29bd9a14b92610a004fea1f78cdb2d817
asmitha/dataset/train/images/2722_jpg.rf.ca475a8856dcda7965ea420973d1a810.jpg,a3d5f66f724f5135086fde3914ec79eb9d8d197cd8eb7a12c5d591784ce0b2b1
asmitha/dataset/train/images/2723_jpg.rf.d6d3ae07d8f3dcbbd46de4220b8c29f4.jpg,20fee9f31d7827e2a162ef260f359855c2cecd7923f30c1a164861b4b6ba9e3f
asmitha/dataset/train/images/2725_jpg.rf.d36893899f81d43ec84db0e4210a32a3.jpg,f10de0a651ac0b7f2eeca8e03f57fa521070c85d8274cf9d87496cf5654e7a9c
asmitha/dataset/train/images/2727_jpg.rf.d353a4553d4a6a7a6004c9729c48f229.jpg,573ca357f395f471fa41cf5eda2565af1be8b2892696e2ef5eb98ea73e83ebca
asmitha/dataset/train/images/2728_jpg.rf.e6c346e29c72f5bb58d5abe6b8df1648.jpg,debbb9c23393822030c41e4f14140b8ccf6774faac53ad3e37693637130f6c80
asmitha/dataset/train/images/2729_jpg.rf.7bc0fc47a877b8dbbbd85b5afc1e510c.jpg,d41a33488a4733b6bf89f9ae950e453b499761eefc100088170c276325556f2f
asmitha/dataset/train/images/272_jpg.rf.a050d4853f8197a4234561fa68104280.jpg,1d4be33330bc44d4e21f12344faee0bfd08ba2e5e5597bc6d0025dcc37ad987f
asmitha/dataset/train/images/2730_jpg.rf.40a6b9cbbc9af438035550a83ecd8fe2.jpg,aec11bf66e99895703e3df80fa4ea6c89a02efeb46a8a4e08e2127b33e97b389
asmitha/dataset/train/images/2731_jpg.rf.0624d1e0e46111a03ff5ee207784266f.jpg,c53a3aa851a360c986508a7d24f7d3327b5e9495778462200078e91d22354eb9
asmitha/dataset/train/images/2733_jpg.rf.2ddb918c429f3b125cbe84e42b06df2c.jpg,c4ac50f172faf5eb0a66a294e87215301476c52784c36fbdb1568c473d7371ec
asmitha/dataset/train/images/2735_jpg.rf.3ffcc4427f979a05708bffb0b2fe9980.jpg,d420d2948ce5d5778f862a7002bd45459209c5c39d0a73bd9517f145c11f5cd9
asmitha/dataset/train/images/2736_jpg.rf.a099d9988dc978e228b12dad417d24f0.jpg,1160b46982931ef26cc9af7b8c2fe7f88fc2c07d114cc193f9c2df31ffb5a8ea
asmitha/dataset/train/images/2737_jpg.rf.c619832e9a38f6482f56c364db46f36b.jpg,6374d48d70678a6b09b8117f4cb828849414867cf12f9b35851b17fc1f234e22
asmitha/dataset/train/images/2738_jpg.rf.c080d92b86168f264e3d5e389ebc3b1f.jpg,55c223fde03ec51055829677b39d87cf39a2c19fc9584cac28eb44fa6c735176
asmitha/dataset/train/images/2739_jpg.rf.15fa219d0ccd66540bc4c573f29eba78.jpg,d3c9359898dc380bb6b8a727931bb15f7859f3f711cc3c86f1f17c76bdca9982
asmitha/dataset/train/images/2740_jpg.rf.1d7892905952c4b1816536769fea433b.jpg,e34721fa2a4693349d527174cd7e4657fcf560db9cfc2209b16b5e81e54a21a9
asmitha/dataset/train/images/2742_jpg.rf.c8be40bd224ebf5f4c60ca5053b40778.jpg,6799cb7bd0e9570090414819c3698b64c8d308d6304078c26178b7f3d661a638
asmitha/dataset/train/images/2743_jpg.rf.944c589ea13ed9b31f299c95704b5a19.jpg,6beab380d5b24c35bc747f9a6d2b6af354d41ab4ec068665ea4dd6a293c8aa77
asmitha/dataset/train/images/2745_jpg.rf.f0c4eaa92e22383fcc6d9ca23929af41.jpg,75fcb47f59e3ecb27621a31f60d87cd807ae48f39c01c99e5b321ca9ef854609
asmitha/dataset/train/images/2746_jpg.rf.89419efd90414b67246eca2e7ab8b7f0.jpg,490c8e2fe11f1d5eff661f860e9d972771a3097dc8d82721cf267b636ac7c3f5
asmitha/dataset/train/images/2747_jpg.rf.558e7ecd9d09aed5218abde0b848eaef.jpg,a1d7165f06e62e655322837a8100cb95a508ba194f0d2a936231971f7bf711bc
asmitha/dataset/train/images/2748_jpg.rf.b23ea2bc5efe948c36c6de5be9f5b276.jpg,802b1d270a0cfa897a1cc179e21efcc9847b26e7f8e263db51c83e2cc0434a8d
asmitha/dataset/train/images/2749_jpg.rf.e63f4f8ed21d182ae40673ccf962de65.jpg,716373ce188a2cf7519db13d7480322c58010477b36869d3a235211091588eb4
asmitha/dataset/train/images/2751_jpg.rf.7eb13dd5caeded7eae1c9d470c9e2404.jpg,64a2f6413166622ca300cb59554f87b5ebd96c08a48c49923210adf14d7c921a
asmitha/dataset/train/images/2752_jpg.rf.6d6de05aefd23969197329d0d09d8ca9.jpg,b4cd1f5f4274964763a4bd88835c9163e0a4b02d0fa987e9f066919e9ef967dd
asmitha/dataset/train/images/2753_jpg.rf.90e307ff112d98b368cf28104b7f0682.jpg,c676552c1d1f7375b6f383680ec4c5df96770e704e71eae7f292f75fb2a6ab1b
asmitha/dataset/train/images/2754_jpg.rf.fec166ca687badd85983de7a17306aa7.jpg,98e4ecc2c42d855b7c2938ca8f6236977e31aa9c8699b9701d312398115d6010
asmitha/dataset/train/images/2756_jpg.rf.7d755d299686c8f61eb3f9507305bc3a.jpg,d1e3d104311766cfd33d15005d708017efa4c760808554b3dfdee7d2fb64d0a3
asmitha/dataset/train/images/2757_jpg.rf.8e152628bab86dc79b0724c5009c85e8.jpg,4bcc82c34b21feaab416f34476a4240b41373d7ae381c453fdaa0ec7024935f8
asmitha/dataset/train/images/2758_jpg.rf.2b057fae7d906e60b673703a0aafbc71.jpg,0f407e77ecda9369a15e6a2a816b51e225f82f571177b0a7c4e068763e724bde
asmitha/dataset/train/images/2759_jpg.rf.c3a1a9d883cf8cde20fa88d9ecabcacb.jpg,509688ebcea7c0c402db386c2b3a87f47cc52d87312f1f2e638b9ceb1c259c47
asmitha/dataset/train/images/275_jpg.rf.70cb69ac6e0cb4d4c56b8f66bd99606a.jpg,c8d77b0f5da79e566804f157e7e3a778508dbb8623d857f92fcaacdbb7659f22
asmitha/dataset/train/images/2760_jpg.rf.a7e6f8379810ec1f88827b8036c1b2fa.jpg,bbd1292c90864ecb6fa63908d37c787a0f1863a835706eb1d16112b0e1144b28
asmitha/dataset/train/images/2762_jpg.rf.f348e0ddf068758dd5989c73314c4163.jpg,7cc1ce6e12b8c8e4bc83c7faa998408d0297728bea32948eaf62ef64e0e1f429
asmitha/dataset/train/images/277_jpg.rf.5f053a05a15ca93de6f9be9d2522ce6e.jpg,befbb57efae5fec386958cb1780489008d605972c1647f004e9a259ec265fb5f
asmitha/dataset/train/images/278_jpg.rf.b9bbb57f4cd163518cc85d2b3f664de4.jpg,c4e1c5212983c770e5256de166b9a8df302fb1eb5ee47b9d681456fd86a356e7
asmitha/dataset/train/images/279_jpg.rf.73f79b957a9206e19071662dcec80dff.jpg,d72b083ab863152db0d3a0ae888af82d519826031837ea6897d6bd8f4b9315c3
asmitha/dataset/train/images/27_jpg.rf.dd59b6c8ac68dfe97c83d2503291a8be.jpg,1597a315ea58f36eb3d5d154c0b501b1331b8593599a25a11b18e490fafa7ab3
asmitha/dataset/train/images/2872_jpg.rf.e4822d2476a3b161f7742c431a64e9a2.jpg,800c7d34b9cca885b90f005841e4192f42e7b16ff549dd28d995a8c72fbb7069
asmitha/dataset/train/images/2873_jpg.rf.e57f2a9cd8d60928123276e1eacc4b2a.jpg,c22d65e11c46dfd19791230466b5bceee2da18b071f2a858beee25b4dd9c37eb
asmitha/dataset/train/images/2874_jpg.rf.3a7707768702d6976a7116ab6fffaa40.jpg,9a063b61eac312c1fcba41c6bafbc7568fad364d92d90cb0aec032c07206b5dd
asmitha/dataset/train/images/2877_jpg.rf.88f98f66f5395f03cb7c760fb4e4d1eb.jpg,5563931396f2214463cecedff510877106177eefa0e268c34b2b6f31cb31fcba
asmitha/dataset/train/images/2878_jpg.rf.bb8dbf67f2cd2312a27c155f4b67c46b.jpg,546ee5cf843b4247432cfbe5069b6a28e533eb257e11d9b7aa9ba78dbd587891
asmitha/dataset/train/images/2880_jpg.rf.3005caabc499b495060e3f20dbf46b11.jpg,0ae9baeac5afd80f5a13a09209caaddf93dc109ffcb55d0f7af2905f84b8b7c2
asmitha/dataset/train/images/2881_jpg.rf.3e903605f1c4c1733ea5cfe8a70fe135.jpg,8884640ec315601afbce27dd2125b888ca6b7db8ba1c22a3a0b9fb7009877e4d
asmitha/dataset/train/images/2882_jpg.rf.2a0dec46f3d08fd69abc9eec20baa4b1.jpg,4d740d33668614ac7d86c4096328e7589ad4beae61b657e01b137416ad673f31
asmitha/dataset/train/images/2885_jpg.rf.b39b2017439247d19a2d2c9846889f14.jpg,268fa89863b945bb50e9f1ba3740d8892ed195f9f98664375cb82d621149054f
asmitha/dataset/train/images/2886_jpg.rf.cd1978988684cd2ba221b14abb3495ef.jpg,895a05be563643fafac992ea6799b40455405f234185f7fd8c341e174d814732
asmitha/dataset/train/images/2887_jpg.rf.47855499c9f9371ea438028394fbd7ba.jpg,d5e21b35715508e997159dfdb2863f7fc84f5ff60363d5935443dd599f32ed81
asmitha/dataset/train/images/2889_jpg.rf.b950828dfc02a7229d5f7fd2d4a9ffdd.jpg,027040ba56651d9d1451a9ab23ee3c7c18917d96e1fd5e17c755f4c25efd962b
asmitha/dataset/train/images/2890_jpg.rf.04a69082dc901e43297446b7dbf2b0d5.jpg,51934e989a52deb7a5846cc3067e9575d407346b78530160f59f5ace409b3c49
asmitha/dataset/train/images/2891_jpg.rf.ad1e74febc34c68c09ceaa7abf11b693.jpg,34b42c674e37cb95b59de92796202435b601c409703ee501dfdf885938051017
asmitha/dataset/train/images/2892_jpg.rf.3136983641a34fc790be96a6d8cb8072.jpg,e7c0c68544caee6b437e60fd747fe1fd88671348108921d21296b34ed9fb5e2d
asmitha/dataset/train/images/2893_jpg.rf.8977a42981f3d71241604040570b172f.jpg,f5f84eeecb0641fadf7fb966626f2bcbeca2974ee4f62b06e71393317f541dbd
asmitha/dataset/train/images/2895_jpg.rf.f987c20037f42600779831c16484a458.jpg,19f9fd58a9216b6bde62b3df158479749f5775b6e60d7c72846a15741febe0f2
asmitha/dataset/train/images/2897_jpg.rf.692ca12772f7f737e8c15c58ef91074d.jpg,5d49fa0fa9108a5d84d3a05a0ff749e1362e82c1e1c203a1489783d521b3a3bd
asmitha/dataset/train/images/2898_jpg.rf.a6caf62e179523bfc6bb0c62b0a15e2d.jpg,5fb763814f57bdb2c0c64201e3edc7d5e23c5a3aeee6f8734fcfb25308b080e5
asmitha/dataset/train/images/2899_jpg.rf.aa5c92cc6e1ac4927b7aea6d96f8ae8b.jpg,61b6f7e7b17001ae4d7e5dae44f36c4e4537658756a32b1d6e531e5316fa5056
asmitha/dataset/train/images/28_jpg.rf.4044b2735a212338699136637d3db4bd.jpg,899b88e50c3b4dfa2c2ec8cb9fbd79579730e98a8129618afdc9d48bf1fcb86b
asmitha/dataset/train/images/2900_jpg.rf.5b23c9aee55a530eee617414643e1548.jpg,8f9950bb787bea6a6432ba4a757d9836236386a9489364509aa306fcc976f898
asmitha/dataset/train/images/2901_jpg.rf.6d7f4d0bfda3709a0bbb6e67b722b373.jpg,c48870745cd8624d73930acf810c6737a30ba27457f0d483e109f874a3001d51
asmitha/dataset/train/images/2902_jpg.rf.f9f2348cd46674910a8eaa9103cbdf1f.jpg,3a65f2e15a615a5cc05fc50fb1c05c447f8e208a69fe05ae2d6efbe48a2ef68d
asmitha/dataset/train/images/2903_jpg.rf.c61325b2e56998206020fd29eaf1e1d1.jpg,0f96a3898ea85f3b1ab082e147041c6a438b1d8a94879967bb0761bb172f639e
asmitha/dataset/train/images/2905_jpg.rf.afe9ccaebc8361bd4e4c943b14129017.jpg,e844415d7bcb0cf96482c9611fe8f2f45a9a9bb5f7ebaa27dddd610754741652
asmitha/dataset/train/images/2907_jpg.rf.abcabbf0841a7ffa2e0e6935987df0da.jpg,1bc72e50e887be8cb3e74917e2c060577751a8223be83bf098eccb4e1d3bb6fc
asmitha/dataset/train/images/2908_jpg.rf.9d3afa25ee4354197102e11bf2ee4d5d.jpg,ff4726e3d873c9b7d8aa3f3deafd4b4a2bb2b482844168542ce3d728b8cf7d04
asmitha/dataset/train/images/2911_jpg.rf.b2a1fc8e5eb306800b49c71e84f05058.jpg,cd7e24e253efc9015bacb65a049faffe5a4b14a731e9e5cbdf16c03da141b28f
asmitha/dataset/train/images/2912_jpg.rf.8f4e9389c62873e0ea9af77da69e2b7f.jpg,66ae520f956e4d9eb577674148ead6cb5259496caf216ccbc8df6b991cd5951f
asmitha/dataset/train/images/2913_jpg.rf.58cd5961bc3c1cc37ce990a6f8608e0b.jpg,8a220c78f647c6dddcc65bf83761f9c5d2b9889c2f07360642ec5db9543df3b7
asmitha/dataset/train/images/2915_jpg.rf.4c48ef5be877372047bbf792274d3d01.jpg,69f4537f6f267a3872df0a387b7cf0f33eec93082b67c0feba9d7f035db5ee1a
asmitha/dataset/train/images/2916_jpg.rf.3429862256ead8e94f1223b0c083c527.jpg,2fca413524ee1f4ea5b4d93f62c71606f6deb8f1d7b64383b8fdf8b40b8e5342
asmitha/dataset/train/images/2917_jpg.rf.23c28b2427e9debe9938ddbb51195fbb.jpg,cea471e85239268f7806d35ff2833ec0eabe8bbde5774d1732ec6ec26abbf61c
asmitha/dataset/train/images/2918_jpg.rf.aa8b731ccdeecca0cd96a6369e046422.jpg,54fc1901201b5a1e225b83395d2ae89ef5cff8a7f5c4eeb4d7a08ec69238ae1a
asmitha/dataset/train/images/2919_jpg.rf.9e62165ce93c5daa0b0a2bbe49ae46ed.jpg,aac838492e0f5898616c0c60d74219cc458274fdaa257e510d1e76d9d99d4799
asmitha/dataset/train/images/2921_jpg.rf.6c6d9de958b58a3722ea7dbe39d4f5dc.jpg,c8874cc81e65d4c63d367c67724221c01880e28748ec075c047c42d7cbef9c91
asmitha/dataset/train/images/2922_jpg.rf.20cd90ee3acd3954ba5a102c453655e9.jpg,95d30e7f5e6b1e2a0f2f1b3e791dcdbc82cfde486e997802dee138f168314660
asmitha/dataset/train/images/2923_jpg.rf.37a8e087aa63558a138a9eeb41c7f1b3.jpg,c97528ec36e7ee055b6eddc40503987608dc18a170e233515368d2430aadd580
asmitha/dataset/train/images/2924_jpg.rf.eab234d95a39e9042031bef31d98383f.jpg,62f3a0d0677d6b69c9c49742b1f62dc7e80952001e6b40422811212715b954cd
asmitha/dataset/train/images/2925_jpg.rf.2bd69be429a2b87f0fae53b6b353c3a8.jpg,e289bffd76e4845b93321d00cf77c4f4055e185100b05c75e9a4474c0f133d66
asmitha/dataset/train/images/2926_jpg.rf.93f708b34d82c46ccff2e0a19beb2cd9.jpg,dd70267dccef4ae34ba73bcaca5c00bda927d4a9a55e9ea33ee8fde7aa475006
asmitha/dataset/train/images/2982_jpg.rf.f5f28d11e6158ed5d2d1d4bd13a8e33b.jpg,d202807723a5ffe58a963a5b0069fe550e1f4398e6e17a8858844b60c717ebb8
asmitha/dataset/train/images/2984_jpg.rf.4b8cc96360c3c554548e3249240e8244.jpg,e4f48d2ac9c7f95121aa2b38b82618f1f7b68734da905831eaafa0f8c905f6d6
asmitha/dataset/train/images/2986_jpg.rf.185bee30e89fa4cefe76d416377bea47.jpg,48cbf5b266b94beee77941d0fc1baf0f18f74b8b36ccd6041807583eb7688111
asmitha/dataset/train/images/2987_jpg.rf.a71bdeaf6a08f755120a39db77940750.jpg,2a11ad2c46d3614216fd7bc0eac9984fb99fffdd382116f255abfb23206d4dbd
asmitha/dataset/train/images/2988_jpg.rf.e06e073800092dc93c6a8de0f871f5d9.jpg,94c34646971f8eae443c5e3169d2f34c5f20ff76a155f68efee8b26dbf18a0d1
asmitha/dataset/train/images/2989_jpg.rf.8aaaf91b98e4d36a5181b02643c1b345.jpg,5ae49704e65f8b3f08a488cb32f75e762ed9273783c71f3d9235199ca35546dd
asmitha/dataset/train/images/2990_jpg.rf.b0cae57cef4c3c2bcb1a572a8f653a97.jpg,73a0dd24e1a997d48b56c9fb46e76e3f3e2f7fc1c006295995501fc807982d6e
asmitha/dataset/train/images/2991_jpg.rf.0a748305f142c02c094f35e671056efe.jpg,f79470c23afb2e169f697646dbaf2b478618468cc9a310b754e964c3c3069b28
asmitha/dataset/train/images/2992_jpg.rf.f5e6a196fc3f08fb8bb49f547df609b4.jpg,0a3f7c988a2d7d0016d715a662289c7a71b88b8eb47842a107ddb863fd357ae9
asmitha/dataset/train/images/2993_jpg.rf.52bdfa398a63524cb4ef8fac89079828.jpg,de0ace59f553a98534bdba61d060323e5fbdb62fb1056b058f41818f1e8e92ab
asmitha/dataset/train/images/2994_jpg.rf.515ff0fdf828cac582d8436c1f9b1d0d.jpg,60ebbcfe51705fe4e242763bf7503be6c6150ed1bffb959c5cc9bddd1cdee780
asmitha/dataset/train/images/2995_jpg.rf.04a5e5e4bac5824b674e017566356219.jpg,4310723e044a41eabd4635ffd689e2f7e4d0973f08f826197bba5bb0219db0f9
asmitha/dataset/train/images/2996_jpg.rf.d3bfececdbc9432145fe5d714a527a5d.jpg,5ab5a9ce2f7c576bdd527715da19f626b085b785b4b54a5dda2ff71f9d9a8da9
asmitha/dataset/train/images/2997_jpg.rf.399e7366e9b44b7481b4b7e775be9a1e.jpg,382d66e354f17442ff1be76a76c24466f0b67cff85c467edbe2ee50ab172cd7b
asmitha/dataset/train/images/2998_jpg.rf.0bf9ab921ba304f745786ec28b2c96b6.jpg,89fed72f232cd478525a5808ff49fe7c592c9f4df2d1bba7df484c02081e6ab5
asmitha/dataset/train/images/2999_jpg.rf.2e0c859430dc68506dfa8ac3abecb39f.jpg,5cd6d02fd91c4f20e0e827b8033207cb8bb568e14506f64ae592f66f757e03c8
asmitha/dataset/train/images/2_jpg.rf.7e302943b18ccfc09d23c15d5a11cebd.jpg,262374004b2c2a4d028d5968158eb38d02a5cf154a8f8374537b44c89a3de457
asmitha/dataset/train/images/2_jpg.rf.b6c03da534edb5f3d5dbe2b8f17c23f6.jpg,c4087ae8ad22a3ce2610284a1ad5003406cdb6691166f0964340e761d2f96757
asmitha/dataset/train/images/3001_jpg.rf.a23d109b7d44060b21302b8dd123d0a7.jpg,fa6ee0d535f4c9911e47c1f79f5f54c2ae31141d0af829324feead85132dbf5f
asmitha/dataset/train/images/3002_jpg.rf.c47d86a234436c16bfd7ed462beed75c.jpg,46b16c0a98369dc446d04c316a1696bb99123d7beee5b94996dcf78e85613623
asmitha/dataset/train/images/3003_jpg.rf.aeab845c5c459fd79e141ae4253f801b.jpg,b78d14944ba8d1ab05e9991a5a2a07f6b47f19ab602d0c316c52dfa9653ec1b0
asmitha/dataset/train/images/3004_jpg.rf.5abc2c0a7a951b7bfaa49f349dfe8371.jpg,253cebec75b17a703926a3b1c7ceda43634f2b124f613dfd52b9ce7452f7a0ff
asmitha/dataset/train/images/3005_jpg.rf.1f221d46ef5e7b10d9a7535ef1f932b3.jpg,73ebb6a3b11a2ed089b70a9438ddb038aafdf2ad6ccb94bd11cc74f5a0fe9998
asmitha/dataset/train/images/3006_jpg.rf.06988707b517fc2b17c1ac7466d87de9.jpg,5c3b304d0c02457bf9533ecdca6866de55f608697c6989dd8f94f6fe4b131df8
asmitha/dataset/train/images/3007_jpg.rf.c3d189de6586a0eea3107076755d7c17.jpg,c6bfd9e2a44afd45beead49ae9c0405a183a16132a15ca3ee2147c246fd915d3
asmitha/dataset/train/images/3008_jpg.rf.f24cfd55e973a540b4f3988cca4e3512.jpg,04a3969e2ab061d1efb00835f0cdd4fa7ccf49aa3c01f6635dd3c3efb7bb63ea
asmitha/dataset/train/images/3009_jpg.rf.ea479b256bb6aa7d91f5c28e37b98966.jpg,d1cb7bb2a21d223c402c7e0d1f2155a6cb297b7647a422457b1a13fa44317907
asmitha/dataset/train/images/3010_jpg.rf.526ac6cea58b6da7bf7596eedb3e52cf.jpg,d5e5d8de0592954e7e37beffa1982af88e0b2a9802c05bf81f5dc41638949ab2
asmitha/dataset/train/images/3011_jpg.rf.bb4355a36be8f9111356c6d493243855.jpg,4da9d4e61e212d27ae0ee8eab0d1fc633a8dc9e309f4f02af9d297035515e885
asmitha/dataset/train/images/3012_jpg.rf.56949de69954cb53513e3d026612e512.jpg,a4f9a4b79f2b3168d14b50e9abf5a213359f8565dda22966828807f0c1615d03
asmitha/dataset/train/images/3013_jpg.rf.8e0edbcad6ab61f45acdb332bc246dfd.jpg,fb50b4744d550960cc19aa0f9408c0245cd59fc9301d5b807a84eecefc5b0616
asmitha/dataset/train/images/3014_jpg.rf.7bc88002446158b9b8db5892629721a2.jpg,4e0a4ed3d090962878fe17fe126a79d33726f64bc4cddb60184222e61fccf693
asmitha/dataset/train/images/3016_jpg.rf.4ee2e0569f8a3c4d6bba46386ab9c7b2.jpg,8326b93f63f2947b5495fbe9e353d7669cbcd1f29aee195dbad2debfed52fdff
asmitha/dataset/train/images/3018_jpg.rf.d7310ea9f06264052dabb89da77e974b.jpg,14f978161d2c99eab8bb145043335cc81cd6d84f37ed657682c72f4cdfd18440
asmitha/dataset/train/images/3019_jpg.rf.882c9e40a50d7fbe5e39cdf4ba66c27f.jpg,4a7060dbbd94613a8670a7bcce2f16fbe0994efd5e62a85fba58ddcd4c901d2a
asmitha/dataset/train/images/3020_jpg.rf.e7e99522697c16d086f69d34592fe2cd.jpg,cdadf0a96aee9db1f8335595415417b0deedac0feb4a37c99ceef12927350c33
asmitha/dataset/train/images/3021_jpg.rf.d68544828bd2dd6e9f7ee0072aeef4da.jpg,3398ed3de15faf28fca247f738e2aca3861d144daff61d4138c44587b939232a
asmitha/dataset/train/images/3022_jpg.rf.60f5ad98e99c35ac42fae6b63997280e.jpg,20f31ef03d455e3f932f6f5cf41e496d69af79896cfc4de881c34c39afb40a1a
asmitha/dataset/train/images/3023_jpg.rf.791eccc7504372165ae297816edf3044.jpg,68b25b019a84f2802e8b3cb13054601c2621f421f453f55335f3955f634711a1
asmitha/dataset/train/images/3025_jpg.rf.bd2746df5d444750b21fe4141923a196.jpg,0fddb00144d568129ab72c03dab97c0221c286158e085b47493b539a8d17256c
asmitha/dataset/train/images/3026_jpg.rf.fb1ba7b6005f4a5cc8296d6043c3fda5.jpg,c06249b415fcb116d117fb05b581bac21bfeb092e9b7c27d12909140924a05d2
asmitha/dataset/train/images/3027_jpg.rf.46b101fe75a434c4759d2ab1d2a3b890.jpg,2669efe97a1622bc190f2011f4322b974fc4e29540f14215c857e5b0aa71b37d
asmitha/dataset/train/images/3030_jpg.rf.4323dddb38cae429e3f16c9fdd6a7a1e.jpg,57370aa8585df4d604312bd34d84bb6fe77c1c54b47650f367afad4331737d89
asmitha/dataset/train/images/3031_jpg.rf.2d3b1d578a809aeb38b370887b1d4238.jpg,28bf18801687b2e8000b2544afa4bfba0f2ef7541e2c6eec5265826cec1ddefa
asmitha/dataset/train/images/3032_jpg.rf.e63faa243f8a6216b84d3bc6ce8efb90.jpg,2b019549b9efabc094d1f99e121ad5179bf54d5b310f249d0a8df7aab3847ebe
asmitha/dataset/train/images/3033_jpg.rf.5f4aaa03e4ee7e7c2c18898ae2781c02.jpg,e2a38000f160510ef8d0ed28949b2daa3dff6d0dfc5b56a2e747a6e6ecb7dce5
asmitha/dataset/train/images/3034_jpg.rf.44a75bcd5803253df6f30e9103f9d136.jpg,5b907c8fa65d080f6a7b55d85db5bf535078603debbbdc731c3164197e2714f6
asmitha/dataset/train/images/3035_jpg.rf.0dbc557447e60bb70ab26733776dbd62.jpg,79431b928d6696f8b04e827c79b02acaa39226144adecdeabb1a6674c572cd2f
asmitha/dataset/train/images/3038_jpg.rf.5354f3fb311d8457a51c3aa7d8dfacb0.jpg,e4b38bb768354daaeda88d5196137bd4507ececfe5c8732918b480d496f31260
asmitha/dataset/train/images/3039_jpg.rf.c6332dea98b9e8efd69ab86ec5908e0e.jpg,f6df8e5593e7482b7dd4ef45706399ab897f5777c99540d8fd3536912a602601
asmitha/dataset/train/images/3040_jpg.rf.5d9e44d689f62f352c2de29cb6415f85.jpg,9669be62aad6d4e01a8189c98812d20b31fb664857bdd245826903c1cdedf87c
asmitha/dataset/train/images/3041_jpg.rf.ad3f6ed5dacf579f7f6079e35d0dab13.jpg,afd3f5f7ea5cf64bfb14089009eecd6335db24ccc92fc98f72efb45287bbe950
asmitha/dataset/train/images/3042_jpg.rf.307402beb13cb6962b3efcb9e21b7d5e.jpg,331303b9eadb7a660d367b050f0f3fbef7d0ea650c49a618c8056fbdd7b3e2bb
asmitha/dataset/train/images/3043_jpg.rf.782f7e33f20c1eae6985c999bee5065b.jpg,d20549def2191b3707b5afc99fb4acd1ca3d78e8ea41a95b57e892215561489e
asmitha/dataset/train/images/3045_jpg.rf.e2cca5dc8255e2d93c085470e64436d3.jpg,32857a87a708787643d809995917df198a54f1e90457334b687bad83c55dc76c
asmitha/dataset/train/images/31_jpg.rf.be142a1404d313c876592e8e6d44036d.jpg,742c24ba84f5cd4c48992a4c3468a45d0e374d5888df4f5e572cd604fafde872
asmitha/dataset/train/images/3259_jpg.rf.a247c389727c8990f12fba76f61a5fe2.jpg,182349f034f2c1efba15dfd19c665cc64210af759eea5822398d657efe3094cf
asmitha/dataset/train/images/3260_jpg.rf.0ed87198d75eb33f15a0700b54c25479.jpg,36a9348ef880999f8860d6287d782978ef2f2cb75ca68652656a6e72863d031f
asmitha/dataset/train/images/3263_jpg.rf.aa7fa4dd2c1b6efd25b21694e93d613e.jpg,e10f3bd23ef4924c48cc0a4443c8a3b59010c3e0d7ab626e80ef411c903f094c
asmitha/dataset/train/images/3265_jpg.rf.06647d4e42a393a366783ad6a2d71be2.jpg,99e8924d2ae39801c67b642e476037f6d371ee820892a4eead1db30297f874d9
asmitha/dataset/train/images/3267_jpg.rf.a19e34dce6878c63c45750bdf7f334d1.jpg,ec0e2d75808af224748355b4c2ebf9f224434fd90fb8f6a39d7b919428ab74c4
asmitha/dataset/train/images/3268_jpg.rf.4a7727b45603a17280b066701e022428.jpg,5ec1cfdacfafc8cf09ae9655550ecbf902e19001649a3387028c25afb301a213
asmitha/dataset/train/images/3272_jpg.rf.9ee25cd98c62a3638309e6e935a07c47.jpg,fdf7c29bde0e290ecf6891fbe341588b69245ac13612741b9d9789dca1816b35
asmitha/dataset/train/images/3274_jpg.rf.bc5c381611127705c2db93ec009d25b7.jpg,b62ac84e1c7c0ea6db5cb01eb96148fd7b364fc77f9304fcd52c3cfbc088f28d
asmitha/dataset/train/images/3276_jpg.rf.35897f3db8b07cfcb38b75e88adca0e4.jpg,60d60cf6a955e00f6f88c41d458330ec2a5bcc515f0c44dac975ed48a6ec1416
asmitha/dataset/train/images/3278_jpg.rf.f7af3d16941a6bddcf26293e58cda2a2.jpg,c29ba1f7adf4628b7a8bd523321dd36d51091f4f244d68a94ca1a36893a4b6b7
asmitha/dataset/train/images/3279_jpg.rf.7c63f66e446cba8c8182b1f1e49fd830.jpg,aca9ea270401b6e9ee19eeb6410f1f3b4cc35db6f9ba3286193a5411ac08a24c
asmitha/dataset/train/images/3280_jpg.rf.cf790240e4c5c6801577a056b247de36.jpg,1951eaf959fcb5d3f9737fa34ce172141aaadfe06da0ec6d7affbe3f27a849fe
asmitha/dataset/train/images/3281_jpg.rf.296205c3a4f2b89d946557364bfe5a55.jpg,f140d3e92e0085ac6d1e38c6e3980d3bacb94218130ad3c077c04adb3067034a
asmitha/dataset/train/images/3282_jpg.rf.42b678ff35cb3af7958ab279e530faab.jpg,1000e109ee6ab8d49a43bcab5de9d0fc5cf8e0c6aac812a28f8928a1480329e9
asmitha/dataset/train/images/3283_jpg.rf.730a587e97e769e41bcf9b527723351d.jpg,91334d21dd66765a52bfd1ef14074e76007efcf2cc31cd26df05499b435b398a
asmitha/dataset/train/images/3284_jpg.rf.c4aa069d14ef5625bd99ed35a94ef475.jpg,57a04785941b55c4e09168157e6f42319b00ee6930446397d969a5408afe33f8
asmitha/dataset/train/images/3287_jpg.rf.cf79a0f6125ef732a911e0271ef3e93d.jpg,6dc11a551ee47474fea0a605f9bfa548f62f9d6d896a9efa4a5101c2ae2f9b6e
asmitha/dataset/train/images/3288_jpg.rf.7bded1cb9c64830d617ef4b420460c1c.jpg,007476736930926311893b5a5cde351497afa204c8dc0dabc741b57f212c0fe5
asmitha/dataset/train/images/3289_jpg.rf.809490455b440958bab6d706312ca09f.jpg,952f374ccb51939e479c9c70942bbc78657514f0aab17029e4eb91680c34358f
asmitha/dataset/train/images/3292_jpg.rf.6c545226b0f3f28b9db1558bab937428.jpg,e91d3a19efeb7e0683509693d0699c3932bea32be515c5dbc5f538982a0dd017
asmitha/dataset/train/images/3294_jpg.rf.19be604af57a3eccc815bb1cd42a7844.jpg,a97290f796ca126b2f79075a95ba0e4e02dd88fdffcd0c1e819698de5e57c0d5
asmitha/dataset/train/images/3295_jpg.rf.1e170ec1a890552357f077dfcd248086.jpg,683c30366b2e11ee70222bbb92c5878c26660b91fafb573a7741990234921375
asmitha/dataset/train/images/3297_jpg.rf.ba36963a61febd7c45987cfbe134d3ec.jpg,6a8b79d5675b99cfe89780c598bee979e0e38cb7e5cf467a956e81f7f93fe1c0
asmitha/dataset/train/images/3298_jpg.rf.b6fd02285140aa0aaa3afc1eb81808a3.jpg,707c3bb91dcd5bc31acbb7d984021a6454fa7beb872dd228b7ced389de6cc42e
asmitha/dataset/train/images/32_jpg.rf.cb5860befa3ab184ea04b610593d7d12.jpg,8cae6e966d99656c749ebac8ad70cb3bc9fcf4927eea51b3184a82fe5305e044
asmitha/dataset/train/images/3300_jpg.rf.8b02f62ba66b900e7839736681ac906d.jpg,0fb17bb8a3c4f2bbd804c570c4b268ef76e7c615396086259ad2831751626acb
asmitha/dataset/train/images/3301_jpg.rf.2ea9acc3a0104a52037baef3e655f04c.jpg,49324d77b8df3d6726ab5c79d6a3c32ab2df10352089d6e19cb386618325188b
asmitha/dataset/train/images/3302_jpg.rf.1e017b0a26101d674143cc247afab9e3.jpg,4d6ef8683d4fd13599c8d6ce7917426515207bf7d4fcc378f552d2e98871bfa4
asmitha/dataset/train/images/3303_jpg.rf.cb4b0b86fe17422cec7f3e4bc065cbb3.jpg,77078d3f4160cc3d700fc8a4b1350ba58f4f0f956a4c0c34d80ad189c5439a2b
asmitha/dataset/train/images/3304_jpg.rf.892d2eda9f1683147c952784838f3581.jpg,f717230234752bbae843e842d6aa002f6082f0ad302744875fd5bd2a6c01e06c
asmitha/dataset/train/images/3305_jpg.rf.7b4f4122fdb23d53498cbe4a2d1d6f93.jpg,7289039680e059610dd9d88025ae4b35c9c5f4114bb61e2d0a71d02eca367632
asmitha/dataset/train/images/3306_jpg.rf.2f66899de78037e84d1c8624e612e2fc.jpg,465f164b6bedf42954686443a6fec6b46b6a08e87c5a325f8315be97e8402242
asmitha/dataset/train/images/3308_jpg.rf.fbdf74710ce604015000478fd21e458b.jpg,51967c809ef0a565e8734477fdcf525736e4a3221f03aa7e922c750895278778
asmitha/dataset/train/images/3312_jpg.rf.e4e78dd7f616eca15956ecff0c315416.jpg,e6b1a4241ec9753b6af97080b763d174af980871863a3f38fa1d82cfd3b0370c
asmitha/dataset/train/images/3313_jpg.rf.ff5dc69d62717d172c5a95c803a5ea8d.jpg,c8ce3593b3093e48c550d91aaab38ef5726ebf15ae18e91b74456be436c48046
asmitha/dataset/train/images/3315_jpg.rf.8f0f7ff950e32201b5a68f83bbc2194c.jpg,c029e9ccaff9e1d868eb0506f892387dcfecb1e06036a7954456ff9319a992e6
asmitha/dataset/train/images/33_jpg.rf.8aa219bd6c69a5614efc45263f0178ff.jpg,3ce5c1a51f68526aa60fe651a1a3ff2fc6361d7150667ff006bd29b4d633207d
asmitha/dataset/train/images/3452_jpg.rf.60d54a202d76b37a1bae43be2811d3ec.jpg,f99dd308d9a3108551385235a050c345e4041be577784433f2237a1aa5c8a123
asmitha/dataset/train/images/3453_jpg.rf.2877a62a5ebb0a1bb1d7525e18f2f3b6.jpg,89f8e343fbee5f1f79d7156a7eb5b496ff7b60016088974dc30475cdbf783769
asmitha/dataset/train/images/3454_jpg.rf.d2c1689786e9b188148fce62e68a741f.jpg,08a74c85a80dd2c6e3178fe6f5165d5414dfae2486ec84d1eebf2875618900ea
asmitha/dataset/train/images/3455_jpg.rf.acbe9fd02dd224b1808a230d1358fe65.jpg,aa72241112376e6e982e71a7266eaa6ef8231d94842f9fceb08ce2d660ff79ad
asmitha/dataset/train/images/3456_jpg.rf.90ac9853819292a929e2bdbd7a2c2d68.jpg,4c7b04beafdaaf07540c8b8a34c5e44b8f15807fe5ec39c13f4e8eb6a6178e53
asmitha/dataset/train/images/3457_jpg.rf.2042d13ed33cb729f17167e121b8efa0.jpg,f52fab4aeab9c9d53368fefdd6f82c508dd7c9b3d09f38fddb08588f123d747c
asmitha/dataset/train/images/3458_jpg.rf.aafbde24357d04a11a9b34717ab9d020.jpg,57077d0e1dffe2f94b9282eeb5f65828ac3a2d48d8e158aca8b0ad3e4f76aa0d
asmitha/dataset/train/images/3459_jpg.rf.1304a83f059e284068f0097890bb429a.jpg,244b0563bb80647fc42f8b7995e43354f1b221afef9ea2fb70cb554af3119688
asmitha/dataset/train/images/3460_jpg.rf.1dffd02f24e17d864b4809c16032dde8.jpg,f8c375678bcd2381f8c96c96de89c3bef545a16e208f653215c07d78a71ffa3b
asmitha/dataset/train/images/3461_jpg.rf.d14e46cfb41f4173b5da1e1fcdd322fc.jpg,728cefe142efc66ea4874272f2b8ae4140e4800650401e3c821ef14b4e362ac9
asmitha/dataset/train/images/3463_jpg.rf.6d6e2ad4b1dbec099a4d26223f8537b9.jpg,51aff1b61f3d679c94ee8718e523cfff3657b8976762daf3a7b3d1eadfdc504b
asmitha/dataset/train/images/3464_jpg.rf.f6de3ae54a37e9e0c03e6da9c9f8a978.jpg,866d8fcf8122a618ae07efcc113601812a20247319685a5e555500495f2e3cd0
asmitha/dataset/train/images/3466_jpg.rf.71ef11511c04aa3b4b3364faaa662a94.jpg,50512e852d2c0816b064fc5c4e947f52f1b614841864e9472bc95b2924729e7f
asmitha/dataset/train/images/3467_jpg.rf.401fee1574b69024ef0ef058ac6e2c87.jpg,80b7a5cef360890b2363b083700aecb30c1e9ecdf8032055e64ff89e155e67ec
asmitha/dataset/train/images/3468_jpg.rf.24af9d3e0563e082d1d81318fb616f88.jpg,639f60abf3bca71c73962e0cf28826f219789f03c2e9568babac1707985a439b
asmitha/dataset/train/images/3469_jpg.rf.f309c15257e7018cc3c715f937f16523.jpg,75e305497d29ed211d29718212eaaeb792f7358cb0c7d190e14a801432beea7c
asmitha/dataset/train/images/3470_jpg.rf.b9a3c77f44170bd2f4d4d7f71e8fe782.jpg,6d6460c39f36b13f86ac8165ace4e9a10dd449166db8284cc0a2d1f5c8ea7eec
asmitha/dataset/train/images/3471_jpg.rf.4fa165655d3f0bb14e55adc3ec2e5e82.jpg,29b2e8b82b0996f70ab9448fa072a00e4217e80650283022b55341d7f2d1e066
asmitha/dataset/train/images/3472_jpg.rf.3d1f12e71e9817050ec7a8d56c199c87.jpg,72dd959d93818bf0a55ebd40a0b68efc0448f08aee3cf45b5375c488edd9d790
asmitha/dataset/train/images/3473_jpg.rf.6a40dadc0d4e6f3dd1ca34661d75c04c.jpg,62304123d6a3d82503b488a50423a7a3bee6fb6519d3b7f809d8f4b58dfaa6fe
asmitha/dataset/train/images/3474_jpg.rf.f15c10b84e80ddfdb0fb54e6d90f8b3c.jpg,a6d668e04ec41844e5561560901f98ff50b8a161b7abc2015200fba114f9ddc2
asmitha/dataset/train/images/3475_jpg.rf.5f77cd43ea5a6d8a6c06dbbe4bf7c340.jpg,3fb36ce52735db3fb893d28cc6a61968d3456307d9de71087945782fa8917a1c
asmitha/dataset/train/images/3479_jpg.rf.b82c741fe4409225f21591f85240f432.jpg,20c35eeccaf445ca1b2729c48103274ceeb12e470864a184ee45554a1b646f66
asmitha/dataset/train/images/3483_jpg.rf.809acd21a9ee336fc1ae587147064724.jpg,af7d42aff8ffa0881d365cdb0d6f1adde8eefe06e27a52bcac074d27f8689bde
asmitha/dataset/train/images/3484_jpg.rf.e90aede7861f5497fa1e15e4e7ebf1b4.jpg,96c876ef070deea9e7cbd0aaeb6670b92898f44049582143226ba110e4d5c2d2
asmitha/dataset/train/images/3487_jpg.rf.5dab0efa71706e8cdbc09f1a0c44af81.jpg,4d733100f5a2e654cc84542b952b9bf93c2860da3dc7c97fe9e7c8503d3348a4
asmitha/dataset/train/images/3488_jpg.rf.1436d7990bea04777d4d257643987d6e.jpg,3eb826263da77aee34bf4f20f35ad3aa1feff71b081ee6ebc2af913149dafaec
asmitha/dataset/train/images/3489_jpg.rf.de8125a09ab59db79d9c1b7167e8952b.jpg,4f1a0b4f07d4b74e2c61f8dfdd9453a7a1dda7d68795af15a9df1f2b2803874e
asmitha/dataset/train/images/3490_jpg.rf.7eaa7e2cd9894e7e43eff0cb58ab77d7.jpg,68c9d21e6a174a2557327e969795b704ff42ffb9461476494cc7f34f5da44f12
asmitha/dataset/train/images/3492_jpg.rf.158982fe33ede227e4584eb4b1627e02.jpg,41f823bcea8047670e00322a52cc60fc879f3b88597d619cbc3f7eeb209cf6aa
asmitha/dataset/train/images/3493_jpg.rf.9e238158391a4860b5f93172612c4357.jpg,bf2e5bfe5be3bd0035cf966a3405d3fa567d041a53b87f0ef84b9e0ca87532a1
asmitha/dataset/train/images/3494_jpg.rf.69998cc5f969cee26a19af699edde254.jpg,c323504e855da3ce8c7e13d0100b3e7c82a1365a5b76ed7508c221ecfa1fd662
asmitha/dataset/train/images/3495_jpg.rf.676bf033eab1aaa2978223f21836d1cb.jpg,feba7c73da7b706f145c99cbfdb2cc665e78468bce3fa6193d1cd1d5ed0a1e44
asmitha/dataset/train/images/3496_jpg.rf.e9893f81b530930a2a9d9984d2bb8e1d.jpg,1fa4b7e3c481d9bf57cde342602f4d30aae1e88477ffa0c503d04c9a3a46e1b4
asmitha/dataset/train/images/3498_jpg.rf.c684444cdf63a191d06fbe30442271e9.jpg,eedd0b7b89b635b43fe96b5b37c58a070aaae1ded18889a8c391b0306767f65b
asmitha/dataset/train/images/3499_jpg.rf.031d0285713dc765c7c58582c281796d.jpg,f96305b75ed2bc8f089f7da9b831f6e01e268e31ccdf176719284e811324ca9e
asmitha/dataset/train/images/3500_jpg.rf.92cbfdb88fd0a0e6b206d7a7999fe404.jpg,eb479d3de9878c642f53ea1d12c3dcf034c729853c6cb01f374f64120b959f89
asmitha/dataset/train/images/3502_jpg.rf.430525decaf82a12fe383f470d509307.jpg,4ba595f838b9c28b70e9ebd51f9fe74488578a4b18a29dc84999e9790d2b8c99
asmitha/dataset/train/images/3504_jpg.rf.f86cb8d61ecb863e5b55640eb34a2a63.jpg,742391e99b707c0d0f4c9078218de6d361cc2c59eca142674aa4491845bbcc25
asmitha/dataset/train/images/3506_jpg.rf.8bcd1bf975f2bb70a06c9ff6325f3d2c.jpg,c59c3f461287943a68228a433fbce86d4b5e6ef47fe73c5b1e7d79312d5c1dbb
asmitha/dataset/train/images/3507_jpg.rf.5b48039475befdcf2af20865c77eef4f.jpg,c84338a0e60d8cb9b7c013d307f9fb7092b6ecf161127eba4d64343c1d03d6e7
asmitha/dataset/train/images/3508_jpg.rf.1d496a323fa6e467bcd806765d149c7c.jpg,a1da1b71082d91820da843ef8807ffa1bf63f9b553d14ebc4e77c013e7e0b5fb
asmitha/dataset/train/images/3509_jpg.rf.6fa2f531f872ee4e5706f76f199f6cc6.jpg,19ff0b5e26216acb5ffa7c6bb6cb529e9e9409988db9f839afd1fa334229e69e
asmitha/dataset/train/images/3510_jpg.rf.708038a416ab9e72dec6ff51dec34568.jpg,4a2d2e80ddcf28a8bab01de48060c6ef414422f2c6fa42cfbee566e67115f955
asmitha/dataset/train/images/3512_jpg.rf.5c843110fc84987b3bfbe228e133657e.jpg,4a4192ec39d27b61af5905d0fdea21619e725649086d9cf182a443bb4cbd7912
asmitha/dataset/train/images/3514_jpg.rf.eb861915ec970bfa715521c8e26da417.jpg,c8f5f821986f1e57ae9fe5d94808e6e205aff9e8f6279bef04bc523ac9b33c24
asmitha/dataset/train/images/3515_jpg.rf.ca6f8722dd3e386082b7bdb39809a8f6.jpg,2ab02c8318e628a00ea7e0dd5a688be780573dfae0399fd5e1632f04ec262bf7
asmitha/dataset/train/images/3516_jpg.rf.3bf8784f457c472fb1660148ce3d59ef.jpg,c4aaf952424ca8d7ec1659467d8fe1ddebc41fc1d4a55490e515d23eac21b92b
asmitha/dataset/train/images/3519_jpg.rf.587bb6732a5d56f0db4641d4e9023ab3.jpg,92880010f235a8ab2cb8c68f52a8e3c49c352dbdfe82c61c8a972e36b1e23814
asmitha/dataset/train/images/3520_jpg.rf.081880afb74df6f70e61047e15a5a7fa.jpg,5819e229a425ee39127df3eac3bb42a38a5506aade2cccba0a45807ac519a2e0
asmitha/dataset/train/images/3521_jpg.rf.318e49f3481b7e44e2593443d0236b79.jpg,576637530c4705a2ccbcb4eb823e677faf762de438ecf66d1a5884ad17b023db
asmitha/dataset/train/images/3522_jpg.rf.9cb60505f2bc030a3a12fd95febd9323.jpg,1af4162230d5bce3e20ce1808ffdf3637d3f50b80da8ce3267d8c3a6ceb46553
asmitha/dataset/train/images/3523_jpg.rf.6117064c915392b03e1075bea3656212.jpg,05ee9f16f4fa6bc8f0a1779cb78df04459f0f7717853b67418e056937aaa304d
asmitha/dataset/train/images/3524_jpg.rf.5594d5f04ae1f4be3f15bd0b4d02a429.jpg,02324975044b3d382cd01cf1dcab3fb6ffb8c01b9d13cbd0bc036543dedcb422
asmitha/dataset/train/images/3527_jpg.rf.3f7e1b60a8219dacd1a00af0648828dc.jpg,793df232e0cc61af592210050d19f7bddb7f8dcab032d5d4d67db66ea14ee12d
asmitha/dataset/train/images/3528_jpg.rf.08d88512bec7a33626871ba9fff45901.jpg,ce1723e6d206d7329b3ba70331c73e90f6d8f93516d57fe22215011cb9b70ba2
asmitha/dataset/train/images/3530_jpg.rf.08870cddaef08109cfae2628266590dc.jpg,b51f5fb18f6ab9fb479f88f3f61c8129555dc6e79bd39579292c92925edcd964
asmitha/dataset/train/images/3531_jpg.rf.664cbf0bdefe620a1d247b062a6f6296.jpg,24e8f8dfb4ef7902fa7085e66a5997d2cb9a6d0305875b8b38e56db5709b3588
asmitha/dataset/train/images/3532_jpg.rf.641891bb951389d5f4834e50f9026831.jpg,4a62f5672552562ad31ed4585cffd1e8d8c6f0dac5cb9f1885c559cddf14d1e5
asmitha/dataset/train/images/3533_jpg.rf.e4652f0c2c61ba179307a6e80911ede5.jpg,653bdcab83884433f574b031093fea3865d71b46a7cf7cda7b02923f47d520f1
asmitha/dataset/train/images/3535_jpg.rf.fb7bc73324d42971c46ff21dd4d44483.jpg,246eaa50c83b78400fd4472fec0018632d063f7fb54abf4b4b69145dbe8ae5d5
asmitha/dataset/train/images/3536_jpg.rf.6c1cfac51a636870166786c427b9a924.jpg,a35599a1b1b9509df4481ebc25651af85b572026d48b88a8689f093cc84c2581
asmitha/dataset/train/images/360_F_184511922_9ox3DVyRV1F5cvYzunAhYEgoVsjt9RB9_jpg.rf.cba122664139c0bc08c4c2a5d416df51.jpg,ff1d0273d8f214d35317c6d68329a4dc9e2028a57ab334f2682a8ab4c0ad28e9
asmitha/dataset/train/images/36_jpg.rf.58414c044290b1016349534550167792.jpg,a9bbd41375c88b585f87e5098c87ab368b404115a7d8035746fd5bd92f956a16
asmitha/dataset/train/images/37_jpg.rf.01456174bf7b59d7340743f88d6e48c6.jpg,b64f6a39892e8b569972d2e3bd7f399b63d8c20cf41f2b84311c806822d00cba
asmitha/dataset/train/images/3801_jpg.rf.29f13316d9b44586ede0f218152039f5.jpg,17a9919a46a48f1509b946cd1f2768422ac56b485e1a7b9d32980e8b64b90287
asmitha/dataset/train/images/3802_jpg.rf.b5c62ed339744c407bfc230b35546412.jpg,8adb6e76d6604a8af327a802ac6145dd56ad2c7e04219f2b62a387bf54c0dd72
asmitha/dataset/train/images/3803_jpg.rf.8c26b4efc638df65d69fbbb7899997d8.jpg,42b1c16e2ac9dd2f621b4722f8cc50a6815bb800839ba0c1f42a791b6a2c3fd5
asmitha/dataset/train/images/3805_jpg.rf.19dda5839def784c0039f2c0cb4d302e.jpg,7165f881caedc83dcb064d415bb14619fae3df3a10e952e7df7e3dc5739ddefc
asmitha/dataset/train/images/3806_jpg.rf.dc80e2288ab53f0be1814b707964a34c.jpg,c014bacba9e85cb01de4e71f9085fd7946755493f01daf993cfd5c586da3eab3
asmitha/dataset/train/images/3807_jpg.rf.b3cc616f827c44483982e57b999960ee.jpg,a03006b0d56c71aa3034bd487125d5a6ddd1f60914db82db63207b73572688af
asmitha/dataset/train/images/3808_jpg.rf.086cee96c265f22e41e5233c521e9504.jpg,ff3a96ba7df88a2e22a0a7b82d8854d8f67a2f238f953ca556dde142a2872291
asmitha/dataset/train/images/3810_jpg.rf.fa86c655435d542939c05d5102a1b401.jpg,df5d86f6394995864bd1927c8fdd817497aa7a81030628a6943c703476c0d153
asmitha/dataset/train/images/3812_jpg.rf.dcddc441994467c21908f4b624b7a86c.jpg,9d4d9be444abc9899abda451500cf8c3713b04cd71b92a559d081c8b04f93275
asmitha/dataset/train/images/3813_jpg.rf.923d2b7ef6be5da775860117f1132648.jpg,928e880e96e8777da4405302a70f286380e40ad07d64bc40e468a4e1d3398d0e
asmitha/dataset/train/images/3814_jpg.rf.6ff8cf969aeb08428abf30b59f42f962.jpg,f4044da1376e415b587e3d1cab43b01f3c5ffd53ad4b0415c13bd9e9fd659151
asmitha/dataset/train/images/3815_jpg.rf.23d3028c49f05e2363403c03913e1d38.jpg,bb9e42df97661f701a1a328918b6de4069a39ea9fd6a1057ca8f2d4e59afcefd
asmitha/dataset/train/images/3816_jpg.rf.47de2c5239433fc9db9e7bbb1677af83.jpg,21064fbaebc173c1f246e9f2af5a51c186256fc96be57a4bdcfd7936fe1bf293
asmitha/dataset/train/images/3818_jpg.rf.c6132ed5ab5768f1e1829cc9bc0f30f2.jpg,70b799ba13737ffc0985b51887966986e555feb2219cb940822ecc5e2f956bd4
asmitha/dataset/train/images/3819_jpg.rf.ae00408d071112a3822f467f3253b2cb.jpg,cd50da9d1f133aed37de26eabc33ebb904504512c6f88becd55f465e03348b04
asmitha/dataset/train/images/3821_jpg.rf.ac778254e05167e7594fb67889f46f6d.jpg,b694992486edcb7f718676ca04c0c477314e591cc153d51e9f280f4ccfad7ee2
asmitha/dataset/train/images/3823_jpg.rf.f65f798e673923f0debe6da81cfc20d5.jpg,5d740a1c64ccb88ff82304cb834907d607e21d2460087626560e69ac64ed524e
asmitha/dataset/train/images/3824_jpg.rf.1c88a4219a0284414382a20b2989a94b.jpg,94d341b633348d159c96d30b6ac6f8848df095c7240e67ade14df2bfaca0a5ab
asmitha/dataset/train/images/3825_jpg.rf.ba7dbac4db28b39943f7126c70f8a237.jpg,827070054a77f1f068e2f4d5f56a36535a08d44269decfe920a6cb42e0fba793
asmitha/dataset/train/images/3826_jpg.rf.ee0239575d1b5c266af8b94482f39268.jpg,a339867c68019ad00a5e33fc9e39d67310da9814a97ff2a323320447db8fe4b1
asmitha/dataset/train/images/3827_jpg.rf.1610911b35598df5d922d0babd77844f.jpg,58be9dec132eb726f87268e81215ee821fa70951d6825078381754c8f8deea37
asmitha/dataset/train/images/3829_jpg.rf.7ca069b0d2f9f8273fd1f3fd2b26a0d5.jpg,bbae4acc74d651c46dda5ea62730653a19cea9240f444a331c73f5200ce6e7a6
asmitha/dataset/train/images/3831_jpg.rf.1103f261b9c0e977886e8d544f6642cd.jpg,b95ada95fc67691954b485d67c204960a09db684ca10ef239c288631328cd7bc
asmitha/dataset/train/images/3832_jpg.rf.48482880e6a0ca01dc2024f44ad772e8.jpg,103bcdf653368598dd50dd741da5ed0dad561c5c91737920e53e9dba7bdcccfe
asmitha/dataset/train/images/3833_jpg.rf.91ef0975779410a0f78f8a2ccb812f20.jpg,af8efc4ab47ce5f3d52b87f8bb4a25b924be044cdcb6ea18c087427f6b6279d7
asmitha/dataset/train/images/3834_jpg.rf.9323866f31135750a25a3b023313fbad.jpg,685db3af5295a2e1c6f89f884d68f0e10e75ce13c548dad84cbf37da9efcc589
asmitha/dataset/train/images/3837_jpg.rf.7a0ed55a619401d455d311cb57e9b9a6.jpg,43b02d7be798c0ed4637f503ab7481c4e3644a1c38e9f4c32441d9fd9d062f80
asmitha/dataset/train/images/3838_jpg.rf.0f245ce7f2b3458c36c36a010cce60af.jpg,b85db07ffba39a5fa92ccdae325013677e18ec970b1806d984655eae05a63c88
asmitha/dataset/train/images/3839_jpg.rf.a90c7d5dd91930c229c642fbe652b823.jpg,5b0aa537bafa093ecf5b6c867f73a8f046ae49045580bab95bb77c677f1d9553
asmitha/dataset/train/images/3840_jpg.rf.0ced4ffd16b12418dbe73d43feb3e067.jpg,7ff00bd1cf16e4bdfd49c81bf342c16603349e138516e6a2a05b2dfd7cdbc99f
asmitha/dataset/train/images/3841_jpg.rf.bb7ac90e8951150c9eb01a67ba1c5508.jpg,cfa020738bbabbd8521810195067fc3e6ce8c1964bc42020bc68419079d760b4
asmitha/dataset/train/images/3844_jpg.rf.21f62d4e3128b243c055d1081ba1c082.jpg,1f0fe17c2f80fe8ab15c7ae76275dcf9e39c03c799629ef9da4a74b98d3eb6ad
asmitha/dataset/train/images/3845_jpg.rf.2631b3df5865c903f2b5cd1bda255215.jpg,70b06e5845cac80465e1cce4a6c4fb6591a3f0af97652dd8954227f80109e0e5
asmitha/dataset/train/images/3846_jpg.rf.73b4c613d5429a4fd5d69cf5f6b257cd.jpg,85c05019e6becb216648cf9fc9a09cd56584d35b0e9110b281c870c24b862e67
asmitha/dataset/train/images/3847_jpg.rf.4a250be93ad9c670719ff44029793e2f.jpg,ebf546086494b0479cc6a2063f60ea4bd94ed21d66a11d6aaf731925ab3b01d0
asmitha/dataset/train/images/3852_jpg.rf.5d91ac900c69e1a42a2b425885d442ac.jpg,a9bd26ba576da09189b24b2d41f23232ad2d5d1eeee831494661bd9aacbb6c89
asmitha/dataset/train/images/3853_jpg.rf.10f156b19d0d36f4fed53d71a23e31ed.jpg,5b79b1c860773fc65d97566c54723608b79ecc46e352a421cac80d35a41cd92f
asmitha/dataset/train/images/3854_jpg.rf.4e4845985e994eed2d1ae83bbd67eb8b.jpg,aa261f68139ae6a51f0e80cca3849c585e23750dd714f6ea9bb8d74b11a20ccb
asmitha/dataset/train/images/3855_jpg.rf.497c22b8f196c51459043be1d5ac85eb.jpg,a2c86cc52b037f10548ffc54203baac83dd6d2b2d1b62ac892d45ffce0c19983
asmitha/dataset/train/images/3856_jpg.rf.aa7c9519473873c9ef1650588bb895fe.jpg,59ddfdf2a2ebd9ff4a6e9574e0e024846380814fbf19f06eebe401fdf6938bef
asmitha/dataset/train/images/3858_jpg.rf.c2127daa3c2d2c15781092270374621a.jpg,15b404ec652108e4f0163b6c16ff37a5325c9ceab3cd10641dbeb5fe796c922b
asmitha/dataset/train/images/3859_jpg.rf.a0ef6f9d5a957a730ebcf19d539b3016.jpg,17da7ae48383f6fbdf3d76458e9feaa81e96b161edd07c9057ec290e7aabfd96
asmitha/dataset/train/images/3862_jpg.rf.b95bd79c6849e2817a54bbbe4d784b36.jpg,5766d47e8cb2f27ddc761614191ee567a67c198e4ab12525c8a659519c304718
asmitha/dataset/train/images/3863_jpg.rf.3d7b0c6dae1241ef8a94467d50ff0e8d.jpg,347d6538efca0ceecceafaa9d1a2273c730f42b4a9638f9eec920bf5a72279f1
asmitha/dataset/train/images/3864_jpg.rf.94e9bfd11c63346d85345ed5f8951fb1.jpg,5f4234ba4e0e60de088aad0c4435ce82437c1c65247c3e2a5fefd2427d4e95db
asmitha/dataset/train/images/38_jpg.rf.ba7c3c496ee7f120e979d2a965462b2d.jpg,5df56df9731ac5f9b8a0bcd8f987e8bcc4172d4a22d89636b3bb271533d46855
asmitha/dataset/train/images/3993_jpg.rf.6a10110ac115ae29a9b0fc8685eb9f80.jpg,de33f28ab8924bf5533975ed4697b3bfa8fa51a9278be115ee04c7dc01825cf3
asmitha/dataset/train/images/3994_jpg.rf.62282e55c5b2008f9d433a3be68b5b50.jpg,6f265b48aa1baff818c99b4ab7160e9d887a33000d625af1e7b7701587d62240
asmitha/dataset/train/images/3995_jpg.rf.770578a6051e81a7217adfdfc8b753f9.jpg,71ea5aa7ffeebad985e6ac2b1453a359399b92aa999f1c949e963e39b12362b5
asmitha/dataset/train/images/3996_jpg.rf.b27556edf56e28e20eb60c5a07b7fc8c.jpg,4824dd93a36faf6358f06e20539f2ab8c8abeadefb97f3993a227fd7ccd933e3
asmitha/dataset/train/images/3997_jpg.rf.cb1588797c9f1a411f565f5f6512771c.jpg,1c15fec5f9508d21ff60906c9fe402470f669e2c56f6b4af1e274970e9fac5ff
asmitha/dataset/train/images/3998_jpg.rf.f2eda0706872baef06803f5e81028fde.jpg,ca7ec183d449a00cb93e90100fc65cebe4a485fe85e2da2749803cd045181f19
asmitha/dataset/train/images/39_jpg.rf.bdb9b0db3d4eb4855467d2a97f5f454e.jpg,9639176acbd352c08042e4045a8237f8770e7a6a0fa9c2435a1b357d8c5b7b27
asmitha/dataset/train/images/3_jpg.rf.6528daed8546a3d8cb90ac0fcedd1545.jpg,c36c2fc35645f4378f396ae5cdacbbba2d95ced7935af43a585e0e51d13539c9
asmitha/dataset/train/images/3_jpg.rf.7f31c727dd849839e1936c99e9059872.jpg,340d9ab439ba7fcd92d1f0c7690d28b910c4de4e76aa239614f9a3babf773aa2
asmitha/dataset/train/images/4000_jpg.rf.6e3f77228ec257ab8fd04349e422f721.jpg,ccd444c060c1415cd6bd573fa84a23c887abc264304446a95fd7d3471bc63825
asmitha/dataset/train/images/4001_jpg.rf.57e254858dfe0c8147dcb86e1358fdc0.jpg,c32f6f34c9859c7061492647a4b1585d00c87c051c38d2c5b3d174bcaa320f4f
asmitha/dataset/train/images/4002_jpg.rf.763a2a2300fd6267e3ba2cee155fcd42.jpg,68cbdb2a1e4a858f48688ba5d527289365c99026e1d7bdc1d4f55b7d1270123a
asmitha/dataset/train/images/4003_jpg.rf.2f287bb87e68e32f86d787c4f4e50d19.jpg,d21b6a7aec631805ab702c6abde28d111718822d7677e3f481fc16d21554a566
asmitha/dataset/train/images/4004_jpg.rf.8aeb58a6f5a1ddc8f94cddc697232868.jpg,3db3ebc84446793b1c3f26f66abdcb061baf9f02dbd41885e7ff6f8919cdfa34
asmitha/dataset/train/images/4005_jpg.rf.4d1f48d40a915c4b415d6cae35037b2f.jpg,265f239ee81fa46ab47f0d62433fa1593716e4d254906b09e9ea80a6f43218c0
asmitha/dataset/train/images/4006_jpg.rf.55345e43d62cd922ebfad23c0a81bd17.jpg,96f8f79be033e3af5534fa7ac6fdb8af61316b3478ab5cc27c9f7d60db5fa56e
asmitha/dataset/train/images/4008_jpg.rf.c784c08c80e8d0464c3b520d2d191c31.jpg,c57554d506131c0759237020e416985d6b43f09b2dd784cb557896f802f0fdfc
asmitha/dataset/train/images/4009_jpg.rf.707893695236b96111d03a78c7bf9df9.jpg,071c5149ea73c4b28811da5e9dba94de11d85965795de51fbea7c4b050b1a104
asmitha/dataset/train/images/4010_jpg.rf.032ee2aceb7d07cbd199730ecab3f104.jpg,864f63d7c7136346e2955d2bedb13cd739bdef292b41e4f50020f5b4551fa813
asmitha/dataset/train/images/4012_jpg.rf.9eed09c901ec4bc47602394d4a6a1d7b.jpg,95b29e95d397562379be1540835e7197aded6748fe6525e6fe40d2072c3bec77
asmitha/dataset/train/images/4015_jpg.rf.55b68635e6aa825498eb60bbf872236a.jpg,91c96bc6227c1c49a707e5ae5562a1fc8ee24173b039f5f0d03ae5327e9c2891
asmitha/dataset/train/images/4016_jpg.rf.33fe0bb36dc0387335a0d926100b463a.jpg,a90d498c42b6a3911a0f66a24e13f2f8787423880bd7f6bb37ed2a35bc02f705
asmitha/dataset/train/images/4017_jpg.rf.b0746070f5a31254b9881f4441ccdb24.jpg,a9c8e783ede76f5c8cd5b79753d847235059c5837207e81899efff5b1ab92372
asmitha/dataset/train/images/4018_jpg.rf.4393fe9b832a18a1c2aa5edbea7f15aa.jpg,c5b739420aa440ea4d173d8d5f3b465a737e56abbfb119c11668cf0e0dd02b9c
asmitha/dataset/train/images/4022_jpg.rf.d2f3991e377037d4bc9ab49fc40a9ca4.jpg,818029663c841d6a7dfce3024d4e4bab37446caee518b5ce3e7fc42eb4ca963b
asmitha/dataset/train/images/4023_jpg.rf.1c70e9773b01b3f5e359ceef2a6a7f15.jpg,7cbc803df0b4944f0e2919238aa69413e091b8c8c3c052ab1aa6353343fa3908
asmitha/dataset/train/images/4024_jpg.rf.d026bd37df93c812bb4c99246a754174.jpg,ad06ec504bef8b68c4c754ef518a5c5a75d61ac7e437ff15176dfa3a176948cc
asmitha/dataset/train/images/4026_jpg.rf.4f6805865c98aaf141f910cff1964e2c.jpg,8eb0dbad76d16f5cdd713736ef391a91466ebd24bf8e74e5ee3ba56a3e28165e
asmitha/dataset/train/images/4027_jpg.rf.09d32339f74e1682e8b94a3da8e2e5d0.jpg,f360580697c13dd21e7fe82bfe0eceabc3771d7544a63c55ff53e314eb991f44
asmitha/dataset/train/images/4028_jpg.rf.ca8833ed71533aab190b054569da15c3.jpg,3d390adbdeebede4407a71bc2aea1e5314f11bef38efbd882f4e9d25736cb74c
asmitha/dataset/train/images/4030_jpg.rf.6ec202bb7972e9b7057bb7006a45efdb.jpg,e1ceefbf0138fbe8be219ef78000a64719b37f40088ef7c6b7c574e597e10665
asmitha/dataset/train/images/4031_jpg.rf.528336def476da0de8cf6ce69aec79da.jpg,8feba97e649410ca88d8028ecef8d3b5cfdaf7a7bbff3607718450cd43a911b2
asmitha/dataset/train/images/4033_jpg.rf.38645ef2c8fd38a1104f4106fbc18fc4.jpg,a1b8741b3aaefab4418fb4637c4ec5b6f435a42b392c9811e164406a508021cb
asmitha/dataset/train/images/4034_jpg.rf.1d363779da19137fafd033447a44f595.jpg,f8c87d118dda5f3ca6a20814ea2808c6e22a5598538259978de4b1247124d67c
asmitha/dataset/train/images/4037_jpg.rf.dae3f5e60af8c262c25a86e16dacfdbd.jpg,9358c3562cceee7edbc08a31d272a3d2f3ee2f4ec3738d5cfd1e3443e3526d14
asmitha/dataset/train/images/4039_jpg.rf.224dd9feb42f3e4492e5482f387492ad.jpg,3b27c008d7164f0030d3969b1761a5a08e12ee7f3cb62656b04733b1da87f268
asmitha/dataset/train/images/4040_jpg.rf.f071e81ce9a0f80ab9026d5c091ceb44.jpg,dad0fe135e3b9466a1750a37e69e474c6b7bdf076202b50a416b4893fcbb9205
asmitha/dataset/train/images/4041_jpg.rf.f7740169011a1b8f544f40eb24e50499.jpg,dce7959c080a0199b83846bf382996a688381436ecd4db04aec67d7efd71d119
asmitha/dataset/train/images/4042_jpg.rf.2ef9910cd9ac66139f559c5601aa8deb.jpg,c24aff68f109035085e87afc57330444cdef285947f8cc8938a83851a038ebc2
asmitha/dataset/train/images/4043_jpg.rf.2251c4aaaa9e1a598671d3fdd6449365.jpg,04d6ea97e21092986b672bec018f935992c05ebb3c5f87c813c1ef1608bc3708
asmitha/dataset/train/images/4045_jpg.rf.38cc6a680a0b1c07c73787e79b5f5b13.jpg,8cfd8c67d1886b87ea9990717da98e2b6fe3ff45120f9ec8ee8b133d99ef28f6
asmitha/dataset/train/images/4046_jpg.rf.f26084715581b2f3d198bc5753baea13.jpg,8ab5a3864c66ba7cf7f644414ec715e45fe235aed78c2abfa3339b52b757daab
asmitha/dataset/train/images/4049_jpg.rf.0b41a6608837ca9f891649555ed02c66.jpg,94b62a8f635f91f229a604886a712bb7fa5b67172af7824d0526024f7d30614f
asmitha/dataset/train/images/4050_jpg.rf.c0d7892e36d1129d520550e7337f289e.jpg,3995075ac7920de155ba91b37159a014b7162a6353a0a09e6cfaf00113d68ee3
asmitha/dataset/train/images/4051_jpg.rf.a49ca82ae7a98d43ee2fdc1309d34924.jpg,300a03876b1f563c33a8cab65376f7c793988d289452755284bc9913a9ee2d6d
asmitha/dataset/train/images/4052_jpg.rf.5bb91c39011ed9f0133a905de541e5c2.jpg,f94f38ef9114690b199579b2a2388d615cc3d13f68230f0863019c3f53def949
asmitha/dataset/train/images/4053_jpg.rf.0fd63d62d427642ccf2e81802b802bbf.jpg,0b5d56117cf09c089a66b2861a0ed896a1b43fd4b0d7c2732f0d6527dbaac0a4
asmitha/dataset/train/images/4054_jpg.rf.55cbc64ac3b99ad01350873cbf0d462e.jpg,149535c0c0b8188d5c220e747af3445f572a6a0c5c241ac3b5f39039d49cc79f
asmitha/dataset/train/images/4055_jpg.rf.27764cb38d428aef802686ecdbccceb8.jpg,587d03190e92b20e810b97cc872b162fd01144a52b1816cb17b6cbb38845698a
asmitha/dataset/train/images/4057_jpg.rf.f9e06eb69b10794a6e1f5021c9da195b.jpg,995c6698e0084d2dc1959430b61d9f6f295b2eec6ff99c5d61589f9c7a5aed67
asmitha/dataset/train/images/4059_jpg.rf.ebca99d484a740fae54c9a43d67ebc24.jpg,31c90b1b2b145ed9d3fa108a491e05988ca1baecb6bf5977dc30a1ea184c459f
asmitha/dataset/train/images/4060_jpg.rf.198c4ed18ac9ab3082f6d97f9682edbc.jpg,895e3809692a7dcb629c1ed283d55d42b7393047463c405bc7b7046837d4221f
asmitha/dataset/train/images/4061_jpg.rf.191bc8efe12d7ba4879b5c1b4d0fbe39.jpg,acc16b547e165f9086d00af2697e4b3a227bdf332b68752158da362852b9f81b
asmitha/dataset/train/images/4062_jpg.rf.bb792188aadfb2bc9150e6b2cdd81ce6.jpg,d4667741923cbff8f370a7c713988a03bb28ceaa24f8600a95025723bf71f3ee
asmitha/dataset/train/images/4063_jpg.rf.d2cc9328694ab47d4ca5743b0a8526d0.jpg,6f9bfabc1ddfc2d1cacf5b15ceecd1ed7c17f64d1c28901b63976e4f9d163897
asmitha/dataset/train/images/4065_jpg.rf.383124cfd46cbf56b6d03062c8e34c2a.jpg,e4b25fd3a663aae471d17100d7571e8cc27f05113d2f758ed52a4900827bb16f
asmitha/dataset/train/images/4066_jpg.rf.76fbc3b9bdc5f9fe9e3fa18ce9167a73.jpg,69422a2caee4382f4b92809b5b614cb1ea3c036fb154deb622e6a9a30d260d13
asmitha/dataset/train/images/4067_jpg.rf.df231494a971b1324b39dc49ab22e123.jpg,d3258561c950f018f7747033e4e1b9516c927bbd34da40dfff89939202159d4e
asmitha/dataset/train/images/4069_jpg.rf.3c1a408f67f30cb89796515476f966e8.jpg,606cefdbe6537d85fb7b86f346866800af50c81aa40592ee587c9d1b92629a53
asmitha/dataset/train/images/4070_jpg.rf.a83217d11287842ba42b16641a0b315b.jpg,ca82c55e1e9f124e7df82c8885423b306249a86a8ae68f1062cb5afd23be8404
asmitha/dataset/train/images/4072_jpg.rf.201ac4891845297233f08a674c5d5670.jpg,d6564a9df3e350b6889814a386cc84701c43bec7d52ca2902d5c3acd5b07be59
asmitha/dataset/train/images/4073_jpg.rf.b4da5a19a4ad3e60625db96fcdb3ee51.jpg,61db579b9fb45ea046d9ead27b85d1e8766deed783052fea5011da15f974c17a
asmitha/dataset/train/images/4074_jpg.rf.23c93f051ed0601db1a65aa687066433.jpg,b00463d1ae8b19b9b26f20869efa5a59dafc2373e743af53c84de5bf189a4b1f
asmitha/dataset/train/images/4075_jpg.rf.d1403caff7791bd14f05f933f00e00bb.jpg,0763bd371e190889092db442f9a08650dc1ddcd706b1ebd2d3aed5e41082f937
asmitha/dataset/train/images/4076_jpg.rf.5e751ddf985bc34864c1413be050fcc8.jpg,651c101e39812a0bd90e50c73bd461c9873091e21e6ca5f28f1cee0421adbf96
asmitha/dataset/train/images/4077_jpg.rf.f37c8e76139132808f9e27dc1d310167.jpg,3b9d9f094c5f6895684d00a87be5f88b3d2193e30908f209d96f1ce93f9a606a
asmitha/dataset/train/images/4078_jpg.rf.26446c2c3653676ab0ee5d7ff9c28558.jpg,32edbfa827533e065136147ba8399a5074c16ca3825a0da9ee4072caf7cac3f7
asmitha/dataset/train/images/4082_jpg.rf.9773290a2c411424b578fdaaffd05ed9.jpg,c3ca61fd94bba3c8a94e1188265f245f5297458e85bf07f3948ab11b2aa93ed8
asmitha/dataset/train/images/4084_jpg.rf.a133869e0716f7ee84e5c8ffe13c9bcd.jpg,3d7f6779ba8271a155203670ae1ffea3ae2da3cd8fc9c5c5563b31533f23cfc4
asmitha/dataset/train/images/4086_jpg.rf.a33a809de3ecb523a3e69f3409688d88.jpg,1aec468fb6612b765de90f5a0239f1ae94e2c5fe5626f9c743e8bf4232f2adf5
asmitha/dataset/train/images/4090_jpg.rf.513918e8c5cb91482a30cbfa50f40099.jpg,00e6232f7a50f6ee820488bad1b8be0a3c4b820373b9ddbc43bb5a81c863fb35
asmitha/dataset/train/images/4092_jpg.rf.a1fb5968f40175f20050663628e7ee96.jpg,54ba8e2f9af2ec058dd6d7a6f453fe8e96f9f55f948181f0eab54329d5a54cc8
asmitha/dataset/train/images/4093_jpg.rf.d9a41b4114431200d99b5fb3498d3c59.jpg,a22baf57829ac9964b3a49bcdcfef4af254a635571c49c467faafaa023174a10
asmitha/dataset/train/images/40_jpg.rf.2833faaa9147dd4d023d630f22d385ee.jpg,4dd24ea39fa7e6bc853d6f05b858382d49775d99fef7467ae65e6bc04491ac06
asmitha/dataset/train/images/41_jpg.rf.8e5a67cccde70cfc1c2567788c372498.jpg,02b1b0a0d5cb073cb09f9698dc158a6c1b76b9d4e7c5290e3b17c9dbe277dbd5
asmitha/dataset/train/images/43_jpg.rf.86401659b33bbc5654dae5c4827007ed.jpg,5b89e1949ec1613dbcd7b19ca0f4c308e52e8f911ccac17d4aa1e24ff7c59a7b
asmitha/dataset/train/images/4556_jpg.rf.cd3602a56856c7735914124d5f61c29d.jpg,9bc206975f0d2478726d4e123933cc7a41e5b02e2656be7fc9e3a2956400ac68
asmitha/dataset/train/images/4558_jpg.rf.672d4d1f47abb7bd6570e1c9b0e6a642.jpg,5c76de6f5f2fe62be8806e6711eeb945450bfef7e94fa91127e341b20cfb3876
asmitha/dataset/train/images/4559_jpg.rf.7352d4c1b9bd25102a1585df1fdbb4c3.jpg,8d224bf3dd0cd3d1d7f55efad6348f5acea3f60b991f51505adf35ed579ad57a
asmitha/dataset/train/images/4560_jpg.rf.4045b16ba8515c09109c5832b38b2f00.jpg,77297ef00c979a35c9e214beec122a201d174c361b7703f77e9c61fe7ce8d667
asmitha/dataset/train/images/4561_jpg.rf.d03ea003e515d67cc2f02ebe9bc8ea94.jpg,d4dac5be018c29186842564b53fbb2ff8cdbd03ead54bc11d4de1ed4050d087d
asmitha/dataset/train/images/4563_jpg.rf.e87fd974a7a835878b16cd4fcb97179e.jpg,270b05760a42c71cf9db6f28c4270111c349214834f06d7bcf9495dee5371830
asmitha/dataset/train/images/4564_jpg.rf.5543bb0aacd22e19c66ea15de0af9437.jpg,a268a01f4eb8605a6c7ac9a2190e0e0caf35efc94e7705f4f92b069e4781ad5e
asmitha/dataset/train/images/4565_jpg.rf.a14ccb736da6397aa3a3b475161e6cfa.jpg,8b9b720d58b2226c4fe3ee9a37f0ec93f3a6df6956d7df3c4fe940958d63984a
asmitha/dataset/train/images/4566_jpg.rf.f41578a0a835a57ff45d7f8831779178.jpg,7fac4c8beeff1b748698c5332f9dcb88e4391bbbde287a44790990db7e865b3f
asmitha/dataset/train/images/4569_jpg.rf.21ec503b53980d2d7e3bd377a4cfa559.jpg,7c15796602d26cad5ed6d04a31bcd6b9e70ba37e9b8a671d2b65244ec5fb9662
asmitha/dataset/train/images/4570_jpg.rf.73d424310039ea571ce673f9e18686a1.jpg,d8f3da38dfb2cd9e4515da5c7660f4834b7ab5bdaf9b62cc0224ecea5da595c4
asmitha/dataset/train/images/4571_jpg.rf.8d650663035a9ebdb011bfb32d6985b3.jpg,91f2be424448c2a0c0bd049b734080b4686a0832aa5803d2d9f4bb4eab0e70f4
asmitha/dataset/train/images/4572_jpg.rf.1d21af6e996ef75c0c28feeca18d66fe.jpg,8c63770b4e89deb4967509d92f3574fabf135a96e04d13408de1b490933d7d98
asmitha/dataset/train/images/4573_jpg.rf.5171d0a9f7cdb6ccad51dc42a395ecef.jpg,ca7946c50a8a195058405d8c93ddde705b08964d7f1474117e5d4acfd7b3559a
asmitha/dataset/train/images/4574_jpg.rf.b57f5ac17c05677518e2381e0505917f.jpg,9864386ad6815924cb0fc43befd548f2f18db332ea6d6715646bc981220046d5
asmitha/dataset/train/images/4575_jpg.rf.b1ec91eaeb600c0fb08cf594cd8ebead.jpg,d1e98288ab7413b5905e291c9bcefcdb981e882b101e0b36adeb8b0ebd1fe862
asmitha/dataset/train/images/4577_jpg.rf.843f4323bbe79b9e8da5eb5deaecf6f8.jpg,8e9baedf4d7ac735c1d4355f37fbe607b18b93ea6ed45f8a6d9e45f4011d2446
asmitha/dataset/train/images/4580_jpg.rf.9e77abb03c1a80de7d2bedea291c6a23.jpg,b69dbf031aaf4c71df0d7e6f3a9cd978a85088a4629fb0fb2439b894e666c0ff
asmitha/dataset/train/images/4581_jpg.rf.aa5debdb13477bf366cd1c0e79fa0472.jpg,103a6807206571cac4f8f8172f40945a5fc285c25a38f41930f0f5b7a992f65e
asmitha/dataset/train/images/4582_jpg.rf.c608b2179ce8a48cdf0cacd3847a0d91.jpg,090de1e12e7c7262a748a91666e99fbd38357abe9b84da2d2632e9c1a2df72a2
asmitha/dataset/train/images/4583_jpg.rf.aa7ccd29e89ce159aebf437d42022eb5.jpg,953a72d723b981930ce50160954a54e654c367257d110a0e9f2ec5de1e811d4f
asmitha/dataset/train/images/4584_jpg.rf.4a751c98294fa0544b500b6be9e87727.jpg,2aa6b499f4fbc00e03053bb496d23b76ad39bb1715cea0c35cfd64459493a023
asmitha/dataset/train/images/4586_jpg.rf.8617eaae4bb973abf939e235d21e1c38.jpg,af27da1a693f6dc177d4f91a98d59d3ccb3d8b9a5167eccd4c65a014759810aa
asmitha/dataset/train/images/4587_jpg.rf.0d204cf91990f3afca486eccd779469f.jpg,b315610b6359b663f554654d07d3912b10c86a4b3f19addc26816587970f9091
asmitha/dataset/train/images/4588_jpg.rf.9ae30e37bd36779f3da29c3303997d07.jpg,bd7df17b2a182481eedfa24cd8f549c64a8a3b713195ce3c6f48df9d88b79a9b
asmitha/dataset/train/images/45_jpg.rf.70bd215461cd12909513cd397dec11f8.jpg,d3f818842c9926eb687a7fad2e42e3f56cb292330b4d004794fc7f2a2eb68c34
asmitha/dataset/train/images/46_jpg.rf.a71478786ff4fe595131c0e9003c5a0f.jpg,43984f72394eb0e51dabb1cd3a339bdc98a7468b033815476ae212d0021da8e1
asmitha/dataset/train/images/47_jpg.rf.acddf232b1e0b9e6e90ec3c8f6452979.jpg,b6ebb964a67c21f70ad6ebff202c2da803e8240d4ecbf165a5558383d7435eb2
asmitha/dataset/train/images/49_jpg.rf.cc65a24e43c7a8b7e9a728eac01854e6.jpg,e02d1fadbbf62f0d72ae45fa3216f575a9cf8826d98b11a3a0b8ccab69041463
asmitha/dataset/train/images/4_jpg.rf.479455653092602af71e344a9d18bdb3.jpg,7d28002a8d01ddcd41599723d877cb056da6a011a9af4aa2d319036c4bcd14bb
asmitha/dataset/train/images/517_jpg.rf.6a17a22a62ce8317a851b8061df4c427.jpg,ca2ced1f7542bf69df59827b44ff8fdd1dd6c2021aa6e35a27c64ca75e506323
asmitha/dataset/train/images/519_jpg.rf.59f93c2676c6d3a7cd7930a8e0c0d9f4.jpg,a9d35540e09443a7fb78082a94ad68ed052f58e585a3bbc23422bc37afe46017
asmitha/dataset/train/images/520_jpg.rf.7d011e14a8e1b695f08614d96ea19bfa.jpg,c4873308c72255c03ade548eab551b8037b868d9ac0e12334f95ce1318bb6e0c
asmitha/dataset/train/images/523_jpg.rf.74ac1b639275ddce94a4299bea362287.jpg,14b3b1d24de01cb87eb5b99b1e9bc1ede74295a7ac6cb2a2eea620c417c1e7a8
asmitha/dataset/train/images/524_jpg.rf.6751e35c70914d3e34a2dfc3ff567467.jpg,215b10864f6bf4ce51e98ed47d802e0420a83cb581450d7e385e11ce96cbd73e
asmitha/dataset/train/images/525_jpg.rf.84a3f0900904e1a6839ef8b8869eef1f.jpg,24841845370b94761c9c640fdd3939510b6bb64f0769a853c008e19f77d95924
asmitha/dataset/train/images/527_jpg.rf.563734a8747236c7bed6633e9a7856d8.jpg,d3b679e82bd90bd1267814a36ecf1082d7957c8ae6d125256b9ff8ac1316e1e7
asmitha/dataset/train/images/528_jpg.rf.92c909a5f7579a05eb71ed80ab7cfae3.jpg,6709a4de0c43a9d5d7794e60f1b6af818a31357c9bcb8a3a9da568ee3c934602
asmitha/dataset/train/images/529_jpg.rf.3c6a83c391ba6dc04456a12bbe7dc88a.jpg,711cf2d12fe1d4540642d1d3aec8ff5a6739bb283bf1c9626c46110b90918ecb
asmitha/dataset/train/images/531_jpg.rf.0309096e1f619bf87ff8ca5d594a2701.jpg,348d19f69e1d58429e2b51bceaed94a619ca3b71b7c4ee020b5121c6f941aa14
asmitha/dataset/train/images/532_jpg.rf.2e8c53ff6fe63abe8ecb0ea2028c4a96.jpg,d8eeae385d7c56ac4f4bcbee3ba36c727ed7ca5b23d4c25ad667ab62e8fe9ac9
asmitha/dataset/train/images/533_jpg.rf.a7831e56e941f4695c0f2279ce051357.jpg,7116d9d102c23c6184144047b7d77fcdbb69368a87467f20565f79de5ee20f88
asmitha/dataset/train/images/534_jpg.rf.6b3102e296e6c4c4bee12005183d10ad.jpg,7549203480b3a375ba34f5c89743763a6e803965813131c06e66a5473dde13db
asmitha/dataset/train/images/535_jpg.rf.18cc20a6b66ec7762f6461166b98cf9a.jpg,a6b5f1a1da56122803b8ba7bfb335763ad08ada5711d28a67d187231ba6a2ff8
asmitha/dataset/train/images/536_jpg.rf.43ac6e658ca6a49203613d60446b31d6.jpg,ecee3396649b7c78ed588176e7422166507ce55e7c7a3e6d411d847e0db311c8
asmitha/dataset/train/images/537_jpg.rf.31c7b7256aba7f6715ff3c5db2e36fab.jpg,6531c33afbb9510cb399946d5b1d387a954ae667302958c12658a8dd4df89dd1
asmitha/dataset/train/images/539_jpg.rf.107c0a3ccb42a3bd3815cc7941f7fe32.jpg,1da041bb11de24354f2c12f7a48db37531f79f73eed2c31e805d48f2aa762cfe
asmitha/dataset/train/images/540_jpg.rf.8841aa208ff390e5045a4d87455be238.jpg,3424511521735456be258fb71e37b24701973a15309d6d7c815920f9a5d139cc
asmitha/dataset/train/images/541_jpg.rf.7b849f70a2285c150b460d0de00f2641.jpg,68bc90a764761288ee06f785d747bb947856600051d53be89380769f612a2ca0
asmitha/dataset/train/images/542_jpg.rf.b56ad5e0510acc48a53c4e0b1a48d044.jpg,2577ef9a6bb204e9afe19b9d080d22f12d0c5336f3f7ac868bdafb56fa4bc9ee
asmitha/dataset/train/images/543_jpg.rf.e73093e26ab5116e14900c24d46ea01f.jpg,9168b861a803b1b59199690fc700db3ce25f1c123d98f169787c503e51a0de07
asmitha/dataset/train/images/544_jpg.rf.2cb6542a65b446c34c3fcf93f8bccb5f.jpg,a6b2a7657bf75d976c0a7032b342112158849aa5f623b12f64f3943a38306c6b
asmitha/dataset/train/images/583_jpg.rf.84dad31ffc7f039d24fb84985f394a32.jpg,6b63c81b43a7322dad97f36bcaae191af768ce9f6f008f53a732edf0f4f369a9
asmitha/dataset/train/images/584_jpg.rf.7960110aa064facca911a9fb2d8d6539.jpg,89beb8ffb44d488e70bb7d888735c2e84a801693d067141a3012570540789cd0
asmitha/dataset/train/images/585_jpg.rf.fc738a234a0d6f4c5dace9fa88d02119.jpg,03a36846da36460bc54fb4db2db1ffe94501281140d246bbda3f3b9ceb6c23c0
asmitha/dataset/train/images/586_jpg.rf.92c8fbc76c3bd2690c8276a7cb419584.jpg,abb3fe63efc4870dcdc671565a48b9252c7793d76ff39aab918c9441e35700c0
asmitha/dataset/train/images/587_jpg.rf.2e342c2e54a6d174c209535aafc0c7d3.jpg,326640bea39bfadb3961bba643ac81d45d63584de97e11068c845c1c3a4b57e2
asmitha/dataset/train/images/588_jpg.rf.2d10dd2fdf5f0bed8af4ba908d3cb785.jpg,ef9ff9433c011df11c23ed1bfaed057cc2f63d199a462e19b8321c7b71cc387f
asmitha/dataset/train/images/590_jpg.rf.78d576e19da3f42d044c32c65446ab68.jpg,c4864457964d9471111ae16a0efdd55b650246986c05244a60480f42b97d3ae6
asmitha/dataset/train/images/591_jpg.rf.9ea26a54b4e4ee37b4844ba3a0c6f5cf.jpg,d8c777ac34a1adf70cc95350e25853bd1db6f98807fae7b929f7348aeeb59324
asmitha/dataset/train/images/592_jpg.rf.6de4aaf9ec8b2fc7fe5bbec01dbb6324.jpg,2bf93f3ddeaec4e68ec20e302e88d1e201db1f9754e22f06ebfce9abd3cd49c6
asmitha/dataset/train/images/594_jpg.rf.632ce41844808d96f2da63f3c893480c.jpg,cf4f4a090d5862d52c23350ad222a973b7fc9b39d1b71d6381bb6410565e741e
asmitha/dataset/train/images/595_jpg.rf.dfaa41aaca2e241546fb3750d045e3ab.jpg,09433f53a60538338a2492de4a37a2a1cc202a0c438aff03ba965e625286d653
asmitha/dataset/train/images/596_jpg.rf.e5ef521a175ef0959a861f359ac3bc20.jpg,7b9aa3cbeb666aea6a85b522a8a7e71771b89efa57c5861a2ed977b2f3ccceaf
asmitha/dataset/train/images/597_jpg.rf.c552f67c88c186da5f6a8439c9922a82.jpg,4a6e9498ba463373e2f58abda892f686c5c083411c10bae7637daf59bf01a3e0
asmitha/dataset/train/images/598_jpg.rf.23b79c0d51dc28068589de8a154585da.jpg,c0a3451fb5515f4b16b587c89917d3a9c63ed534be7806da80992324bb8828d0
asmitha/dataset/train/images/599_jpg.rf.c8497858f0e5923f3a319e646c325692.jpg,b28b2a3e2c2a17776ca2021ed6258b3ade2197ac005549bee85562c369d38381
asmitha/dataset/train/images/5_jpg.rf.ea218c555f6970c7329e4b8e74c27ade.jpg,cb39a3c4f7edc1eb1a7db38087246f18c0baf536dc8d55901ccd469fc17c534d
asmitha/dataset/train/images/600_jpg.rf.40e9f4fe94ec9de42491aa4852f4f239.jpg,00a990e06ca332cc55ef778c72fbe80e7b5afa358536e99cce6603e9be2913ff
asmitha/dataset/train/images/601_jpg.rf.a5bf7164bffc747dbf68ad98882f0b8d.jpg,867266c66e6221d2992c2adf0f3f9867e9bdabea59a08e90dc3ea0d13b1880ba
asmitha/dataset/train/images/602_jpg.rf.43dff92020f19842d2bcff51cba69b84.jpg,91b76700e5dcfc54efcc81d85494e41dc6d98168ab8687cc43bfdea54a8b6df3
asmitha/dataset/train/images/603_jpg.rf.1b55dd2e722cdcfa57e16bac79688e80.jpg,84cb06c9ec6074ba743bc6b4fdf398d50127713a55d8b625458b8457385e2355
asmitha/dataset/train/images/604_jpg.rf.934fc987ec1f703ebeba9f18edce0ab8.jpg,bbf84f1aec2b97cfa5df52f0693a793c13fe74d1f1cacdc05612ac75c03c45d1
asmitha/dataset/train/images/605_jpg.rf.a9ba1dc3eb410d8dedb48f0a2b6fe266.jpg,e8d7b861004d319c1b5fe1a38e816cdee8d6b54ec25e98841261dd78856e9ba0
asmitha/dataset/train/images/606_jpg.rf.91ad853e0a88d665e6c48e0b1b57d764.jpg,e790aa9fc6a609662516b92f0ceeae857f6d944c7ece3c769b2ce5cb601ecf1b
asmitha/dataset/train/images/607_jpg.rf.2d7b0054639d3436e8e9e10fc58a6ced.jpg,1ec904a1901508392154e95e2645c5bee047d58f0c3f89ef0b1c1f5d37786ca4
asmitha/dataset/train/images/608_jpg.rf.641819e29efdcbfed89dd9f80e1495e9.jpg,d63fe2e4c7e5f626e5336dc169bd667f45157922d025ceb609a2c8b932468944
asmitha/dataset/train/images/609_jpg.rf.30b62a7f66ee9f8fcfd167b9362c32bb.jpg,f507b5583da0242f8312cb9391d16332fed2d467f981272eb8cd0614b2cb670a
asmitha/dataset/train/images/610_jpg.rf.4d335258c8a38b9b15a9b67218485b1e.jpg,ee0f42daf46a4aafefc19109a4ef3b55b3cc57f8def64ad845a68613cfcd0c24
asmitha/dataset/train/images/611_jpg.rf.e333a7390126239908d6883b3fc91606.jpg,1bd3d4e7250f5c8183f5a2d122581bb016c203085d32f683aefdea81a87d4aaf
asmitha/dataset/train/images/612_jpg.rf.95c8bf0dcee99853e4310daa5790f136.jpg,3bbbc2ceb444531722f1b677517c76ad9a1d07f2d2fe3689cd1a6da9e7ab081f
asmitha/dataset/train/images/613_jpg.rf.ee60df9a53bebad155b1636958c3400d.jpg,316250c6e4a59559fe6e5cf31fbdaa1100794b6b94de44575fc173e19de10443
asmitha/dataset/train/images/614_jpg.rf.718b3e160fad4cf1012276198ac9a226.jpg,861994e380bda6d6c627a1f72c76a59b4c5d09bfda2a79c977a3dd523fba8444
asmitha/dataset/train/images/615_jpg.rf.4b2efa364c529e4af4a5fc5f1af437c7.jpg,21e771c394c4dda9cbed28b52579e5728935189af5036eec4a226f0250db0153
asmitha/dataset/train/images/616_jpg.rf.4dd974ccd5a43749121bf87aa092c1eb.jpg,15de2bfe1d4d465f1d9bee960dadf95802fdc7a898b04c3f431016153244af54
asmitha/dataset/train/images/617_jpg.rf.8a7f5f593ae53510ea8a6386e1f8f2b0.jpg,bde03353f1fafa4584a131231e966f312455574a26b058ea2dc33d5118355355
asmitha/dataset/train/images/618_jpg.rf.5ef84cb16083d21dba8cb681203105c9.jpg,770500a50cc6dd402fcc47da2b287cc0669a1712a1892b09efe90e3abe136ae0
asmitha/dataset/train/images/619_jpg.rf.ac478cc51b73dcc40500cb414049e1ff.jpg,d0e23fb171c6178eb09278fe3b1a734d1c2e5cd3a11de1f4dcbdf7d9fedb07b0
asmitha/dataset/train/images/620_jpg.rf.11166d7b0dc45ca0d7eafb018962a0b9.jpg,7d48dd07e9dda2ac01ca37ae3afb7b82eeb5a38d7dc5470bd197cd80b9932cc9
asmitha/dataset/train/images/6_jpg.rf.3cd4abacb3f1c00897791bcd14e61140.jpg,176b6670116de0da11e15c496ca11aba11bb334def6ce5b2a154c03e314c112e
asmitha/dataset/train/images/7_jpg.rf.a6c81cca6a18e40ce37c8b17e3b7fb41.jpg,6768aecefb7ba0da7214c4b7054b27b94d8dabfd4b339af35ab5cfe5ed8bf445
asmitha/dataset/train/images/844_jpg.rf.dbf928d219b93c2ff8f8d3c4b0d5513d.jpg,80eb5ecadcc488c2c641b80e5d819cbeb50cdc1d04fbd56073e251c29042b3e3
asmitha/dataset/train/images/845_jpg.rf.1f8068be7838367ffce907f0cbab9f98.jpg,ad93ec05fbfd424e0ba694f99581dab57c101d424ab177102bf6e0634dcb9cec
asmitha/dataset/train/images/846_jpg.rf.8fadbcaef75946afaab3fab6d2a6ea28.jpg,ca5863d098002cc7779387e65c4095a0c1dc97852ef914674b8b76dfa407c7f7
asmitha/dataset/train/images/847_jpg.rf.9a7ee962a78f3bd870479b74b73e79ab.jpg,a1866df9e58b5580f861c151948f11cd605e8bf8ced907199c8d1b64384c4ad7
asmitha/dataset/train/images/849_jpg.rf.a64f6c0a23f573add52e9903151788ca.jpg,9dffce1455cc43edcdc91576e0b515274d2ddae34098d2eb69c68cfb99bf0e85
asmitha/dataset/train/images/850_jpg.rf.193a0cc936d4ee277f4e62afa64fe3be.jpg,bc44dd0186acc3bc16addec5f4c4127a9ba3429faadc44701997d2fd957b6896
asmitha/dataset/train/images/851_jpg.rf.321a4f38baa827d9e6bf20ed7240504e.jpg,d8c85cef26dc9f28e8735ddf2fe236833c1a00b93436dc2198dd71e2272cec8b
asmitha/dataset/train/images/853_jpg.rf.1cca6ac88208d4388d1bfdc3eded99d4.jpg,e7cc473ae619f211511ee78e2f250b4957976fe3d560d4b090a2ac41ac289b53
asmitha/dataset/train/images/854_jpg.rf.cfe159696e520066aef4a6216172c157.jpg,6c482fa54a0da6e1390aa78d936f851feb945c8eb5f7a156720dba7dbeab8f3d
asmitha/dataset/train/images/855_jpg.rf.ac530bd3281db80533a2dd6ccb0d0875.jpg,281aa8308693f4e87ac439a5452908ac9cb1f9ed421c8f1054286190fc295515
asmitha/dataset/train/images/856_jpg.rf.6ab3efcdec50911311d61b54efd3b465.jpg,b4b9b2e9971037be974c785ba2b766f25f6708bc9cb1a9bf7410b8156192a5f1
asmitha/dataset/train/images/857_jpg.rf.42d0416a5753093e4ac29893ce985da3.jpg,89e359dae3e9783dddc056eb4e95fd245be4fe478ef5930635c626c0275f28c8
asmitha/dataset/train/images/858_jpg.rf.43a5a46f03dec8e6b3f9e163c581b727.jpg,93ba21edda7bbbade945bb9414cf1d6410573ad4e1e3ec5a847c1aa59c972c42
asmitha/dataset/train/images/860_jpg.rf.a5fe99885a93f04f2fc88228fbce20c5.jpg,747e04aa27d420bd6bca2fa27c0ed81d2c56b91074219f4741b2ffa74f26cfa0
asmitha/dataset/train/images/861_jpg.rf.af47a76c18182654f9d4f3a4d2f9d68c.jpg,12140af14792dac4a072dcd8411b5d5498db274abee98f40b4b9308759db5dc2
asmitha/dataset/train/images/862_jpg.rf.2a1ffc084f4549f9cab38a148eea636f.jpg,8dbae0c1a2fc80097745287b24a09435e2085e57d5b9c65f292b9d832bf82aae
asmitha/dataset/train/images/863_jpg.rf.af5ff768a00abf7618625b78bb7084ea.jpg,4d4e82bcd043817af11338ee66b8449aa2826ce578e314dd38484ddf1c3e5490
asmitha/dataset/train/images/864_jpg.rf.bdec5cf34e14cae631d9fc75a4dfab6a.jpg,9a4f3b248ea349963e42464970fd58af62c717929ab9f580ea9b80c88cc5485e
asmitha/dataset/train/images/865_jpg.rf.5b608366b9de76e8b3001ac61008d840.jpg,32a3e87da0a5cd04f9d2a78ad062c5efc826749b7d6685056b265f71f15744d7
asmitha/dataset/train/images/866_jpg.rf.490729129a337a5b713fd42e1c13576a.jpg,3d9c674d4f150036ddf4b5243f8565d0483fac1f5a9c8e41f5afa94522bf6eb7
asmitha/dataset/train/images/868_jpg.rf.aa939a32e0050fd8e5d04a5e40bb7306.jpg,91875d15ce649cac545aeafd2aedb268b08a5c8db2d65b442e6a761a2ee36efa
asmitha/dataset/train/images/869_jpg.rf.110e56e5eefa62f5da864a5c2e7b5e5c.jpg,817134ddf68abf4e4f8bc87e298ed9ca62a9dd5c19151eb5401935e508db1c0a
asmitha/dataset/train/images/870_jpg.rf.d7422c7fe130c5a2f2621f4ad134a669.jpg,13fa9c9cf17f1abba725807be8dfbdd147692670823548b46b8c909ca1bece1c
asmitha/dataset/train/images/872_jpg.rf.cc9777c81ad491f3edb7f0cf9d5f124f.jpg,bbdc051247836c9ab11d892b6dfffac41e33dbbb21f15383a5258d7f630e0332
asmitha/dataset/train/images/873_jpg.rf.72ad6d1b5646ff66cc878b87bc2d9850.jpg,20b3d0f926c16a719316bfeb0f2692c096d5fe8f7813cfcbf14e54ff390a8a91
asmitha/dataset/train/images/874_jpg.rf.cddfc582c4811b85c8b8c69c4c7e4199.jpg,601f8ce6d0ce4a969fe37494f9e4834646aa1e8ae6b12e6f49c8775431ce74de
asmitha/dataset/train/images/875_jpg.rf.cd1b5b05419e4f5e42ea91369d8f8763.jpg,cb08d16c84d25a00c30f2a4eb9dbb738bb5cf8db9ca098ce44a9c7db9d8642b6
asmitha/dataset/train/images/876_jpg.rf.81c28176de41896c7fd9a29d5596c827.jpg,6e218d55ad65f0b5dc0d2e86883a396bf9070a7788b0d951e9aaf061f6e5d646
asmitha/dataset/train/images/877_jpg.rf.f566284a6f2aef39d37dbe8e0c03c045.jpg,228f88583ecf9284d5b43131128cc74a44fbaf88a5543d814b96035b067036a8
asmitha/dataset/train/images/879_jpg.rf.c1876556c28752787790391e41f39532.jpg,2eba741714190f6e6741542263cd9ab74447fc386284ed18f4e2c7154a956b93
asmitha/dataset/train/images/880_jpg.rf.37b39bdf297361fbda79cdb14341c287.jpg,4d57fed4a8f20815f7c35004688a0b26300d704449e299412b2ab3f488d8d057
asmitha/dataset/train/images/881_jpg.rf.50a8676912451c0b139d96df122b76db.jpg,61f89b3141a919e03d20d15adc0f2ea86a5bd928fccb5f0653830efc729f8cc2
asmitha/dataset/train/images/882_jpg.rf.60a83a0443ce9ff14d527eb74fa029b8.jpg,81d41f5b1e6f1a17b2d0093fe2951a9caafc98b71245465e03ab04569ddb0389
asmitha/dataset/train/images/883_jpg.rf.8f79d34f2f35675a9f48c09519e7ae69.jpg,d258afe8b49889615a75373102bc3a74bd335b6faeca609b0d24bdcad68466ef
asmitha/dataset/train/images/885_jpg.rf.3305af946bf4b941fa15f26c21c3050e.jpg,8477c30856b62a7b4e3d9ffd96cfb46fddd78c473bd1902e9136c273a887f2ec
asmitha/dataset/train/images/886_jpg.rf.ebe98107e709285cc8f6c4a9121300af.jpg,eed8a851bfcf1389344855562d4eb297da87a19062ff322e88c7749bf75517c2
asmitha/dataset/train/images/887_jpg.rf.5d2c5500a44b5e85298d0105c52d4225.jpg,59b396c4841b80d1d84dc337f156b65246552eb7b0a7d4968819d49df6d37be2
asmitha/dataset/train/images/888_jpg.rf.27642481879b65b25ed39ee0b171cf4b.jpg,8f390f91e34d603b2a6e49a5301f0643db604c8845924eb390abccc4a88fd49d
asmitha/dataset/train/images/889_jpg.rf.80a06e5a4b1f4813250eee900c191427.jpg,cd8e130e6e7444386f7c36e2a4620530b2fa4c73ef94049c8548996ea79f5f5b
asmitha/dataset/train/images/890_jpg.rf.a0069335af6652b61cc55259b41b0f7b.jpg,9f39d8a4ec7c0058dff0f5d3b675d6b9ef7b79efde0634f5a9b3664e1b3ef7f6
asmitha/dataset/train/images/891_jpg.rf.17c1ad02019b1c21b4287115440c4f72.jpg,97afd8ec0dfe9ec49a770a61c5e6bbea65e831716c49694e4b018b88220102f0
asmitha/dataset/train/images/892_jpg.rf.a77710754128feb49f24af3b1b8f4dd4.jpg,8195c1bd78efc42587269c941b8f8dccdf9674248a527090653abdcb53612653
asmitha/dataset/train/images/893_jpg.rf.73b88b9b645fc111514c1fc6aa87ad9b.jpg,50679ce5543a2c8cc9b447ba12ce487749aaa5d7ae3248b23022e52802dd56bf
asmitha/dataset/train/images/894_jpg.rf.2bb9b297cf4af52c8b213475cd598a9c.jpg,93d4dfa02bb6ea9ea16611868971d906aef870c70f32f5d06f78c7f50d8c2fe6
asmitha/dataset/train/images/895_jpg.rf.aae37846013f7ff5c2f164bdcfa44d33.jpg,a50a1f356d675bc9ba3b50c52e456acbfb16c552518c7454f1c48ae520be7c64
asmitha/dataset/train/images/896_jpg.rf.73906c6470644bf28862b5f3f6e7f1b6.jpg,fc4aa19d327248cfe34a49629a1f499e1aa7de5fe368d0cf50c9bb17c7508526
asmitha/dataset/train/images/899_jpg.rf.edab179e4ed63e50b5dec91f5a12e4b8.jpg,e827506f5fb17f324c67dbc48c3bf838ff51530086825694e57103f763c74557
asmitha/dataset/train/images/8_jpg.rf.8aa6c1f8fe2f4539fc51931d23ea6b82.jpg,2f2e6912eaee4059bf6c4af0321a261bea5c3cacaaa0a35e927ed0eb44a60d2e
asmitha/dataset/train/images/900_jpg.rf.abb6bb0c5a8a870f45466f6ef85a499b.jpg,e532b144634323159076fad09d8146187930c6775e27ed567a0ec6cd18af7011
asmitha/dataset/train/images/901_jpg.rf.ae6fb0c667cc45a080ae6e83dcb8ed35.jpg,b472a0ebce0d6ac0de95369ff51d0951278e979d847e3e76ee0be086823df039
asmitha/dataset/train/images/902_jpg.rf.f9ce635f79df81f418d40c6194b53b22.jpg,99370270a8dca6ce2eced6e424f926543b1fc7003ff45f4d37d116b1ab0dc065
asmitha/dataset/train/images/903_jpg.rf.2284e1a65f3e8e81a72c4dd7caa330c9.jpg,667cd7a4ca215cbca158b5e22337521a8bb7677c5cb478e21a0fef8621192475
asmitha/dataset/train/images/904_jpg.rf.00e52f0b4799f5fdb09b61763052eb26.jpg,f545056a897327251be8458016325b2f4d35e390361f96c0b082c46eb455c142
asmitha/dataset/train/images/905_jpg.rf.d912280ff31ae430f4bba9aa492672aa.jpg,986ac18467620e9150ec24c54fa30961903258bc5e6be081e2941d439a3ad2a7
asmitha/dataset/train/images/906_jpg.rf.2feb3a56085e49e70f6fe14c64c9f0ee.jpg,2616450a1609de1a9bee1c5c9e869ee9fb78bdedff8085e493db4ad893fb0fc6
asmitha/dataset/train/images/907_jpg.rf.ce91a41fd3e72a73ee89cbaef2b57bf9.jpg,2889c625fb0aff47afa99dd78998c9931729baae3f0e8cd72a584984383d5b73
asmitha/dataset/train/images/908_jpg.rf.64abbfa0ab019de07b2fba41b09cbd93.jpg,d735080eedbadfc8d4eb466056551384aa37c4fcdab4ec4e1688d624d7150671
asmitha/dataset/train/images/909_jpg.rf.e9c5428c75ff1c7cb1931aa17d92bb59.jpg,dcab52b42c95af06b086a3965478944b8a3ea2cd3d4519fb1584eb2d6390fc95
asmitha/dataset/train/images/910_jpg.rf.d83fb958d30b5a1ca8e998ce70b603d3.jpg,2adb9d065d01c0d3095b010b866eb16d3cbc2bc24465f3e5d297c17f61a8710c
asmitha/dataset/train/images/911_jpg.rf.71d82b3a89f059ab683047515c9b0154.jpg,850fa2af139e98a213e7e70a9f05afd1cb991259cf3d49120c9fd8cd1e38a636
asmitha/dataset/train/images/912_jpg.rf.b1b46d76c1e17871db53ffd058309c63.jpg,2e3b39bac5f7fd2bb6d6085fab02aad7e9303854355916f270a7b34b7c2a0ef9
asmitha/dataset/train/images/913_jpg.rf.68e5f33cc2b0a34a55fa522100128ac4.jpg,fa89830146bba0901c587e86c9a75a5f8c2db91cba430b413c42a29d084551c0
asmitha/dataset/train/images/914_jpg.rf.36cbea795d9603170b4b7aca1cdbd23c.jpg,f21a49811b5bbb8b7d6db7126615e0e04afcabe700bdeed62b0add2d08cec869
asmitha/dataset/train/images/915_jpg.rf.d88d9c6890e3f79b8df73180b0737e46.jpg,ab075b5db7c479671cd5478f8062f9f058536d79ae6ddfc896b5176e3df9b253
asmitha/dataset/train/images/916_jpg.rf.83ef2b63d37e3f7df1b4773db951167f.jpg,08e6206ea872586627a66815f330f6fdfeedf4329023c22b7c4a7b2e17d753b8
asmitha/dataset/train/images/919_jpg.rf.9335c51860ac93b9e8e9d9cd68188c00.jpg,89c5b4ab492cf99716790b7afc40beeda002af4f9b44227bd038969039f2155d
asmitha/dataset/train/images/920_jpg.rf.40811ad4bc25bbd9b59b19f4cc87bdbb.jpg,98526ba1422491c753a6d0a528a5eb6a20f3a6b689ebcd44ce3a9ed4181252c4
asmitha/dataset/train/images/921_jpg.rf.2390e32017650455fa5531e942de4066.jpg,02cb1c2384e32e24c53d1b39d2ed73d049301901c81c36ca14a720242e2b62ac
asmitha/dataset/train/images/922_jpg.rf.671451ded033e68796bd438d8be2cdfd.jpg,c6a07701f9dfd8110afaa3e3df2ede476438435d3284e2713b96c90241b59491
asmitha/dataset/train/images/923_jpg.rf.a7b0908376448bafe50b7036642c3c73.jpg,90a9aba6bfcccb2aeb438b075601494ac90fafc0569a8f687be447bea4e5cf04
asmitha/dataset/train/images/924_jpg.rf.3eca02c8f3f6daa539a316bb16f08ab1.jpg,debd12e7b517d9614a81e271add3fb49bdbf34292f3375ca79a265896fb25e29
asmitha/dataset/train/images/926_jpg.rf.e0fb09d4dd5e66b435f56a0103b2dda8.jpg,945722cd46f5b57594e527f1ff6973351108a60bf6b61e0f68a66beecfa4b1c3
asmitha/dataset/train/images/927_jpg.rf.545ebd5a053107e69bcef097ea5019b4.jpg,f4a9f50e783c1b720425aef6ce10abb1fb6ac9a7a9f932a0f78e427b94b57f58
asmitha/dataset/train/images/928_jpg.rf.c168914943d67422945cbebfbdac4009.jpg,530fd3a9af3f98a03543e364156d207a751b2ff64ee17942500ab8c7b80ba899
asmitha/dataset/train/images/929_jpg.rf.ae6704c6d30814560b5bb9eb9d58de0a.jpg,272b019b3e4ddbeb8fec18ff8e2ef3905dd2419d6b78ca931ad2bd6bc133d6b2
asmitha/dataset/train/images/930_jpg.rf.e84f489997c7e5c93f86f37779b4b537.jpg,43f491f0cc4c1e521eb125ea9eb5fc46936809f6d2b6f0f7bc0b0b237431453a
asmitha/dataset/train/images/933_jpg.rf.5486f8a1b03b72f7555ed71482e574f9.jpg,9c2f33fe1cf019f27bf2877c20848b5289617ebab788520e8d7756d9d1ac12b6
asmitha/dataset/train/images/934_jpg.rf.1fd50f3c95b831d9018934ddfc708bd7.jpg,dfce0fc55fa4bc3a4a071156d751331b139b809b2dff96d71ace936d2be6f326
asmitha/dataset/train/images/935_jpg.rf.f8f7088acd0946b246141c40a42e5223.jpg,b09c52312f0cd20056334301722028604422b7a563be9e2ca4e6320aea2ad6a8
asmitha/dataset/train/images/936_jpg.rf.f1cead4afe0af5fe133047bbd8ea901c.jpg,9e53065429b48124c673cf26859fcae7449becd3118267011d6a04414b55423b
asmitha/dataset/train/images/937_jpg.rf.3a2e16204a8c77365b5206578b325e16.jpg,af15c667cde8db7c30108353452515c0fee9e014494091b4a2bc36663bb0b7d0
asmitha/dataset/train/images/938_jpg.rf.2619f08ae09d30046821acad3767e2a3.jpg,709d71434d41b9f0ac595a54aa9d487e8a2b844444bd654cc078a962db43c978
asmitha/dataset/train/images/9_jpg.rf.744c0783cc551aad1e255405a8e7fea6.jpg,5f1dd0c3ebc328a81c194dec30917008750d3297219b0376b65d38a01a65920c
asmitha/dataset/train/images/FSDGFSDHQA_png.rf.e951a0b538ef76beb5558853de7b6fb3.jpg,59217c00e915dae5f18ebccbef1d9c45670a77a2d38f3dde4628ecee728364a4
asmitha/dataset/train/images/IMG20230420223638_jpg.rf.7c3472e296fb963cfa82f1d0480b7586.jpg,e8e76b0eb4020d09a8c43c7accbbdb796ee715cb94ef4073ebb1a2ec647433bb
asmitha/dataset/train/images/IMG20230420223652_jpg.rf.b05ba39671516a77ce7b7964193a6f95.jpg,8da929a97fe136843909601d93502038a63991c9e6128e96c347014adaef8ccc
asmitha/dataset/train/images/IMG20230420223703_jpg.rf.77b76b6bb9f6d8a90e6766ee6b0c1c69.jpg,e0984d9b7deb766ba9ebc4adf0286835e340fb56032eec06a603482d5d2a8668
asmitha/dataset/train/images/IMG20230420223819_jpg.rf.fc31b8e11ddc261d856fbf051e1d3372.jpg,fc2dec8816ec501e9bd66f53d13dd047a189e3dbe9835b74d572af9b00cccdb1
asmitha/dataset/train/images/IMG20230420223850_jpg.rf.f5ed2feeb21d46c419a42dc83cf396c1.jpg,2d15186729f2b321f5c8dc369c5373c398a594b56bfac85620f63638db66840c
asmitha/dataset/train/images/IMG20230420223939_jpg.rf.d1f4aee07b0aa65672c23bbbe2963fdf.jpg,2ba358e1318d2bad9478cf4d9983f32f429c5e9ccaa28d9a22d10b408e8f21c1
asmitha/dataset/train/images/IMG20230420224048_jpg.rf.99854a528b36655ef7cca526a9f32ea2.jpg,14c8d2baae795a725b5a22ce242d664dc32c39bd3087f8920a55936f81b9651d
asmitha/dataset/train/images/IMG20230420224216_jpg.rf.56bce0218318a7e77880d316879bffd7.jpg,859a676e7337665c46f5c4fd9417bc67f7ea98d0d28b0f24a8f3484bb7b347c6
asmitha/dataset/train/images/IMG20230420224311_jpg.rf.a18233e7f153e3f3b31fbd2e9f792870.jpg,6085748cd767e115d1f103ccdb5386a44705d1db6aa43a94f7c4304d554ec47e
asmitha/dataset/train/images/IMG20230420224504_jpg.rf.0096af11eab7f31fcd6aee5312faa8b6.jpg,088903a5609cfacd9f15c704b563bfd97240539cf93a3889b90f21ac6bf1a4fd
asmitha/dataset/train/images/IMG20230420224552_jpg.rf.e9d35cd8f7284071893d83eb855dfd49.jpg,13bbaf98fc4f2ce24a5dc60319a798a8b06be8a1cb71ac28a8bb37906bdbd7cc
asmitha/dataset/train/images/IMG20230420224624_jpg.rf.767d1e1365163d584720ccbe85969bc6.jpg,a9edb6e5731e9d898cabfff8b2c2e1a0fd5f1b221b5a02d11ed83bd57d2bffc6
asmitha/dataset/train/images/IMG20230420224745_jpg.rf.f7eea425d907414a6e36613e1437b738.jpg,a5ab10f0aaa8831d8c24cf5e73c84c67986e9699ffcebea21ef3e5ae3b72ecbe
asmitha/dataset/train/images/IMG20230420224828_jpg.rf.7a93601acb9a0e31290eeb2a54544471.jpg,fd3b2371d5a3991dc5f7a4b9e511d4e0c80b9506d1a689bfcf99e91f773e79d4
asmitha/dataset/train/images/IMG20230420224843_jpg.rf.c16224ee7d1f9551cdd358b33d14b7c7.jpg,e4dcbcb01fde755a4dfcd14dca69112d2294f326ea0633d48d8f858cea26e22a
asmitha/dataset/train/images/IMG20230420224948_jpg.rf.9c74da89eccc596ae00f7c14ec4f60e8.jpg,483a7c07a19195d9b6de00601e52453bf22d44732aa81243fdb89b808e7683eb
asmitha/dataset/train/images/IMG20230420225108_jpg.rf.b931cdcbded54aad9aa0e5d57855a164.jpg,f41d49340d915728f54ddafed8038199fda99a173fa677cb7c0858960ba371b6
asmitha/dataset/train/images/IMG20230420225122_jpg.rf.733d1ce80b3f4cab494a6f27cb4ba0d3.jpg,3583265503f069516269a5300532fa44a1bc9e731375a5cac970f79915313288
asmitha/dataset/train/images/IMG20230420225359_jpg.rf.18b70fc2d10efb35103e840e3dcdf90c.jpg,7aed73edb04e5cf34d50423b9927353fd4be577706426f9cbdc74758e3a84a2e
asmitha/dataset/train/images/IMG20230420225456_jpg.rf.18782369501a81bbda9613a7dd33f10f.jpg,9dfcf4e11ec349293da5cae25a6917cc859924a00aeb5769224eea56ba8c5e7a
asmitha/dataset/train/images/IMG20230420225518_jpg.rf.2eef2bfd7e02b89e2377ade45a6903e4.jpg,375ed601132f5d5bfd8d43ed4e5f45d8d28f4be53f0bc2d8ef4f91509eae734e
asmitha/dataset/train/images/IMG20230420225637_jpg.rf.32e9bca35ff5679eaf531f6b366d8541.jpg,17f39486b40c992d7719265aaa19908e3d3883b54146ae89ceeba2882b0d99c0
asmitha/dataset/train/images/IMG20230420225733_jpg.rf.29a7a28da886a5730c9f769a0779c1ad.jpg,d86ba19aecee4ebe7d52390f13f50d2656aa7df67257d18f1e1f46d252e77d20
asmitha/dataset/train/images/IMG20230420225804_jpg.rf.f4ff9c4dc86497df58b8ff600fabb55c.jpg,ea687d94f411f64cf552dadb683757102b589ef51dd823c334473b53943d08e5
asmitha/dataset/train/images/IMG20230420225835_jpg.rf.a22e93d7c9425e392cc7cff114818aec.jpg,2bb3c0466a6c17f0c95cd58cbd4f35006f92896b470095be1a55838fee9d324c
asmitha/dataset/train/images/IMG20230420225849_jpg.rf.bbee9bafd4ef2fc726a76a1f5a92fa31.jpg,cf8815c3d4a0eff389acc36199c28303be25d95858853e46677e3665eabac3ee
asmitha/dataset/train/images/IMG20230420225928_jpg.rf.ad63585b594bdbb10493b6d03560f8f6.jpg,a95d0f6998edce1a4fb95ccbd92034b75f8c8115a1f215119877d1a6af1c2be4
asmitha/dataset/train/images/IMG20230420230128_jpg.rf.15a0b2806d04e14d8f54eb87d868615f.jpg,f805f46a9243d2bb81b3fafa3831c99a5e5be3441e715d3a45de5fb8e796d181
asmitha/dataset/train/images/IMG20230420230219_jpg.rf.edacb6b45644b6b3fb775931f5bf75ad.jpg,58fa7b50dd10c56146017b55cecaffcbc9d0a913bd011c5bc153527433c8fd29
asmitha/dataset/train/images/IMG20230420230403_jpg.rf.c87d1c4f19bccf80041f802f85da4edc.jpg,25be5d20a8cc041c6d04aea833923a48f9bc8486b17bd21f552ccb06681c15ac
asmitha/dataset/train/images/IMG20230420230454_jpg.rf.0925628cfdc963fa934a86d6f828394d.jpg,05297354fa61ef6bf42de635f0e94e41f0c8ea23f2aa07ed56ec2fcf8dce9f16
asmitha/dataset/train/images/IMG20230420230504_jpg.rf.40a5478cbb5c8476474fddd25b302194.jpg,b9f605a22fbb7eeac50afebba18388a88eb9a4e16d46015f1d2ce123bb9f5e39
asmitha/dataset/train/images/IMG20230420230525_jpg.rf.36ab46eb969fb9c0f43f0d5308a4a617.jpg,4d2dda63e9784dce8873e89f89cc61b7123046c3111a890001a1b615cefbd7d2
asmitha/dataset/train/images/IMG20230420230537_jpg.rf.ed9043505386cafa4563b12b05c2f2a2.jpg,2bed3fbb1dcb67141b4bdee7d72882228ca5cf450ac0958ce55f7e05b11b04a9
asmitha/dataset/train/images/IMG20230420230552_jpg.rf.b5d138a264241b6b3d6c01da375cad2c.jpg,cb6b5080477f999a7817ab0a259ceee50453ba1e7cd008088b9ddacac425a589
asmitha/dataset/train/images/IMG20230420230608_jpg.rf.186aec23be1b99812001c19975e1219b.jpg,87a53f20d2fbde86f84a64f15da937c9fdaa297e1710d3cc0711bac8f886db16
asmitha/dataset/train/images/IMG20230420230712_jpg.rf.488239b4065fb52cdac69b4afb9303e1.jpg,ff40cdd61530c465b19ba5848221142a12077e3dd86b802ed942d11ed8612605
asmitha/dataset/train/images/IMG20230421102437_jpg.rf.971cd9b5395dc2678d335737746f3ce9.jpg,9ce54e54648ae7a41dc402de4e1ed2c1da7409d2f23eb08de0962f7577a52ffc
asmitha/dataset/train/images/IMG20230421102447_jpg.rf.fd1d9df27766e8b44873464eba0a1356.jpg,a279a90f3ecffb3b90a71e9ddcdcf746451b40f6213388cafff048105f73197d
asmitha/dataset/train/images/IMG20230421102511_jpg.rf.3464ae6d729e218dd6919d96c6a0308b.jpg,a0632c07ec7bf062cb6a5c9ccec397874fb312fed604c11102f0a7c9748d5afd
asmitha/dataset/train/images/IMG20230421102536_jpg.rf.63fde1a535c6a2230fad75cc6ca01a8a.jpg,b8452f8769baf3dcd6699dab6c0eab53a8bae39966de9715bcb605cc056fb967
asmitha/dataset/train/images/IMG20230421102549_jpg.rf.cacfd0fd1faaa3d284f0bf2d0d75382e.jpg,3f88f36141f2b09f7718ee12d6f45ff38172cf609b232387ba3924bd27caf47f
asmitha/dataset/train/images/IMG20230421102606_jpg.rf.f2949b5e96190ece2ab56dbca7c28583.jpg,e0799adcf92af2133a5d68f255c182e4bf186c8c907b5e72fb7d43f027ac284d
asmitha/dataset/train/images/IMG20230421102620_jpg.rf.98f117c2196a160c5b24fd84fa7cb159.jpg,7769049839e745db5eaa21cd9af3d5afd15fb227a2f551c759cc0146053811c5
asmitha/dataset/train/images/IMG20230421102805_jpg.rf.dd46bb6a8f685dbfa3d2576a14002dbf.jpg,c938c4a808196d0ca45b92f05b4c5803181d5de60d7599cad9971a4f44b8eef9
asmitha/dataset/train/images/IMG20230421102815_jpg.rf.f9d699cc8797d705aac95a51e470892a.jpg,854c49b55654e4df7d617caf8fd6eb5b042d5d6d6674848df8e64c6e78061630
asmitha/dataset/train/images/IMG20230421102852_jpg.rf.447655fa57f27f416268030724e0adf4.jpg,64eeeb725e3d3f9ed52160aacb699bf3cefdbd5f54b5f0db8739b7e6cba8599d
asmitha/dataset/train/images/IMG20230421102908_jpg.rf.e3b00e45a3fb89ad71ea86b18843d378.jpg,9574af453f5ec045150138ec9503ea85abbb449e2dbfa83d4cd0daef36f86f84
asmitha/dataset/train/images/IMG20230421102947_jpg.rf.742af587480b117f6653e21bbc84f99d.jpg,31376a0d732ba92c3b250fe0880fa26a92be1c9b0c0f9d3c63159251e4323884
asmitha/dataset/train/images/IMG20230421103002_jpg.rf.cc8d47086b0576de723322f375746d6a.jpg,0e88a6b040fe6f73e3bb801e8fcdb86792025efeece83de9581d5be6899b4bd7
asmitha/dataset/train/images/IMG20230421104353_jpg.rf.43438c68cd37e770bb35b764feaa2ea2.jpg,5790c23a6a8a110224252601d186b7af6710f94801b5d64bf8737ab94d78b1a9
asmitha/dataset/train/images/IMG20230421104402_jpg.rf.260afd4b1984a4f9032d1f285e01983f.jpg,09198590c21b0bcd5a92a38f516e70faa96973942c759f4bd99a37c0e5078a9a
asmitha/dataset/train/images/IMG20230421104429_jpg.rf.aa63f1a26bf44e818eb7d08d892fa8d0.jpg,883a8c5a501e0242688445ce9bef2ce2d6249f24e1ce85921ede6bde475a4cc2
asmitha/dataset/train/images/IMG20230421104444_jpg.rf.404f5c12cb2cac0d193f5ae11de34828.jpg,2b84a66551bfd1ddc78b6f41e9678aa5254c311786fd79675de4fa0de9cc6e47
asmitha/dataset/train/images/IMG20230421104509_jpg.rf.a99aeff0703b70b03fb5dddd2527a826.jpg,768c482ab274665dc43be63c8616646b93e32d7ca4cf9eb4093a0e2832cfc822
asmitha/dataset/train/images/IMG20230421104523_jpg.rf.a70a4acb26b69d617828c33e30e4dc3b.jpg,681dccd48c072f3ccf293069c7fbfcadf063d8bdd05c32c524b374585d3cafe3
asmitha/dataset/train/images/IMG20230421104546_jpg.rf.14563da892904ac2dac3c828975610ab.jpg,9f4b18c9d96e7bbbb49005c6613c1216f574428133595db0297959f18e5a4709
asmitha/dataset/train/images/IMG20230421104614_jpg.rf.82a4bb9377c3d6ac7aa62e4591b9579d.jpg,76b910b9deec2f238124ed45fc8efdc75fac0535f741a6e81052e8ef2a010e0c
asmitha/dataset/train/images/IMG20230421112705_jpg.rf.06a925f8563908d2e84c11c4f6c1eeb4.jpg,c339302f77f00fc8329fb671e8b92c382f18291f5225e54a1822cd9faf1980f8
asmitha/dataset/train/images/IMG20230421112716_jpg.rf.56f17fb8f9d701c7cd9d5bb04a9203bb.jpg,f94ade3359b604542653b2585692b8cca7b12642dd2e90f46174ad59d41c0343
asmitha/dataset/train/images/IMG20230421112740_jpg.rf.1fc934d15589fd8b6cfffd65a7021929.jpg,1e09a60ddcc387c3fa3505067c09e11e744eaa1baf71fa5c06d9f6fdc297f6e9
asmitha/dataset/train/images/IMG20230421112812_jpg.rf.3e379b8ec7d75fcd9e6293d1f44c1055.jpg,ae2ad678b2e22c7c75ef963ec2a7871b05e47c1d9268707500ccbe5959089e12
asmitha/dataset/train/images/IMG20230421112822_jpg.rf.05d93ff457e0d8933b9c41f71f09348d.jpg,aab0ba86dad6221d33a5b1ba160596ca721a51acfe17770af77481ea789bb36b
asmitha/dataset/train/images/IMG20230421112833_jpg.rf.fead218662ca3c32e321b38a76d8f498.jpg,cbcb5d18c70660915ab3e54054afe2edeed64f9e333f091a739958f51a6c0d21
asmitha/dataset/train/images/IMG20230421112933_jpg.rf.7c21738292930bc7eb7ff8b345757474.jpg,3476753faeccf3168458d73bfaf0ce39b3c6a00e9f66334c839920bc8025fbcc
asmitha/dataset/train/images/IMG20230421113144_jpg.rf.a75bbe9c3642bec1c10afad22b4e9666.jpg,c85b7be34a65db2603da82a34f31c8f8a34109fe917c8977ca6aba68d4921f32
asmitha/dataset/train/images/IMG20230421113227_jpg.rf.8df0192dcc8327c9fde457e4dc1e4241.jpg,87d10d3bfcc8dea554ba4b22edf19fff25aafe6c918922715aad58c64d336498
asmitha/dataset/train/images/IMG20230421113556_jpg.rf.5c4a3007d7e46b340042dbea1ff1a7b9.jpg,2bf61a79c594b3cf33975bb4cd51fb5ceb6b5ac8812df35cfd1ebc995225d482
asmitha/dataset/train/images/IMG20230421113709_jpg.rf.eff9ec7d1d9583189f510e26b1077365.jpg,970bc579cff604c31507bc2e044bd949b2280129f61ed4985d2da303185c9bc0
asmitha/dataset/train/images/IMG20230421114759_jpg.rf.9a6ee5f7a98e01d7d8e01913572f72c0.jpg,bad7b9acb4076910195023579440a4e57f8993ba668190388844abd0d18da537
asmitha/dataset/train/images/IMG20230421114848_jpg.rf.d2fb6afb2ea12eace7ac6a4e1b3ddbca.jpg,6c17bb82e2aad620cb55fd93b410dbc1f77e955e22af593513f8b9371445e777
asmitha/dataset/train/images/IMG20230421115016_jpg.rf.bf97eb6f3ca40489e4b033cc2eee455f.jpg,f740c2ffc0d120865b3c063f97f09f1af83fb62e482c2f4acdcd8634d6367fa8
asmitha/dataset/train/images/IMG20230421122646_jpg.rf.3e924e90537ebfc30e409c824baaac94.jpg,ada7603f0cf9468167cb696ac8018069eddba8958a04ec742b42a00c01eabc61
asmitha/dataset/train/images/IMG20230421122705_jpg.rf.8da2b60417bb07e427191c28e3e78e64.jpg,8e0605cd54745c4b3a699a455c273cff54a82c8919d4b28a3777a61043d2aaa0
asmitha/dataset/train/images/IMG20230421122855_jpg.rf.84031b3ba406a93f0c46677bf0e6a531.jpg,caca39357a8067af5a70c2823fa91d0cdcea52ef7132dee0bf8c04f73844f367
asmitha/dataset/train/images/IMG20230421122914_jpg.rf.9bd4c727833992dd5d54be512f6a8a31.jpg,8f0d6dd5105423eb1027de329b997d869d29ba32451af04fca23d0681aa6e9ed
asmitha/dataset/train/images/IMG20230421122923_jpg.rf.4b2c17c6db36fbc5390c6be4472d4bc5.jpg,9eceeb106fb5fcb40baa3f713495fad508714fef5910c8b6c67a74727f983503
asmitha/dataset/train/images/IMG20230421123012_jpg.rf.7530a87498aaa7a01ecca17b792f6780.jpg,b11b1343a91be4acf80db90abeb578a735bafde0688055aad2905d7336f9a5e0
asmitha/dataset/train/images/IMG20230421123048_jpg.rf.f185a26aee906fafae03f45db66b6043.jpg,86b467134a6391296743f7cef88cde17291041271146c370c3cddf68173f9c2c
asmitha/dataset/train/images/IMG20230421123123_jpg.rf.a2fb5028b6e3eee3310aacf2f431d61f.jpg,c5ee702f2b54afbbe34719422a06d3c77687fab11c2f401d24e7f16087331928
asmitha/dataset/train/images/IMG20230421123232_jpg.rf.0d76dd892e5696fbbd697b8d4249d957.jpg,fe8c66bda439debd19779cba8ed6c039bdeddcf85175db6137aa6529d575fbc7
asmitha/dataset/train/images/IMG20230421123245_jpg.rf.6235bb051c3901b22e3c601a37d28da9.jpg,57d12cfe2cbadf15bdeeeff75be5ce334eb271b4acf82ae0bfe83285ed8c0cec
asmitha/dataset/train/images/IMG20230421123303_jpg.rf.8d11e069cbcc391b94c2fa8f0f258d20.jpg,2927e9b149f9eb40790ac5779d05f1ad4bb2aba091f1846e35e66dbe80abd27f
asmitha/dataset/train/images/IMG20230421204212_jpg.rf.c188909dc8501772fc2342ad46970650.jpg,1b557b5760403e023fbadab60d6e454c637c11edc1059065c43cd460bb0f24e3
asmitha/dataset/train/images/IMG20230421204227_jpg.rf.852476dfe31247f7a579d3989b6367c6.jpg,3c33c0171c90fd840040ed306a0db9b8fa06ade3792771cb7bd939de5fa4572a
asmitha/dataset/train/images/IMG20230421204247_jpg.rf.5312d7f8a2bbfdf0f09f7f260953474d.jpg,6a1abe6fcb7eec1ab5a29b7ab070d747b78bd616d2e0448e6fa263055870d758
asmitha/dataset/train/images/IMG20230421204300_jpg.rf.cdca5c8c2d80bf8a69b6395ea5b54703.jpg,261a67e1cfe6ed8a0e18f34f1896f4f5bc2adeeba2a0f02e93dde2fa2808aff2
asmitha/dataset/train/images/IMG20230421204323_jpg.rf.67a6cb089dbb63e76f6d93705c3d4458.jpg,f43612fbbabbb53fb71c9fa8b626e985588fbc5c42961548160b6cda27bb9897
asmitha/dataset/train/images/IMG20230421204522_jpg.rf.d12179aaefd77fa59d1e11f697777250.jpg,4403e382b8dab887ad0aafc2bd933ddacb4e9fe3bfa302d49d31c648d7708325
asmitha/dataset/train/images/IMG20230421204551_jpg.rf.15bac63cd968cacf126ae0a224756e99.jpg,e623aa0d64d62db25eb585ae95f2e0a8386617f13defdd47eb5ebb8a52f9a30f
asmitha/dataset/train/images/IMG20230421204617_jpg.rf.f8c00eca8e8a39903f61e034a0fb7b1a.jpg,c3111bd188b2dc38bd6385700c8ca9f5ecdb809f2c244302f28c7f93f03031e0
asmitha/dataset/train/images/IMG20230421204634_jpg.rf.3751437e2e93c3682bc6f2ad4c314712.jpg,51287902f312b3754604c415587ed24f166af470453a5d2f23758f23d8cea1e4
asmitha/dataset/train/images/IMG20230421204645_jpg.rf.e7c6fb68f34122c23e1e7e735b73d5ff.jpg,537f5096f482c79fb5b1efe28c8a5948b61dbae529e4776182fb6b3fd92b7a0d
asmitha/dataset/train/images/IMG20230421204745_jpg.rf.b6810c73f224ca783423a9c10692983e.jpg,25310e85c9553281708b60db9a5912265ff3a7d0ab61bd71167440454d1d38a9
asmitha/dataset/train/images/IMG20230421204757_jpg.rf.91e95867caa89f323e3fe3ed35461ff3.jpg,ad34cfbc36083d3cd2d150baab813d064407441070fbae6ac25e885d3df99e64
asmitha/dataset/train/images/IMG20230421204817_jpg.rf.99b5e45c7ab586b4d29642b60cb86047.jpg,b61ef58dfffea7f882729b1124730ac3e78550618630bf9cd0d8ce57ffad5c3c
asmitha/dataset/train/images/IMG20230421204829_jpg.rf.9edab0d7acc5d15d17d148e7b5b0b3be.jpg,93eabdc868b2eea396cf78f53f6d751800c20ceb2cbe75fd368d8dc6cec6d5ed
asmitha/dataset/train/images/IMG20230421204959_jpg.rf.ff3f1693702ff587c99229676f24efd6.jpg,1e278ce4b7158789b0cda832178b7bc0e66db64bb175d1acc56431ba3508a7f3
asmitha/dataset/train/images/IMG20230421205015_jpg.rf.02779267f2a6b3cb95943d5cff54e9f2.jpg,de71431fb53a29696f4c99948512d7ca87d50c4bbef2eb84c7f6d2a19d890551
asmitha/dataset/train/images/IMG20230421205049_jpg.rf.dae4f5c5d0feb229323d52aba1efc504.jpg,5fdd072812a93f97f4f3a81e404841f9bec8e487ee46e4841bdbed3497e0395f
asmitha/dataset/train/images/IMG20230421205133_jpg.rf.dd1a5ddacdeca6c66277e2fc5059b50d.jpg,0d7f97470635e02bed1262ab62f006f56bca772950913d8ecab2b0e17167bff1
asmitha/dataset/train/images/IMG20230421205214_jpg.rf.e81b70a4d4ef102a1b88d0d46da11f38.jpg,5f9497157aa60e6cb76e2ebce158ad653f46ca61f67f244524a917f622d09e10
asmitha/dataset/train/images/IMG20230421205225_jpg.rf.dcc3a9c1a433d07c6bf8478c1b1e6f4a.jpg,4dee4b8d66ba79ea1345e0958ea587d35dbfc44da3f144cff198b0aac0ccc7d4
asmitha/dataset/train/images/IMG20230421205235_jpg.rf.1b332fab69fc204711ec9cdfc4f86657.jpg,dcfc8fbe96bb16c1c76e6edfb596eee548a6f8c47e1d42df2b6139cf9d9eff70
asmitha/dataset/train/images/IMG20230421205244_jpg.rf.4b3f1ed3a24d6cf5d7e7f86dd340fa77.jpg,437f103794d365799ee0f90dbd8664a3ab1e3e9ecc2fc63155cbaa99e6712789
asmitha/dataset/train/images/IMG20230421205624_jpg.rf.b1773b6d758c103a78b0672177fc366a.jpg,f81015a3ffc02befd0d6a1db94fd2e623b94da344b848aec3455dbb204aa1dd2
asmitha/dataset/train/images/IMG20230421205811_jpg.rf.eb35f61f6c1047b0c1f1835add764555.jpg,bab87e372d9388712c148ba55e9f6b2fa5d8171b7febb986e95fe7fc1cf5e962
asmitha/dataset/train/images/IMG20230421205819_jpg.rf.9452eaa62427a49ec81ccd6ca173697c.jpg,7de5f39ec2da3747019aab0393277e05902bb6b08c20b74a01781f197cb311b5
asmitha/dataset/train/images/IMG20230421205838_jpg.rf.db1e16a314e5ea2bddd9bd086077270b.jpg,d11a8ed4c09c685456b74bd564f71ad8759e0be1d52dbca006780e4c9812cf58
asmitha/dataset/train/images/IMG20230421205850_jpg.rf.a98619f21692351fd3bb4e6beed76e88.jpg,769105ad298aac89986e026a4b62c6486af1a2a7be873db9c33ab8b31627916d
asmitha/dataset/train/images/IMG20230421210049_jpg.rf.353e2278db0690a09dbc58313292dc99.jpg,6daf9cf5c0ab17e0ff4ed5054c238d8c1a95bdbaca923f8094d2c7e6ac2c6e03
asmitha/dataset/train/images/IMG20230421210101_jpg.rf.65ab094d084c3be7cfc0310b1763f177.jpg,bc0b63fe5f8c1de7ec7d87c11baedd1fcc818c446d1e6f55d53e514b0b143f79
asmitha/dataset/train/images/IMG20230421210111_jpg.rf.1cc00ad639f5086e8c22c6f6f65ea732.jpg,24965e38796f3049e68c511e9686da7e40252667b8f3ceda600b8b6070a551f0
asmitha/dataset/train/images/IMG20230421210150_jpg.rf.d0c7302c185bb70dadfd6c9d4bf4e3b5.jpg,4645f31c8ad38b29e43bae00426418e072ea6493b3dc1d56562d86691c72e748
asmitha/dataset/train/images/IMG20230421210208_jpg.rf.7b0dd172a0fb077e96a5e90a6bec07db.jpg,66492aa2cfb21548c62d4424c5a6ba3376bb4afe82150f2c1ff28149d3589edb
asmitha/dataset/train/images/IMG20230421210217_jpg.rf.fd9dd843fe5069116738c2c0841c72f2.jpg,485e508b5a1970a0e6393ffcd6aef571bd67d7d84c138f99e0eff7b75056da83
asmitha/dataset/train/images/IMG20230421210232_jpg.rf.ad1d6e9fc54e319eb48487a9295e9cb9.jpg,0d80e91e6fcbfdf6ae28fabeb8b4972fd1d3d0494f50f0b94e045d2331da86e1
asmitha/dataset/train/images/IMG20230421210254_jpg.rf.8ea5f7eec89b2e69a0b911c622b2d668.jpg,1d6cf27919c83ea7f29f311dd43db5341921609e63e75bcd590525426e6d89a1
asmitha/dataset/train/images/IMG20230421210314_jpg.rf.5a5e5aadf5d270eeb78db05a6dc942e6.jpg,4569c6a8213b2f692fa83d5f2521a82e0bcf42f16f47ced3d4d3e80ca380ea67
asmitha/dataset/train/images/IMG20230421210332_jpg.rf.a1dfb430a83516664875155ddba85373.jpg,c399df80fe06deb5fd94b8ddf236dea8ac48f790248a9944b98624debde49b5b
asmitha/dataset/train/images/IMG20230421210340_jpg.rf.cb3f4bccdc29dc4bbb47d0a2f8056bf5.jpg,fe8bb23a4e2969e90081553fbd27a55a9ee4ebb2c42bc0035d6c28c356b8762e
asmitha/dataset/train/images/IMG20230422143128_jpg.rf.1528a3bc2f5fdc257b19228e3a56e82d.jpg,fe960d6bf581b7b52cac9098b2a70a7afe1e534121e7c16d16355d864a5e339a
asmitha/dataset/train/images/IMG20230422143144_jpg.rf.3ce81ba1232db8a1f97119daaee4122f.jpg,d257a8e4ca6d9f6494efe6e5c394a6bc898cafb9306f77a95c33e8ab4899ee15
asmitha/dataset/train/images/IMG20230422143435_jpg.rf.082afb9d83ed20e6dddf53bb055ebc2f.jpg,55267bbdb42e0298a5b9f345f75ea364afd4fe0e77c18b1cbc8863b976a27e5b
asmitha/dataset/train/images/IMG20230422143512_jpg.rf.ccfc6865dfad72fb93b7ec5db90b966f.jpg,3f74eecbdb5713466dc06d9f6a58c7fbf7e61ebdc79c0e39f1026589bdb4fe25
asmitha/dataset/train/images/IMG20230422143541_jpg.rf.8e8c52b2ead55b11cec83bf33426a67f.jpg,3a9206bcafa231963e407289ecbc093b8ee1da5c50ac37386e82e10443e97e5e
asmitha/dataset/train/images/IMG20230422143548_jpg.rf.672a1f3dd8fd917c9d1d60e894948148.jpg,74c1a0460b5480bda5455cee4cd1a37f580cfeb5f547a9fb8cf4d49834ee87db
asmitha/dataset/train/images/IMG20230422143559_jpg.rf.713eb3c4645bfde48799a536f56c4a05.jpg,e72c0869280432196499e6df7fe93d2119dabc0e747caedcaec4b014aea78108
asmitha/dataset/train/images/IMG20230422143630_jpg.rf.fdcd79a8b37ef7d337c6e809c5ec4306.jpg,fe9eff5c21b52e2ad6da6452a439e8408f9bb77d3e29b71561f3578f46fb7522
asmitha/dataset/train/images/IMG20230422143638_jpg.rf.d1527286600b02d2ee490f0e059b2bf9.jpg,cb55d99061156ffc7a6da800813f17d2c0ea4ea4dd1b7fe25e5f51f18702e6d2
asmitha/dataset/train/images/IMG20230422143651_jpg.rf.df28e74150eec9dbfeb9b2c689922dd2.jpg,daa54db6544a74146c529c5ac45b8e54df588d4094cadd3a792ca9c0d9c2e28a
asmitha/dataset/train/images/IMG20230422143832_jpg.rf.a9455232c028dd0f60504191cfd112b0.jpg,ddc55d9e2d6c4c23cda90b93cbbde282f3c478fc80088dff73892fd998ff5e1d
asmitha/dataset/train/images/IMG20230422143856_jpg.rf.b38fb543d2fdd0555f8c30ff26cd9cf6.jpg,a1620a914b56ab416361039852168cd1916f61af18c9ca97f0d988acda128735
asmitha/dataset/train/images/IMG20230422143915_jpg.rf.96196178060cc29dc05298974ba35084.jpg,a9ed9c3f716eb55a71aac42eae3de13d1fb66496ec275f6a9b38a464e4b8cc7f
asmitha/dataset/train/images/IMG20230422143922_jpg.rf.46b803a1e32fb8608ea0622a11cc8d12.jpg,b581fbc3943d490fd9218d45506c167a5975c021db9667e216244adbc38fd83c
asmitha/dataset/train/images/IMG20230422143945_jpg.rf.a0dbaff9d9ef9f533034a7b107177ce5.jpg,3765a23cc987a2a73eb51751a2101bf5106fc443ddd0a216c4602a0ec22d4ff1
asmitha/dataset/train/images/IMG20230422143957_jpg.rf.f9a90a11061134254af30b46f3a38bae.jpg,e9adc32c1be1cf702c94636fb7c75e3ddbfed97a97bbc3912bc2b12e46051009
asmitha/dataset/train/images/IMG20230422144009_jpg.rf.d1fe2af8e02289ad40b2e91313181911.jpg,1e873b049472a8a2ad06b1257ffbb52d29cc93ec8ff2b19fede729bf25cdd4ca
asmitha/dataset/train/images/IMG20230422144033_jpg.rf.9e5d3b34fa69b2b9726a3a11c0908136.jpg,ea7abdbe8cff500bbd2003a1ea0e14e1b39a5e1d286c372db2b43153e6fc2a11
asmitha/dataset/train/images/IMG20230422144055_jpg.rf.9f8e3874772667d4322a613698d641ce.jpg,8c283caf87f25b7a5085d26fe021fb43e38469e59670efcbe3afa64c4356b81a
asmitha/dataset/train/images/IMG20230422144222_jpg.rf.29edb333482df41d3f444bf6ced84cc1.jpg,7727b3de92a82aa4452c1cd9701b62625a63f38412cca2b5ac18f23be26d716a
asmitha/dataset/train/images/IMG20230422144257_jpg.rf.6d1fd1c0222cf0d0140950b550c2aa8a.jpg,f0a68d6b475a8476e3941991760bd4713edd67d7b10c4e7c7b069867cb461e69
asmitha/dataset/train/images/IMG20230422144407_jpg.rf.50b121c7a0af95bdc9193de67aa22aee.jpg,b7713a29ba52c931ca4f9109b5610a6b61e2e7eb3c5b64e24c961437c21810db
asmitha/dataset/train/images/IMG20230422144442_jpg.rf.ede83e0bce4d1b1572e1360a49e8850f.jpg,7418d59e1ab8a6a479e8069e7b08a04c4ee2cca112515d1a848a2b4872450e84
asmitha/dataset/train/images/IMG20230422144455_jpg.rf.f763f24c26d6c2ebc94c6485450a74c7.jpg,d65d5527cefa4042dcb2fe9a84360641eb9138f8937c9f0fcaf7edb262b23ad8
asmitha/dataset/train/images/Screen-Shot-2023-04-17-at-10-43-00-AM_png.rf.1630c2e799eb9d0cd79a80306303b4db.jpg,583500cf79ea22bc63c2b3df1b4ed1194f40b2b981c616668e5a9eb30e70e975
asmitha/dataset/train/images/Screen-Shot-2023-04-17-at-10-43-20-AM_png.rf.412bc747098b6335c8bf2e1fe1d12d81.jpg,59c4632829c99073acec5ff19ebecf7ffa60dbb0647ddaf7da380eae7c3d177a
asmitha/dataset/train/images/Screen-Shot-2023-04-17-at-10-43-52-AM_png.rf.589286e4138833d0e66390fac6e2a7a9.jpg,ff14a9ef9184b03572951227da47db47c3c076101aa1381d4c57421d2f92c1cf
asmitha/dataset/train/images/Screen-Shot-2023-04-17-at-10-44-13-AM_png.rf.b6400e2c4ffd9e6b389c028c8e0da592.jpg,43f7be998fb5edc424e2f483c1c799a2a17162bde7c700f8b14956e6657f2ba1
asmitha/dataset/train/images/Screen-Shot-2023-04-17-at-9-47-41-AM_png.rf.bc641d58f177d5e3624089ef3d1f8728.jpg,a46f4b7d82f7e004177a1d49544a14a6c58e7b88e27ffb60dde0e27b983e6bcc
asmitha/dataset/train/images/a-Sample-cropped-images-from-the-braille-dataset-b-The-37-different-symbols-in-the_Q320_jpeg.rf.083a64048189b776328a2340c964bcce.jpg,e5e8e4928f4f16e5fda3563cc071fca8a4276f3cc00fad228ee39e4491b7d642
asmitha/dataset/train/images/braille_png.rf.eaa4d464a653cc14c6eabcb6a854aab5.jpg,bf0de3625e62433da7af958fce1a17d441a662f2f27cb8652898ed671a63bd3f
asmitha/dataset/train/images/braillezs_png.rf.c0c778782fccb01d6d99b9ba043d495a.jpg,00f9cfa904116fef8bddecaa2b3ab3442c2f66b3d38bc504dcb0532566f2d984
asmitha/dataset/train/images/db10_png.rf.43a94a8656288f36999f4bef98bda06e.jpg,29e5a56b93fd7995560c5fce84f7e1b227e2fd00b7fe8b4e9f9de26192c6b2dc
asmitha/dataset/train/images/db11_png.rf.e6092660c791661adbfe0147a6b34884.jpg,141ec502eaadd5ab21c37d539a5149539e124c7146e04e197b9f136ef7c9e952
asmitha/dataset/train/images/db12_jpg.rf.d7d086a145a3bb752bc7b0737484dae6.jpg,16320711960cfd84928a62e7102326d6c0bd09d7aa78c0dd50bffbd37ab1374f
asmitha/dataset/train/images/db13_jpg.rf.1dff360597716460805191256ec4e3b6.jpg,1f18371213c3f7625bc291a3d8778e2eef8732b7224e15caa6b27341c7870cb8
asmitha/dataset/train/images/db14_png.rf.5d8472566d69cf44879fa754fe305704.jpg,b906354bb85dbd435f657d450fc8de8e7b1a03f035480037c7dade1dabc6e17a
asmitha/dataset/train/images/db15_jpg.rf.9dc39214da3e23d9a19aa924182f0a58.jpg,83174eef4623c38030fc7ea287ba6e1a4dad255fddc8a77f374ede80d4ff3404
asmitha/dataset/train/images/db16_png.rf.7eba610993ce256a317c2e291bbdb18c.jpg,4247fbeaaa52648201b03308cfb32695b70734fce62ef923b53f145c449a85f8
asmitha/dataset/train/images/db17_png.rf.8fa5700640f7fdf0cea132378d2a503f.jpg,3bc4229fd796f14d6822c3891f5e657decdb42dc2854f05517f2050e3c531ba7
asmitha/dataset/train/images/db18_png.rf.7476e4602eba83a4c79975b1d993a86c.jpg,fee5394a1a95a374c23c6846c80957efa5dffe33504d67c7efa4b3d257334fba
asmitha/dataset/train/images/db19_png.rf.14c70bbbc57a97a1c21be1f9740b01b7.jpg,49b1c1165099b30fb8038e701eae5ad57db2e6322ff3710438557f1b65ad5414
asmitha/dataset/train/images/db1_png.rf.b254b71ac8ed20741f7f61deb7803ef8.jpg,10838ae1420de8a7a03f027fbc82b2520ba48cc38ce47f4fd95418449317966d
asmitha/dataset/train/images/db20_png.rf.2e73716d7c91e5cb8dd4304ca5c67008.jpg,088eb005ea49ddb888e040da5e4ab233d656cb9c579986e1f2f993ea4331d13f
asmitha/dataset/train/images/db2_png.rf.f022d48dc4084d3f5a147816f916083c.jpg,e0df3ed8ba4c6cca4f70f1c1638ef8098c016d5b1ae5646616329823958ec85c
asmitha/dataset/train/images/db3_jpg.rf.0b968438b24679658d7f70d191f371ab.jpg,48c130297af2b81468d6c31e553d8b7d9b72f3ba0c8a25ae100d71843a136969
asmitha/dataset/train/images/db4_jpg.rf.08033055606d78fa29c7dfea80379ad6.jpg,ff1d0273d8f214d35317c6d68329a4dc9e2028a57ab334f2682a8ab4c0ad28e9
asmitha/dataset/train/images/db5_jpeg.rf.9fe4cdbbbc35d180acebb1235067dbb4.jpg,9a50989d6f61cb1c039c3213ff22727362d20bcd2cdca96d67ffe359224974e3
asmitha/dataset/train/images/db6_png.rf.825050eb810f595332d19862d0102f93.jpg,4be9acdbaaf60f30d19ff4a0a48dbfc2273362c6c695db382219dff26ebaa273
asmitha/dataset/train/images/db7_jpg.rf.38eec8441335a89b6147bff7c21e0d3c.jpg,4e53f3081ad980fffff4ce620f0098a9e7b6d3a6077c4a1fc3bba54762f76bf2
asmitha/dataset/train/images/db8_jpg.rf.ac499f7c00202d92c0af5f80990c0504.jpg,ca48f96615daadb219b3f79bf4b32d838d92dcfee7323f8e4ef47cc4f4ee591d
asmitha/dataset/train/images/db9_png.rf.d4127e032a347cf8830825779a71aaee.jpg,e1fe66b3e3cc26a09cfd0eb29a915a987c82ba0cef7125d6dc2c6b9d465e0046
asmitha/dataset/train/images/dito-start_jpg.rf.ee58b126f363eeea0bb94f0e8581e86b.jpg,cdefa2b1146c916f549755b72149d175dab717a9d3932d9461a6160268a12b97
asmitha/dataset/train/images/images_jpeg.rf.76c628e8a95b1a7604d91a0927551910.jpg,53b38cebbc882ecb1d155f6a91dd7e992c15eef435f961fe519572c21e5c829a
asmitha/dataset/train/images/images_png.rf.a4edab64d268c3cd267088937cca011a.jpg,aaf69fcc0274bb17975c15ec670efe7572f7f08d5069ee745857aca56d6182c6
asmitha/dataset/train/images/istockphoto-1286898421-612x612_jpg.rf.e18c77c41a97e6379f857f9843b0c40c.jpg,db877c48af83525ccc6044958ee8d4e85569b33c6fa88b6b67adb9844866ecc5
asmitha/dataset/valid/images/1069_jpg.rf.293b015c5522b5f6351f4e6137b6b02c.jpg,0e74563f2ac016439515f7822079b8f87359e6db73c0c33dd2818002ec986385
asmitha/dataset/valid/images/1074_jpg.rf.02f773bda1da549a95e368da9498abd1.jpg,f5fee145d6bd681eaa8527279491ea44b633cc7f573ec0a87ce48c246fe83da7
asmitha/dataset/valid/images/1086_jpg.rf.a4cbf7294e6cbae8a62ac3bf26e512df.jpg,07f0a013c3e97d8abc641f5575f017172986aa8ceff57601cf6cce04d776b5e7
asmitha/dataset/valid/images/1090_jpg.rf.7b282df1dff6b8b020e92a24d2063702.jpg,701dbf96249dcb3bed59d8c2ad3463baf22e65ec083a13ce9d0443fa3661a87b
asmitha/dataset/valid/images/1316_jpg.rf.c2d06ef4f3bf1f508b9a4c9b0c45d886.jpg,969403056383a282be2a731e7f5dfd7a76acaff2c253d3d788297b276c4b8b8b
asmitha/dataset/valid/images/1322_jpg.rf.d957beee7ba4e9061274d87e069ea032.jpg,2b5cac02065bb690f4a801502e376e87175f98b00d5d3fcf054b5b8bdf218c1e
asmitha/dataset/valid/images/1327_jpg.rf.92e3f7746ca423396dde996ee522aa2f.jpg,c1add50b3c194ffdf9e12adfc125889bf01e8950849c6313395c937e5af6d692
asmitha/dataset/valid/images/1336_jpg.rf.f17cc8e45eb98af82132fc4ad2342906.jpg,a07e7e780b5d2221f16b952fc6ac0a4b17b67653d96194062061328b7208d931
asmitha/dataset/valid/images/1340_jpg.rf.d16b4e67d1ac03f9e9ca09b4673a04e5.jpg,c160b11ceee4437ab3f3b420a32a3ecf6cfa28328382fb47789c6e3d9f34a00e
asmitha/dataset/valid/images/1341_jpg.rf.7c7dc544ef387e07b70976d16c9887d4.jpg,19c7601b5100ea4e86e31c915659a769b2675215c7177f61f7b82c31b6cbb381
asmitha/dataset/valid/images/1345_jpg.rf.32e3eb6323c12a9fd91329c560f406f1.jpg,83088fbee72eac1164690165e0b14f9a1c79db28b03d6b4518f8ee3bb170ceba
asmitha/dataset/valid/images/1353_jpg.rf.26ec2321348ea48a331d7aa834038ca1.jpg,0b04e18022c06b4252732e72b07a339e48a786627afba9a88a809373cef13e1b
asmitha/dataset/valid/images/1367_jpg.rf.8fdfd010c1e7f315e87332a9e45c8f03.jpg,99a5bfe78b80a4d6d4f38bea5a2a6836f0b46248930e25f0e07ce339ceceaff7
asmitha/dataset/valid/images/1525_jpg.rf.bd090317d4dfbad7e1d12ca0e2bc3c1a.jpg,13617e491ff0baf6415b83d52e89480d00798752f2461b628bf0c28e18be6eb5
asmitha/dataset/valid/images/1535_jpg.rf.f3dbc2487be3e9b5c2759bae70066407.jpg,dca6038a4b3b8115bef8985997507b3d75986a87f4b60c987e9babd7d2ff0947
asmitha/dataset/valid/images/1537_jpg.rf.8233df45ca713ad7821d6390365047a1.jpg,b93f23c8c5db073ebf1f2ebddb59c878b84797355786d04efd8082c86b8c9520
asmitha/dataset/valid/images/1539_jpg.rf.9fb76fb7aa4f1d0fbe0ebd27fbbf1ebb.jpg,3636b56ce9b3c1fcf3c33c32be713beee9ae8148724022232491a455086fde0e
asmitha/dataset/valid/images/1541_jpg.rf.4b303ff68a6d0082b81f853dbad60195.jpg,667232d8a17cd027b7765da8d5c66b0d7c0095e5153ba14d2fd975835b03c022
asmitha/dataset/valid/images/1547_jpg.rf.05fd98761b6bb130cbc0609b2741f513.jpg,1f78ce80cbc1510aafa710fb17d40736ecd70face1a41499ca78242441bb5061
asmitha/dataset/valid/images/1549_jpg.rf.ed3c9d5a2db0b964c197689ba846eca1.jpg,d04267ba13631adcbbcbdc0b172da067b76bc002a2b49e769b24f4b4582f4d17
asmitha/dataset/valid/images/1558_jpg.rf.c5edd1a5b057b528153915ebc0c95526.jpg,c040884b3cf6fe3acd217824192887f3bcb33d6bab951a8c05429238ce6d81b4
asmitha/dataset/valid/images/1562_jpg.rf.49d6c58d10a3617232ef3b1875af6259.jpg,f66b09f9769b09452ed8378efaa7b592dea5667cb959211eeffcede5703be311
asmitha/dataset/valid/images/1585_jpg.rf.702d8bb55f6ef9e4f7e6b5c62b2f32c9.jpg,79a1bc95401b3d61d3d5a0c9b171ba0c979dec6272628d11aa16933b36a94449
asmitha/dataset/valid/images/1589_jpg.rf.3d38aa10a58f04362ebcaa7070ccd807.jpg,53d8201af04a2ff13600b329f1c0246f2ce9b901485fdf6b78c493d62533bc94
asmitha/dataset/valid/images/1590_jpg.rf.c3b82edd04aa5e091ce36db59f721f50.jpg,cc0da98f8b18e8196e87f0e9a6011d276ca0a53fc22881ac9855d7f4d75305b3
asmitha/dataset/valid/images/159_jpg.rf.5e832543f8df03da4236f9cc9a4015b8.jpg,03a37a3474ce38426e9499f65f5184d557b1b71be2fcf8c91da6f213f5e21bc8
asmitha/dataset/valid/images/15_jpg.rf.bcb1c5be9445c96e0acc95543c4c9824.jpg,bc55da857f653735740af8dbb997073b467b0b0e795cff786b1361ef96df271c
asmitha/dataset/valid/images/1603_jpg.rf.9d879ca0f623af604846a195b1ec9065.jpg,5e74e62f5069976886386e101d1404c040040b45d2c75c6a93bf91e8fef43750
asmitha/dataset/valid/images/1604_jpg.rf.7df2e8fb4f2ad10b839fcb0f26906c4f.jpg,9238720eece4f352b4d1d37e2e38992a44dd384f2868b1fdd4352da446785449
asmitha/dataset/valid/images/1609_jpg.rf.477c65d57aa48fc0310bc15a1674aef1.jpg,6e1aef7f0838d835b7839b0d1113c59261e3629b1a2418ba4d165f1347f43699
asmitha/dataset/valid/images/1614_jpg.rf.e68bb99436825042dd75fc911faa0d27.jpg,5b7819042564b9fd68cae99d8b0445f3fdc772c116eadc3ac23da290b99e161d
asmitha/dataset/valid/images/1620_jpg.rf.d4ee23c70756c96edb86f094e50a8515.jpg,b6b45afefbf248095384744625a63e16cb1a82fa36f7da236bf53d4c1f5f0571
asmitha/dataset/valid/images/1627_jpg.rf.a1edca9abb80def8d1f2fb51d874ddf0.jpg,ee9886186970949526e4c3ad7b322c05aaea8a8063c4ff95d3d27b3af922d8e5
asmitha/dataset/valid/images/1634_jpg.rf.87555c2123b664ae919540bab29e4238.jpg,deadb69e25d041804da45224dc6c8eeba1504887ceaa60143cf49ad8ae324175
asmitha/dataset/valid/images/1636_jpg.rf.33e90d4e5f94d2eb0a9d898ca052f121.jpg,3e0619003aca02ab0e5c225b10b1d42fb91f0b7158b5ef4aeb7b3bce4ff8da55
asmitha/dataset/valid/images/1656_jpg.rf.f6834cc3da9753bed4cd1a05885e035c.jpg,7a1c300e32ff9ab11e1005eef9bc18c3fa8232f4aa51806a9f5b119fdba6ceaf
asmitha/dataset/valid/images/1658_jpg.rf.a9800bf47b83adfe02958fc63cf69f15.jpg,a668d1778171d1ab62b2a43f7395e60595e90efe1f1c91bb266d51a5ead47b29
asmitha/dataset/valid/images/1660_jpg.rf.3976fe7b7cf905e4db3234051e7a35d5.jpg,f97cd2b711c88d7ab48c75862098e7458a093c526a40fb94a3d7e94a1e23001e
asmitha/dataset/valid/images/1672_jpg.rf.22d3459036ed2d9ccf2b297309807909.jpg,33d6e0bbd9cb230886593570581316cc1de5932ea036690a83f00872a5a5935f
asmitha/dataset/valid/images/1682_jpg.rf.f1d546111a1f77653c9c369ae96f6779.jpg,6a49104db45ea04f98810543365b82afc988362e19678f67efb041713f33903d
asmitha/dataset/valid/images/174_jpg.rf.53fc63e39a429eb28dcefe5531aa8b37.jpg,1d6b2503171cc9d1a9d9037db49b2400549f0c170a9644da8b36b7a29628ccc5
asmitha/dataset/valid/images/179_jpg.rf.e6a8d4ee3142ee7e80b0532a337754f9.jpg,d6115cfd2819aa9ce73830636a90432a514207aa70b954285efa38a3dbb28d62
asmitha/dataset/valid/images/19_jpg.rf.3eec8c00715d01c2067da7da0255a3f0.jpg,38ed565cb98be88df1f33b62b7690239f3112e61ea0201898b03ee1db0b467f1
asmitha/dataset/valid/images/21_jpg.rf.5a8d8ca40b77dfce7a67d58af5b5bfb5.jpg,ddf684af5dea7ff295a0dac9978d10006dd8af6ddabaa2027a16a0c1dd8b252e
asmitha/dataset/valid/images/2320_jpg.rf.cdd001c2ba2cb633d6c800c3a81d50ae.jpg,8a2d96530be4d26e386bcc17a8254d18ef23090554b373fac4e9b81b4d0334e5
asmitha/dataset/valid/images/2328_jpg.rf.0b9ed812aae79a2277639aad8c3a471a.jpg,1110c3a805fe391f0fac47118b370c383fab598ca9ff887cb500c788a40f6aa6
asmitha/dataset/valid/images/2332_jpg.rf.f15ecdf7148ddaeb606615099308d888.jpg,4bcc34e91ffbfbbdd9b588d2748def709c3d7a354f1b701ee3766758f1e4c040
asmitha/dataset/valid/images/2334_jpg.rf.b3a819a8d1be0e04b6f95569dc41d4ef.jpg,b621f5e97a72135564647a8c4826f82957a2a9cf9f3c5b1062e1b7305dceadc0
asmitha/dataset/valid/images/2357_jpg.rf.e14fee0bffbde4cd7572aa723765d111.jpg,1459c0ac0a4e5e4ba52512ee150f79141ef10ac604cdf2c5d7306d73f11f56f1
asmitha/dataset/valid/images/2361_jpg.rf.9c968c4a5222d9f7c7a4cebbaa2dd16e.jpg,ad4bee7f2a9f518b39d99f261f52151c0e7278836e183dfb98962f6ac86e8ce3
asmitha/dataset/valid/images/2365_jpg.rf.f4a5b6a7f2937ccfb4176324d262da8c.jpg,f7218c338fd403c57e2e7bcb578263d5887dcfad25a8493f7e2262b921e27f64
asmitha/dataset/valid/images/2366_jpg.rf.c45f31a0090899bf8856916d26079b70.jpg,e41cc471201b145c9ae87cfc8f78b6f1dd56908007426b5bf73506d11db38f43
asmitha/dataset/valid/images/2367_jpg.rf.d264758984a36ea7455b4ba36ed4dc7b.jpg,307a50fab07bb9f030881e772beae599c45fa5e0f4f442b54fc914a22dd30a9e
asmitha/dataset/valid/images/2370_jpg.rf.22fde9b57903fb71157871cd3a476388.jpg,9653ebf85994e052d3538fee228b96337918af02b0629b415acb5fed03443d7f
asmitha/dataset/valid/images/252_jpg.rf.882d3e54553a05fdf7631949a4815da2.jpg,01c3bc0224d4c4e7247027f2325d8c0944d12c72c46cf29af1500cd41fb483de
asmitha/dataset/valid/images/256_jpg.rf.7d2c8f34e8843157cdce95754d1439a6.jpg,beb4d7c9fbc4787d63d0ddc5f6bbb50264c3dd3334f76f3c8fe47b41cebd0b9b
asmitha/dataset/valid/images/25_jpg.rf.512bd6e321976d2e3634c9aa91d2ce8e.jpg,56e653ceb394d82fcb2501b422b5088c433aa267afda3688142fddaa0ad0dc6f
asmitha/dataset/valid/images/260_jpg.rf.09d9af2ddde32e6f716864acf9418f69.jpg,48ac3578d2dac5d3d81670a8b5ef1952e3f692a8059c68be75e2e742e6fa1418
asmitha/dataset/valid/images/262_jpg.rf.5ba84d0ceabc46ba72c7d1e2e1331a38.jpg,7214f0308866af487ebd5813201907fff182733fcb0ed110c9abe6bf35e6762a
asmitha/dataset/valid/images/264_jpg.rf.9252ebf69b150ee5651c3e9b6b542533.jpg,cd9df83a5041edf2bb8e3d4fa22a11e37f503ee15731f96e81a7e402ac5aaabb
asmitha/dataset/valid/images/267_jpg.rf.6bf111a630b2d3b0c4cffa1c74df365c.jpg,6906a41030b41cf4b00ebe20d87feb6fb795bf1edc79df5ed677d76ce2273caf
asmitha/dataset/valid/images/2699_jpg.rf.aec7262271842fa96fc020ecc9f56dfd.jpg,b7f69360eb177f2e417e56e9866a63fda369c97fb5051187bce4d25dd53a9bf1
asmitha/dataset/valid/images/2701_jpg.rf.f2e885807f86999a52e607c2a1e82be0.jpg,2e161f3f403a2e9d892273b2f1730164ae89d03c9a5eda9c7560051d578f3a96
asmitha/dataset/valid/images/2705_jpg.rf.591b8aae82027bdc19762a33a96d8a20.jpg,f2a9a544494fda4e3f4ba0cc85411c8d24f4e3378ace2af3b510199cd9c653e7
asmitha/dataset/valid/images/2720_jpg.rf.d6860a3cbc81af2d5a11bb35421f5f0a.jpg,80c6b3432a7958b314d726c100a4bafbb386751157c5f4418eaddb189203823a
asmitha/dataset/valid/images/2732_jpg.rf.82eb085fb3794d56e9509041b9ab29cf.jpg,084b08d33e38688f755e532c44623a8265c0ade4064b9b58e3d68749055bf533
asmitha/dataset/valid/images/2741_jpg.rf.80f61ada7137fc93fdec38e4ee53e056.jpg,c8c5101210381c132c58cd1e788b118e94e8ec9e2dc780919e942b3ab9960eda
asmitha/dataset/valid/images/2744_jpg.rf.ea47655db4c2ffad62655274238af74e.jpg,51cc3a5069aeca706b3433e6d846d7be4c38f926223aea0097d0478a722fdfab
asmitha/dataset/valid/images/274_jpg.rf.ee8bc9e2425be9afc14700536b9028a3.jpg,bb86375d433ef35a772e064f4121e336368f2df223f13e0bc988590c74c3c745
asmitha/dataset/valid/images/2750_jpg.rf.fe10ff5cea12868ecc2f826b973bbdd6.jpg,62ac55fc9dde8e8a8994869a3de661dc81a705c8656d61229001a1683f4e0f25
asmitha/dataset/valid/images/2755_jpg.rf.bd53e405c21252473ef37494a2b6894a.jpg,177a92128710e67dc6267fde1248f06e4ce91483265e80985e476f42dbbeb1c5
asmitha/dataset/valid/images/2761_jpg.rf.4c75f7b1a98bac8fd5c5e79acd2e2f80.jpg,db1ee4a41faf5337688e5a8a1115c9db147042b11a61fb9f3b7cb68ec5c8de2c
asmitha/dataset/valid/images/2763_jpg.rf.87a3bf53d0678a2191102c40b4771c99.jpg,8abce98457445eae568d847a46521ca977a1aefa29c19c593bf82c8f47061de2
asmitha/dataset/valid/images/276_jpg.rf.224ac92a5e8545ac8b483d6e6d35d95a.jpg,edfc066a564abf162b2a6a83efa110c117f494aa64f86e64dd9c7be638083ef9
asmitha/dataset/valid/images/2875_jpg.rf.9e6e02f21b09b7d89f24844ef8894b32.jpg,5951bb8cf6181a185b177e60414f59fd2b16214a0935a1e7022edfe938b22fb9
asmitha/dataset/valid/images/2883_jpg.rf.7e158f42aab1126449832d398208362c.jpg,fc066ad6dcd803b7b7edabcaa113adc49d6d32613902afdd5e459bbcd43870cc
asmitha/dataset/valid/images/2888_jpg.rf.d8ce6fe11e7ac9109966e679d8eb3353.jpg,154dbe8c27157ebae143e6ba7de003c4cdb8114cefc46e93472be2fc7c36dae5
asmitha/dataset/valid/images/2906_jpg.rf.4956b4a6b06f1f3032842d6f6dfdb10d.jpg,a87590abe7351d534b93c2fe2d866ff7b9d16968968dfff6c5796408480753a2
asmitha/dataset/valid/images/2909_jpg.rf.883c30c4da4d872cb7a67282945b05ea.jpg,d7293f103b286fac22fc2100d164676089eafc63159486653ee02c8f50d11397
asmitha/dataset/valid/images/2910_jpg.rf.3f75eb8ab2ce18550d612e2c58f733bf.jpg,d4690287961aba82f612faa4f6e7203cabf63805d3f3f93e5fb31851d67e6c2f
asmitha/dataset/valid/images/2914_jpg.rf.087dc5e3ee1bce6d1571b329707b6901.jpg,d8fa4a6a014ae2aafebd3773c81ba44acb9cefb64f4b0496fd8e63dde2583636
asmitha/dataset/valid/images/2920_jpg.rf.f5b911565451635670bbe85426bac17c.jpg,bd64c542c7598ea8bee78399b822273e342cfef6a3cefed48151966790ff1888
asmitha/dataset/valid/images/2927_jpg.rf.9c530b574d27f0b572db8694e4f4eef3.jpg,92beac2022198834a4000e0a811b2d23e37492d14f8a1f4141e1d1cba1f3d963
asmitha/dataset/valid/images/29_jpg.rf.806208a9afe19009a053c33609228c22.jpg,c86280093b72eb072289fe98c554289340e13286b440168d89600dd28a64f3fd
asmitha/dataset/valid/images/3000_jpg.rf.9ae0eeccde1091e9c3217a4833c134cb.jpg,888bc5acdec8f74a6ab03310964737d2f47fe4bb12e83059b648a97abd06ff8b
asmitha/dataset/valid/images/3017_jpg.rf.1b88ebf1f17352ad2d99434d104119a4.jpg,7bc9efef80604e9dbe479a92bd2150ddac61eed6721b27193208b2dc85598beb
asmitha/dataset/valid/images/3024_jpg.rf.feab1ed88e96922cf1616faba178d45b.jpg,b80264e6613d243622d6b7fbfd62a70b25ee3d6a6698228e21425289d6f53ba5
asmitha/dataset/valid/images/3029_jpg.rf.fe6dc71625b530974e7ec16aebff21ef.jpg,72a2d7390afcfcb87328bcb150ada095911ed6ca386a6ddb5fbbe60595b03773
asmitha/dataset/valid/images/3036_jpg.rf.1d60885a888fd96c833c4d2a718d406a.jpg,2ff41b95dc632db67afad1cea977727db28a9fb470e47b7387be4fc47e8186f3
asmitha/dataset/valid/images/3037_jpg.rf.600b9715aedba3148f17c26bce094376.jpg,c8b1b1a899902c14f647667178298f53028729be598cd6d02d65d91494b95039
asmitha/dataset/valid/images/3044_jpg.rf.3d8675398ec747ccfd630fd28d740a2e.jpg,5862f4389db87fc402f4cd98483a6148c0a2bd9a2b4ef1d429dc5b52a9673bb2
asmitha/dataset/valid/images/3262_jpg.rf.926e161c85982077fd070f64de79f7ce.jpg,873824a8c4a5abcd9811e27048f21da70286de1f3951d8b82c575b4b5f3522c2
asmitha/dataset/valid/images/3266_jpg.rf.b13a724271684eb083825838b87c178d.jpg,199b66f89706b112bab0054a92d9fd846327a998cf599be8a978f412381efc71
asmitha/dataset/valid/images/3269_jpg.rf.62c47503748e52b64c681e06f9dd552f.jpg,69ea9dce02d67f5473d75a9769a004da45dc6fdf60eed2026f0f9bfb66f4376c
asmitha/dataset/valid/images/3270_jpg.rf.be2c700b9c704ed2ea440975988d8e8b.jpg,ac4328d8e7f049628d62220aa652f7c3c43613e055d574d99926ec71fe88afce
asmitha/dataset/valid/images/3275_jpg.rf.41d54ad64fca8aa76f129db31747f90c.jpg,9cc42c49fe1a50a277e679c894cfcd142643b7257550cd05beb701cdfb2d2cb2
asmitha/dataset/valid/images/3277_jpg.rf.79c48d66c0fc5f73faa74b42fbd33ad3.jpg,b04d656014f62a348c7e17f9eaca4fe25f17302a69506e1ba24adeab03ab0faf
asmitha/dataset/valid/images/3285_jpg.rf.719056ab84a7be476be22a9d99624c6f.jpg,c127db699756f9ccbf4cd21dbbe7b5bfaf713a73a7dea551803db05b53f1dc5c
asmitha/dataset/valid/images/3286_jpg.rf.c7012576d4e8c081e9ef2c0997743f55.jpg,5495572234b32492f5392cd2ac746785b352922494a3d0b825cd3c616d25e254
asmitha/dataset/valid/images/3291_jpg.rf.cdf0a743a98c7d954f5ce2bebc21bab9.jpg,d0fcbc4b221f739ab1b01a95563f9893032851ff429dba7a759bcb382d5b6f56
asmitha/dataset/valid/images/3293_jpg.rf.bacd80da21e434f65a6de983439cfb69.jpg,1a9d36c52c0f63935622cf01e95bd417b205080f13a1952faf747af75cf7da59
asmitha/dataset/valid/images/3296_jpg.rf.1a125762ee826942646c52da566cd65f.jpg,f5cb051001a6f9566b6cdf55741229b1dc67c7baf7877086f7fc6cf497e027d1
asmitha/dataset/valid/images/3299_jpg.rf.614fb46546dcf4a0a5172d33159a36f7.jpg,59df3ccd8f4f0f8642cfbcc079cde8209fcef212a834c1b3f89c60612e25db9f
asmitha/dataset/valid/images/3307_jpg.rf.849d470ad85523b1f5ebb85c8fb8ff62.jpg,d602c30dd6d4f9d0d6f6d686f0370b637503cda18f98139bc1ec6645b52d574f
asmitha/dataset/valid/images/3310_jpg.rf.831cdad453649a1fac5a2ac7c65bc3d9.jpg,b60bb9e44f0f4fc5ef95fe0445343847c62004982c3e81a6487f89eb74c67bf5
asmitha/dataset/valid/images/3314_jpg.rf.5aaf355b66dbf5b939dfee6ecb3540c8.jpg,37fa1e3d9857e6553e3ead6d43090b82a203057a6872eea908fe5812051b1137
asmitha/dataset/valid/images/3451_jpg.rf.5ecd3eaad07c1d1bdb95ef105f6428fb.jpg,cb5330807f31697b3243530460c514205b063b74fd78761a7a6041e21f1570a6
asmitha/dataset/valid/images/3465_jpg.rf.9a10ee7a8431da974df499d1958f1f7a.jpg,c7fedb3f02d3ebd94aa8900cc0da9d004ea69f721454e4f9945a71e8dcb55640
asmitha/dataset/valid/images/3476_jpg.rf.b118f10f947db422bad9d4459a3c10b5.jpg,2976339aa39edb5403e3883549bb68aa822b648fb89f2dc2eb709fe922088cfd
asmitha/dataset/valid/images/3477_jpg.rf.1cc6769327c8ddff05c8b1f9c01045b3.jpg,da7d59b11264caccd505f2c8b8c2146a1c86724f8e2da4043506d2570a98f504
asmitha/dataset/valid/images/3480_jpg.rf.6908189d80ab2fd0f854c430e2e58e2c.jpg,a1418515b53d56ef368f9a6f7a94279cfda6fbd8db0ad94f53f8b5e5b32b60e7
asmitha/dataset/valid/images/3482_jpg.rf.4d044a7777abd719eee731808ffb945a.jpg,7309d1f607f869c2272138a33c348be1db342d3c4c818dd754a3aff15bc4ea17
asmitha/dataset/valid/images/3485_jpg.rf.fdad746a52c039f5087e4bfae976e90b.jpg,876d1b1979221067cb68b09992498ae1ceb64966c017fec64a1f1ec12059c319
asmitha/dataset/valid/images/3491_jpg.rf.f583e676edb55391e7b76ca511b81b39.jpg,5dd8aa76baf827cb9035f7b43c99a9daf2fb3ed6332039db7456b5aad465638f
asmitha/dataset/valid/images/3497_jpg.rf.ea3edd8b090cb14248386a83a1f126d8.jpg,e7ae6b19f8e1e5eac6ab09f169b1db8e5cbb64047a8ae070942f71f876792e18
asmitha/dataset/valid/images/34_jpg.rf.26e147f334a848ad50a1a6a3ac9cdf5a.jpg,3b5a488422f64d7955c2affa31c3dae629324fbb493af60f73bcf9f083eaf747
asmitha/dataset/valid/images/3501_jpg.rf.12380fe97fda5f2a72ec52d285b94c79.jpg,002ca24ef99cbec30b1019ce8059636c50bb17a9e51632404d73ff8456c02b85
asmitha/dataset/valid/images/3503_jpg.rf.85f8b1bee6721e114c8daa5285aaf1e1.jpg,0a690918ac8c5e7686f3620e961e19b65b3da667cfca269164d465c7a1e940f7
asmitha/dataset/valid/images/3511_jpg.rf.0c8398f339d3c9c311637362b5e0d7f0.jpg,5914891bd9a86c5bfd40ba32715fd3a373aee6bc5220799901252429812327cd
asmitha/dataset/valid/images/3517_jpg.rf.b46b7a5368629ab6aeb00e1ad52cd002.jpg,115390caf17c30bef6ab1c0146d77c4fd9f298eccb21cc1950ba0ba457e1afad
asmitha/dataset/valid/images/3526_jpg.rf.228ec77c0656d63638cb6e44273a832c.jpg,89344c2512d48ccc129f9abaf2e8305abfc716b9046b55813d11862923b8c206
asmitha/dataset/valid/images/3529_jpg.rf.9594a3686b71b9eb1202dfbee668ae2c.jpg,e7cdc99298e694c96fa76d08fc85f0004d56eccfcd53838b623858bc5b70df4b
asmitha/dataset/valid/images/3804_jpg.rf.807250747c33dec7cc5036ea77613bd2.jpg,7a7dd8425307c2016a7d597b9c270c653b429454fc775b0a85f7e3e9421c2696
asmitha/dataset/valid/images/3811_jpg.rf.ff4f57ecbabb90e10f6893e7e333a86b.jpg,7e337e231786184e1c6105f4b36826e830db439056577838cf3514da72f274aa
asmitha/dataset/valid/images/3820_jpg.rf.dd4a737f6961f99a85ab6f2054183dcc.jpg,96adb177b26f09ab838fa1e4e1327b43476f8060000ee92c375eb758b0f97873
asmitha/dataset/valid/images/3830_jpg.rf.e0a845c8ad387369156db52a2c67d698.jpg,959a08525e6caa6a116457e2c7d644c0ba1e4f45d514e7be67ac41d940622e1a
asmitha/dataset/valid/images/3835_jpg.rf.cd73101aca132a511bf9849b13e59899.jpg,03dcc1f8b4fa5c2f6498daa0d6259670621dd75ce35c7507e9aad0d8782d33d7
asmitha/dataset/valid/images/3836_jpg.rf.da9afe2f399d03d1a2b95e7b3d54f7a1.jpg,01f6f97d95c3b991305cd985a248ab9fa6c256ffb71b8b951522c85d0650e11a
asmitha/dataset/valid/images/3842_jpg.rf.1dc80981067bbb4aeaf0fad571d8a8ca.jpg,43468f7cac763984214efe0718702e70e9b91c6ea977c6ddac8f19af99f9a7f6
asmitha/dataset/valid/images/3848_jpg.rf.153349626a4db36d323519576dd98e07.jpg,7f77492b39d1de3a8a6d7eb5765fb8a7f55fdd8f3bb51047cebaf045f3f4249e
asmitha/dataset/valid/images/3849_jpg.rf.79cf92ee3b56790c4dcc52c261d50c23.jpg,1898bba75bef36436ccdf288af793ab81ed9b5dbdabe499f9b23350ca8ad6f99
asmitha/dataset/valid/images/3850_jpg.rf.e5e714a6141e248bbce52a09535af4e0.jpg,2dd042ab89ccfd53e4aa87a5ff1b3e8ccc6005d96e814bc71fcf1b76dda40fc7
asmitha/dataset/valid/images/3851_jpg.rf.04ebfe7e635ccb2aa4b568c664176bd5.jpg,c438ae714351fd749b207d1348e1d90cfe2b3d23f734599955dfb3f417777b25
asmitha/dataset/valid/images/3857_jpg.rf.274ff41de16dd6bdd262da9408b06775.jpg,2dced9805c5b53cf915ad2e70f15d13d0ad7acc70caa04d207811216add16e22
asmitha/dataset/valid/images/3860_jpg.rf.7eb5c13009de0d53abedb0c83c10bf5a.jpg,048f0516b7d67c433b54aedcf473e40f564cc1f000d3def828aa55994ec8631b
asmitha/dataset/valid/images/4013_jpg.rf.51b55da28a6d4be6884fd875b99c3de1.jpg,d9b0bcc070fece33878cbfc88657d9be0d06098269bc94ba963733a6cb2a0061
asmitha/dataset/valid/images/4014_jpg.rf.a8e2bb3da7a9581e1a525c720ad4cdf5.jpg,1399855886906e642d537807017e5d489890ff8b95f80d998d0c7919a1933a7e
asmitha/dataset/valid/images/4019_jpg.rf.9f11b40be7ce03a41dd155deac4a5cab.jpg,67eaf8f7e5c5c3711907de9f74bdbc1a0b9144fb0fc9a999cf11acbdc37ca0d0
asmitha/dataset/valid/images/4020_jpg.rf.318d25bc97f018c01940802784d50233.jpg,c3cf936d8f51163ead48bdff72e489655a5e3d8e03e90e67db2b07dd9ec51921
asmitha/dataset/valid/images/4025_jpg.rf.edafb7f3ce287728e56d43950459a7a4.jpg,ef4c01bc2761397676d9e3ab62fe673fd7d9d6681836c3d59f73b9531265041d
asmitha/dataset/valid/images/4032_jpg.rf.c2a08b5804f73459ca01f2340d1ba30b.jpg,847b824675dcd376499161eb4c20909876afff9f98128c8ad5b6d9608b5f7342
asmitha/dataset/valid/images/4036_jpg.rf.27261106306a09ac29a301b6937da6b9.jpg,b4704f2401882736bbb2b55e86e5e3e098c88c715426a996c82b8ac8e9000ee9
asmitha/dataset/valid/images/4038_jpg.rf.ce039abd2a889b59caa7f2dfe92d3ebd.jpg,e9a253989db7f0f829f767d13a7aefb6d6698ba8fa78481ff196d7153e028167
asmitha/dataset/valid/images/4047_jpg.rf.fe507388482adac3a3d0c0cfa2d18fda.jpg,36e0f91fbf0d595e6afec08de1aa4dbed3c4b3faa764203b95f9382f38d19c73
asmitha/dataset/valid/images/4048_jpg.rf.8b4238855b9e37257becb34906f6fcfe.jpg,8e0607d65ca2036e73242dbc1f16f27c3df25a977eefc07e94fa7726fddc5b8a
asmitha/dataset/valid/images/4056_jpg.rf.947806eb05789b193b5f8135c7182e29.jpg,a9f5162a0ef45f35fd92bed51364d922a5ef07e7288a7255deb053fb6ed971ad
asmitha/dataset/valid/images/4058_jpg.rf.3d630e969d31078281ec40766b1eb658.jpg,8a8f9a54f4bf8fc6dd9229f4e24453ce9d9259022bb61e2117ceba502864a69d
asmitha/dataset/valid/images/4068_jpg.rf.01ac8ad7529d0b2fce2df2d3ebf51051.jpg,0d30bb5f597be306b32132c2a8e4cee07ca6b157c6b6b24460cd67cff0173d37
asmitha/dataset/valid/images/4071_jpg.rf.03db38521fcd8def911f544da775045c.jpg,20de7e5a400c9150ab6ed8c04679c296df3a009b5a3eb9d4c72d9df13fa20b52
asmitha/dataset/valid/images/4079_jpg.rf.1e97ae0ff8c4b939e2e066dc4322771a.jpg,324213dd2e43e8c97481f63ba93e9f41dd831da94bd0c56b2fb73f52abd87e9a
asmitha/dataset/valid/images/4080_jpg.rf.49a743a6b2311bcb9fd1d8dcca3f0985.jpg,8248ece3b38a878f46dd53175e3847679b7be5d5db7ed21ef2ab3ae8eeb22e56
asmitha/dataset/valid/images/4081_jpg.rf.ac151e70c9e92bdd7c91ac151178de68.jpg,a943b60362a0f780e6d38d407d05f7939b87d58761a668513c96caaeaa273f39
asmitha/dataset/valid/images/42_jpg.rf.7745f7098ea9962ccb20f5f898105416.jpg,7638801a33bfed1cd482309793abc27879042c85d009c5513aaf205177b31b69
asmitha/dataset/valid/images/4562_jpg.rf.66e208451276f8e49d04f6e9c5d3c017.jpg,ad5a4bdc4034102c91bb9ffb1b9858d4427d0968b12402252ed5aa09a34c2132
asmitha/dataset/valid/images/4568_jpg.rf.17ea8241207db6669aeca3bb560ad261.jpg,8ee5321cb67592469ad5c2ab54f89ee6ff91231eedab20fa724a10a74750f3a1
asmitha/dataset/valid/images/4576_jpg.rf.4caa31c18f270b96f78dbebb330bbe35.jpg,94851dbb57bfc88239ae7f3a0d8ff4ddb6b9757ce3dabcfb5f2f61bc5472e11d
asmitha/dataset/valid/images/4579_jpg.rf.44f475acbeae45daa3c87ee46e86d5be.jpg,5f1c21fd89a7d3e0ac5269918269d0126fc9e02e5bcddd2876ee32e7a677f4f0
asmitha/dataset/valid/images/4585_jpg.rf.94aef0460743b09d2164186b1c8237aa.jpg,0cda7ae0416f43e903616f7aa821db056cd631cee070a8646287efb04b6f7bdd
asmitha/dataset/valid/images/48_jpg.rf.60120ed385e64ca32eb0e20d12a80550.jpg,c0372c370de379fbde2296d3844eaf5809a282786cc56b52648158dd3b2d6ed6
asmitha/dataset/valid/images/518_jpg.rf.b0c058d8b26c83a9f85957b96a131897.jpg,62b718d5132017538d47af92998896bd0b19f199381c901e64ca3ca8e15911b0
asmitha/dataset/valid/images/521_jpg.rf.0316eb9986e46cbcc5e29da89e7acbf9.jpg,a1e118e18b4ab7b8b6d28771a679aefa4e09304df2331a4be35084757f7c6c57
asmitha/dataset/valid/images/522_jpg.rf.aaff54087e8668aaccaaf476573e22d7.jpg,2917c20d168db8d535212fef032fc758c64ba14395e2f5ffb7d4de1b2590579e
asmitha/dataset/valid/images/526_jpg.rf.e8bcc83308d42f76da9184f06941dd22.jpg,a41bdedd07f2374889ba869ee5d8c454003c5820841a5d127b8c1cd046bea2ee
asmitha/dataset/valid/images/530_jpg.rf.876f8fe0e98ca0420b6d748d927d2436.jpg,c8359c170a298bc9c75fd8f34c676bccb4d4f3aa8448cb6beb1ce5cbeeea0585
asmitha/dataset/valid/images/538_jpg.rf.2c9253f5f3479938a866960d96df75e1.jpg,42015d9f2b6647bbb2931c7aa0b6d81637fcf731ae28b328827642d66f7a348b
asmitha/dataset/valid/images/589_jpg.rf.7a3fc328277bbb3ae0695cba9374d57b.jpg,fad3204f7d0731db83641c0bb79bcdc63ae70821b6815c9e5faaddfebc97f3fd
asmitha/dataset/valid/images/852_jpg.rf.dd98988c8cb9c598ae0cad9de1aec902.jpg,55c85309bc6a880777943756db097f3e222fb5be6142a7f6cf4ab3675f3afc26
asmitha/dataset/valid/images/859_jpg.rf.b3d78aadee9f7323dd56db31c3e4756d.jpg,46e7e967eaf8d4e1bf54e4b2376dec846c05b023cedfebc38c1d1d1e87fcf3b2
asmitha/dataset/valid/images/867_jpg.rf.d0c7125ce32914b8da7d75c27f0ed659.jpg,f2cb5fe29860d24a86f46d18be58317d7e728d2bdf8e57a4e1e8c379f096fa4a
asmitha/dataset/valid/images/871_jpg.rf.3d301410c703ce3cc007cf82f8294c98.jpg,3e5fddb0f9be5d40c3971465ad75185cc053f0a8709f5859b9d38c5ba99f0fe6
asmitha/dataset/valid/images/884_jpg.rf.6d8639275eab65c12089fed2667ce323.jpg,118ba132e75977d19a0f8bc920b1f040fad198b07f80b427c4515a23c5130714
asmitha/dataset/valid/images/897_jpg.rf.83975c0d1a85e55e25b123c187f3d04e.jpg,1c603416e278cfb6724ce43fc794fd87a70d705761f83d55f3c9c751a00135ea
asmitha/dataset/valid/images/898_jpg.rf.b9053de554671acd48e085af0205ec52.jpg,08175bb321fe1de19383451fda550dd34f899dd5862627b66f366d6e04d46965
asmitha/dataset/valid/images/917_jpg.rf.b2c853b18fb2a9b761d4039bb60657da.jpg,717171d80f8a668b1e886837a95981e01e30e58bb082f0fde50332f2cd7a97d4
asmitha/dataset/valid/images/918_jpg.rf.83595ace1001affdf01bfa87fa1ccb29.jpg,e8ad7cd7629467ffe8b7186781217335dcca83a0ab7f1f37349e0336b0121364
asmitha/dataset/valid/images/925_jpg.rf.b9afc9426f62cfaedce418046b6f63d7.jpg,b1377a574e18ad9bdd6b9740ccbd19ee82950400109d10ca8bfed31b3a77c98c
asmitha/dataset/valid/images/932_jpg.rf.3da65bc939e45ee9b0da7db1e78594a7.jpg,3ff55b2333c8d535db99eb8888fb9b2fd574f86bf5ed056f85d27918796d07d5
asmitha/dataset/valid/images/IMG20230420223714_jpg.rf.105fb55f37bf351bd5a700cd44ead429.jpg,ec210bf107a9dd27b16836945ae0841e62589c271ae6b28e86cef5167eebb7c2
asmitha/dataset/valid/images/IMG20230420224001_jpg.rf.eeb79bf602695c06b6bf20be68d66941.jpg,eec100ce68b0625ac6181fb851a67e72255ef76ba9e8f97f1cad8186ce50f8e5
asmitha/dataset/valid/images/IMG20230420224302_jpg.rf.d61ddb42b811f7a3799d8b706c4bbeda.jpg,4f42b7d5180a78d2983d5271e07286e543eccc047d1be7656eaa5094ae6fa3b3
asmitha/dataset/valid/images/IMG20230420224523_jpg.rf.fa96435c1ed7a6a41d601415ddc0532a.jpg,7681bbcfa80f72fadbeff3671c7f766ce270c472cb6ad6d8edb572a44c4458ee
asmitha/dataset/valid/images/IMG20230420225329_jpg.rf.8e9137af1d3dfbd1009bc30f4b4a1a6e.jpg,1aaf308d744cb04bea1315385072cd48cbfa2a321c121b9aa1b59a263937a364
asmitha/dataset/valid/images/IMG20230420225410_jpg.rf.89a14d830837f58372bc9f8a423638e6.jpg,64241d58bdc0516e91d6c49fba88d78d314849c4da6847a6e9b5e49d7eaf2a86
asmitha/dataset/valid/images/IMG20230420225609_jpg.rf.79cde725a33a50c5e4418549168bce9f.jpg,c7e63f487c84d0f1a1cd4e68e9f63ad8b4b5b39bd484c7e9fa5516a7de9cfaa6
asmitha/dataset/valid/images/IMG20230420230009_jpg.rf.f53e41e2d0238b4dfaae29fead448ee1.jpg,937b51e00d612a8e902adaebb8e9a1fa3199b8d85df29b3dd301ed9a987d1e38
asmitha/dataset/valid/images/IMG20230420230656_jpg.rf.87c6874b2bb3a9f18e531680aa71f949.jpg,de158393df54913f1d229350453fe18109f7c2db1ee69b280f72ea073a784a46
asmitha/dataset/valid/images/IMG20230421102521_jpg.rf.4016092d8faebd9f78f68ffdfe9789ea.jpg,a4dbdd15048dfdcea622070e1da9b97366f8f50808b0f47c54553064c37cdc2c
asmitha/dataset/valid/images/IMG20230421102834_jpg.rf.009a72f0b5a82cf67482476e298f09eb.jpg,7e873199ba4f4ebbae18dea0fba4e01a652106f8f01ac52af0d25f4f84a7dc15
asmitha/dataset/valid/images/IMG20230421104559_jpg.rf.e4f8473bea690a4532613a1633b09fdf.jpg,d7c53298feb15d5d0c570f917d46e43842060ba8dc83d0e65afeb14c10adeb77
asmitha/dataset/valid/images/IMG20230421112754_jpg.rf.106ccc280723f03e5afeaec7b16a6d1a.jpg,ff454277c57ed5a7d1fc6ad89f05784664cf33948824d304744296ed305def0a
asmitha/dataset/valid/images/IMG20230421113110_jpg.rf.00ba4713c1eaa7a3f847bd6b6b270b30.jpg,471c134dba8238d425ff58b62283486be075c1b0df5e0b0c452d9bc34eefa9fa
asmitha/dataset/valid/images/IMG20230421113206_jpg.rf.3ec0e9baef69783346e82bd7f2de82b0.jpg,8d921b205a5022b761ac125b69f9ddfa8e6e5fc9a75747c8519a79fad1f30cec
asmitha/dataset/valid/images/IMG20230421114806_jpg.rf.40b0272f87a4987bfbb5e196a859646f.jpg,8de76872883a5d7a36e90269f83defda37284559ce072a6835fedc7bff195c17
asmitha/dataset/valid/images/IMG20230421122655_jpg.rf.604db31ed78aeb074ac17a2dbafad492.jpg,05dc11997eb3020a0e80643a1acfcdac32db1f5a3df0f17ce35c0cc34542d93c
asmitha/dataset/valid/images/IMG20230421122954_jpg.rf.62d3b0973db6772907fae9e0b26a1412.jpg,34102b490c34c8bc4c859a574476c2866eb20b70ce315c3b33450e5e9966a9da
asmitha/dataset/valid/images/IMG20230421204123_jpg.rf.968b2d8688a8e3fcdac6f8e26d93335b.jpg,5b303c02f433b48f743aef981f12aeb42e7019d2cf3b0e8f47fb99dfb6fdbfab
asmitha/dataset/valid/images/IMG20230421204144_jpg.rf.2c94623eee75bb46e24f08376ba2e6ab.jpg,38b20a2c6c390fb615166d5f5ee488ca8323520cee65e8651409f88c05c33f9a
asmitha/dataset/valid/images/IMG20230421204512_jpg.rf.598642f4c438edb932ceaebb21533b15.jpg,5550fdb3ac781a0e0a8e4db46629ce8b9078f8607ddf4c98b97da2283dce5984
asmitha/dataset/valid/images/IMG20230421205107_jpg.rf.e8f6043bcfee9bab9b4cbf64b4dc116c.jpg,d74f4553759a1e98e77c54de10a882fdc36eaadf84d8af5a875e55b393054042
asmitha/dataset/valid/images/IMG20230421205121_jpg.rf.fb62ad119e59f59e027e9943a6a369d2.jpg,187c639a759f3b707104ddc5ea429871f4d310f0f0fd4ff68d9e84538bb794f5
asmitha/dataset/valid/images/IMG20230421210032_jpg.rf.d15418a102157a635d0ded5730af78f4.jpg,ab86a739ce6074f202143eab68b2ca10ba292d5437c563e0dc389d90d06f7794
asmitha/dataset/valid/images/IMG20230422143607_jpg.rf.155269841b877a4a5e1b906e7dd8472c.jpg,f7f8467dc33c36685446f03a2e87de550b5ffa65cd1b293c88963034f9676da0
asmitha/dataset/valid/images/IMG20230422143622_jpg.rf.e0aef5b72da5a6da255251c3c016d58d.jpg,cd62d2b21eddbdaa93cd778ec8814fbd18fd3469c003f10f55f55e819217f6b7
asmitha/dataset/valid/images/IMG20230422143804_jpg.rf.fb6d9910e3fe5aa35524655a47d2f9da.jpg,3965f7210f1f2069487a8521e8ca542a958b64ea8909a1efbbb8754790fa2e73
asmitha/dataset/valid/images/IMG20230422143817_jpg.rf.5d0c07785ec413bcb08dea9a5c388f1a.jpg,7cb4aef840de19865d492d63560d214546113d380c72ed80f442bc614c74ad2c
asmitha/dataset/valid/images/IMG20230422143904_jpg.rf.003eb517ee915c2331d0df9229781579.jpg,c7050eb60a82c1a6730c9ae31653dccf7b8d29861bd2bfb74a28bce4aeee0320
asmitha/dataset/valid/images/IMG20230422144043_jpg.rf.908ba42f33f9ec764c00cda47e71bdb5.jpg,968ee0f1c6602f18535f9b4c7225fd8fb2b080705a6087cf05e71e6fdf8c0622
asmitha/dataset/valid/images/IMG20230422144249_jpg.rf.19a5cff5647eb60cdb68df1b74054ee6.jpg,aae897e96e8eb2ca676b1df2f46bcb3a5aac7325204e4f92fc5647fea9d60414
asmitha/dataset/valid/images/zoCIj_png.rf.3d78d9279b34c63d5e14758c75b6fb30.jpg,7bd47170e2a6ea01681983acef96fdeea9f02067d80649f6c45de0355d86e4c2
