path,sha256
prabh-decoders-braillevision/dataset/braille_merged/images/train/angelina_1015_angelina_250_16123469868604291475964485342376.labeled.jpg,cf901ff91669bdfc12f81629490d5a873003360f3f058b53fa2948291a0fdfaf
prabh-decoders-braillevision/dataset/braille_merged/images/train/angelina_1024_angelina_23_1563957317247869394114.labeled.jpg,695e6fee0fa0f3e21b7757e2cafbba176557a63bfc8e769d1fa2eac5285f5d03
prabh-decoders-braillevision/dataset/braille_merged/images/train/angelina_1051_angelina_115_IMG_20190715_122507.labeled.jpg,b2154b11d1b46df7bae4717f5138f05b41276c3bf37f1f8a60df02873050e241
prabh-decoders-braillevision/dataset/braille_merged/images/train/angelina_105_angelina_279_4661bc1cddc64d9386f912234a3bbec9.labeled.jpg,105be95e5c2c55f4aa525a590c9b17724c2b88d9ce27e5db41aed133b3f0aa14
prabh-decoders-braillevision/dataset/braille_merged/images/train/angelina_1061_angelina_280_51540f5a38b84ed4b92367897569c565.labeled.jpg,77493c92be6265300fbd740e8050b639a8584fa3c46f30da1d9e23ce7eb13474
prabh-decoders-braillevision/dataset/braille_merged/images/train/angelina_1069_angelina_144_IMG_20190715_121602.labeled.jpg,97d1930f363b0bcbf665017256b86e506782e2a6ca0ed6505e03f1bb18d5bf9e
prabh-decoders-braillevision/dataset/braille_merged/images/train/angelina_1070_angelina_25_1564154013064889170553.labeled.jpg,9926fab73b97206db7431cf4120cf77ccfa0915f2c3c66c44da0fb087ccd4497
prabh-decoders-braillevision/dataset/braille_merged/images/train/angelina_1073_angelina_136_IMG_20190715_121517.labeled.jpg,a0ded6cee5586c1d4dca3e695d076ccbbbdc266cc9fce16391c006885f376395
prabh-decoders-braillevision/dataset/braille_merged/images/train/angelina_1077_angelina_83_IMG_20190715_122759.labeled.jpg,ee7530d6d5a095d902fe6c1d469bdce0e5407c0944f35634082e837b0ec60d88
prabh-decoders-braillevision/dataset/braille_merged/images/train/angelina_1087_angelina_137_IMG_20190715_122448.labeled.jpg,4f8cffff9339aff86ce57682beed68af9882c4ec245b66bd7462a781a95e4ec7
prabh-decoders-braillevision/dataset/braille_merged/images/train/angelina_1089_angelina_227_IMG_20190715_123208.labeled.jpg,81e6671a96b1a1b91365f8cffa48c8055880f3e02e080a7963fd9991cf3db02a
prabh-decoders-braillevision/dataset/braille_merged/images/train/angelina_1092_angelina_48_IMG_20190715_122819.labeled.jpg,c716fe68dd86a194e7ef355881c5a303927305d1975328c2bf073394ed2821b5
prabh-decoders-braillevision/dataset/braille_merged/images/train/angelina_1093_angelina_35_IMG_20190715_121237.labeled.jpg,0be8e31fa4a6c31493b94a9a6011432d9a3ba7860aa410ba8224ae827e96e6fa
prabh-decoders-braillevision/dataset/braille_merged/images/train/angelina_1102_angelina_112_IMG_20190715_122409.labeled.jpg,a047814ca545114d9caa6ccf278433fe79a3af4e884b47476c13d73b16ccdd2c
prabh-decoders-braillevision/dataset/braille_merged/images/train/angelina_1109_angelina_122_IMG_20190715_122826.labeled.jpg,486b6f3d9b44c6e901bf3b4bdda134d525fb3b1d1b7e3ce19484a9aa25fb9843
prabh-decoders-braillevision/dataset/braille_merged/images/train/angelina_1110_angelina_55_IMG_20190715_121936.labeled.jpg,43e17ce8bbd61d226f01b98c789dd28b81c7078d0b465080adc4d3d11a49e770
prabh-decoders-braillevision/dataset/braille_merged/images/train/angelina_1114_angelina_130_IMG_20190715_121303.labeled.jpg,1457a8372aacb5f266409ddc63ff1c57ff7689ba87601d186fc6f751b509e455
prabh-decoders-braillevision/dataset/braille_merged/images/train/angelina_1120_angelina_166_08.labeled.jpg,3906be8f6ae4a487343e0e9e03666e47703a644ba066400ef74bbe14b05a01c2
prabh-decoders-braillevision/dataset/braille_merged/images/train/angelina_1126_angelina_217_IMG_20190715_123250.labeled.jpg,ed8b1b6656385c61504045942dff6458b5707396123bda77ce589d57d044701d
prabh-decoders-braillevision/dataset/braille_merged/images/train/angelina_1135_angelina_71_IMG_20190715_121708.labeled.jpg,084dd229b5886c0d084fd05a06d652d1a84b2f7af1722c60bb6d4b445e252d80
prabh-decoders-braillevision/dataset/braille_merged/images/train/angelina_1150_angelina_75_IMG_20190715_121634.labeled.jpg,4ce5d5809318d24c353b691873034b657178e50a0e9cfa49a4293877757e2f1e
prabh-decoders-braillevision/dataset/braille_merged/images/train/angelina_1151_angelina_146_IMG_20190715_122909.labeled.jpg,d96a94546e2a911135fb0bfe96390dcf149ba907ef3fca145a6c3dd3b7f97c32
prabh-decoders-braillevision/dataset/braille_merged/images/train/angelina_1152_angelina_239_IMG_5371.labeled.jpg,2b1f4f69f1a0c5fbdff65acbfef8ceeefea951ca1bcc817ab7d8eaf9f8532738
prabh-decoders-braillevision/dataset/braille_merged/images/train/angelina_1155_angelina_193_IMG_20190715_112922.labeled.jpg,c07297b36feca83d30aa5875c4fbfca12cfd56840adfd8a040c7deb9e2cebbd7
prabh-decoders-braillevision/dataset/braille_merged/images/train/angelina_1160_angelina_247_e60588dd418f473e8c6ba0ce9bfcbab0.labeled.jpg,70dbb55f8d88d3a9b78e2e288dbeecebf1ae4cd3c7e28556876ba9fa0d6b614a
prabh-decoders-braillevision/dataset/braille_merged/images/train/angelina_1164_angelina_124_IMG_20190715_121114.labeled.jpg,372690d0b56af7b9a2bd41abbf84b2cd6d57660732a3addea9521e19a2d0dceb
prabh-decoders-braillevision/dataset/braille_merged/images/train/angelina_1171_angelina_45_IMG_20190715_122753.labeled.jpg,40022230938cf8f1f77f6983b509adb4e412ca411dfc7af5202093ab4433d932
prabh-decoders-braillevision/dataset/braille_merged/images/train/angelina_1172_angelina_256_pic1615798032090.labeled.jpg,77f996db4b32a3accecfd113ebbb97b1ca258d595b8610792cf29d630bde6463
prabh-decoders-braillevision/dataset/braille_merged/images/train/angelina_1188_angelina_230_IMG_5366.labeled.jpg,7bbf2a7b865d19e9629a54c1640f606e57f651393d4055a80683a19bb2eeb417
prabh-decoders-braillevision/dataset/braille_merged/images/train/angelina_1189_angelina_77_IMG_20190715_122439.labeled.jpg,0b9813605d1ec239ab087ade45edc585f4844fb9c108ee867d8e9d54b623114e
prabh-decoders-braillevision/dataset/braille_merged/images/train/angelina_1190_angelina_278_f271f266efc0417b90ec62a86874121e.labeled.jpg,5e886ae0327538b5858c633067b8c545367b19bc5ce91d7b8c6215f3f72dbda9
prabh-decoders-braillevision/dataset/braille_merged/images/train/angelina_1191_angelina_202_IMG_20190715_123148.labeled.jpg,28c9174c3ad08c5eda0b3edac60aa09c7066cab6aba4431cd7a69ca58b3e5bc0
prabh-decoders-braillevision/dataset/braille_merged/images/train/angelina_1205_angelina_99_IMG_20190715_121656.labeled.jpg,5689cc447768740db5f6bf3d1bdb1253d7cf032c728a6fb389cb661789e1dcdd
prabh-decoders-braillevision/dataset/braille_merged/images/train/angelina_1206_angelina_63_IMG_20190715_121631.labeled.jpg,86a1357028096836aed4dadc0f0ec9d2ad202ee378544ee19931464e198a624a
prabh-decoders-braillevision/dataset/braille_merged/images/train/angelina_1208_angelina_282_image_757.labeled.jpg,8393a2bb445824c3b523b3515cc1c2ef050981a2a0b583c2022766a2c5b423d1
prabh-decoders-braillevision/dataset/braille_merged/images/train/angelina_1210_angelina_165_06.labeled.jpg,d8fc9c5bf06d7a77b7d2b2b03a1d212b0527bdcb797579e2b0886dac25c71b15
prabh-decoders-braillevision/dataset/braille_merged/images/train/angelina_1212_angelina_76_IMG_20190715_121847.labeled.jpg,5162bf81dbd1b19cf09c88626c43309ef06a14552ef11c960c80774c43efbff3
prabh-decoders-braillevision/dataset/braille_merged/images/train/angelina_1223_angelina_86_IMG_20190715_122904.labeled.jpg,72dc11f24cf656cbf5d8c2389b706ef18728c6de9aa3a42a67d1d2dcda020284
prabh-decoders-braillevision/dataset/braille_merged/images/train/angelina_1224_angelina_162_05.labeled.jpg,bd2ee945596923d1c50efbc7922f41ddd75d92a1ccd9b4bcc70eb68c62666b1d
prabh-decoders-braillevision/dataset/braille_merged/images/train/angelina_1234_angelina_92_IMG_20190715_121226.labeled.jpg,fc249eaa5ba63a75ec4642b95b234bc65f27dee9fb28e1d2dbb57c7423de10ba
prabh-decoders-braillevision/dataset/braille_merged/images/train/angelina_1242_angelina_78_IMG_20190715_122232.labeled.jpg,ffc341179674b77d8c67943ebed39cbea3b942c615d211e1db1109316cf707e3
prabh-decoders-braillevision/dataset/braille_merged/images/train/angelina_1244_angelina_93_IMG_20190715_122405.labeled.jpg,8ae719e164301b8384fdb430b8627c000d9b79c72586d0d74e02ac0ab1cf7ce6
prabh-decoders-braillevision/dataset/braille_merged/images/train/angelina_1251_angelina_116_IMG_20190715_121324.labeled.jpg,73eec380ed2f3421cb045de7fd20302ee8145d98ea1fc02010dea07506801dc6
prabh-decoders-braillevision/dataset/braille_merged/images/train/angelina_1254_angelina_231_IMG_5365.labeled.jpg,07f8a7610c881ed21faccebdc55f68585c11fd927039397c616d42ad13761b87
prabh-decoders-braillevision/dataset/braille_merged/images/train/angelina_1261_angelina_85_IMG_20190715_121930.labeled.jpg,fafe27684711980269c644e7b2efcd7fa134c1394ac79c5a7256ec26e601e4ac
prabh-decoders-braillevision/dataset/braille_merged/images/train/angelina_1265_angelina_170_07.labeled.jpg,e2faa75ef0fbac3d695d1b2d9f69c28a19b7ed210d7f68caa20329aa973bb0b8
prabh-decoders-braillevision/dataset/braille_merged/images/train/angelina_1268_angelina_177_06.labeled.jpg,01c0197b1b0a7b355ddcb7b0a627056933ae4f09eb980c50ef6385958691c84f
prabh-decoders-braillevision/dataset/braille_merged/images/train/angelina_1274_angelina_95_IMG_20190715_121855.labeled.jpg,da5458bd89813889f9bb6df436467b1fc591eb367b7cdc5230bc1674fa188c5c
prabh-decoders-braillevision/dataset/braille_merged/images/train/angelina_1275_angelina_252_16175620075383318290172083202563.labeled.jpg,9744ed8772e5bf75d265b6c5cbb92927d28b4cd6f91a3a744a483b3bb9ac7b49
prabh-decoders-braillevision/dataset/braille_merged/images/train/angelina_1281_angelina_102_IMG_20190715_121608.labeled.jpg,ec72b370887f8a7243a1de0d7175ab50bd8c9dfe29f80ab205998fadc3415659
prabh-decoders-braillevision/dataset/braille_merged/images/train/angelina_1282_angelina_168_11.labeled.jpg,ca11f3c7b6aa42efb6ba55ac383c3ff0dd0d64c15f9b147dceea32bbe7e6e6ac
prabh-decoders-braillevision/dataset/braille_merged/images/train/angelina_1283_angelina_201_IMG_20190715_112936.labeled.jpg,fab4d002130330c7a527c6c52fbf9bcddbe7574fcf5b684da774b66d56bf48ea
prabh-decoders-braillevision/dataset/braille_merged/images/train/angelina_1285_angelina_143_IMG_20190715_121948.labeled.jpg,499e404c5534be4e2cbfbcedb6c0d6f1c7e2f781fe79ef91283010510390e822
prabh-decoders-braillevision/dataset/braille_merged/images/train/angelina_128_angelina_14_6c4425c1-ecb1-499f-ad8a-283f802a1936.labeled.jpg,2e1359a08db180149ea9f3030cec06cc662ae215cedc948aba5a26d82535c839
prabh-decoders-braillevision/dataset/braille_merged/images/train/angelina_1293_angelina_62_IMG_20190715_122901.labeled.jpg,fe2e6aeeb2a6f11fa20dca9e159c186c1e90a58945f2694b35d3df952706ee33
prabh-decoders-braillevision/dataset/braille_merged/images/train/angelina_1294_angelina_56_IMG_20190715_121945.labeled.jpg,aafccf3ba32ad56ce689eb2329a06a3afebf1474e070a57de9f347fd51e960ba
prabh-decoders-braillevision/dataset/braille_merged/images/train/angelina_1296_angelina_81_IMG_20190715_122854.labeled.jpg,d19c76f2d31d039fceda0f8137d86d737270bdce872bd391733e043c4ce10907
prabh-decoders-braillevision/dataset/braille_merged/images/train/angelina_1300_angelina_127_IMG_20190715_121058.labeled.jpg,8160c8ea5ebbbb928000f6d39850508c4c842e29e3195e661094d7e29b9951ee
prabh-decoders-braillevision/dataset/braille_merged/images/train/angelina_1303_angelina_206_IMG_20190715_123241.labeled.jpg,bf09ef6ce177f30afc372b97eac35c9c2ed2933eb4312036793f3827ff473450
prabh-decoders-braillevision/dataset/braille_merged/images/train/angelina_1316_angelina_253_image_768.labeled.jpg,aa835e0ce0b210476dad38c4f473426c92177c87095baeb2896c7e49feecc453
prabh-decoders-braillevision/dataset/braille_merged/images/train/angelina_1325_angelina_91_IMG_20190715_121902.labeled.jpg,51c1b1720e352835520adab17f046b879d0288b0177e6cbcc3279d6bc751c738
prabh-decoders-braillevision/dataset/braille_merged/images/train/angelina_1327_angelina_54_IMG_20190715_121918.labeled.jpg,c4ee8f2743ec66526f5f7b21c5b977e2e5e73dd0ef51ec7e503a868519ea1c49
prabh-decoders-braillevision/dataset/braille_merged/images/train/angelina_132_angelina_229_IMG_5373.labeled.jpg,87f1aafbc919c4416436c74ce33b39e98dd50d85914fe2dc32de200ffa32e324
prabh-decoders-braillevision/dataset/braille_merged/images/train/angelina_1330_angelina_69_IMG_20190715_121423.labeled.jpg,0dbcd5e4cd1c1a016354b601cc8be7559223b8850314e57869333a5038416e2d
prabh-decoders-braillevision/dataset/braille_merged/images/train/angelina_1333_angelina_195_IMG_20190715_113026.labeled.jpg,d8b525479a5d5606fd703492c03149b0a6936acdcda07b9a901b750eb36c5f71
prabh-decoders-braillevision/dataset/braille_merged/images/train/angelina_1335_angelina_46_IMG_20190715_121339.labeled.jpg,903e778af9f4cac427199c567b50b743e913ef6c2f87ba4e7590863608613a50
prabh-decoders-braillevision/dataset/braille_merged/images/train/angelina_1342_angelina_89_IMG_20190715_121810.labeled.jpg,92b91692f6c8c00cc5f6708e0acb13b644afcebd4b994f6ed2fea909a9e1b61f
prabh-decoders-braillevision/dataset/braille_merged/images/train/angelina_1343_angelina_200_IMG_20190715_112953.labeled.jpg,51fa6bca5730cf1b205217b4c976368bc6f614152a86babe7dda91125ad7527e
prabh-decoders-braillevision/dataset/braille_merged/images/train/angelina_1344_angelina_105_IMG_20190715_121048.labeled.jpg,ea8c93d00bfbdf934af36dfe30d6c7436ddd9b562d5ba1760b57179215a75f1d
prabh-decoders-braillevision/dataset/braille_merged/images/train/angelina_1345_angelina_228_IMG_5201.labeled.jpg,5679be43c38f8104378f286a737704aab0211123d90a31d5dada8014872cf39f
prabh-decoders-braillevision/dataset/braille_merged/images/train/angelina_1360_angelina_273_0fefa93494664df3b677a9b36ac4660f.labeled.jpg,850692c82952e3d80951481d54102d014446f0af4cd51958982498c19d66c71f
prabh-decoders-braillevision/dataset/braille_merged/images/train/angelina_1361_angelina_155_IMG_20190715_121747.labeled.jpg,12aeb9cf9af5ccf4cb2a13416167ab2e7ab9962e52992f9bdbee9277034060e6
prabh-decoders-braillevision/dataset/braille_merged/images/train/angelina_1363_angelina_266_image_1330.labeled.jpg,7bc0a604b3abc9c121683b74a609e99791f925da73046d3586f7fd0e6de465b3
prabh-decoders-braillevision/dataset/braille_merged/images/train/angelina_1368_angelina_275_image_893.labeled.jpg,d8da0099fb5e22b0aa9fe30cb5d0e314ada427c233faeec981e7cf132e52cb8a
prabh-decoders-braillevision/dataset/braille_merged/images/train/angelina_136_angelina_67_IMG_20190715_122325.labeled.jpg,8c6408a0cd6f0bbe329c5ef0f3b228e0726acbebc1e8d1fbf3871f5b03eab264
prabh-decoders-braillevision/dataset/braille_merged/images/train/angelina_139_angelina_205_IMG_20190715_123426.labeled.jpg,f96f6326dede9f17a29a2eb37a0dc463ea304fa1a7410b769e8a351ebd3b4800
prabh-decoders-braillevision/dataset/braille_merged/images/train/angelina_143_angelina_19_15660462156041370045416.labeled.jpg,195c41ce1a65b073b0b17bfd578f661c86f5702045b177d66e07cade9c3eba13
prabh-decoders-braillevision/dataset/braille_merged/images/train/angelina_147_angelina_181_12.labeled.jpg,28281ae772a29afa799e69fbf13871a9e035f7930fc0b0b33f65711aaf8bfcf1
prabh-decoders-braillevision/dataset/braille_merged/images/train/angelina_151_angelina_283_16208199091213172220599072788385.labeled.jpg,8c3c67011e47f3ecbf12a1f1eab0fc3b7069d9a1dfec65c229ac2235acf037c9
prabh-decoders-braillevision/dataset/braille_merged/images/train/angelina_152_angelina_190_IMG_20190715_113048.labeled.jpg,d0daa980259c8cbf627f359a45e600c2592d244d45c4c97cc103ac230206a3e0
prabh-decoders-braillevision/dataset/braille_merged/images/train/angelina_156_angelina_277_16212558309825739935733992080657.labeled.jpg,58217a96434a51a8fb311ed31538629d2f2fdfcad7fab2dadeb06dd4d80f627f
prabh-decoders-braillevision/dataset/braille_merged/images/train/angelina_158_angelina_73_IMG_20190715_121939.labeled.jpg,6c977b42df1af5a1cba425215dd2ac99ca57ab4e834247e22aa9fe1b8839bb9e
prabh-decoders-braillevision/dataset/braille_merged/images/train/angelina_161_angelina_153_IMG_20190715_122434.labeled.jpg,afa69df18cb0b99fbe4db3fafa02fff5403aba722d9b573941197f6256d64ae0
prabh-decoders-braillevision/dataset/braille_merged/images/train/angelina_166_angelina_234_IMG_5367.labeled.jpg,0050f95aff808a37946a03a0b6052c56bd300ab084268d549bfe9749d90894e4
prabh-decoders-braillevision/dataset/braille_merged/images/train/angelina_167_angelina_169_12.labeled.jpg,bc499b824e49e1503d0c6258e67d53a5a94d679dbc8e9bf19e069236218aff74
prabh-decoders-braillevision/dataset/braille_merged/images/train/angelina_16_angelina_149_IMG_20190715_122421.labeled.jpg,fb041a992882b82e778b024bb0246e81f9f8f7ef9464aa8fcad01b72c49db54c
prabh-decoders-braillevision/dataset/braille_merged/images/train/angelina_173_angelina_198_IMG_20190715_113023.labeled.jpg,18f258eab72765614ce33ef718d1949feebb34f34f20d0ac61568ea57c8a713a
prabh-decoders-braillevision/dataset/braille_merged/images/train/angelina_177_angelina_218_IMG_20190715_123223.labeled.jpg,b0267db3a25ccdb77f067b0cf91fb79d825d23d75dbbae43d150e6d48edf5a04
prabh-decoders-braillevision/dataset/braille_merged/images/train/angelina_191_angelina_285_16117401078905499179755929287133.labeled.jpg,baa699e411f229fbdfda07b41a7eb18f40f9b9253e61964e92151607ba15ee85
prabh-decoders-braillevision/dataset/braille_merged/images/train/angelina_193_angelina_276_16119077073007616661040361423621.labeled.jpg,d893b1675c110ed447dbddffb327c30b18446a5fb2fb8a2c0795c4962c3b30f5
prabh-decoders-braillevision/dataset/braille_merged/images/train/angelina_200_angelina_6_847e140b-9cca-4986-94f0-a81955dcda24.labeled.jpg,56d3968ce82706c4fc2575293c4a517d980bdf6d762bf6cc952ec5489486a1b2
prabh-decoders-braillevision/dataset/braille_merged/images/train/angelina_208_angelina_249_1613636025206..labeled.jpg,cc93bc6bfef79cd4898b59f57a77bab931f9b8be251aa6a3684a64c68f53b011
prabh-decoders-braillevision/dataset/braille_merged/images/train/angelina_209_angelina_132_IMG_20190715_122839.labeled.jpg,cc7a7b730a3e34175573a7c87ab63a5c7499e63f986e8ee54be5a707ec71b02b
prabh-decoders-braillevision/dataset/braille_merged/images/train/angelina_217_angelina_192_IMG_20190715_112947.labeled.jpg,6b644d0c7c5541198899a7dd2542bd8c5ba56c29148f4757cd777548bffb812e
prabh-decoders-braillevision/dataset/braille_merged/images/train/angelina_218_angelina_258_16196980837743756197191329946704.labeled.jpg,fe87ff169a3d1a9bbe06e0e80a2e1eca3edc48a224460ed3444e69e93cb8e699
prabh-decoders-braillevision/dataset/braille_merged/images/train/angelina_225_angelina_58_IMG_20190715_121513.labeled.jpg,12c4fa94a278ae0d19185f1dc98c6bc8b239e6e3008e503670f322d2eaf7cdcd
prabh-decoders-braillevision/dataset/braille_merged/images/train/angelina_234_angelina_257_3397e0e8762f4e02a10de0647f0799c5.labeled.jpg,6cc7bf0611bd68a4262cbbf094abe4df87a97d2f2558a97f4c96924e5cffe581
prabh-decoders-braillevision/dataset/braille_merged/images/train/angelina_235_angelina_82_IMG_20190715_121251.labeled.jpg,603ee72ec324162b65bf08c92184c8c89047bef0ac08990dffc8a28303f413b2
prabh-decoders-braillevision/dataset/braille_merged/images/train/angelina_236_angelina_271_16133680849224939776977609910946.labeled.jpg,67ff0355d7b8953da1745daa6f97db55380536dd6545399d64dd63d79b530168
prabh-decoders-braillevision/dataset/braille_merged/images/train/angelina_237_angelina_265_f4f053aebc60433882a6d534e9cd8afe.labeled.jpg,a1f78ff419aa2309b3871a95bc80f7023b0650ca58ece7d6e2aec98638ac2da7
prabh-decoders-braillevision/dataset/braille_merged/images/train/angelina_241_angelina_141_IMG_20190715_121530.labeled.jpg,f474e836ec1357c0d7a60cc61faa244a5d4fc234cf030156b2527ad9987f98b3
prabh-decoders-braillevision/dataset/braille_merged/images/train/angelina_245_angelina_287_16187743941276670750846468527301.labeled.jpg,d8742fbb5ac57cd9fa67dba024c50a8e188bae55229f36fd0cfc23de788d6d13
prabh-decoders-braillevision/dataset/braille_merged/images/train/angelina_258_angelina_131_IMG_20190715_122431.labeled.jpg,3339750ea2762f1e0bcafaf9c3eb18fed2834b25ac5b6e97225e5c0d7c475a42
prabh-decoders-braillevision/dataset/braille_merged/images/train/angelina_263_angelina_248_16208094668749062583560245145727.labeled.jpg,3454f043c6237b536f2d85e3b73746401565ccee31be7ef1a0beca589c19b8c4
prabh-decoders-braillevision/dataset/braille_merged/images/train/angelina_267_angelina_232_IMG_5370.labeled.jpg,25179bea930869997704e3d5557ebcfce8fce125b17de2375d54413348601650
prabh-decoders-braillevision/dataset/braille_merged/images/train/angelina_268_angelina_150_IMG_20190715_121545.labeled.jpg,19d4febead301f232a81ef6bb71439f037d3975a6d2ea5e8fe4fb19f14ef44f9
prabh-decoders-braillevision/dataset/braille_merged/images/train/angelina_274_angelina_186_IMG_20190715_113010.labeled.jpg,29376e025a1ab31244af3b84995763fd0c7b75653cdba95f5dfe05b40de0fb6f
prabh-decoders-braillevision/dataset/braille_merged/images/train/angelina_275_angelina_94_IMG_20190715_121208.labeled.jpg,1ab533bca08e10354bae9707cd798729e5054998cb908fe4f9e17ddddb5070ea
prabh-decoders-braillevision/dataset/braille_merged/images/train/angelina_276_angelina_164_03.labeled.jpg,aba2f18d9029fd4e6765700cf36c29db5a7df5479c3362fa1f9358683eba9514
prabh-decoders-braillevision/dataset/braille_merged/images/train/angelina_278_angelina_289_f77b3332e0034c29807a841515b98142.labeled.jpg,cef6684543f43ff8d3eaea541167099f4eb31532946bc0c5325b36d54fc316e6
prabh-decoders-braillevision/dataset/braille_merged/images/train/angelina_284_angelina_251_16163497582185916133037327975287.labeled.jpg,5273a746c22e7a3115675d93a0fe4b73ba05bd88fecabc413a52ca2efbedb289
prabh-decoders-braillevision/dataset/braille_merged/images/train/angelina_29_angelina_268_eda9f16c8aca4aa3ad6ca74116dbbe72.labeled.jpg,f234eae4013e6190a584c1ce649386d08d9e1e09368c4e4bec017c6804437456
prabh-decoders-braillevision/dataset/braille_merged/images/train/angelina_304_angelina_53_IMG_20190715_122516.labeled.jpg,44833ba6f34c89ed68ecf36696501e3c7560210adb1f78c48f8d00bdd789ea7b
prabh-decoders-braillevision/dataset/braille_merged/images/train/angelina_306_angelina_270_image_264.labeled.jpg,fe00d13f9222066dc4b43d0c6dd5035aa56110983681d5502f9ca1b3e4cfe6a6
prabh-decoders-braillevision/dataset/braille_merged/images/train/angelina_311_angelina_264_16207179832707389675765890422772.labeled.jpg,5e16e33f8f64e2b3882d96ded5734c532e5cb4593027111495d2d52192f904e7
prabh-decoders-braillevision/dataset/braille_merged/images/train/angelina_321_angelina_43_IMG_20190715_121205.labeled.jpg,a1a471f819a05efb4e294252412a8dd138505466f14354a0cd49f842e8ec6056
prabh-decoders-braillevision/dataset/braille_merged/images/train/angelina_330_angelina_191_IMG_20190715_113041.labeled.jpg,4c730d913a3e8dbf075883a636050c411ba126416307bb016d76188906417ac0
prabh-decoders-braillevision/dataset/braille_merged/images/train/angelina_333_angelina_183_02.labeled.jpg,7c43c21a0b3cc6d600d3b1fcae714f7f071939a8d3ee9855aab48addc892dd71
prabh-decoders-braillevision/dataset/braille_merged/images/train/angelina_335_angelina_288_16214103262132543716715191555641.labeled.jpg,054eb5cf9c1eaa8be7df0bcea1a8f1ae808d89a2c61f123d3d76fd4f2e11fcea
prabh-decoders-braillevision/dataset/braille_merged/images/train/angelina_336_angelina_22_15650001471111035709812.labeled.jpg,b231ac90b51af9db06dc7a3cd26bb3659dda0509b35813be9d38626bb54f69f7
prabh-decoders-braillevision/dataset/braille_merged/images/train/angelina_337_angelina_172_10.labeled.jpg,71b5705f0ba85703d0d51bd71cf5c27ee45dcd391e1068529473f5b2f15bbe7f
prabh-decoders-braillevision/dataset/braille_merged/images/train/angelina_33_angelina_211_IMG_20190715_123312.labeled.jpg,dc3aa6d6acfe74dece1b550da52bbd09ce5a1382b0cd7e12e13d67fbba3f8cce
prabh-decoders-braillevision/dataset/braille_merged/images/train/angelina_342_angelina_185_15662143454241346711394.labeled.jpg,2db402d75ca16225f56bda18f799373bdcecdbeec007afa8127be9ce40d44ee4
prabh-decoders-braillevision/dataset/braille_merged/images/train/angelina_343_angelina_156_IMG_20190715_122812.labeled.jpg,88c31dbf995acebae6119f8e19da6b3283c11cd4d460a584cb0d1b7aacb34144
prabh-decoders-braillevision/dataset/braille_merged/images/train/angelina_345_angelina_269_WhatsApp_Image_2021-02-03_at_15.28.58.labeled.jpg,8ae8cc2fd46265febaefe6d9556945487020db3657f035dfbd4e30668b3e7ed5
prabh-decoders-braillevision/dataset/braille_merged/images/train/angelina_350_angelina_97_IMG_20190715_121153.labeled.jpg,5c3895b92009cd83498a407d4f70e14db886b496c46788b0d633eeeb31c40173
prabh-decoders-braillevision/dataset/braille_merged/images/train/angelina_366_angelina_20_15644761794711589864614.labeled.jpg,beb3094d0f2accc0332ae203310a7c160c83cc5a0caa4d82b2759c80b5b6ab87
prabh-decoders-braillevision/dataset/braille_merged/images/train/angelina_367_angelina_123_IMG_20190715_121611.labeled.jpg,3336f4f62b94b1b0c0d45ae96ec718fd491052f8de6c0211a5b07c3dbd27091d
prabh-decoders-braillevision/dataset/braille_merged/images/train/angelina_368_angelina_216_IMG_20190715_123159.labeled.jpg,257d797280808d0371f818f94b352bfb58beadd0880776da2201ed856e23542b
prabh-decoders-braillevision/dataset/braille_merged/images/train/angelina_369_angelina_36_IMG_20190715_121844.labeled.jpg,ca4ce87563621be8a678ffda211a1badb83b9e3cb1dca09b641cccb46f6d09b0
prabh-decoders-braillevision/dataset/braille_merged/images/train/angelina_378_angelina_245_3cbd0fff5fa64efda15a1fee5eee4a8f.labeled.jpg,f98861edc74c9847cd9f819a5621e2d4b905bbd6d1fb7ea064fa5254021bc04f
prabh-decoders-braillevision/dataset/braille_merged/images/train/angelina_386_angelina_237_IMG_5374.labeled.jpg,a97524c37be5dd8ee7478c2af082d4f046eee327f697bbff76f265da82d8163c
prabh-decoders-braillevision/dataset/braille_merged/images/train/angelina_394_angelina_13_d5cbb2a0-8acc-494b-be10-13e0cfc4c09f.labeled.jpg,68de4485ede0ba72cccdfa82df2909ab3e450ad1e5edca3b7db5359c5835c8d4
prabh-decoders-braillevision/dataset/braille_merged/images/train/angelina_398_angelina_226_IMG_20190715_123123.labeled.jpg,e631017d6981a35f1763c8dbdc9acd608851423691c5fa49380654dee12fee24
prabh-decoders-braillevision/dataset/braille_merged/images/train/angelina_39_angelina_262_592644964b764e4090a3c8b35ea042c7.labeled.jpg,9ca8bebde639009bd8eab7aeb8a9f71150807294717aeeef43e7e28968585f53
prabh-decoders-braillevision/dataset/braille_merged/images/train/angelina_402_angelina_40_IMG_20190715_121317.labeled.jpg,786e7675d28f27abe7329ad5f2f2689cc76175e67e7b7069e919f82aacc36d6b
prabh-decoders-braillevision/dataset/braille_merged/images/train/angelina_404_angelina_108_IMG_20190715_122836.labeled.jpg,bde4783c4047dcaa8fce8eaadd70f86398dabc2d6fd7ee2c24789f9222ca476b
prabh-decoders-braillevision/dataset/braille_merged/images/train/angelina_407_angelina_286_af3d648e88464c7bad4bc334bb2c16a4.labeled.jpg,40a15bc7218d91a0959fed4781e60718fa47b3d435c08c528a5f7198273fe2b3
prabh-decoders-braillevision/dataset/braille_merged/images/train/angelina_424_angelina_207_IMG_20190715_123336.labeled.jpg,d85e350f24ccf94c06e1e6628a3649067b20c669a5a4e09fe2ff956a32cbda88
prabh-decoders-braillevision/dataset/braille_merged/images/train/angelina_425_angelina_133_IMG_20190715_122849.labeled.jpg,246e6ff9a9a914eec6310ae5add7332a92751ae32d5c65a56f2184723504f776
prabh-decoders-braillevision/dataset/braille_merged/images/train/angelina_431_angelina_84_IMG_20190715_121852.labeled.jpg,537e496a67765d6fe668293ac4ed779ecff799dc50c08b0c59a7c8eb65dd4562
prabh-decoders-braillevision/dataset/braille_merged/images/train/angelina_432_angelina_16_IMG_20190822_182350.labeled.jpg,eaf6f9e2a6498055ca77663b80db5753253fd3934494b7205cfdf7363546a380
prabh-decoders-braillevision/dataset/braille_merged/images/train/angelina_434_angelina_204_IMG_20190715_123244.labeled.jpg,864d753a2574462dcd670c5f7dcd8fed54459d5e65fdc1c05d023f8470587cb8
prabh-decoders-braillevision/dataset/braille_merged/images/train/angelina_455_angelina_79_IMG_20190715_121837.labeled.jpg,f10ccb4bc919c789ea79b93fb940eddd5237213ea1b3d3a14811f0dcdffd62f1
prabh-decoders-braillevision/dataset/braille_merged/images/train/angelina_456_angelina_254_3_8.labeled.jpg,e1ab42b0539bf2026981e0b6ad80fc5a49ddb073e8123f1bc945b7ad3ebf209a
prabh-decoders-braillevision/dataset/braille_merged/images/train/angelina_463_angelina_199_IMG_20190715_112912.labeled.jpg,bd735f7b55a130a06b30d29352d7b80772932b74273ab44a826cdbfd04b734c1
prabh-decoders-braillevision/dataset/braille_merged/images/train/angelina_468_angelina_148_IMG_20190715_121640.labeled.jpg,dab8bce84821f7425fea9ba1138db1c2c29a9eb18b52bba8aefdf9cef7f63d6f
prabh-decoders-braillevision/dataset/braille_merged/images/train/angelina_469_angelina_184_IMG_20190731_131541.labeled.jpg,bc20b66b4b92a3251bd4d0cbf06e4d6d1c4975d2bfa260e1a6d10d61d5421857
prabh-decoders-braillevision/dataset/braille_merged/images/train/angelina_470_angelina_80_IMG_20190715_122417.labeled.jpg,f2f73a46347ed3efc7c6c5e3285474a41e578c64d65f88649b77a5525a025d54
prabh-decoders-braillevision/dataset/braille_merged/images/train/angelina_484_angelina_100_IMG_20190715_122742.labeled.jpg,478cfafa892a297e073165adde5466f678f67cbb9eaf944ff03c23e72b748ac4
prabh-decoders-braillevision/dataset/braille_merged/images/train/angelina_486_angelina_174_05.labeled.jpg,0f94203edcd0c236cd0140c7ca5451d12bbfc8fe6019e819f3aabbd95a5dbcac
prabh-decoders-braillevision/dataset/braille_merged/images/train/angelina_487_angelina_147_IMG_20190715_122451.labeled.jpg,e58b0ff0e305f7a264175fbbf7f0225bed611df56ed4b274e060de79e74c793a
prabh-decoders-braillevision/dataset/braille_merged/images/train/angelina_493_angelina_125_IMG_20190715_122217.labeled.jpg,fe39105d19f4bdc69184130696d2737324db5f8bdee8019ee123662c6495690b
prabh-decoders-braillevision/dataset/braille_merged/images/train/angelina_496_angelina_1_02.labeled.jpg,32d0026d7e699839f8b2313e68d28dca2d83fd47f235584e926125917784643a
prabh-decoders-braillevision/dataset/braille_merged/images/train/angelina_500_angelina_42_IMG_20190715_121725.labeled.jpg,2408042e4fc3322a7afca02326ff5b717469cd2b10517c6cd0b55c43fce9593b
prabh-decoders-braillevision/dataset/braille_merged/images/train/angelina_506_angelina_259_b5a96649882440b7b7c189349da0dd12.labeled.jpg,2b6aa455b373c7517ad251356c4d8342f174683959ae8e6423ddc940b851304a
prabh-decoders-braillevision/dataset/braille_merged/images/train/angelina_508_angelina_52_IMG_20190715_121335.labeled.jpg,cedc3c24e81d6438c090d4d79821ab14d49b75f8db281fef5354cbce0107544e
prabh-decoders-braillevision/dataset/braille_merged/images/train/angelina_513_angelina_176_03.labeled.jpg,8c5522f4da90708e8649cfbe9a62600175678479f29b6b858ab730f43239360a
prabh-decoders-braillevision/dataset/braille_merged/images/train/angelina_514_angelina_179_04.labeled.jpg,adfeda08dbe84e6929137e5a15df566f90fc1e6da085a78ba7493ff99ca87227
prabh-decoders-braillevision/dataset/braille_merged/images/train/angelina_520_angelina_96_IMG_20190715_121728.labeled.jpg,f959c23e748ced8fa07cdc1c574065b1d0237e53429bca97313802e02e451739
prabh-decoders-braillevision/dataset/braille_merged/images/train/angelina_521_angelina_4_f8033abf-f1ee-4081-b875-c459c6d2cc0d-inv.labeled.jpg,ee82db6c3880a3c42fdd8bba1eac1fe718c5f765ba9097d8a05b7ff34e3b4a38
prabh-decoders-braillevision/dataset/braille_merged/images/train/angelina_524_angelina_87_IMG_20190715_122816.labeled.jpg,11652f481e149f6c946ed90e6b8a9c79173a48c651d6d297c43771878495ba54
prabh-decoders-braillevision/dataset/braille_merged/images/train/angelina_529_angelina_196_IMG_20190715_112939.labeled.jpg,337f498ebc71a1e0e9ad8e2185badeb37b8341b7baf3c46a6f11a58dd9b7c6f7
prabh-decoders-braillevision/dataset/braille_merged/images/train/angelina_541_angelina_138_IMG_20190715_121327.labeled.jpg,7fceea48d0af1a091f39670fdf4a4c742cf7f1def639ef787c3fabd7b5692314
prabh-decoders-braillevision/dataset/braille_merged/images/train/angelina_544_angelina_243_433ce4ded21b44f780920e3b2f463543.labeled.jpg,0f625448941791a441bc05ef0238372df21b7f8c9e136a76f27ef703e0d93c33
prabh-decoders-braillevision/dataset/braille_merged/images/train/angelina_549_angelina_157_IMG_20190715_121625.labeled.jpg,7f38c2db41e64b8c82032e6dc167058147492b99ed4da97175ab32a2c9dccc64
prabh-decoders-braillevision/dataset/braille_merged/images/train/angelina_554_angelina_29_IMG_20190715_121527.labeled.jpg,94878e0fead2f4f09b4f3625556be7344193f3419f9e6ba8887e081dc5ce729a
prabh-decoders-braillevision/dataset/braille_merged/images/train/angelina_562_angelina_281_828bc57f3ebe45feaa6fde7e51bab570.labeled.jpg,e57544d8766381f99fd56b7c4978e5ed860cd64694cf1c06fc4e5b373ea90133
prabh-decoders-braillevision/dataset/braille_merged/images/train/angelina_564_angelina_103_IMG_20190715_121643.labeled.jpg,26a74dba2b7a5f24b7c8eaa46318322b3c02b24c71ac846316934bfcb4c6b292
prabh-decoders-braillevision/dataset/braille_merged/images/train/angelina_56_angelina_120_IMG_20190715_121126.labeled.jpg,1e57cb0558a75a291294e979548498f62a024475990be579a513e8164a6be5c2
prabh-decoders-braillevision/dataset/braille_merged/images/train/angelina_577_angelina_246_1557DB84-0324-4C67-8F98-EF9C5862F669.labeled.jpg,2b019436c6b0f659384fbe4d9607df59a911077e08ca14abb8cf19e55650b961
prabh-decoders-braillevision/dataset/braille_merged/images/train/angelina_578_angelina_50_IMG_20190715_121735.labeled.jpg,4ecfceb0e156d99872be328e7e18a31bff2aeff0ec2406bee35b3c8071058e0f
prabh-decoders-braillevision/dataset/braille_merged/images/train/angelina_609_angelina_18_1565540274862815619769.labeled.jpg,099c6d3eccee656db0075475d2e7a983f9fb9b30c2242e5332567728b5412aa5
prabh-decoders-braillevision/dataset/braille_merged/images/train/angelina_614_angelina_139_IMG_20190715_122504.labeled.jpg,50711c523fa2443ab321fb1fbc3076bfcf378270d568a01a16c4dc22a4809478
prabh-decoders-braillevision/dataset/braille_merged/images/train/angelina_643_angelina_33_IMG_20190715_121157.labeled.jpg,cd8c5a0bf9e35be6fa7eaa6eaf5bd3000adefdd5bf337369e12c2561b53633fe
prabh-decoders-braillevision/dataset/braille_merged/images/train/angelina_644_angelina_119_IMG_20190715_121034.labeled.jpg,f064e920981e5a0d7b32a45d4bd65e7c0d393762a78a772cc9fdf9d6b7e20fc2
prabh-decoders-braillevision/dataset/braille_merged/images/train/angelina_650_angelina_5_67be06e4-753a-44ea-aa3f-665d0304ce9c.labeled.jpg,c0ea10b0cd11444d5c54d3341ffbcc62c4b3b80941f8e6824576de7da3a28224
prabh-decoders-braillevision/dataset/braille_merged/images/train/angelina_657_angelina_175_09.labeled.jpg,1e3946a39e2dac8ae02b60614fb67d264d24781f7a09baf04a1f8f0a31e619e5
prabh-decoders-braillevision/dataset/braille_merged/images/train/angelina_659_angelina_31_IMG_20190715_121740.labeled.jpg,cf53761a8450b47d9fdf4b3f8f30cd335c6ca95855cc7e4a4ffc2fb5b8f2e514
prabh-decoders-braillevision/dataset/braille_merged/images/train/angelina_660_angelina_118_IMG_20190715_121218.labeled.jpg,118c3b788f96464222bd0b95c6aedf4c28374d7372f6470bff0e9939fa161d8a
prabh-decoders-braillevision/dataset/braille_merged/images/train/angelina_661_angelina_11_4038914f-2515-4d39-8e28-89bd6c7b2815.labeled.jpg,8d37308408709da4e82130b3a80aaf2bd1eee3feee904b7f7f1ae3235bf5539b
prabh-decoders-braillevision/dataset/braille_merged/images/train/angelina_670_angelina_72_IMG_20190715_121314.labeled.jpg,45eccf3f2c12f49417665fd3fa0b3965013e8a74ae8013ce2193f6679535ce42
prabh-decoders-braillevision/dataset/braille_merged/images/train/angelina_680_angelina_241_16166167545185647725257998309614.labeled.jpg,b056c3c88063dcdaa9625f783bab559f60e059d4017912371563792f9914778c
prabh-decoders-braillevision/dataset/braille_merged/images/train/angelina_683_angelina_26_15662872188361764114561.labeled.jpg,88ea4c1c422241d03ed4f73be4fb8a01e106c9882ed60c206c70658caddb5461
prabh-decoders-braillevision/dataset/braille_merged/images/train/angelina_698_angelina_272_16158293792985296089064141415508.labeled.jpg,0335976bd5db2734ada762a86291706b9c715ff5be60aa2df93049834c16c53c
prabh-decoders-braillevision/dataset/braille_merged/images/train/angelina_704_angelina_98_IMG_20190715_121403.labeled.jpg,4624ed493784c3ae43b797049036347901590cb782e589047053b30f9d9fdd3c
prabh-decoders-braillevision/dataset/braille_merged/images/train/angelina_705_angelina_233_IMG_5369.labeled.jpg,40538fd7f8b5fff290d6d1015048e9b9c79eba1134ac9219daf82378acf6cf42
prabh-decoders-braillevision/dataset/braille_merged/images/train/angelina_708_angelina_142_IMG_20190715_122518.labeled.jpg,6791ba228ae434de4cb6c7b20a6cc4fcee2b343094e6c7bc68b913117113caa6
prabh-decoders-braillevision/dataset/braille_merged/images/train/angelina_714_angelina_222_IMG_20190715_123133.labeled.jpg,9e3b6f82c43d4abf112fe30fdd74c1c9cf7aa53eae2784e5f4e9e263edca97fc
prabh-decoders-braillevision/dataset/braille_merged/images/train/angelina_717_angelina_28_IMG_20190715_121813.labeled.jpg,e376382e75eec72c71c913e155af0c855050c323de4832b17b358ded598a362d
prabh-decoders-braillevision/dataset/braille_merged/images/train/angelina_721_angelina_225_IMG_20190715_123504.labeled.jpg,ec8bc297282de7b6b8416db3df865e3a083a002a854218d78df6ed45748d5778
prabh-decoders-braillevision/dataset/braille_merged/images/train/angelina_726_angelina_238_IMG_5368.labeled.jpg,0bd0f2796f98e5295923ff3f25b8bd600466a479132e3895a21f2d69b270f0ff
prabh-decoders-braillevision/dataset/braille_merged/images/train/angelina_728_angelina_163_09.labeled.jpg,fe2b05f6df931b77bbecf496011c3a38b50f6db99ce256503d4d7435d23b4e2d
prabh-decoders-braillevision/dataset/braille_merged/images/train/angelina_734_angelina_12_227390e9-3e83-4883-9ecb-5d67de88584a.labeled.jpg,dbd3e7d0e028d4911cbc9685039afab8ae4f6904b099905964447510b7a5f4e1
prabh-decoders-braillevision/dataset/braille_merged/images/train/angelina_737_angelina_255_34adf8a76fb848688b020a1622f959fe.labeled.jpg,042affbe1906d2bb83e32f18c1e794d09d3393053294aabc9cf3ef3c62d566a3
prabh-decoders-braillevision/dataset/braille_merged/images/train/angelina_740_angelina_70_IMG_20190715_121011.labeled.jpg,9a20795c32d2db72245aa1bf85fedaa058f46a9d652b9e55eed6092e1c4d70e5
prabh-decoders-braillevision/dataset/braille_merged/images/train/angelina_745_angelina_65_IMG_20190715_122500.labeled.jpg,b428538fe136ab1f7791a6ed28e0ea05934bc914d9bca4f4f09911b34f01cbea
prabh-decoders-braillevision/dataset/braille_merged/images/train/angelina_747_angelina_284_1614564047878-1850303651.labeled.jpg,03811567341576a5e679cff9fcf9c2666f31b39ee4627b5bc062aa415757d074
prabh-decoders-braillevision/dataset/braille_merged/images/train/angelina_750_angelina_44_IMG_20190715_121542.labeled.jpg,604e604294602611f1bb0f798721bf053532fcd299bdf19f8b92841b7e9a848d
prabh-decoders-braillevision/dataset/braille_merged/images/train/angelina_754_angelina_41_IMG_20190715_122456.labeled.jpg,eb844b1a3053e7e578f27c1b173da130ea335cd34477fc905c4f97c349f0c02a
prabh-decoders-braillevision/dataset/braille_merged/images/train/angelina_755_angelina_159_IMG_20190715_121705.labeled.jpg,cf3ccb6cc34eed2d60517a2e0b1d39909f4b1725635787d287e6e39ce1f81301
prabh-decoders-braillevision/dataset/braille_merged/images/train/angelina_757_angelina_38_IMG_20190715_121142.labeled.jpg,295ed5cbbd73f34cbcc67b0941d7bb609cddcab047fd9dcd41b71c71d41d13f9
prabh-decoders-braillevision/dataset/braille_merged/images/train/angelina_759_angelina_0_01.labeled.jpg,67bae0fe5b779314743db268023e0ad507b376fbcf67872cf1578e7e71dbab85
prabh-decoders-braillevision/dataset/braille_merged/images/train/angelina_763_angelina_240_pic1617087696042.labeled.jpg,7da03c03f23022912f9a3408634b6b81a5e5aaad65e45765e08eec88e38ebc3a
prabh-decoders-braillevision/dataset/braille_merged/images/train/angelina_766_angelina_129_IMG_20190715_121653.labeled.jpg,99d37af9b12f247d435711fffa71b4e48d6cfdb997e875ee654e1ee1dbb1c505
prabh-decoders-braillevision/dataset/braille_merged/images/train/angelina_76_angelina_128_IMG_20190715_122442.labeled.jpg,551a977de3ffd908ff157131ada758ba6f4979d8dd0c26be23a6a696618eb7e7
prabh-decoders-braillevision/dataset/braille_merged/images/train/angelina_778_angelina_171_02.labeled.jpg,10eeeae357b1ee86b2a3a618ce8e44e6db387de1d616bc588f1e7af39240be7f
prabh-decoders-braillevision/dataset/braille_merged/images/train/angelina_781_angelina_154_IMG_20190715_121928.labeled.jpg,c9c60beaa8f06325074c8cbc3f9873b9f4bc3450e9dde02257ceb8c0ae54da3d
prabh-decoders-braillevision/dataset/braille_merged/images/train/angelina_782_angelina_135_IMG_20190715_121823.labeled.jpg,146407a0d726c737837df9c6554a77597565bfbcffb6fe9913ede880d7d6496c
prabh-decoders-braillevision/dataset/braille_merged/images/train/angelina_787_angelina_236_IMG_5200.labeled.jpg,e1aa344690fae8981f2109705c2b8d2ef98162f45e5e7910c8ec9cdf52de8472
prabh-decoders-braillevision/dataset/braille_merged/images/train/angelina_7_angelina_17_IMG_20190822_182841.labeled.jpg,661806552d5124bc36bbb9eeecdfde29a6b6e4bb42a9bc9781a4761673511bf3
prabh-decoders-braillevision/dataset/braille_merged/images/train/angelina_831_angelina_173_01crop.labeled.jpg,07423340229e45050f4839083faab6912577cb1771b0a7d97129f57562a8c618
prabh-decoders-braillevision/dataset/braille_merged/images/train/angelina_832_angelina_8_04089871-23a0-44ca-8830-581a13b03153.labeled.jpg,c0ce055b93b3bba857cf92fe274cf0d95120e1bceb1f3d488c1ae0b0064192d6
prabh-decoders-braillevision/dataset/braille_merged/images/train/angelina_836_angelina_197_IMG_20190715_113004.labeled.jpg,33a3a85fffe1f607cb181a6ce35035bd75822b29e970b2f8987d19f53ad55f8a
prabh-decoders-braillevision/dataset/braille_merged/images/train/angelina_837_angelina_90_IMG_20190715_121436.labeled.jpg,3bf36a3625d5cc517004958932398344aac36e02626c92b24c7d8d2c994efff0
prabh-decoders-braillevision/dataset/braille_merged/images/train/angelina_854_angelina_3_648bb39e-7f24-461c-9a77-04bed24bbc2e.labeled.jpg,aa7d131d40f2cc9f50f42f30449c117120ad700e08cc76c22edb01073e343797
prabh-decoders-braillevision/dataset/braille_merged/images/train/angelina_861_angelina_9_b026ed12-bc33-482a-89d6-88a35722935a.labeled.jpg,f5918abee16198f5d0c84cf4a7aabb08255a96d827b2703cfb534f9236f8bff9
prabh-decoders-braillevision/dataset/braille_merged/images/train/angelina_863_angelina_110_IMG_20190715_122913.labeled.jpg,d45cec1e141d4ea31cf9e863245905f8313c35526135d774c7612ee9e5c4e8e2
prabh-decoders-braillevision/dataset/braille_merged/images/train/angelina_866_angelina_114_IMG_20190715_121716.labeled.jpg,71e9ed1f12fc8dfdaa1c3ea70bc73328c8d696997495a598cd82d4b558a90d2e
prabh-decoders-braillevision/dataset/braille_merged/images/train/angelina_872_angelina_47_IMG_20190715_121953.labeled.jpg,d2869aaf47e71a8b1263c9029b833040d054bd61c9d593e10228d66f6e44f92f
prabh-decoders-braillevision/dataset/braille_merged/images/train/angelina_874_angelina_140_IMG_20190715_121229.labeled.jpg,c8c4eb4261bb438d814873b16f4ed0ba27e506508a269ad1ca9c32ccfb99ddf4
prabh-decoders-braillevision/dataset/braille_merged/images/train/angelina_87_angelina_2_ccc6c288-2a73-49d8-98b3-de518e3c9779-inv.labeled.jpg,377695aae60ecd594076e18ccd9508666df13b42fcf842646acceef6912efd75
prabh-decoders-braillevision/dataset/braille_merged/images/train/angelina_885_angelina_10_15e4578a-2295-40ef-969a-a8e8c2c7c740.labeled.jpg,26d002d5cea05cf615b92013d4384670071613b02b02d5a006a2103329964465
prabh-decoders-braillevision/dataset/braille_merged/images/train/angelina_886_angelina_224_IMG_20190715_123233.labeled.jpg,8435373e18bcb79d9862d1364780e9f7e6de0f4404ce9a08df8acd54f059e866
prabh-decoders-braillevision/dataset/braille_merged/images/train/angelina_887_angelina_267_image_1821.labeled.jpg,33101b44f1bbbc460b7d1d0ca6d6113f255a5ac17d2b8d1fdeed02e3856fe455
prabh-decoders-braillevision/dataset/braille_merged/images/train/angelina_890_angelina_145_IMG_20190715_121240.labeled.jpg,f389c1553660a51435daaee68fb706b94e6fe2b717928228e24251bc8cce2033
prabh-decoders-braillevision/dataset/braille_merged/images/train/angelina_896_angelina_203_IMG_20190715_123258.labeled.jpg,cd873d96bcf08aa3ad84ace98e9e7471248aab8df1c34b5339ac0a4acdebb689
prabh-decoders-braillevision/dataset/braille_merged/images/train/angelina_901_angelina_109_IMG_20190715_122846.labeled.jpg,99dc6a52321229bee238099af43f785d3c78e75a302e440acbbf453780d90b32
prabh-decoders-braillevision/dataset/braille_merged/images/train/angelina_903_angelina_235_IMG_5372.labeled.jpg,8bd4d2b7bd04c0d05b8ee1ae68202deac4abf89954fd467bf115791e5ec6ca53
prabh-decoders-braillevision/dataset/braille_merged/images/train/angelina_906_angelina_37_IMG_20190715_121956.labeled.jpg,67be6e7c10b140034c33f5b93ebd39f87a4900b9e32eb7769bd3c39a2157a23f
prabh-decoders-braillevision/dataset/braille_merged/images/train/angelina_907_angelina_104_IMG_20190715_121751.labeled.jpg,b0f90b2bd76afd4b7a13bca323e8cdb35ca3f9d64869dd028e899c38cf25b2da
prabh-decoders-braillevision/dataset/braille_merged/images/train/angelina_913_angelina_34_IMG_20190715_122857.labeled.jpg,896a69fbd930254c5fd3e07a552d8c1f503a714cedaafe885a8d9fdd63840040
prabh-decoders-braillevision/dataset/braille_merged/images/train/angelina_91_angelina_64_IMG_20190715_121426.labeled.jpg,479f2dd3fa8f95001a4c74aea977981f69ec0cf8ef58e18a6c374f09c30fb4e7
prabh-decoders-braillevision/dataset/braille_merged/images/train/angelina_923_angelina_66_IMG_20190715_121558.labeled.jpg,5e4674dc22ebb5cb5c6be6e4a2f07c9d91b3319b32d478963852ad68db9add11
prabh-decoders-braillevision/dataset/braille_merged/images/train/angelina_924_angelina_213_IMG_20190715_123252.labeled.jpg,8a22dad99fb4c659175194ef4cda1d13a9bc1acf185d6ac2e437a63ff19acdd8
prabh-decoders-braillevision/dataset/braille_merged/images/train/angelina_935_angelina_24_1564580967427104972811.labeled.jpg,8dcd1f1e68aeeef696311b7bc846d557b3d6490f8465b18685f52cdb4b461dd8
prabh-decoders-braillevision/dataset/braille_merged/images/train/angelina_939_angelina_27_1563958149299417728125.labeled.jpg,0e857d63a1bc45d86d0bc19ba2bd7d8248f6ab187bc9526bfdf9a841cc62a510
prabh-decoders-braillevision/dataset/braille_merged/images/train/angelina_954_angelina_101_IMG_20190715_121905.labeled.jpg,ef5992424a7f988cad5afe9339bdd374e1cb3213d75eb81b470b165a879e63c3
prabh-decoders-braillevision/dataset/braille_merged/images/train/angelina_955_angelina_187_IMG_20190715_112958.labeled.jpg,7436d02e6eb3911d0b811fcb6a814283d681e6a57427a97a796c2e3a36786e00
prabh-decoders-braillevision/dataset/braille_merged/images/train/angelina_961_angelina_194_IMG_20190715_113013.labeled.jpg,404d9ba343cb0ffc1f8d6a1301b15cc8780a64f0a36f5ba3447f7a27214aebd9
prabh-decoders-braillevision/dataset/braille_merged/images/train/angelina_968_angelina_121_IMG_20190715_121044.labeled.jpg,6dd3b0e0ef3847e1ad0efd456f898c6312887eef7a44179d53b1f75d3c489d4d
prabh-decoders-braillevision/dataset/braille_merged/images/train/angelina_969_angelina_57_IMG_20190715_121827.labeled.jpg,c91b2c24552ba575769b6506f50addcf145d389f78bac9f5abd89ed02cbd59b9
prabh-decoders-braillevision/dataset/braille_merged/images/train/angelina_971_angelina_21_IMG_20190821_123648.labeled.jpg,dea9906f7892bd6d0a220ad750320853a805e34dafe46f6ad3acf11f2217bfe1
prabh-decoders-braillevision/dataset/braille_merged/images/train/angelina_972_angelina_189_IMG_20190715_112928.labeled.jpg,499956309f79542a09789d913066d054e4cefbf36118c5e8b9584db7a175271b
prabh-decoders-braillevision/dataset/braille_merged/images/train/angelina_980_angelina_61_IMG_20190715_121433.labeled.jpg,a0da93f3c5b11055a9511b53941f927d4d739d1e8bca2efbb23d3e3addcc88a7
prabh-decoders-braillevision/dataset/braille_merged/images/train/angelina_981_angelina_219_IMG_20190715_123331.labeled.jpg,dbd3a19f465009b90eb930f265e2f09ffbfd0a7825f1fa49a36949c2e9f6f41e
prabh-decoders-braillevision/dataset/braille_merged/images/train/angelina_984_angelina_51_IMG_20190715_121307.labeled.jpg,91ad7caf0e376cdbd5dcf51412647427e740af73e38ab288c727797ad4b98154
prabh-decoders-braillevision/dataset/braille_merged/images/train/angelina_990_angelina_220_IMG_20190715_123156.labeled.jpg,15210d43af4863697e72b78d098d25909e08c84bdd786da42409c7b1c258cd40
prabh-decoders-braillevision/dataset/braille_merged/images/train/angelina_993_angelina_15_2378374bda87d842436936f81d442bfb.labeled.jpg,2108d0f00249b4f52fe3a38b55ce981aecee2e6dbaf3210bc13631b3605e5bd8
prabh-decoders-braillevision/dataset/braille_merged/images/train/angelina_994_angelina_208_IMG_20190715_123443.labeled.jpg,0a23e614c4725302ea7bfd55ad846b037de581487cd998f6c1465c58b73107f1
prabh-decoders-braillevision/dataset/braille_merged/images/train/angelina_998_angelina_74_IMG_20190715_122803.labeled.jpg,b853520f1a21b21992957d669d7912dc14dde38d67dbffb7a9776fd98608de47
prabh-decoders-braillevision/dataset/braille_merged/images/train/yapayzeka_0_2907_jpg.rf.dc8eb8602d9a05cb438ae8537e82ad26.jpg,1b17e0038f341d4924793532d99a6e05369fb1da80081b64b4dab6f186b52591
prabh-decoders-braillevision/dataset/braille_merged/images/train/yapayzeka_1000_257_jpg.rf.42eebb9a7f87af51d13ef6cff3a43bd2.jpg,7ca4bb3012174d5e350375d525be9a0183284d134e0b404631776ba61988a534
prabh-decoders-braillevision/dataset/braille_merged/images/train/yapayzeka_1001_2894_jpg.rf.9f2eea7fdb908f1eac551c1b89a3d4fc.jpg,424c70762c1fd65ab77ae7405bdfc3448482da2c8df5f3d7df46b1715682070f
prabh-decoders-braillevision/dataset/braille_merged/images/train/yapayzeka_1002_1562_jpg.rf.c4e7c8a5284ee3b50a0604178fb92065.jpg,1a4836b3a609a13ddebc8b395e704124484848df1d766b096c1326bd2388eaaa
prabh-decoders-braillevision/dataset/braille_merged/images/train/yapayzeka_1003_3042_jpg.rf.fb8a6a7c32841e61c691743c16ed7c46.jpg,50d3d3c3f132bc39508a88cf3a8740a2513650dd026cf96725d96a463db2d2a7
prabh-decoders-braillevision/dataset/braille_merged/images/train/yapayzeka_1004_3024_jpg.rf.7cb3d505d8198380ffc6f1a80b4ec7c5.jpg,2ae0215f228230ae937bbb994d47168bb207f6dc0b499b2a477fedd42ebe33c8
prabh-decoders-braillevision/dataset/braille_merged/images/train/yapayzeka_1005_162_jpg.rf.f32aa295daf2267c7660130677180829.jpg,db70ea6d3b2d8d984050e1939ecce4f3098a4538c448e07cabc24fe0e3b74202
prabh-decoders-braillevision/dataset/braille_merged/images/train/yapayzeka_1006_1689_jpg.rf.40977e247a57c65dc92699b8305ed98f.jpg,d921251e8b9b63d6b5f4859e2d9258478bbacfd6e3356f2883f6da4c9368003c
prabh-decoders-braillevision/dataset/braille_merged/images/train/yapayzeka_1007_4020_jpg.rf.512775435ee06fdf690f37390d51c779.jpg,c3cf936d8f51163ead48bdff72e489655a5e3d8e03e90e67db2b07dd9ec51921
prabh-decoders-braillevision/dataset/braille_merged/images/train/yapayzeka_1008_IMG20230421205049_jpg.rf.d960e7ea4504153531420e49b2f36605.jpg,69df608c186d596015ec6b4e58a7a2f8bae60e30028e974e88f3617b764284bc
prabh-decoders-braillevision/dataset/braille_merged/images/train/yapayzeka_1009_1091_jpg.rf.bb0dce812bb20bb46db814d682796f42.jpg,d58d34eafaabc20cb52b063070c41d6b674b71f47fa2f1be40f9960d5f0040e5
prabh-decoders-braillevision/dataset/braille_merged/images/train/yapayzeka_100_2875_jpg.rf.91820d8ac22c1b178e72ccb7a13b2bcd.jpg,e6731824f11365ae325b800c983add57e4b32fc34b10fb22724ac7702bec3b6e
prabh-decoders-braillevision/dataset/braille_merged/images/train/yapayzeka_1010_1628_jpg.rf.65288b9eb1e7c824f4c929355df45c01.jpg,45a5d90927a0849ffe89debe2b8f9bddb9216e17d40c4b80d7a0ca6605c7e521
prabh-decoders-braillevision/dataset/braille_merged/images/train/yapayzeka_1011_2983_jpg.rf.03a87fe9af53ec73504838cf98a4f980.jpg,efe78ee063076e14357187a375bd8f262f9be3c11b18136d8256df1ecf718508
prabh-decoders-braillevision/dataset/braille_merged/images/train/yapayzeka_1012_IMG20230421204959_jpg.rf.920518d161ae834faa7268178e519d9a.jpg,d9bccc305c06ba27e58a68eaa9413436a5f30cebe7ce46f83d4a65526d085805
prabh-decoders-braillevision/dataset/braille_merged/images/train/yapayzeka_1013_4024_jpg.rf.331c24a7d5f46b9ea980fbba0a3983ae.jpg,f9d473463b510b369b1b76c9a4751a2207e9ea58c615a6437118839cf1cb99ca
prabh-decoders-braillevision/dataset/braille_merged/images/train/yapayzeka_1014_251_jpg.rf.e8058efa2849262f5be0d9d011e95ad8.jpg,4933ef66f5f025afe583d54a92640da255720559cb25f5ed0bcdb0db197d53d0
prabh-decoders-braillevision/dataset/braille_merged/images/train/yapayzeka_1016_IMG20230420225001_jpg.rf.3736adeaa5fe23267755584ca8a4abee.jpg,c48dc79eedf26d124f9b4aebf4da528f0fb10ebd59cd282c89fee8cf43f6776d
prabh-decoders-braillevision/dataset/braille_merged/images/train/yapayzeka_1017_3464_jpg.rf.1de4a1982c1daa5eea1807c290062366.jpg,507f46575491dc92ad02baaa2df99ecbfac7810fecd6d73eb0e627d3e3ae4cc8
prabh-decoders-braillevision/dataset/braille_merged/images/train/yapayzeka_1018_4065_jpg.rf.a422ba328d2ab3c1ccd960a9fb77bb68.jpg,e4b25fd3a663aae471d17100d7571e8cc27f05113d2f758ed52a4900827bb16f
prabh-decoders-braillevision/dataset/braille_merged/images/train/yapayzeka_1019_3019_jpg.rf.aed93cf4a0e8bf034d07bb2f9c696422.jpg,b669ea216d925a59f6c6471207627e86f2bce55e7973b1b94be08b038b3c1191
prabh-decoders-braillevision/dataset/braille_merged/images/train/yapayzeka_101_1582_jpg.rf.7987f57bb30f51abe3a0558a284bd345.jpg,db59577cbe073fbbb071930cf9caf170164f934b72c687dd213f0af185f8e356
prabh-decoders-braillevision/dataset/braille_merged/images/train/yapayzeka_1020_3531_jpg.rf.babd3e3e920936885f5f2a6c675a9b28.jpg,2697e1b4aad896c7053d68699d413fcf2ce86adc31d8d35619c32b730c8eed00
prabh-decoders-braillevision/dataset/braille_merged/images/train/yapayzeka_1021_4070_jpg.rf.d077f4c66a8c0a92205d8b07b65cf717.jpg,e116f0138b607f77e5a6b35c9383ba717d7403ab0b621ecbb4e8c4027fe8b9c9
prabh-decoders-braillevision/dataset/braille_merged/images/train/yapayzeka_1022_256_jpg.rf.9bbb992ff579bb6d8795f2ba90bfb354.jpg,b01610fdacec951352aca5926cf7bfca955c1bc76f6641ca93293e6d6ef9ab5c
prabh-decoders-braillevision/dataset/braille_merged/images/train/yapayzeka_1023_4038_jpg.rf.91322361827cb73de91367c325a0be93.jpg,e8dd8549808330aa1f1b3ae60befadee92e834b46353645e11cd4feb76fbbf56
prabh-decoders-braillevision/dataset/braille_merged/images/train/yapayzeka_1025_IMG20230420225456_jpg.rf.4ebbd52ab5d0d447b508f6217508e35a.jpg,ff5ee5d651b0efc3bf39791ea70c162342707ad57c164448acf8b8a9d0646742
prabh-decoders-braillevision/dataset/braille_merged/images/train/yapayzeka_1026_1649_jpg.rf.66c13b3a79fdd842feb7bdb939758669.jpg,b5e493081c49de92c23357949d52a2d158d328a9a0e818427eb3936801bf6440
prabh-decoders-braillevision/dataset/braille_merged/images/train/yapayzeka_1027_3264_jpg.rf.a8436bbc095ab146f041ea034f78fe7f.jpg,e876887ca8664cf911021aebc10fb5453f618320ba78ae743aa6394a6eb6b2a7
prabh-decoders-braillevision/dataset/braille_merged/images/train/yapayzeka_1028_1536_jpg.rf.acf9b5598d0bb8650a1b7d59e5726732.jpg,62f831fc3c465a649367411de12ec7fd9d77f96209d84fc8a4369f3c2dd2ea74
prabh-decoders-braillevision/dataset/braille_merged/images/train/yapayzeka_1029_IMG20230422143622_jpg.rf.4b8b73296571a07c9e31e28a7d5ca796.jpg,efe644de0c28d76aa95124536e26e1f617580a0ecbbf31ae9997940e375e4c20
prabh-decoders-braillevision/dataset/braille_merged/images/train/yapayzeka_102_9_jpg.rf.1efbaf3397e58d60a0859958940468cb.jpg,0720fc9812506ca3e884614d4fa852ee20552130b86085d72c812530a8889bd6
prabh-decoders-braillevision/dataset/braille_merged/images/train/yapayzeka_1030_884_jpg.rf.3eaf8f086c19cc8ba106c77c0675dff9.jpg,3c98a60b74f88461d3cff22225beaab14408e1ae659c8639299bbbbc28e9ff39
prabh-decoders-braillevision/dataset/braille_merged/images/train/yapayzeka_1031_3489_jpg.rf.f85e752767a7b990cc90b15173ab3872.jpg,f743aed7f39699748956ec496049bda45f66503eebbac805cf10422efb0f09c4
prabh-decoders-braillevision/dataset/braille_merged/images/train/yapayzeka_1032_4081_jpg.rf.de0d8958007b5a3e2a5d0ee028801e44.jpg,ecccf7edf83855372b17251351196ac4896922c8cdca7fdda359f991a9f7d25e
prabh-decoders-braillevision/dataset/braille_merged/images/train/yapayzeka_1033_2344_jpg.rf.a6cc9c77fe64fae84705febba7cb3a3e.jpg,9ad3d98140eb6c0fa42bb039973395cef327b211cde37511e2e06b325f2a4f6f
prabh-decoders-braillevision/dataset/braille_merged/images/train/yapayzeka_1034_926_jpg.rf.37a491645ee980ebbb2e7c6225a1955a.jpg,537eda60180b7a52e6ecce71915fd9cb2c8e5c7fbda8ff930ea1f50a404045ad
prabh-decoders-braillevision/dataset/braille_merged/images/train/yapayzeka_1035_3456_jpg.rf.af0a888088ace8d5a5aef4c1d52a3aca.jpg,855e933cbd3a9c8a802aad1b0f859d026f310dcfa9dab5a04378a0ab8a6adca4
prabh-decoders-braillevision/dataset/braille_merged/images/train/yapayzeka_1036_1618_jpg.rf.a2d74a456a10954a7903a9978af89c4b.jpg,bf15617d0da6c0131b019abddd7cbb157ca6ef4b9d5729cfdcb105c4dcb2d3c5
prabh-decoders-braillevision/dataset/braille_merged/images/train/yapayzeka_1037_IMG20230422143804_jpg.rf.67395bba8d5bab08ea1d29d77f9fe5d2.jpg,cf73d667a4361922fd68e6bcd55d19d5066f22e8cab9d7ab77a3c2654544c10a
prabh-decoders-braillevision/dataset/braille_merged/images/train/yapayzeka_1038_1619_jpg.rf.ec3c97787b0d9472424b2704df7edc57.jpg,a10c9a5126689ca25eb0a9566df38ca4195bca9a94af2421b1d784ec031eafed
prabh-decoders-braillevision/dataset/braille_merged/images/train/yapayzeka_1039_2923_jpg.rf.1cddbe56bfd017737240b55d28d02ac5.jpg,3c1812c573270aa1dd55c4cb7433d8c16c5702ed3c2812edb367dad9c4113405
prabh-decoders-braillevision/dataset/braille_merged/images/train/yapayzeka_103_3516_jpg.rf.d9d2c0b55073a245b4b6721db1e7bf93.jpg,a1e1ffd583dd7c295578a9b13a1f3bcaafaa92084fa4320cb6422eac4277c191
prabh-decoders-braillevision/dataset/braille_merged/images/train/yapayzeka_1040_1646_jpg.rf.bf8499edfe347170c4793cab2e5f8769.jpg,2182be17dde1e7aa753bc7f175089a4011f36de323fb06aaa6dc80bb2756cefd
prabh-decoders-braillevision/dataset/braille_merged/images/train/yapayzeka_1041_159_jpg.rf.afcb9f3aaaec57f23025dbbfe17ef96d.jpg,778a1578946f4b94b42363e9d2c339dc6163255b4bb5f3a51b25d85761dde38e
prabh-decoders-braillevision/dataset/braille_merged/images/train/yapayzeka_1042_1587_jpg.rf.cb3c2f17e8c24ac5d125ee5496f1405b.jpg,e7c0a81016dcf89f1a7ca8d880aabf53f6faecfd36a1bdadb81ddbae368f8943
prabh-decoders-braillevision/dataset/braille_merged/images/train/yapayzeka_1043_2745_jpg.rf.cc6cfbc1b64722a484e7207b1c88a226.jpg,17ca1cc6529b43227fdc9600bcf219d831208676aeab2cfebca67efefd55b98d
prabh-decoders-braillevision/dataset/braille_merged/images/train/yapayzeka_1044_2763_jpg.rf.a0b2e2c282a69973ec9f186c37068c78.jpg,0dfd93520e8dd2710be203d5a5b86bb9213470096a101bb2d4d41d6a653d13ab
prabh-decoders-braillevision/dataset/braille_merged/images/train/yapayzeka_1045_1535_jpg.rf.394b2940ffb935bfbcd49df688739bfe.jpg,d355b67cef808195d741e0db775a414af935705ef8d55c60d600267c03f02df6
prabh-decoders-braillevision/dataset/braille_merged/images/train/yapayzeka_1046_IMG20230422144009_jpg.rf.bcc2f0956d6d8972c6c4c8cb21e81d1f.jpg,e156c085c53b8970debc3be722a94d93e6927291957290c25ae68eadab08776e
prabh-decoders-braillevision/dataset/braille_merged/images/train/yapayzeka_1047_IMG20230420225329_jpg.rf.c1e119f4ccb03c7975f15d98ef82ab82.jpg,79acf660f506b3389ac6de59e314095896da4add95b8fc0af6557138da56b070
prabh-decoders-braillevision/dataset/braille_merged/images/train/yapayzeka_1048_156_jpg.rf.30f0b604ed4d7244b98a3c9a96c901ee.jpg,d4a6ef1e1bda8b132785b6a9e049f44847dbf890734d03d9a318e6ac7e5bcc8a
prabh-decoders-braillevision/dataset/braille_merged/images/train/yapayzeka_1049_1588_jpg.rf.44e71a73586ed98f3ffd3db2e2ebe3b1.jpg,55f495c1b431af2e0fdc0021935de652d117e508786819e1fd56223f099a652f
prabh-decoders-braillevision/dataset/braille_merged/images/train/yapayzeka_104_4062_jpg.rf.26f5181a3b2dc08754639f805230a666.jpg,67dc4934fa8e8efc0249c6dd1152326676a95c21b4ce53120198b44208f72380
prabh-decoders-braillevision/dataset/braille_merged/images/train/yapayzeka_1050_4063_jpg.rf.4aab5ebcc53b5680ac13a35d2f94db53.jpg,1c34f5e4a78fc2b07b005d453d534d18056681783e099784543a405fbb0faf10
prabh-decoders-braillevision/dataset/braille_merged/images/train/yapayzeka_1052_3275_jpg.rf.ec3ede5817b887acf5be5810cf4d9e6b.jpg,e9ba67c78f1e9e780cbe4b0fde82b5dec7660e85f82430e74f320014359d6420
prabh-decoders-braillevision/dataset/braille_merged/images/train/yapayzeka_1053_897_jpg.rf.1a3515bea9b2f4fe8ef54710f94cbf38.jpg,7842042d526e7a71ee49b9955f68b13418413b238d90e9bf5a0d92de79112589
prabh-decoders-braillevision/dataset/braille_merged/images/train/yapayzeka_1054_1591_jpg.rf.9d098f7f8c105a1ec027964f75007211.jpg,4ff221efa566d835b5cc4f1b543a381a0de99f23ce60bf96a2b90d568d29abff
prabh-decoders-braillevision/dataset/braille_merged/images/train/yapayzeka_1055_3268_jpg.rf.a9582d66ae61ceb93352a60580101f2f.jpg,c532a2b834eed31b485aa233d738b9c9496dc1c3ad95a401aab70f7ca52acbc1
prabh-decoders-braillevision/dataset/braille_merged/images/train/yapayzeka_1056_4012_jpg.rf.44b19279eb2f5b98b64441f286967d56.jpg,f73591bb966fca6f9e3011e3b60f11ab504bb1da40fd5cb7dee76e019a7a35ce
prabh-decoders-braillevision/dataset/braille_merged/images/train/yapayzeka_1057_2988_jpg.rf.00b3b505e1bfdb1f0510eb8fc77a47ec.jpg,efca0cc5b3845bb8db8a5c417c34d1236c1caa5a0c3aba8087769974e9f94b63
prabh-decoders-braillevision/dataset/braille_merged/images/train/yapayzeka_1058_2738_jpg.rf.1fa2544be72614531d2df12292b81a86.jpg,ea3517fce02eaf51671a223e9fbc0d59f27910ef2fc2e2b1ec1d8218edc19323
prabh-decoders-braillevision/dataset/braille_merged/images/train/yapayzeka_1059_db14_png_jpg.rf.aaa6f1b49a9bba2498899733035493f2.jpg,2d3d023036a05b26e4d972c57563c050d14fa3fe46afcd88fdb15cf625024184
prabh-decoders-braillevision/dataset/braille_merged/images/train/yapayzeka_1060_3811_jpg.rf.358512ebc5e1b67576131371d41baa2e.jpg,0257f838d060ecccb5f5992c3f3e09b63cc94453d99e15b8b1714fcbc5728aa7
prabh-decoders-braillevision/dataset/braille_merged/images/train/yapayzeka_1062_3862_jpg.rf.76e360fbef89fdab3529ff387993582e.jpg,3337adba52e433012d287efbd0bc582bb72543cd16dcc4fec1a98addd7167dec
prabh-decoders-braillevision/dataset/braille_merged/images/train/yapayzeka_1063_IMG20230421204645_jpg.rf.15176c726b9d98bfa28a39685864a83b.jpg,918929d7a835ae0d4f70972badafc740876703ac47f95a4b6dbfb9bdae1af8d1
prabh-decoders-braillevision/dataset/braille_merged/images/train/yapayzeka_1064_3802_jpg.rf.87a004a0fba92a05c4e699d8789dd39a.jpg,2fd6ab82bc9a14adf341ae2b6894f62eea840694752867f9f58adda12be3f5bd
prabh-decoders-braillevision/dataset/braille_merged/images/train/yapayzeka_1065_895_jpg.rf.e40e8c1c0138e335cf58045a4a36854a.jpg,bb07ccf02f43d1d90dabeedcbc7a9be166d41c0ba79225597168101ea9be838a
prabh-decoders-braillevision/dataset/braille_merged/images/train/yapayzeka_1066_1072_jpg.rf.2884db1c16fa327125693a77c594e0c1.jpg,665db86b1489195d4e4d53b12d1f75d11b361c68ee8425483ac4fc8ead70dd4b
prabh-decoders-braillevision/dataset/braille_merged/images/train/yapayzeka_1067_869_jpg.rf.c8281bf401afb1f783a9bb1139526db1.jpg,090d634c273e67034a259ac7fd62d761eaa3089f6388a4c4832accd7ef095d40
prabh-decoders-braillevision/dataset/braille_merged/images/train/yapayzeka_1068_2762_jpg.rf.88def79ae2f3dab58851b69d91a43d80.jpg,f24d1399a291e7300cacce2616054872307cc8344b977248d89ddb3a94c9a806
prabh-decoders-braillevision/dataset/braille_merged/images/train/yapayzeka_106_4019_jpg.rf.dfef627e73657015b846e4a46ce5ae30.jpg,3217b3d865730de948f059db680acdfd810bc3e56161fc90b0a3ee391fc69b0b
prabh-decoders-braillevision/dataset/braille_merged/images/train/yapayzeka_1071_3043_jpg.rf.bc5e543dde4a8bfe8e030257b838f1bc.jpg,40263d4c1bb48f94323be63c9d4c9bcf055cc17084daddd069f9e053c7302c19
prabh-decoders-braillevision/dataset/braille_merged/images/train/yapayzeka_1072_Screen-Shot-2023-04-17-at-10-43-20-AM_png_jpg.rf.b8441831154ff67d67a02a7ae7d1cd81.jpg,a9f43e85ac35eeab24154c6d1e41cbaeaf785149b89aa4d06eefde00d2c31ece
prabh-decoders-braillevision/dataset/braille_merged/images/train/yapayzeka_1074_934_jpg.rf.25fa5f30a757a32617d93645770ca790.jpg,78676da5b83bc6ad1e6e38f431c091e0e2ea6d4f597bddeb812fb8e0e2672263
prabh-decoders-braillevision/dataset/braille_merged/images/train/yapayzeka_1075_279_jpg.rf.c8b2a78ac7bd325cf42276326ed1d6c2.jpg,29c09507a00eb9bb3099816dd77d4810b689b13623f74b7167a7b646940028f8
prabh-decoders-braillevision/dataset/braille_merged/images/train/yapayzeka_1076_3459_jpg.rf.b786692eca4ee5df19eae53fcf0dd7e8.jpg,c587e1b0fcad9bd8946386f29c2530ca3b8a6c4d5623e83f7ed5f8698d1dc29f
prabh-decoders-braillevision/dataset/braille_merged/images/train/yapayzeka_1078_1320_jpg.rf.d24b825f844ed9dd9d0306bb21dfd386.jpg,b8d45308e95d382308857c16d02979e1f42f2e9b9350f8ba2cf9a9b8c64d2854
prabh-decoders-braillevision/dataset/braille_merged/images/train/yapayzeka_1079_3266_jpg.rf.5cf3ea9a9602f22c7017d77eb6f14612.jpg,fbe06af4605f5360817647281ecaf1d687512db815abb65945855e3c1ce9f2d5
prabh-decoders-braillevision/dataset/braille_merged/images/train/yapayzeka_107_272_jpg.rf.f80a690304d7468b4966c04e2f5331d4.jpg,c61bbb5dd6853d4a3474f15ff506f511de1fe7c831b0c833b78c84d6642cd870
prabh-decoders-braillevision/dataset/braille_merged/images/train/yapayzeka_1080_1572_jpg.rf.ae95119b7e67a618eb29c649848b5cf0.jpg,24bb95d2608d03636b5f93610e181034faf6a302d69f451fe199c94a06cbc17d
prabh-decoders-braillevision/dataset/braille_merged/images/train/yapayzeka_1081_1685_jpg.rf.303033b443bba2843c7c2e7ed2fb88c3.jpg,9fa7b59d0681709224a13e14c3b0cc739d064cad32f80425040b024954125578
prabh-decoders-braillevision/dataset/braille_merged/images/train/yapayzeka_1082_3485_jpg.rf.d70ae90793929551c202bde6039ce720.jpg,1dae69450f6941fd36888a6130e1790a61bd76d7792388679a1e8e3a2c1c7bc2
prabh-decoders-braillevision/dataset/braille_merged/images/train/yapayzeka_1083_IMG20230421113709_jpg.rf.adde01c22d76f4cd08c1b88bf8a4144b.jpg,aba3216478e12840a9d36cd302e5aaecf535fde68e98fa6b6ebff87d202ef228
prabh-decoders-braillevision/dataset/braille_merged/images/train/yapayzeka_1084_1637_jpg.rf.1d550054f85beae403374fae1779b3f2.jpg,bb50460f3a12787726e98a75994bc3c54625b834afe37ac7e9bcae6c94590aed
prabh-decoders-braillevision/dataset/braille_merged/images/train/yapayzeka_1085_3498_jpg.rf.5a58d190418385d6b350c0b8d8c3a060.jpg,676c1a9494edd45ba854b75e1aab5bf97a536358a6dd6d03ecda6a3e09f12756
prabh-decoders-braillevision/dataset/braille_merged/images/train/yapayzeka_1086_IMG20230421205838_jpg.rf.5aa56e00423977f3dc29855be8af6322.jpg,0f2abc2376398bf669d8d125aa4454312a362a6f5ec0025a29227ee5b0377247
prabh-decoders-braillevision/dataset/braille_merged/images/train/yapayzeka_1088_2917_jpg.rf.7067eca5f04070c675feca99111e82de.jpg,b3fbbe5d7114a7e17546fe0fda0a1689f03ad286df32c934e9c499a07f27cdf4
prabh-decoders-braillevision/dataset/braille_merged/images/train/yapayzeka_108_10_jpg.rf.a5c138f29295a1436e15364aabcc5e7c.jpg,8911790ff83359f3d0b00abf539da2c86f99368b27936c5e8258a79ffe5832dc
prabh-decoders-braillevision/dataset/braille_merged/images/train/yapayzeka_1090_2704_jpg.rf.f4ce5f407a076ed838f587f454f310ef.jpg,2658cf7cc5d13d3f2cd5d2013541bf1eeab3929f29e6a0f9a7e7cae1750d4ca3
prabh-decoders-braillevision/dataset/braille_merged/images/train/yapayzeka_1091_IMG20230421123123_jpg.rf.bbb1ebed5fbd059d63a29d44ec383c25.jpg,d92bb070627dbc84345cadf10eb4f3773b837ca528a17da0bc650b8156313eae
prabh-decoders-braillevision/dataset/braille_merged/images/train/yapayzeka_1094_2992_jpg.rf.f7a18342919aeb5c6e1383bcd2610194.jpg,8d2cfd78a61f60b253aa7b7e3480b7210583f2ad62370d3c6ce186dfc4129107
prabh-decoders-braillevision/dataset/braille_merged/images/train/yapayzeka_1095_3495_jpg.rf.12313525f53f77b1b10f25210c6454f7.jpg,7d814b16070f8b3085169e65374f95d354ee5bd7dc2f5b4dc86585248df3c5dd
prabh-decoders-braillevision/dataset/braille_merged/images/train/yapayzeka_1096_20_jpg.rf.37ea5217b649e84c87d193fcb8c2b3e5.jpg,dd3d8834a6b4b9e06e26bcde7d50362cc94c9d155878eb211145c0b2a00c1db5
prabh-decoders-braillevision/dataset/braille_merged/images/train/yapayzeka_1097_517_jpg.rf.1d69a822f62623f765b564e871c17d66.jpg,fc58d41ec58e7c2ace80afebce8e0c4dc2e6a8a5d0b1835ad795b20de29ec2b7
prabh-decoders-braillevision/dataset/braille_merged/images/train/yapayzeka_1098_923_jpg.rf.66df70a3a0ec058f64c80cd08e702368.jpg,4abcafed82634cc94969224515f2b6509b29b7cae4c797ee9cb0f778b8fb8c78
prabh-decoders-braillevision/dataset/braille_merged/images/train/yapayzeka_1099_1597_jpg.rf.c77376af7bd0d2ccd08525698df64a28.jpg,6fa65c9ae755fa347a9f3ceccb5238f816792eefc3097af4c01bda17d84e706a
prabh-decoders-braillevision/dataset/braille_merged/images/train/yapayzeka_109_3810_jpg.rf.5677f377e19ccd74e6558acc9ce31b2a.jpg,ab27454eed2f448e422c8a683e8e729c442d529b1a14b395e9736793705aa1d0
prabh-decoders-braillevision/dataset/braille_merged/images/train/yapayzeka_10_2334_jpg.rf.1c96630c2866f2a7eb2c5546c43a00df.jpg,c9235a002f6ba927c72399825869e53392546053f32bf992fab220681640ed57
prabh-decoders-braillevision/dataset/braille_merged/images/train/yapayzeka_1100_1686_jpg.rf.474e9b0b8ee27636f7c36661c099a618.jpg,4e1ba1449e93f00a5e3294681c36536a31b44d5aff3b0c912e3821fd77d2a848
prabh-decoders-braillevision/dataset/braille_merged/images/train/yapayzeka_1101_R_jpg.rf.e0fd9c497cd6ab04751b9b08dc15d6e8.jpg,49c85ac00d146adf8d4a7f2c505d77aae8b7d2bc842197447c2c4b6c8ea55874
prabh-decoders-braillevision/dataset/braille_merged/images/train/yapayzeka_1103_1580_jpg.rf.0ce6e91984a3d14e4a9975192e35deab.jpg,51dd5069ffd4a62d3785d7910bb8283c1cfd1a30ee2b889e1d63ba28822d6f18
prabh-decoders-braillevision/dataset/braille_merged/images/train/yapayzeka_1104_IMG20230421210254_jpg.rf.a47d897f7d8df0da97e1acea93e4665a.jpg,1cc95d84914a41abefe42a46b1596fc0020eb97136b6881b1d4c7e2d74e51e0f
prabh-decoders-braillevision/dataset/braille_merged/images/train/yapayzeka_1105_IMG20230420223703_jpg.rf.96a4202c797754cd61f1f88f6ebba106.jpg,76867ab4dd7fec9e5fbc4724c324e134dd2af2866c203958f02c8cec27b5de65
prabh-decoders-braillevision/dataset/braille_merged/images/train/yapayzeka_1106_IMG20230420230219_jpg.rf.3be35fdda95ac3173889a31cdb212924.jpg,4e6b85565e6eb77eef2b999b30adef243ea7b416140bea3fcb0095bfe04efb2f
prabh-decoders-braillevision/dataset/braille_merged/images/train/yapayzeka_1107_594_jpg.rf.c9817c1b400f32edc5b3b3056b668ea5.jpg,6684f2e83881bb8e6d4f7d5e1ac11cdd631a8e4842449b0d808b92c457712b7f
prabh-decoders-braillevision/dataset/braille_merged/images/train/yapayzeka_1108_IMG20230421102620_jpg.rf.b2267164826d5aa3109adce376cfc823.jpg,488f69f0a59e6430ccd0390e36634579fcfdcfee6e188c024613cf50fc601bbe
prabh-decoders-braillevision/dataset/braille_merged/images/train/yapayzeka_110_2984_jpg.rf.89db255af3199c443bc472b220ce1b3d.jpg,4fc8dc91bfa3068d16e4c4bfd4cbaf010b2f08fea180b763cbeec63e8e318013
prabh-decoders-braillevision/dataset/braille_merged/images/train/yapayzeka_1111_1677_jpg.rf.8133d82eb08a9f2d768a1ac287c58283.jpg,1a87add4f30dd98001dab64a90f41e600e6e2f6b62fd24138c0019104ce2f53e
prabh-decoders-braillevision/dataset/braille_merged/images/train/yapayzeka_1112_2989_jpg.rf.eb1b456be7a33e776cda46bd5aaec597.jpg,94dddcf50433594782126501f71eb6a33863e958df32e42e2825b654bd503a5f
prabh-decoders-braillevision/dataset/braille_merged/images/train/yapayzeka_1113_935_jpg.rf.d1e5fe5ba9758129c4bdab90376817d4.jpg,909b5ce7b7f3542b506d856315c6a364f0928cb563063259206f604ed1038503
prabh-decoders-braillevision/dataset/braille_merged/images/train/yapayzeka_1115_3474_jpg.rf.cf2945356f49fa3eb41dd024f939c606.jpg,db05257994d7a54b171681b45a21f86da5f5ce1e2c95f73c436d3f7beb28b2f2
prabh-decoders-braillevision/dataset/braille_merged/images/train/yapayzeka_1116_IMG20230422143638_jpg.rf.502eb3c0080eb06b54ecb877dfd5e56a.jpg,d1e7c878916a5cd2cfc25ebd7d3b4f251cbc900c64c2219a6bfcc63da60877e9
prabh-decoders-braillevision/dataset/braille_merged/images/train/yapayzeka_1117_589_jpg.rf.92e2b936ba406396e5b6bca942d94682.jpg,8dff892478687d351cd17752bc98a4c600b3eb677ec5ce610161091c71d28747
prabh-decoders-braillevision/dataset/braille_merged/images/train/yapayzeka_1118_4568_jpg.rf.739f043313b5abca62ff25847658f8f5.jpg,a159ec6df6a803e9859e1417ff79a8d42eab02c40c9712b81a49ebc7a3d742aa
prabh-decoders-braillevision/dataset/braille_merged/images/train/yapayzeka_1119_254_jpg.rf.2e963e8b7a0b38326c2a4e0264ef4c54.jpg,5a2522a5c236928c7e37c1498a3fc314f4f8e1c7b8c705edffa19f9438f91302
prabh-decoders-braillevision/dataset/braille_merged/images/train/yapayzeka_111_1606_jpg.rf.9a578591af4cc211f45e1a9a19ce5c6f.jpg,f454e6ef9d87711f10a817d3e19171e0aafe14c5b7fe4a8c8c1fdf635fac8d89
prabh-decoders-braillevision/dataset/braille_merged/images/train/yapayzeka_1121_3045_jpg.rf.d612d7a8448b35b83fff83b890f55d18.jpg,7a3cd6c41fceba585a88923e61027d54d3d74e282b96c9743af05dc5b0352415
prabh-decoders-braillevision/dataset/braille_merged/images/train/yapayzeka_1122_db12_jpg.rf.04d0d07f6c244bce072be98e23491955.jpg,b8fd235ef959d4e351e92884d3fef871f1b9dd42a3ad4c0006a44a7d2c58421a
prabh-decoders-braillevision/dataset/braille_merged/images/train/yapayzeka_1123_3839_jpg.rf.fa87775d6be8b1f5d92cca5bebbd1551.jpg,a9f250bf8bece356a45f035185fa7657432bca9bd7724cee371920f80ff5e93d
prabh-decoders-braillevision/dataset/braille_merged/images/train/yapayzeka_1124_3463_jpg.rf.3b1702dbf7d8e01b40df60d88c38fd95.jpg,f333a01c6cf92cc72035eaaadb7d0911997f241486e0e8f3c207afc1d7fa2912
prabh-decoders-braillevision/dataset/braille_merged/images/train/yapayzeka_1125_1660_jpg.rf.ad2fee3d605cdc55903f9d15a61623de.jpg,a8a4a71208155aef39516527ef64e378c0c7c558cf409de7c0fdd11710292f1d
prabh-decoders-braillevision/dataset/braille_merged/images/train/yapayzeka_1127_4572_jpg.rf.6fb387a275503e8b67b2184be6d809ca.jpg,eefb5dab94706f35640d407c18beee18ce384058d3f17e966c3febf70a8a978c
prabh-decoders-braillevision/dataset/braille_merged/images/train/yapayzeka_1128_1365_jpg.rf.322301b4fa011b6fd17c15d3b5f35370.jpg,33efb0699d80f5951186ab1be9455848a8e9df1c6f41a6c145de69d31d7874b3
prabh-decoders-braillevision/dataset/braille_merged/images/train/yapayzeka_1129_1617_jpg.rf.1c4df1008ba334e88747946646db4410.jpg,254ce986e902880c1deaa094526db73bfb39f74b5fcd442a47037a7df40ef709
prabh-decoders-braillevision/dataset/braille_merged/images/train/yapayzeka_112_2904_jpg.rf.9039edee287c9e1a0c74fe55bb0698e9.jpg,0b3bae68db46bb4f3c11fa9a9014325c2b11683900d96e1a02fe80717baab949
prabh-decoders-braillevision/dataset/braille_merged/images/train/yapayzeka_1130_3303_jpg.rf.ed0c11d3de8220c84e5c3164fa7df965.jpg,c63077cb83f817e1096ce3acf6c90b8e9ba3ab1cd5ba593f8abaa5323c9ac596
prabh-decoders-braillevision/dataset/braille_merged/images/train/yapayzeka_1131_1592_jpg.rf.d5ba73b3b6a7ee182b3ffcc6fdc89e1c.jpg,6eb3bd16602e67a967e155dae9919a07a31ff70461c514872bca0d06d8ef3648
prabh-decoders-braillevision/dataset/braille_merged/images/train/yapayzeka_1132_4021_jpg.rf.f9db33a648eda8d51ee0d2293b222b84.jpg,e7a5df1caab7370e19a93328bda7c5af57ebc63e11a75c3ca012d33ead9a44a5
prabh-decoders-braillevision/dataset/braille_merged/images/train/yapayzeka_1133_1624_jpg.rf.fc0dbdc76a92d1454f705ad66137744d.jpg,9da63dd4027f325b208b1aa75ad285e6503bec34d46a4f686a795e01f4978806
prabh-decoders-braillevision/dataset/braille_merged/images/train/yapayzeka_1134_1084_jpg.rf.b9c6a52e8c25180aadf5bbc6a3a4f830.jpg,cd27001c56ba8feca0e13841f89866cde96838eeb98c252c41a80e893f51c549
prabh-decoders-braillevision/dataset/braille_merged/images/train/yapayzeka_1136_IMG20230421113110_jpg.rf.49fb4488e4eba6f4d712eff843a13872.jpg,38c417ac2b09818e6f0926e0dbe020343b00c1fb0abda5d844271390c4e540ec
prabh-decoders-braillevision/dataset/braille_merged/images/train/yapayzeka_1137_3306_jpg.rf.2a625b8a94bfb0859ed8e3226165829c.jpg,9e3617939c8e3fcfe38edda11d81691fbc7a705c67ff2bdd88d7bc327b9ca421
prabh-decoders-braillevision/dataset/braille_merged/images/train/yapayzeka_1138_3517_jpg.rf.4509ef20fd146203eee9168695931f02.jpg,0078e82457cab86cab6aec60a4be0002239e30da7efcef8f0a1ba7df1f65c02d
prabh-decoders-braillevision/dataset/braille_merged/images/train/yapayzeka_1139_IMG20230421112754_jpg.rf.423e59d7feb9fce5f2b0b243fd7cb090.jpg,6730f718fc809ca9eb6975bd35d139f9d470e2ab31f2249f1b86c2ae006ca28c
prabh-decoders-braillevision/dataset/braille_merged/images/train/yapayzeka_113_587_jpg.rf.a6583b6cc90af171411189d3fa313e6a.jpg,a90d9ec8f711403eab9b9da0a88156d82a5df9f8794fa381d0728fb20a5b19fd
prabh-decoders-braillevision/dataset/braille_merged/images/train/yapayzeka_1140_1339_jpg.rf.6f8a2e97ab6b0202adac3a8cb1abcfc9.jpg,00d6621cf3d9b8cee69c1d200977832fd4ec12667a4e0d94e9df3cd52a94cb31
prabh-decoders-braillevision/dataset/braille_merged/images/train/yapayzeka_1141_49_jpg.rf.b64d62b87f62443f8cf7d4e1761c1878.jpg,b74dede2ffda8329e43d3ad9b93ce6e7653ae57bb834ed6132975807e64bd2b2
prabh-decoders-braillevision/dataset/braille_merged/images/train/yapayzeka_1142_1608_jpg.rf.c572dd97bed0eab88b1cb04007b5bedd.jpg,419a5dad2c0f49414c7015f56c8f8ff690a088ad766cc0583f8eb87811507185
prabh-decoders-braillevision/dataset/braille_merged/images/train/yapayzeka_1143_3294_jpg.rf.e6eb5f08db2deb0cc00b77d26c9ced78.jpg,5cecd0552b2c2dbaea5af4b3e89c893b87d21ecf1c022fda66c1da6224b0ece4
prabh-decoders-braillevision/dataset/braille_merged/images/train/yapayzeka_1144_3493_jpg.rf.553f9be89d0fb314dae61519d55cf57a.jpg,8506eb434e2502f7b85940c7c49c758429f3286bd74c53ea8cda4e2f68c4eaaa
prabh-decoders-braillevision/dataset/braille_merged/images/train/yapayzeka_1145_2346_jpg.rf.7ad22c76dcf9dddd9fd114966ddb341f.jpg,65e1491115b7d9887c6327c7156bfb8ab4ea53a4ef1ce24e14b96fc526b2aade
prabh-decoders-braillevision/dataset/braille_merged/images/train/yapayzeka_1146_IMG20230421204247_jpg.rf.c6546f26df8c275af020519bcda96f19.jpg,9098fce2a38fc7efc5a60c6ca14f1df2a13577d03cba41a02667e547a189ca57
prabh-decoders-braillevision/dataset/braille_merged/images/train/yapayzeka_1147_2320_jpg.rf.89ce2da1e11a726b93116c2058fc8cca.jpg,3953502ff4fc2ce957c29f6c25e7c232917c5b395030000ddaa8509b7d2ad573
prabh-decoders-braillevision/dataset/braille_merged/images/train/yapayzeka_1148_IMG20230421112705_jpg.rf.6f44829e7487869d2fb488bceb9c7b09.jpg,3be1931bbacbcca293719015bc2c63b96a1a37cbf0de8866975e221a4671141f
prabh-decoders-braillevision/dataset/braille_merged/images/train/yapayzeka_1149_855_jpg.rf.cfacb0f9dbe659e5ae20030af27a7f35.jpg,2cd153bf16a06eacccaaf1756d454e8837e1b779bc608553b5717062f21d6490
prabh-decoders-braillevision/dataset/braille_merged/images/train/yapayzeka_114_2357_jpg.rf.5b984763e3aa5b6449e43989aed1a31c.jpg,1040df0c57eeacae2a09845a2782baa57fc578e866bf57cab474e2b705cc5fd1
prabh-decoders-braillevision/dataset/braille_merged/images/train/yapayzeka_1153_4059_jpg.rf.729155232bb2e66c42df55b6f3ffdd21.jpg,21be5a40201d0671e799da73ea6c5a60e92f8bdba66a3e9114eb058fe9598565
prabh-decoders-braillevision/dataset/braille_merged/images/train/yapayzeka_1154_3010_jpg.rf.f39c5fc59c714dddbfc59ee0e2ecdb31.jpg,805979d812a045db5a6299ac93e14c56f03df6c3e8387d783c8996fd008feb39
prabh-decoders-braillevision/dataset/braille_merged/images/train/yapayzeka_1156_3039_jpg.rf.d598b5b6b3283dbe0e7775b09f64a901.jpg,6dcd1db0895ee9cfba9236546d917a8e1083d8b74d3ae92532a3dc383cb2aa02
prabh-decoders-braillevision/dataset/braille_merged/images/train/yapayzeka_1157_IMG20230420230128_jpg.rf.b13e2dc63ca31b66a1893dc46b5c6409.jpg,26f8e6cd4b6802d6690da52d037bba85b36e88b981e713a19745854098118685
prabh-decoders-braillevision/dataset/braille_merged/images/train/yapayzeka_1158_1612_jpg.rf.856fd88705206d31919898e69ac8c493.jpg,93fa1699ca3452c3b7dae9d9cd4f309d8c97cd2df4e3233ae043e0883bc6dfe0
prabh-decoders-braillevision/dataset/braille_merged/images/train/yapayzeka_1159_2732_jpg.rf.20f240cad421a0e46f03cb4222631a31.jpg,338e53445baacbc5b52ac0a1be714901da835af0342adbca65c4440303bdb45c
prabh-decoders-braillevision/dataset/braille_merged/images/train/yapayzeka_115_2897_jpg.rf.816d036b8d3dc9bdb7c0f231530bc64e.jpg,2a82def5a0ebdce55a3e3e7bedf1e54e36597e2cb73cae08c572e29d0de883ad
prabh-decoders-braillevision/dataset/braille_merged/images/train/yapayzeka_1161_277_jpg.rf.008249a7ad4e2d4094aac4b198ff0bd5.jpg,53514c0f72633784a5937484b4c56436ed4a3e01eba50701b1be3b08fc400b29
prabh-decoders-braillevision/dataset/braille_merged/images/train/yapayzeka_1162_3480_jpg.rf.5b7bcb722a632d6a817ebefa2ea5c43e.jpg,2ab0d662373607d9de28ba5a2a8e7746ed19d4950c37848da3caad27c477d63f
prabh-decoders-braillevision/dataset/braille_merged/images/train/yapayzeka_1163_IMG20230422143922_jpg.rf.f66f4d106da91cc66e5ad0d1426a6f81.jpg,bec8c333b0ebc1881b52dbaec290a2f97aece16321cc244ce567905679ce1240
prabh-decoders-braillevision/dataset/braille_merged/images/train/yapayzeka_1165_2363_jpg.rf.6ad52a7f1619108759555d83f2a94c5c.jpg,7e26930a42b96b8fac4b58532d5e768182f4a4b1beaa39908b6ed16292daa188
prabh-decoders-braillevision/dataset/braille_merged/images/train/yapayzeka_1166_2356_jpg.rf.b8c65f93a7a12fc5072c472d169bf0a0.jpg,c084c5b3ae5ad2b87990ea9d2c7727b6205f52d4b805800f5cfd6efe8df49f8a
prabh-decoders-braillevision/dataset/braille_merged/images/train/yapayzeka_1167_2883_jpg.rf.6bf2b2c714c1845fc1e5eb1bdd50ac79.jpg,c5660006268093559ec3c555181d4adc644996b450ad7814237948a7ad46ac9c
prabh-decoders-braillevision/dataset/braille_merged/images/train/yapayzeka_1168_161_jpg.rf.ddfb4d9193c71259e82e604e1d7ee759.jpg,45dc94fc57c675d8c73d0887d7b2df010e9c5dfc6842f5584595657798171725
prabh-decoders-braillevision/dataset/braille_merged/images/train/yapayzeka_1169_db13_jpg.rf.2f57a371ab81d991616c715bb035c8ad.jpg,141458612a0af692b4c5d1e856449617666c9a44dea232fa9e4b366ed145fd4a
prabh-decoders-braillevision/dataset/braille_merged/images/train/yapayzeka_116_IMG20230421204227_jpg.rf.a33ccb80733b0a7f604e28d2dd16541f.jpg,7f510836a0ea62f8c7acb528b982ec3acf49e89be7fe82f55b756587c871f097
prabh-decoders-braillevision/dataset/braille_merged/images/train/yapayzeka_1170_1659_jpg.rf.2544157fe86976e2dadd7f3ff172161e.jpg,8998e03dd28c189fb2fb098d73e81d495ec7cc574175c7d427f5f627f2884d1a
prabh-decoders-braillevision/dataset/braille_merged/images/train/yapayzeka_1173_3470_jpg.rf.1afd18da56b877ff905d912699229c8a.jpg,149cf221cf5de29ba4c6730eaa000de54f2e981e2032c888cf8acbebc2f69917
prabh-decoders-braillevision/dataset/braille_merged/images/train/yapayzeka_1174_158_jpg.rf.eee31f7bd403f3c4740e892a7577f918.jpg,a3071a62021587a755f934c5c1b957dae4dd351f389f11f2bb016af6f1624aba
prabh-decoders-braillevision/dataset/braille_merged/images/train/yapayzeka_1175_3467_jpg.rf.a98f13b1dab80c5f8b49109abbcaef81.jpg,784c25f2355a0d437beab1f9b5d715d9ac650e13171f9bf615e36073e762645e
prabh-decoders-braillevision/dataset/braille_merged/images/train/yapayzeka_1176_4046_jpg.rf.fde1cbc244f526a2227e18cb798d43f6.jpg,d1fdfef51dfbfd3312a6ce403284959ab2440005cb3fdc357d0da26bab97cd2c
prabh-decoders-braillevision/dataset/braille_merged/images/train/yapayzeka_1177_611_jpg.rf.70c01bbbf8c178aa8fab43f0c12fab9d.jpg,c87c8e86a796601a2e7b80a8ecb9fc0b3472f48a3cd0de5eb85f64595f9028dd
prabh-decoders-braillevision/dataset/braille_merged/images/train/yapayzeka_1178_2325_jpg.rf.f12ef5b0d6abbecfe11c16d38eaffb29.jpg,5fd4cbf9c4da8ede7d61feeca2f4f789c9895ab14581d300ec7583f8995b902d
prabh-decoders-braillevision/dataset/braille_merged/images/train/yapayzeka_1179_1331_jpg.rf.b944df15b263f69fb7a6471b90a280ab.jpg,9f55d9cb6471a6d403bdda11de813c9bbb79269a54925ef4937712dd01867529
prabh-decoders-braillevision/dataset/braille_merged/images/train/yapayzeka_117_1630_jpg.rf.48cc2fa50bda649774bb237af2f64afc.jpg,1911328add7f26b3230b422a9d8de3a41999d059c1ae3eb15e2445fcc1d9ebc3
prabh-decoders-braillevision/dataset/braille_merged/images/train/yapayzeka_1180_db18_png_jpg.rf.374ee1c60c76b4b1b73a581ab61d1c8f.jpg,ced599dff53b4fe62cb0b4eea7f6166610b8a3aace815a4b22390bc8fff9a8ac
prabh-decoders-braillevision/dataset/braille_merged/images/train/yapayzeka_1181_43_jpg.rf.e7e61d606004f52392fd8deeca8ec3a6.jpg,c52ad68ef00284ca6eb558b25234d96336a6859842b11e26014fb42cf825aa77
prabh-decoders-braillevision/dataset/braille_merged/images/train/yapayzeka_1182_1071_jpg.rf.b24a4177f49278f7a539f586e0c4c4b4.jpg,356b2e90a5c67bcaf4e9b2e9a18b8af6d894f13ec3089ca97b8b66224a62218c
prabh-decoders-braillevision/dataset/braille_merged/images/train/yapayzeka_1183_02_braille-dingbats_poster_alphabet-scaled_jpeg_jpg.rf.c63eb4c0308dae79016377f795ae1dea.jpg,ac2a10876795be917b096e7ee5494cf73b4177f22a581b4dc5af7b04c9ec91ee
prabh-decoders-braillevision/dataset/braille_merged/images/train/yapayzeka_1184_2761_jpg.rf.924169e893e0763f5c7e47bda12aa092.jpg,9b0e764e9e20dc5187a62364977dd41fa4fd3457d0be4d8950cbaa88fa0907b7
prabh-decoders-braillevision/dataset/braille_merged/images/train/yapayzeka_1185_3037_jpg.rf.40f8dcf3d553fc7495e9a7ba6e5a8980.jpg,79a6104f3ff60b9e4ca213c42892ead8f23e6d32de18e1cbea14281454932235
prabh-decoders-braillevision/dataset/braille_merged/images/train/yapayzeka_1186_2754_jpg.rf.1782eddb389fb0d4b1bd77b00ffb1f0a.jpg,581059b5b76b10e75d0735eeb5ea3a667950b20bad1bf15fac929342b7bac357
prabh-decoders-braillevision/dataset/braille_merged/images/train/yapayzeka_1187_856_jpg.rf.14bb0048c6fa216fa3d3539254ffd658.jpg,f354a73bfe33eb16defdfde6e72abd58f49d9e5ff89b8f6b8702eabe082a768f
prabh-decoders-braillevision/dataset/braille_merged/images/train/yapayzeka_118_3823_jpg.rf.7ae47b6a5c16e9694104dcc1d678a8dd.jpg,8596388cdddda47f7d3f9bdc018474164275a0fac473cc26d3856f6559835b09
prabh-decoders-braillevision/dataset/braille_merged/images/train/yapayzeka_1192_IMG20230420225934_jpg.rf.591321f8a35c7a067311061327f585c7.jpg,692cec9121b28e1a233b12d00261a8ef87faf3309e96e4c849862a893b78474f
prabh-decoders-braillevision/dataset/braille_merged/images/train/yapayzeka_1193_4018_jpg.rf.520c8a83bf38cda63c62a2297198bfb5.jpg,80fcd8f7331dbfc63b5cba5345612da00385f630f4fd3d0cbd6b250b02902236
prabh-decoders-braillevision/dataset/braille_merged/images/train/yapayzeka_1194_3518_jpg.rf.1a98bd8ce6941722ecf42507cc2b650d.jpg,a2344e3635c921876c4c6c8b3f0fcbebfcdd526b7f1a09290f054922c5eeaa3a
prabh-decoders-braillevision/dataset/braille_merged/images/train/yapayzeka_1195_181_jpg.rf.76cd9f09d3938cf67516425f25dec2be.jpg,96d03b27859065ff335ad371cba012e065bf7b729b89e78e9fc63c78d8174164
prabh-decoders-braillevision/dataset/braille_merged/images/train/yapayzeka_1196_1590_jpg.rf.2f727f52a2adeda9665880286dd1e152.jpg,1dac680c88ff0f8ad1334ce4087c9688d40a9a63d20812b6bbb2ce7144d95c9a
prabh-decoders-braillevision/dataset/braille_merged/images/train/yapayzeka_1197_2902_jpg.rf.0e4feab69302fe8121e2970f9ef0e733.jpg,33b804e2c0ca7906c160c5e5d08e074e5733ef26558fd0d62c7d174883fd3505
prabh-decoders-braillevision/dataset/braille_merged/images/train/yapayzeka_1198_1345_jpg.rf.70e36e946b24a7c4b3a2b00fcfa75eae.jpg,e2f0ab45520d95c4c78fe93c32d989edac58de520943fa5da51918418b76c8c8
prabh-decoders-braillevision/dataset/braille_merged/images/train/yapayzeka_1199_360_F_184511922_9ox3DVyRV1F5cvYzunAhYEgoVsjt9RB9_jpg.rf.f8e2f4774abdacda1241b3ee96ded416.jpg,557352fc3299596fb79b1351a63996de07d7271e43cb15fbcbdf00f393c878df
prabh-decoders-braillevision/dataset/braille_merged/images/train/yapayzeka_119_866_jpg.rf.26c8a8d063847dc31505e35a81b3d8b2.jpg,f8824475c4503141d64bad6197f3b2b3ef45e423ea7e48e47be42f177bb4dcb0
prabh-decoders-braillevision/dataset/braille_merged/images/train/yapayzeka_11_1361_jpg.rf.cf8e0af8ae322ffd5fe387bb8413259d.jpg,09070b91a50359d4f04c7f78915dda88b3a7eb866ba798e9e67dd69af4668378
prabh-decoders-braillevision/dataset/braille_merged/images/train/yapayzeka_1200_1075_jpg.rf.5a549dbdbbb8bc8754dbc3358e0c7d73.jpg,ea5e41cb3062fb56fccb8c862eab81a2e7b517e0fcc2d8f262097ded15c3148c
prabh-decoders-braillevision/dataset/braille_merged/images/train/yapayzeka_1201_IMG20230421204617_jpg.rf.888060f03dda156160f7477895bff375.jpg,4730c52031c8c1c7d7905370e8361a50bab929c90567cbc03fccca8cc30f1bd7
prabh-decoders-braillevision/dataset/braille_merged/images/train/yapayzeka_1202_2746_jpg.rf.e7a9ee551d2e5bf9dea5db3fed5b0fba.jpg,f6fbb46348fcae79c14dcab7f93b3b1b649abc2dca4e801539855dff4a566e9c
prabh-decoders-braillevision/dataset/braille_merged/images/train/yapayzeka_1203_IMG20230421104402_jpg.rf.c0719a05b510988d028b75f4d16a9de6.jpg,6a39662afca501fb1aeecab7d16a2445a7840185ba5d958cef607b88e4e9d640
prabh-decoders-braillevision/dataset/braille_merged/images/train/yapayzeka_1204_4004_jpg.rf.8b2718e002b61cbede23a1290feb1ef2.jpg,f2635fa77dc3b1ae903508b830022cbc2e11f1b1ccfa54df8ef0f019ab42e211
prabh-decoders-braillevision/dataset/braille_merged/images/train/yapayzeka_1207_IMG20230421113045_jpg.rf.7363ddbe7312d184ff818de765436e82.jpg,506ae79ca3bbd4e4e131ca3914cd76a7cce6ee58907102e6816f1721e135b390
prabh-decoders-braillevision/dataset/braille_merged/images/train/yapayzeka_1209_3000_jpg.rf.7b7b4febc392d7aa6fff4818c1c613f9.jpg,22053a26c9bc86384fd66c24dbaf13747a4a6dfd307f96928c9d1fa3b2905ae0
prabh-decoders-braillevision/dataset/braille_merged/images/train/yapayzeka_120_1541_jpg.rf.a4b1ecde0d9b3fe5e81ca8c1096a958f.jpg,2bb2fa85782bfbf42a56c9e76fe95645bd93869ea21748d816c04dba8e59b5c5
prabh-decoders-braillevision/dataset/braille_merged/images/train/yapayzeka_1211_2331_jpg.rf.11abcd2ad850e14a6192c6afecebac45.jpg,eae7fdd136a1ec4340a79f420f93040bbcf99c1bc4bb99915cba0bae418d6156
prabh-decoders-braillevision/dataset/braille_merged/images/train/yapayzeka_1213_1095_jpg.rf.bced2f0e70ed1d136192525a160663b6.jpg,3c469e85a8c0fcf2a61d9fcb67b3cd61bb80c398fba398c050a00de62c60111a
prabh-decoders-braillevision/dataset/braille_merged/images/train/yapayzeka_1214_3511_jpg.rf.76a933dce2ff8408bc7493400394e995.jpg,e89df789ec0c338d51b2d1338cb4e33a18c112b63f561b1dc074e098ca7a2a9e
prabh-decoders-braillevision/dataset/braille_merged/images/train/yapayzeka_1215_3502_jpg.rf.302a0108ec349114699a8392c03acc4f.jpg,601bf484a864ab459472bdd236af121264cb0e6a2a05b6b99e69bd70bb493985
prabh-decoders-braillevision/dataset/braille_merged/images/train/yapayzeka_1216_274_jpg.rf.dc33b2edd04948ba3682996b243929ce.jpg,24d3dfb25d9d4cfd661ceeb4d77f752fa26ef7a32421b5834040649f15a67433
prabh-decoders-braillevision/dataset/braille_merged/images/train/yapayzeka_1217_IMG20230421210332_jpg.rf.2bfdccc3a8fb0e47e524faa2f76960e4.jpg,b94fddfdc8859018eef027ab4753ee713832cbac106bca5faf60daa6395056fa
prabh-decoders-braillevision/dataset/braille_merged/images/train/yapayzeka_1218_IMG20230422143904_jpg.rf.0b1687baff280f32bfe0a5f89a76bef4.jpg,181d5aafeef56c81d8d72e7d581322de441e712cb9f8664c0c09a4ab316b3040
prabh-decoders-braillevision/dataset/braille_merged/images/train/yapayzeka_1219_875_jpg.rf.debf1c9b75b3351cac3c404c0197193e.jpg,09ac23a951f4c38e08d8961046258545aa7c18deeb42973a7cb817d3b159dba3
prabh-decoders-braillevision/dataset/braille_merged/images/train/yapayzeka_121_IMG20230421123101_jpg.rf.9964d7c3166b0653efc8614a7f5fec93.jpg,19a56b190c48a7ae3eb153d0bb7275bec51a366b5ccbbd1eea2b7cbf42b4d21c
prabh-decoders-braillevision/dataset/braille_merged/images/train/yapayzeka_1220_883_jpg.rf.5aa02cfdd2bc1ed4a397704636da64bf.jpg,01695f772e83aa0277177697d30416c05c1a1192330e2556f85ff357af8bf051
prabh-decoders-braillevision/dataset/braille_merged/images/train/yapayzeka_1221_1605_jpg.rf.336dc699bdfc9a3d4f8855c28793ec31.jpg,b5bd7e99b1a4c9e42462130f836da4116b49242edf58e2b18e2c25688a86d7c5
prabh-decoders-braillevision/dataset/braille_merged/images/train/yapayzeka_1222_IMG20230422144043_jpg.rf.ed31c70594fd23d542c695509d5303bf.jpg,bcf741bc7db0f79c6e78569e11266784bd2d8d2d97b398421ed95c0797c11e10
prabh-decoders-braillevision/dataset/braille_merged/images/train/yapayzeka_1225_2751_jpg.rf.676426071652ff7fe942e8eab5d179a1.jpg,299384f96cdbdf0048144fa3630b8dcb5dba71af5d00580961a031c38f5ee77e
prabh-decoders-braillevision/dataset/braille_merged/images/train/yapayzeka_1226_3822_jpg.rf.1251e69eedbe06dfacaeba2cd04e8677.jpg,48cc527d6ba02159200604f44f9208325a08e7fbd0ad3a804444a57ac39addff
prabh-decoders-braillevision/dataset/braille_merged/images/train/yapayzeka_1227_2733_jpg.rf.3de035dda13008f7f9b0f1c25675f751.jpg,fd58325e7e3422db2ccd9a58fc3cc5fd2fa044e23f5c76e3178f46943581ddd9
prabh-decoders-braillevision/dataset/braille_merged/images/train/yapayzeka_1228_22_jpg.rf.5f39cf4e7fb0a4c2fc8e69658d5b8ac0.jpg,960de3e05e931e42b4e348601a22b32fc037ef59d05012bb233a585c76f384fa
prabh-decoders-braillevision/dataset/braille_merged/images/train/yapayzeka_1229_1557_jpg.rf.df00ccbf43829a529afb1b2025b28875.jpg,0feda0b66e45783d90e7675f8348c8c60bfa2556dd18ef7121c18dc37d3e7089
prabh-decoders-braillevision/dataset/braille_merged/images/train/yapayzeka_122_46_jpg.rf.52e9ce7d9c7deab5b403194a849c7bc3.jpg,93e5546d5217b307de52163dc8f59b38ce049c0da750070adef92522bcb92107
prabh-decoders-braillevision/dataset/braille_merged/images/train/yapayzeka_1230_166_jpg.rf.78e0e468cac830a664e36a65ec421610.jpg,b23aa464a5820d3cc86833a06f7520bd1c34f4fef46e36909a818d217e93d260
prabh-decoders-braillevision/dataset/braille_merged/images/train/yapayzeka_1231_db9_png_jpg.rf.82334669333768c72029050ebab8b6a0.jpg,22d0a0645462dc864660224b7490a33dcf53c98b25e722cae5f22843fb871493
prabh-decoders-braillevision/dataset/braille_merged/images/train/yapayzeka_1232_1604_jpg.rf.fc122f75c8431744bb9281163a728436.jpg,e7200ecb764a188f975b76e6a34c930936908b5bc6fceb8333fbe892081d984d
prabh-decoders-braillevision/dataset/braille_merged/images/train/yapayzeka_1233_26_jpg.rf.06b772ed776d78f9fac40cc99388234d.jpg,581b339254d370ee105b762518b8f0f8777bc110518f297fbe8789975fa4dc5c
prabh-decoders-braillevision/dataset/braille_merged/images/train/yapayzeka_1235_609_jpg.rf.7a62e2ae40a9b715f80e1acf3a347f0c.jpg,67ddbd200c7f519e018b017fbd3c7d3696909dbeb6cb18491b7dbcaf2334fdbe
prabh-decoders-braillevision/dataset/braille_merged/images/train/yapayzeka_1236_914_jpg.rf.88762769d5c62b10407ca51d5b7a6cc0.jpg,4da0c61b0b4835193a78af50df82d90ecdbd443e5ebf5b44a3d5b627b8a18d4d
prabh-decoders-braillevision/dataset/braille_merged/images/train/yapayzeka_1237_IMG20230420224523_jpg.rf.5af4564ebfdfc7078b5eb9ef4f7d8196.jpg,8c80d010e7d38c109ee680a673e021033f7b44f556e3dd35b2df50fbd439e4ec
prabh-decoders-braillevision/dataset/braille_merged/images/train/yapayzeka_1238_IMG20230421102447_jpg.rf.409c8bebb7ea394ab972283bfeaf46f7.jpg,49b6494264003abebc50c0f15a60bebb419917eec9d6b5b8013365fba06f800c
prabh-decoders-braillevision/dataset/braille_merged/images/train/yapayzeka_1239_IMG20230420225410_jpg.rf.a69fe1608a3d8cf0d9db0c0d08b3e71a.jpg,06a533d7d7896f77e0c63b1f06ae51ca2dcdd8191d2c710f1b913b31895d25c6
prabh-decoders-braillevision/dataset/braille_merged/images/train/yapayzeka_123_523_jpg.rf.ce0009007faa149b4e91c7e200731dc8.jpg,027929334ecb00d342b68f12b94d0b1beaa12dc92978a463243bbc18e6739d3e
prabh-decoders-braillevision/dataset/braille_merged/images/train/yapayzeka_1240_3536_jpg.rf.d9c97bbe19227c09b26ff2c680efb2fc.jpg,33244e60f5e1888a84533cae9c9d457dc6c505b95dd4bef6b1bf82d5ed411a26
prabh-decoders-braillevision/dataset/braille_merged/images/train/yapayzeka_1241_3036_jpg.rf.8de4a502eec25d0b59230bcc5de79a24.jpg,ec47d96a03c0d1300f295c53b0d8b01891b655e8173ea47905b260af62dde4ed
prabh-decoders-braillevision/dataset/braille_merged/images/train/yapayzeka_1243_3490_jpg.rf.58ffba3c3dc0932299f22ec529f3ae05.jpg,864fd77241575ef60c4ded90a64b9d22fef1b139986ec91cf9028666072626c8
prabh-decoders-braillevision/dataset/braille_merged/images/train/yapayzeka_1245_3801_jpg.rf.49dbd7e9e7b97a9dc2da4a6a299c29d6.jpg,9c6f5cae694b8a38f75202dcecaf2835215f5b3ca62dcc85b71bbff13937fa86
prabh-decoders-braillevision/dataset/braille_merged/images/train/yapayzeka_1246_270_jpg.rf.75be01a123768d6aacfab9055cdfdc71.jpg,7f19ef1de2db56c5e7b61f73763ba16221884050d64a6a3d826c1bcb46fd872a
prabh-decoders-braillevision/dataset/braille_merged/images/train/yapayzeka_1247_IMG20230421205133_jpg.rf.675540299aebda5a00243e175b84e316.jpg,52f49e690d06fb55bf4b495ca5d3a0b0125e5a47bcb1d30cceaf027947e2eedf
prabh-decoders-braillevision/dataset/braille_merged/images/train/yapayzeka_1248_IMG20230421204334_jpg.rf.c98ef37d9e4fdddc3e76a33185391abd.jpg,e745306c97074fd331b50a084f2344bfa07fbe1f6e833e57102ee9f4454a41cc
prabh-decoders-braillevision/dataset/braille_merged/images/train/yapayzeka_1249_907_jpg.rf.862b883f268167e1573fe044ade345d6.jpg,a8ea9ec5320851ff792a6bb705988b4d17ce20ca14f4816815923d8c8f0cd328
prabh-decoders-braillevision/dataset/braille_merged/images/train/yapayzeka_124_IMG20230420230403_jpg.rf.6eb3e35deba2fa21417685e37b5c1380.jpg,45b6d4d2c03d310276ecbdb1fd454c8186941c1e586fa72d268741007b0c1de1
prabh-decoders-braillevision/dataset/braille_merged/images/train/yapayzeka_1250_1336_jpg.rf.ad5654f5cabfdbf4f10a7bd21f466319.jpg,5b83f821008b58adbc877d2910bbdd9b206e80c6073c8bd78f0e82c556fe9c82
prabh-decoders-braillevision/dataset/braille_merged/images/train/yapayzeka_1252_3041_jpg.rf.a7975b71978b8075a5f49059c7b19b76.jpg,ca60308ce7f70b11ea1b41211f9b61bafe8aacd188da20e9f73a100468e43912
prabh-decoders-braillevision/dataset/braille_merged/images/train/yapayzeka_1253_4066_jpg.rf.641ad54f1baade5f4970f8880b89c503.jpg,9bbd16b8744a2a90208479037e2b1395e758c5dd462c9724afac39b13233ca38
prabh-decoders-braillevision/dataset/braille_merged/images/train/yapayzeka_1255_4058_jpg.rf.14463eb5874770784073261369ceaeeb.jpg,45c366c517a0dcb3082945bd00503ab6435dae28c5f9eaa7668c4a7e1e59fa0a
prabh-decoders-braillevision/dataset/braille_merged/images/train/yapayzeka_1256_3038_jpg.rf.ca0095a05c6998469d091a21b05b7767.jpg,0d8a4535c451157a110aaebc09c827c98a6957a9549aea87be7f2a02edf62177
prabh-decoders-braillevision/dataset/braille_merged/images/train/yapayzeka_1257_1613_jpg.rf.bd7a00d0c74272c6116717871ebd0fc2.jpg,0fa8b48413598e8cdd1f4074f7dfe00a640a3a94c2dd00d373fce7559c774db6
prabh-decoders-braillevision/dataset/braille_merged/images/train/yapayzeka_1258_3808_jpg.rf.db4299cc0ceccba0dd0211d8e6276a60.jpg,ff3a96ba7df88a2e22a0a7b82d8854d8f67a2f238f953ca556dde142a2872291
prabh-decoders-braillevision/dataset/braille_merged/images/train/yapayzeka_1259_920_jpg.rf.fa9c6dc90d3f448e1e0c40c0379ddf3a.jpg,ff1bf2d0736227e969ad01c670a1f93894a018f26a9e99bd723b625b3beb12cf
prabh-decoders-braillevision/dataset/braille_merged/images/train/yapayzeka_125_3311_jpg.rf.55ac088b457bd20e095adc4937504537.jpg,0dc502a0f09f2151ddb5c2e76a85a9b4e2f08ba3ddd6d1b62788d1506fa60951
prabh-decoders-braillevision/dataset/braille_merged/images/train/yapayzeka_1260_4069_jpg.rf.d50a6f3c6bfdd1f4b0bde8561ba0b86d.jpg,b60b639a9e7183771031c0ab62a30a9003a8cc8037842817e6a70480e5e996d8
prabh-decoders-braillevision/dataset/braille_merged/images/train/yapayzeka_1262_3304_jpg.rf.32c88a54a2b4750bd4183d2eb069b661.jpg,dc4cb4109bf58ce5eadccffe0857d84e8775bcefca2bf9a677fa68e5613eb4c1
prabh-decoders-braillevision/dataset/braille_merged/images/train/yapayzeka_1263_1584_jpg.rf.7bfd50fc03aea6457754c365911d8156.jpg,f058c93150a8dae98410c78a53df8dc4b00ff9c225b0196fc1df5052c87cafde
prabh-decoders-braillevision/dataset/braille_merged/images/train/yapayzeka_1264_4556_jpg.rf.6e0a38b544d6969b88b5f8b122c3b1bd.jpg,aea4f74384b3bc27731d8f99fbae8b1158c6abad20033ec4987310816a2d5ff0
prabh-decoders-braillevision/dataset/braille_merged/images/train/yapayzeka_1266_3278_jpg.rf.602ecd106e858815bf7920cf3c8bfca8.jpg,bca857647e9f2cbaf4e8ff0d6fddb8db0a01303f054e04e5065a9b074e91a000
prabh-decoders-braillevision/dataset/braille_merged/images/train/yapayzeka_1267_3830_jpg.rf.b9c0c7ef93f8cec1b4bdc1f2c6d1bbdf.jpg,0cc26a8f141b6fd9b08e9462da63117788dc943886c09442069c35542305c263
prabh-decoders-braillevision/dataset/braille_merged/images/train/yapayzeka_1269_IMG20230420230352_jpg.rf.8a9ab5d3239f635f6b517273a46d2d85.jpg,efc8f431758afadf9e4eb293bf0409021bac31c4b4bb5e65217b153a9f6704e3
prabh-decoders-braillevision/dataset/braille_merged/images/train/yapayzeka_126_4565_jpg.rf.d0b8c27b9e1e0a423cf72050b20fc72b.jpg,cd460f8f0b7dea184af6c1147ab07502aa2f650ec9633ae2e088771689d1b9de
prabh-decoders-braillevision/dataset/braille_merged/images/train/yapayzeka_1270_3814_jpg.rf.c242b9bbd6d9d259e6f1d45dbe365983.jpg,cf11e55ca26676532d59fe6c236a5872cfd33caa583383941c46aae3bdfb6012
prabh-decoders-braillevision/dataset/braille_merged/images/train/yapayzeka_1271_870_jpg.rf.85baf2d0200107d29f426e3aa6b68de8.jpg,7567eb651195bbef5b4318f7647b65f75226a1a6215305846aad1421c3108412
prabh-decoders-braillevision/dataset/braille_merged/images/train/yapayzeka_1272_IMG20230421205819_jpg.rf.2edbb9dcffb8a7d42ecd62cac90ed4d7.jpg,7f5434e88dcb0d01f72464ee7960f0c11f9699db14cb6686054ccff247c55929
prabh-decoders-braillevision/dataset/braille_merged/images/train/yapayzeka_1273_2759_jpg.rf.15559032cf325ed97ab4135065fe5f86.jpg,2610ac2c78bc10c252d9846c2e91e1f4c38f033afbc4ca6e688012325f81f67a
prabh-decoders-braillevision/dataset/braille_merged/images/train/yapayzeka_1276_2909_jpg.rf.8118a533eeb07143c3f2eedc54098356.jpg,bc8cd49314e51d187e41fa42936e6261016542ebb9eecc4625f9d638946ab284
prabh-decoders-braillevision/dataset/braille_merged/images/train/yapayzeka_1277_2885_jpg.rf.bdbb5e0fda70a3f355efe2e9ad8ca202.jpg,d5c131b6818b0c6894489f0f30d1a3de0af662c42298fe5e68806ea90ece5877
prabh-decoders-braillevision/dataset/braille_merged/images/train/yapayzeka_1278_848_jpg.rf.c5be510ef4bca5ceb38cdfc26e0d314c.jpg,d4e3dd1d3b4b80ecd4030e1eb61dd0d33e072662e42dc4243b262f733d07a050
prabh-decoders-braillevision/dataset/braille_merged/images/train/yapayzeka_1279_16_jpg.rf.d1ff972fe2803787585ffd7b33ec5c47.jpg,f76a8028eb6847bd8d5f425072135611c09b5ae8572434977b04440bd33813d5
prabh-decoders-braillevision/dataset/braille_merged/images/train/yapayzeka_127_394_jpg.rf.c853b31c72dd571f446212a53b2a84b1.jpg,df401b1e5a2bf8c09d9d201cec5d9815b5f92d136e627d47188a038321754ead
prabh-decoders-braillevision/dataset/braille_merged/images/train/yapayzeka_1280_1625_jpg.rf.316d0e6bfafc62f082a4077427d1932b.jpg,7a147a0aa111184f61e33c7d3243ad0dab98275cd9a9edf783107ea200f042c2
prabh-decoders-braillevision/dataset/braille_merged/images/train/yapayzeka_1284_3806_jpg.rf.0102b6ba6f825f8053b767975c23f06f.jpg,1d953ad4a846e3706c28c85e1e67d6d1f36c7e10dce2c8c04310e17f2354acba
prabh-decoders-braillevision/dataset/braille_merged/images/train/yapayzeka_1286_3033_jpg.rf.ab272f0a3f38830c7e298ec4bf132b43.jpg,d66621d126c4e9b2e8189f0318fa114c281fc76739e11f0801fc58be7f817188
prabh-decoders-braillevision/dataset/braille_merged/images/train/yapayzeka_1287_596_jpg.rf.6eec52def02a025104b05e2036978445.jpg,e4cb860d0fc11b6d150ad5eddce6a099d88879e1311b6a31f00d90edcb6dcf14
prabh-decoders-braillevision/dataset/braille_merged/images/train/yapayzeka_1288_847_jpg.rf.afca547b14eb96f7939407833525267f.jpg,ebde9aba2cd81088d5ad77c500f7b862475a62f08b99b3408310e057feb28c31
prabh-decoders-braillevision/dataset/braille_merged/images/train/yapayzeka_1289_2758_jpg.rf.2cb43b4fbb92c147bb024901b3578ecf.jpg,afe787e66592e1a37e4673b4ba4ea4e1cdf79ea6b005fa264425a0101a07bf64
prabh-decoders-braillevision/dataset/braille_merged/images/train/yapayzeka_1290_615_jpg.rf.2c61921e8dfc10a9e0006e93fe7bb653.jpg,91cc466f89a939fca4b22e93bfba6cb0cb46c8106bd95b17ef78381b2671c77b
prabh-decoders-braillevision/dataset/braille_merged/images/train/yapayzeka_1291_878_jpg.rf.21c887e2557ec538d5ccac6d5579acc0.jpg,4a8c244192d54491de64ad518822f719a7152bcdb979bce5f21accef03aa3f92
prabh-decoders-braillevision/dataset/braille_merged/images/train/yapayzeka_1292_IMG20230421204551_jpg.rf.8d2c1d92f3d7915067b203ee4d682da5.jpg,98417fd8ebb9639ea98d36d95c77ec1d0c9cf2eaabd4e3e13bd6031015aca82b
prabh-decoders-braillevision/dataset/braille_merged/images/train/yapayzeka_1295_1690_jpg.rf.57fe5801ac2d0db4ae8bde3e680246c0.jpg,f57ae0549b71b4d0fa8522cb16138df513ae1f2c4e9f6ae1feb450bd3eeba236
prabh-decoders-braillevision/dataset/braille_merged/images/train/yapayzeka_1297_1645_jpg.rf.17319d9ddc0e99c34fc86b39dc2cb178.jpg,c6f85482842ebf0418965d0b4f31b79dd27acee6ae7839327a6245301556eef2
prabh-decoders-braillevision/dataset/braille_merged/images/train/yapayzeka_1298_3997_jpg.rf.36e50ae8c12098560d2fd830589f1238.jpg,4543016d1ff7efb6e15d6d58e76661b2f2b5ef9511f11abb8011b96191833041
prabh-decoders-braillevision/dataset/braille_merged/images/train/yapayzeka_1299_3301_jpg.rf.e266ffdb9c38cd259dbc74d2b5f1b0d3.jpg,773c77d0409805e92a9159f5412a195d4742b71f43a89b77380f8209db3612cb
prabh-decoders-braillevision/dataset/braille_merged/images/train/yapayzeka_129_1601_jpg.rf.a35082b581122cd0359cc4b46e548a6c.jpg,edf7461bb308cfaef992580d7c9f895ee5c824c2b96a5ff95430db32e086ad48
prabh-decoders-braillevision/dataset/braille_merged/images/train/yapayzeka_12_2342_jpg.rf.b8d43a6f2a3bbe79b082c901bf742786.jpg,8c4298721096f0746a7fbe671ed8069a44f08075e6ab97e3af64e7844ba93a8b
prabh-decoders-braillevision/dataset/braille_merged/images/train/yapayzeka_1301_1554_jpg.rf.0cfd4f8c73559dbecca67e876944f9ed.jpg,f4497ef432c7cc309feae7ed8d5f93c03b5d8cdbe4428861ea01ee71a84443c4
prabh-decoders-braillevision/dataset/braille_merged/images/train/yapayzeka_1302_1621_jpg.rf.0d3410a6d651569a33fcb7a2d675a92f.jpg,5e32614342411b4e76876e3e5267de7ddb87ed368dacaaacfacafc9111cf96b8
prabh-decoders-braillevision/dataset/braille_merged/images/train/yapayzeka_1304_2993_jpg.rf.940952ddd42eae4902180039a21a5cd0.jpg,230a67ca2b413db21b3fd74d2722ec4f17eab458f7a602cb70b78bff225314f0
prabh-decoders-braillevision/dataset/braille_merged/images/train/yapayzeka_1305_859_jpg.rf.1902604e8fab1378e723a182f0f8288c.jpg,57846d864de30823fcc867fd8762d93ec8e98613f9a9dc4ed54190e15a4020b5
prabh-decoders-braillevision/dataset/braille_merged/images/train/yapayzeka_1306_608_jpg.rf.e7f3d25486b2251a051a535f9e270097.jpg,baefc966e8df748986efe7b6dd4e7668d650f8664a02f9c88dea643b67cea231
prabh-decoders-braillevision/dataset/braille_merged/images/train/yapayzeka_1307_30_jpg.rf.8e678df091b9528274b8dadc2e5baf06.jpg,9f6ebb48c9cd60a9efc678f31615360bfe8673c3a2c999029c50f0bd450c4bf6
prabh-decoders-braillevision/dataset/braille_merged/images/train/yapayzeka_1308_3843_jpg.rf.6d1c032102bb0c670a7c74733f3e850c.jpg,acd31443106a1bcca6c9742ebbe0d2280fefdde5dc0afd7c06577dce11c69bff
prabh-decoders-braillevision/dataset/braille_merged/images/train/yapayzeka_1309_4003_jpg.rf.1ccb969deef9105d713343f78fc9666e.jpg,d21b6a7aec631805ab702c6abde28d111718822d7677e3f481fc16d21554a566
prabh-decoders-braillevision/dataset/braille_merged/images/train/yapayzeka_130_3504_jpg.rf.7a55cca6bf7ab73f943c07c0be4df838.jpg,1439a47107545e86f861958ac415f98cb9584bd972ef6884452e2faa8eb7dcc2
prabh-decoders-braillevision/dataset/braille_merged/images/train/yapayzeka_1310_34_jpg.rf.9fea194851a4531abfeea38cc4f4b8ad.jpg,4af1ccbf38bd1958a6bd4810da7d8442a20a4c885a39ebd2c1a228b21d923fb0
prabh-decoders-braillevision/dataset/braille_merged/images/train/yapayzeka_1311_1643_jpg.rf.b9724f0c98fc62d94ecf62624aea0a51.jpg,c36d2d4b1fcd9ddeaa4b17bba5519a154adf285e9d62741f3b25c76c1a0b5bdf
prabh-decoders-braillevision/dataset/braille_merged/images/train/yapayzeka_1312_868_jpg.rf.4a23d374e0514ec13792afa565ce6263.jpg,6813235401e96f6070fc9bd4e6a67202991271ade862bfd1f1667683fabea5b2
prabh-decoders-braillevision/dataset/braille_merged/images/train/yapayzeka_1313_2354_jpg.rf.9c67efc8640b1198973605a75c81b31b.jpg,837c95b5bbbfd59bd736ef4012109e02e0557b2a9d231b3ecce77c458ca7b532
prabh-decoders-braillevision/dataset/braille_merged/images/train/yapayzeka_1314_29_jpg.rf.830bcf6e19c77a67ac4853be556281dc.jpg,01472134fce4bdab0229d16c9c2649585dbc905fae3017fea2f9b3f898a5d934
prabh-decoders-braillevision/dataset/braille_merged/images/train/yapayzeka_1315_IMG20230421205214_jpg.rf.196fc58417cfbde62d95dc4217a5e13d.jpg,48a24f94599af00aa8d5086a02f9a1bbabf8bfc65b794bf08278593260d524e4
prabh-decoders-braillevision/dataset/braille_merged/images/train/yapayzeka_1317_1548_jpg.rf.6c59b272036d01b47e8b5020face2963.jpg,2eb6cf11a7b8a8cfce3f23f3105e6dc1ff6e449d57684fa0c52994ee2e852348
prabh-decoders-braillevision/dataset/braille_merged/images/train/yapayzeka_1318_37_jpg.rf.a4fa715ef73d28c5f0736b5cca055650.jpg,0c72e7772b7acd1fa314544fe6ad93b4a3ea22ea50a8df0d6610fab72e70b6ae
prabh-decoders-braillevision/dataset/braille_merged/images/train/yapayzeka_1319_1561_jpg.rf.3a69deab12caf8c408ec8e5a2294bc19.jpg,76a45d2b3b90b20f2fc51be7f6757fd13bdbd96da78b6906696df0c605e1b249
prabh-decoders-braillevision/dataset/braille_merged/images/train/yapayzeka_131_901_jpg.rf.f4fb4d1cd1f044d555df8d4769c0839a.jpg,8961554ea876e4c6fca3e22fff23c480a2597422a7d5e74a1ac56e2beee5a89d
prabh-decoders-braillevision/dataset/braille_merged/images/train/yapayzeka_1320_532_jpg.rf.dd9ba49e32e7ffa3ad1c6f762da749ff.jpg,d9d6609c00463f8e9d538220050cf437fc5fe0695a1c72c89da4f79f9d3bd3a2
prabh-decoders-braillevision/dataset/braille_merged/images/train/yapayzeka_1321_603_jpg.rf.79b784d1df8c1b2e2ee2d2adb0ccd94d.jpg,40b8c93c5512a3e2a915341426f5c4658b1a0d910f7c6501d58c01541394a9ef
prabh-decoders-braillevision/dataset/braille_merged/images/train/yapayzeka_1322_1683_jpg.rf.33f4bcc309f5ee726fb6bd69eab64a4d.jpg,8473a370deaec5058362cf39ad50266ab3c9d42e0c503bc0647c1dfadf54cf24
prabh-decoders-braillevision/dataset/braille_merged/images/train/yapayzeka_1323_872_jpg.rf.42f124d082579119d9bf46ab3b0ff13d.jpg,523293b83ded4836af0c7cc68f6a4271f0bf35943a1925d88bdca0a0c835d523
prabh-decoders-braillevision/dataset/braille_merged/images/train/yapayzeka_1324_1673_jpg.rf.6277c1f28cc4d8b2a519288d276a3287.jpg,39fcefe03286635c2f26ec7f545a94cece8ba8a26c63f5056424b7ceecc4c03e
prabh-decoders-braillevision/dataset/braille_merged/images/train/yapayzeka_1326_45_jpg.rf.4851526b52c6a0f410e6824adfdcaac6.jpg,c225d6901d3b4a158660c472817bc51c257d8346937a3025381e9ca7a6226d84
prabh-decoders-braillevision/dataset/braille_merged/images/train/yapayzeka_1328_3259_jpg.rf.c3fa24f98774705f789129506fb3af96.jpg,e2c1227bca8d544f86de398c5f34106c7acb8d1ebaab914dce340255b7845ba7
prabh-decoders-braillevision/dataset/braille_merged/images/train/yapayzeka_1329_2739_jpg.rf.2a910e5864161f29e639d785ae022213.jpg,8c81bd8d4fa4f8884c5cbb39aaf2e1a4f853d9c23ea78c96400dc464291d6655
prabh-decoders-braillevision/dataset/braille_merged/images/train/yapayzeka_1331_520_jpg.rf.abdcaed5e42a4cb59287bd14badd09e7.jpg,b6545e59d4bc10cb78450b51cc5702cf8023916a9b6fc51e0ec7c2a7edda0851
prabh-decoders-braillevision/dataset/braille_merged/images/train/yapayzeka_1332_IMG20230420225928_jpg.rf.6fe11bce842a86e6dd4b2ce1a86709a5.jpg,4a8bc84dd704833e319ed2218b4d2dc656e2ae3f14087e45759dc89feeed0cdc
prabh-decoders-braillevision/dataset/braille_merged/images/train/yapayzeka_1334_2749_jpg.rf.e7b495185812fa212b572c90938bb9c6.jpg,aa0dcbf89fd998d2cc1ab51ec68331d7ebea5fbae99dce452d24be77b295b36a
prabh-decoders-braillevision/dataset/braille_merged/images/train/yapayzeka_1336_1083_jpg.rf.5e43fe624aa592b4f0147da5942c8df0.jpg,94f69207152eb45a9725539d25002a4bbf192a3bf1f3b28b272a9e0059f514fd
prabh-decoders-braillevision/dataset/braille_merged/images/train/yapayzeka_1337_3838_jpg.rf.83abf1b9738bb30664699e4496d777e9.jpg,3a4045e2e7b999c803365d69bda87670c9218d2974359cf766ae57b6496e3457
prabh-decoders-braillevision/dataset/braille_merged/images/train/yapayzeka_1338_IMG20230421113206_jpg.rf.b501e14d30f86443a5098a4b34536871.jpg,c5aab7fc2cd68a72ce68c3579fb7d55ab4fa47c8d8ff48189e60e0cff3eead67
prabh-decoders-braillevision/dataset/braille_merged/images/train/yapayzeka_1339_IMG20230421123232_jpg.rf.90c3010f169a70e7373cda8c0ce09d61.jpg,a1d5b6ec96c9f42addc327856c9aa3b0147e0cda4bb197295ca2f3e8ea9d8bf1
prabh-decoders-braillevision/dataset/braille_merged/images/train/yapayzeka_133_3864_jpg.rf.a208599dcf60251c745999d7478c8d0e.jpg,370052346a7e318924b7e0a17a6f453a545c5ed3e7ba948b0f1bc38f95aac83d
prabh-decoders-braillevision/dataset/braille_merged/images/train/yapayzeka_1340_3280_jpg.rf.a029544c707f462b8518e78ba33ab21d.jpg,ea48bb28d2240de3f754fd0e42dc0ac3f5e9dffc426a90d79a4a13ad90780317
prabh-decoders-braillevision/dataset/braille_merged/images/train/yapayzeka_1341_IMG20230420225518_jpg.rf.82da0d144c78a02f12f0e5b83c15aa11.jpg,bbbfdb0b80b9da34fd7f1965d0b65cf25b1df26038c737c54878a664ef91589c
prabh-decoders-braillevision/dataset/braille_merged/images/train/yapayzeka_1346_3006_jpg.rf.f4b85472f9134e5ee340ac4433129ca7.jpg,6dbec940ccddd208f5eedccfe924520d0583b488cbbd2c5897a9fe84f978a058
prabh-decoders-braillevision/dataset/braille_merged/images/train/yapayzeka_1347_3860_jpg.rf.0ddc8163bb02d6b8b88365fda8a0a2cd.jpg,3283d38abf6a62a54be9ca373bdf305cc7542bd721c2705b9b6854c7fd6b3273
prabh-decoders-braillevision/dataset/braille_merged/images/train/yapayzeka_1348_1354_jpg.rf.7dd55aaca738b71b148347ad8eaabe4f.jpg,004c148780098106857483ab75e7c2051f335e332657c76a2a8ffe9f4ba7d630
prabh-decoders-braillevision/dataset/braille_merged/images/train/yapayzeka_1349_1366_jpg.rf.e5c986988651a875a9dc8113eb562a9d.jpg,a2d97fd93c3f2a2fb7850bb4a6a20508f8a35fd9bbeb6c1da0b613ce0f99a277
prabh-decoders-braillevision/dataset/braille_merged/images/train/yapayzeka_134_2717_jpg.rf.d5249bb043127a1157b6780675be6016.jpg,d9d5903ccacb8d7440ebe1d6225b25ef91f0e653c4935e79363ece6128a765db
prabh-decoders-braillevision/dataset/braille_merged/images/train/yapayzeka_1350_1549_jpg.rf.84b780084cd8df60d1eb5f17531eb964.jpg,78277e0bf47659a137b02c67f61d08fa436c952a784514ade1b7e6a4bfe3b851
prabh-decoders-braillevision/dataset/braille_merged/images/train/yapayzeka_1351_33_jpg.rf.29825e6f016b885b15060ab5567337f7.jpg,cfc43acc7ee473661a8bf7021a5d8a3eb23bfc5d5c1c76c6e57daa7361911c46
prabh-decoders-braillevision/dataset/braille_merged/images/train/yapayzeka_1352_3274_jpg.rf.dc3377e1e79dd7bcd64a1ef7ff696c17.jpg,e89fb21118825c5d60affdb4ad3a9957be74103864945d75b450a14d1256b681
prabh-decoders-braillevision/dataset/braille_merged/images/train/yapayzeka_1353_1675_jpg.rf.fdfc775e4d3f458c72f5e4181fb9beea.jpg,2241bf3119c94edbcae1fda942d611d7b3ee9a1f31e50f231163e87c33d5e843
prabh-decoders-braillevision/dataset/braille_merged/images/train/yapayzeka_1354_1362_jpg.rf.a37dc130ff1468723910fb574b5dde93.jpg,7bc624d8bd3a65106af3a5d68c44c0d7045c2633f411e359072b3dd9ca8a5b8a
prabh-decoders-braillevision/dataset/braille_merged/images/train/yapayzeka_1355_1368_jpg.rf.c146859f2077e07d3a31ffb80b12263f.jpg,7d52bcd412b2b638fa5e72edb21fb2eded98c7b8061d8474e2c9236423ce1cbb
prabh-decoders-braillevision/dataset/braille_merged/images/train/yapayzeka_1356_IMG20230420225849_jpg.rf.d6b164f7b9d6fe01a4c394bb108ff378.jpg,65788411351d9616e88a260854b1e0dc95ac0799f8be35d6d80f787356f15ab5
prabh-decoders-braillevision/dataset/braille_merged/images/train/yapayzeka_1357_IMG20230421122954_jpg.rf.5e5fea94047a3666f5f66b2178717982.jpg,5ba75d3dca2e7a009980726c9410bf17d5c53e04b46c950c80213363522d56c3
prabh-decoders-braillevision/dataset/braille_merged/images/train/yapayzeka_1358_1662_jpg.rf.15af483341c70f4d78a8d71093959796.jpg,2cc48e473a67ee2eced5448475d00ff9eeef4eb31246304a6bfd70c8a06e8c43
prabh-decoders-braillevision/dataset/braille_merged/images/train/yapayzeka_1359_3296_jpg.rf.623013e4769ab1c4aab3762abf7e27d7.jpg,ebe90167fa37160599314a9d0157165ea620d7afdd5bcc6c62d5394b2ae7975e
prabh-decoders-braillevision/dataset/braille_merged/images/train/yapayzeka_135_165_jpg.rf.0d6f309770565138d53dd0411121693c.jpg,297509240f22d5d03a51b9710ef4a6dd2bb2339d781472ad305282e91d696067
prabh-decoders-braillevision/dataset/braille_merged/images/train/yapayzeka_1362_171_jpg.rf.762e11390b06c723d0c996eea5afd573.jpg,4b5dce06c419b1c9cea2dd20e90acdebfbdf194952205893ca4c625c4b06edcb
prabh-decoders-braillevision/dataset/braille_merged/images/train/yapayzeka_1364_2702_jpg.rf.884a51a50ffca818d0aec9696c1cfce1.jpg,e1a0396727f7caac6639821db02e77c29e43b614af7c6d32352885970cd73810
prabh-decoders-braillevision/dataset/braille_merged/images/train/yapayzeka_1365_3288_jpg.rf.16a78606f3a6e6bad44080da7657f9bd.jpg,3039f4d99263d30b6e277411cb95812364a160182132fdd3e34b41d24f16b09b
prabh-decoders-braillevision/dataset/braille_merged/images/train/yapayzeka_1366_3484_jpg.rf.91f09cb195ed1c8b198ba7d30ffe5ba7.jpg,a4b15cb6faa60ae03b520df7b4e7ee1a599d3ddb1639279da87f46bd9d05b998
prabh-decoders-braillevision/dataset/braille_merged/images/train/yapayzeka_1367_3829_jpg.rf.d616fc4dcacb66aed3b18c9871797dcc.jpg,d4c3d09f662542958cb7a7b231d2dd4bd3e8ee8cd6e1dba46d189310435aeacb
prabh-decoders-braillevision/dataset/braille_merged/images/train/yapayzeka_1369_1350_jpg.rf.119e33e05c3786d3d9951bfe2a00cdff.jpg,c5d062b956dd22fe1c2d3c3feeb7621a03ce05712c5e3cc0650bc01ae0098966
prabh-decoders-braillevision/dataset/braille_merged/images/train/yapayzeka_1370_2324_jpg.rf.2071f51aa0aa5eb5f750e98b75e84092.jpg,1232341254e1d7bd0da83e49a67d8112e1c33d28d655dabc027bf49703cbf81b
prabh-decoders-braillevision/dataset/braille_merged/images/train/yapayzeka_1371_IMG20230420230041_jpg.rf.c4fb9b66325fa9fc3a815169c1f26989.jpg,014abff3b1d12b5d5ce01ae0ac7eea4aa01c098844fb5966cbd89b5f6191bbf2
prabh-decoders-braillevision/dataset/braille_merged/images/train/yapayzeka_137_2755_jpg.rf.ce3a534214ebd65250ca643517adccd1.jpg,9623deabb7e0c6967f3430c0f8e81a2fb60debefde7211518e3c04c689f5f79d
prabh-decoders-braillevision/dataset/braille_merged/images/train/yapayzeka_138_1534_jpg.rf.4d07bc4b5b34437bb8c455d9269da5cd.jpg,021b145e64a779060495eefe1551e924df0ff57c802277d59bd80939677822f2
prabh-decoders-braillevision/dataset/braille_merged/images/train/yapayzeka_13_2736_jpg.rf.6063137a7cf04c04555d4768d0f2a345.jpg,8ab99935b4e3e344f0938f93688d81281243d3ee7bce6b759c1007c1b86b24fb
prabh-decoders-braillevision/dataset/braille_merged/images/train/yapayzeka_140_2878_jpg.rf.db4db0d8d8680d40537cc3177db8783f.jpg,39217505dff1a58740465ad4a41c9c84746ffa53316f6959fdece56f4d10274c
prabh-decoders-braillevision/dataset/braille_merged/images/train/yapayzeka_141_3040_jpg.rf.294b92f927fc7719cfc61ecdcd19b08b.jpg,8cd974c9d578fc6b1db413d399b69eb9df95f081d4cb582f76f00ab9168abd4e
prabh-decoders-braillevision/dataset/braille_merged/images/train/yapayzeka_142_2337_jpg.rf.08767ce919bbcdfd8a8ba244a71ca945.jpg,fe82a5da1c03d910bfaf07b04cdd91eaa0b55a5a186ad861f0248b745cdb8725
prabh-decoders-braillevision/dataset/braille_merged/images/train/yapayzeka_144_3996_jpg.rf.5645d191e8e6cc05e7ba95734527e23d.jpg,8e38c51a5cac02a74aaa5bd42ae18c4f299cf21b4154b71efa9b81cea351bda4
prabh-decoders-braillevision/dataset/braille_merged/images/train/yapayzeka_145_3032_jpg.rf.1fa2f0d806827413da2cc0af84da4d29.jpg,b1bab81c9fb80b3c6afa37cd1e6802d54d2dc72ed780f142b586c564f5f1a126
prabh-decoders-braillevision/dataset/braille_merged/images/train/yapayzeka_146_2333_jpg.rf.530ed86432e3f63f0ec268cdc5f81ff3.jpg,d1721ebafbf151ed6cfbf6b83451751c7f4b9a250612145ab098ad2b158d7410
prabh-decoders-braillevision/dataset/braille_merged/images/train/yapayzeka_148_4080_jpg.rf.b3b40dba24ff7e32f037e74326417979.jpg,48265bf7a40584a82d6bb14d9b73cb67baf0fc953061c15c910d931f028266b6
prabh-decoders-braillevision/dataset/braille_merged/images/train/yapayzeka_149_7_jpg.rf.5a419535c1f9c7d1860e6957c715db62.jpg,914da38888a719d66684f2eb74646174b8ccf290a6362dde5fbe66a071bb42ec
prabh-decoders-braillevision/dataset/braille_merged/images/train/yapayzeka_14_3844_jpg.rf.2b419ccefab1ae2cf91651c3e6b73064.jpg,f2c93a0a4c45e7798ea724e30198a7352022f7da08441eda6797b989e6b96e8f
prabh-decoders-braillevision/dataset/braille_merged/images/train/yapayzeka_150_3846_jpg.rf.46d37eefb46b0761e20d40b2e51d9619.jpg,10270036cdd21c25c6c5184fa0fb724662a4f9f5aa76aaf043d02638ebefa3e5
prabh-decoders-braillevision/dataset/braille_merged/images/train/yapayzeka_153_47_jpg.rf.e0a59749aab63539ebc037f529992ab4.jpg,4c7e3a55fd7abccd03671ef095460c9de2c4b8ebd5038db0be9b8ae3b8a62d2b
prabh-decoders-braillevision/dataset/braille_merged/images/train/yapayzeka_154_6_jpg.rf.490b632d81d28b585be1691d9a0278de.jpg,b8333d43196757866f4c213d146dfaec01144b5085a120b0b9eb56cf05599397
prabh-decoders-braillevision/dataset/braille_merged/images/train/yapayzeka_155_IMG20230421102536_jpg.rf.2fecfaba67f3b76e36bffc7571a53d4e.jpg,6dd07cde26eefcabce67da7bcf7bc6b4e2a6b5ac19a17256bca90ed933c584bf
prabh-decoders-braillevision/dataset/braille_merged/images/train/yapayzeka_157_3469_jpg.rf.272457292779688c2a180f78029684d0.jpg,799eea8b20f75775f5e63ecdc42f374886f77417aac55f50df1c9044b79179c0
prabh-decoders-braillevision/dataset/braille_merged/images/train/yapayzeka_159_1679_jpg.rf.7489ea61d3a8c553d733259e9c586b2a.jpg,e6e3a7ce2ec0c4864960ad97a734356034b7440d52fbc1e697a37d96b15d138d
prabh-decoders-braillevision/dataset/braille_merged/images/train/yapayzeka_15_1581_jpg.rf.9f33e7456412f467fd6e349a47e22dcf.jpg,a4be91d6f064dfffe9aa51b6b420a31863449cd73b941e8ee2cbe9cb9ff1966a
prabh-decoders-braillevision/dataset/braille_merged/images/train/yapayzeka_160_1550_jpg.rf.c040ffe8b354157f79ed5b88c7587715.jpg,8d154ba2a68ce5936e313cc7af62b010bb183ca872bdcf9354c863379dd38587
prabh-decoders-braillevision/dataset/braille_merged/images/train/yapayzeka_162_1553_jpg.rf.ce7d4d27ab7405d597aa0c393ea4fd42.jpg,9d92ab426579b06a8f4e2b152eab0eae1b898ad92aad0820bb2f07fefb7f249a
prabh-decoders-braillevision/dataset/braille_merged/images/train/yapayzeka_163_533_jpg.rf.95135a165528033bed19e27b3a0cc38f.jpg,25417e6f9fa9f36bc4c6e51b42f5e3850bc4d8ea318c6e70da760230f47fffbb
prabh-decoders-braillevision/dataset/braille_merged/images/train/yapayzeka_164_db11_png_jpg.rf.2dd0f4299bf76013c6c0ecec5990ad90.jpg,a18ff67fbff0b7b50454ca89aa12aac97b56ac6dccdd5a0f6258c7c865d6ca82
prabh-decoders-braillevision/dataset/braille_merged/images/train/yapayzeka_165_IMG20230422143607_jpg.rf.2a0fef961c03a45fcce20d686291ba36.jpg,35b18318c00d655b7f39b85d6ff1e52d7cc905305602c2ee5f2d8ce35526cfb3
prabh-decoders-braillevision/dataset/braille_merged/images/train/yapayzeka_168_1598_jpg.rf.d159c634f51ba95b0a0aba7ef7083322.jpg,dc412d854910b504e2fd90f75c13c478ba6ce21875a34750d692e94335a02a0d
prabh-decoders-braillevision/dataset/braille_merged/images/train/yapayzeka_169_1527_jpg.rf.538a2db9d9fcaca12594da923d5f9620.jpg,778bed6c2b07a2b0669f4a2765f90389be4d0126a21e78b8465128e344e4efb3
prabh-decoders-braillevision/dataset/braille_merged/images/train/yapayzeka_170_18_jpg.rf.eac3326b7cf389d50cd33584a95612f5.jpg,f22896d0643c36ff062ff55dbf03be2747c903e7ed2636b70cbedc80f0318295
prabh-decoders-braillevision/dataset/braille_merged/images/train/yapayzeka_171_2744_jpg.rf.6d17509f62e90649b7e2fd909f357268.jpg,4872a4fff4e8ebe3fe07522bf5ce87e880253d776a7547afec727cc891c5ec28
prabh-decoders-braillevision/dataset/braille_merged/images/train/yapayzeka_172_5_jpg.rf.1d73a0eabb49c88c09e1bd89beec1367.jpg,30ab77ce77db3838986c184fe9476c31b5b8ce9ff942f5128f8504612927d82a
prabh-decoders-braillevision/dataset/braille_merged/images/train/yapayzeka_174_1317_jpg.rf.7ae464e8b23fe53d143d8dce400c6848.jpg,088c0b041a6e1e0ba6c087431e4abdb81ceafd6b3bcb1d877456f9573a2a931f
prabh-decoders-braillevision/dataset/braille_merged/images/train/yapayzeka_175_2705_jpg.rf.c92c62dabf16d716560087a1760b0e40.jpg,01e02d9fe4137d7d64af9cb3856eb5546562acdc34794e61dda342dd100cfe02
prabh-decoders-braillevision/dataset/braille_merged/images/train/yapayzeka_176_1648_jpg.rf.3d3ca559b5ed97bfeb4dce9e8ec306a4.jpg,6f9459b1c526477b6b990b48475bb5317530a7f2022dec8a965aed2daeff5f65
prabh-decoders-braillevision/dataset/braille_merged/images/train/yapayzeka_178_3812_jpg.rf.d0eda8f29279604c433181af1eb2acf7.jpg,357f0b655361b97bd67ffb404517de65d9f5b0d6af2f21390d0762e6e0734fd2
prabh-decoders-braillevision/dataset/braille_merged/images/train/yapayzeka_179_1635_jpg.rf.d599767406f42ee2d4d7687f920c6a1c.jpg,c722043505e532bd204ae2a13005bfbc89fcd69481445454ed40b12c231dcbca
prabh-decoders-braillevision/dataset/braille_merged/images/train/yapayzeka_17_1356_jpg.rf.7c6515cb5e448e9fbf64e6b33d50b62e.jpg,dc4ecb8410fa40ecf9c0eaf48620bfe4bfec6d4ea5bbaf5fb0fd9d7cc7a46f74
prabh-decoders-braillevision/dataset/braille_merged/images/train/yapayzeka_180_3261_jpg.rf.9f38c53b8993be0a307fd241f7e7f341.jpg,d9c6541389071721cbcb45e086f010a5fc6af98cff296064ac0db7b8686bfe30
prabh-decoders-braillevision/dataset/braille_merged/images/train/yapayzeka_181_IMG20230421210208_jpg.rf.973173a190f9c5a79f0cdfaf26a0b285.jpg,f2e9b01544636bf2e9744046c2c46edd047ebe4a8efb194cab9b8e067578fd7e
prabh-decoders-braillevision/dataset/braille_merged/images/train/yapayzeka_182_2323_jpg.rf.d2465cb5e019562a4d2974be0b51504b.jpg,82002a30012a717b3886ba91d4738832b8d362407a6aba731921ea2cd923e3c9
prabh-decoders-braillevision/dataset/braille_merged/images/train/yapayzeka_183_3313_jpg.rf.ac063febc401821fc12551b500726992.jpg,f02f0680abec965347f09c527ecd4d21908b554c7d8ba6069d5510b959931fdc
prabh-decoders-braillevision/dataset/braille_merged/images/train/yapayzeka_184_850_jpg.rf.df28d6000b42f5300b1952aa28fa3de4.jpg,8f3b33dccc0135f161ccfddfd9a43f42fe470dda6ffcd0bccc747206a2dab128
prabh-decoders-braillevision/dataset/braille_merged/images/train/yapayzeka_185_2747_jpg.rf.c17eb6e12bce0d74bc5886518d8facf9.jpg,a460b9c4a4a0e0d09d26b7fc7f2e9ebb13ab648f65033a9c4e58475286febaec
prabh-decoders-braillevision/dataset/braille_merged/images/train/yapayzeka_186_4581_jpg.rf.1e57db9970966b5ce22c09b6bd1e3894.jpg,329ced5a433e4088f040f182ddfa294910edb6e554da07f957dbaf2019b8e901
prabh-decoders-braillevision/dataset/braille_merged/images/train/yapayzeka_187_2699_jpg.rf.eb1d1298663d9144f475ffb50e40bae9.jpg,e3bbcc8c732919a9f21784051875ad1648313358906d9852eaf49ed7e4ebd3cc
prabh-decoders-braillevision/dataset/braille_merged/images/train/yapayzeka_188_1332_jpg.rf.7c1b2692f32634740ccdf28e3bee2fbf.jpg,d05d255af61570731a5ebafb7d04f6fa57741907cd8ce82238e572a1c3098076
prabh-decoders-braillevision/dataset/braille_merged/images/train/yapayzeka_189_IMG20230420223652_jpg.rf.8bf620ff3f310870161007f35bd32cfb.jpg,5ceef6d251cbdee1080759461b523ec831d436d628990e922e5fbee2b0cbba64
prabh-decoders-braillevision/dataset/braille_merged/images/train/yapayzeka_18_IMG20230420224302_jpg.rf.900ab24b71d5b23cf64ce8a7575b8c86.jpg,e3bb6a76f3ebc8446a7afba9eb7e4af0db03c259b50d21969ea7c38ba7d75e5f
prabh-decoders-braillevision/dataset/braille_merged/images/train/yapayzeka_190_2925_jpg.rf.d4edaa995474b48a7078a8052fd59ce7.jpg,3b6ebb5ebcc07b7276eb500643868722b37ec5191b1ca0dd44b7d233848d61f6
prabh-decoders-braillevision/dataset/braille_merged/images/train/yapayzeka_192_1626_jpg.rf.68b5a3a33ef2a918148c789985d5bb0b.jpg,a6a88dcf8d52ba1c320a17e702da611c1bf033b9dbf9d0e5db4668be36da56e9
prabh-decoders-braillevision/dataset/braille_merged/images/train/yapayzeka_194_618_jpg.rf.b75a42e27212c549821c7cea20f9dcf0.jpg,9a39b21797644389dc12e0ed6540179e34b7f6435fb74bd2f33d7de6aab1aef1
prabh-decoders-braillevision/dataset/braille_merged/images/train/yapayzeka_195_3803_jpg.rf.8581d6b26d392206aad291da54db11f3.jpg,cab4644e937954ebfebabbeb4b37e496fd7bd5939393f55b48132e45ea1a9e4a
prabh-decoders-braillevision/dataset/braille_merged/images/train/yapayzeka_196_1326_jpg.rf.596efb3c282e2874d3b6033a00cef429.jpg,8d4cf155d7cd1f2cd720e92d37aca202bc1ca4159d091848a78d3447f15f8a11
prabh-decoders-braillevision/dataset/braille_merged/images/train/yapayzeka_197_522_jpg.rf.884e46131f5e6a4fa52b85c30f94f629.jpg,872539fb8744a9c4c5b63a91f845952578e7786951cb3c3111113907d26465bf
prabh-decoders-braillevision/dataset/braille_merged/images/train/yapayzeka_198_dito-start_jpg.rf.7c3ba76b218c70b16ab8e121b0a461ab.jpg,e4f7106a198f240e5c1f6953a4a2e27c34e036dca187af740f1854f801d9fc28
prabh-decoders-braillevision/dataset/braille_merged/images/train/yapayzeka_199_846_jpg.rf.42ecfe7a565c9f1223192edfc4b7d632.jpg,9d3c679669a30794212ac383b09b38f31a438c18b799eabbd3b40d674881d9f4
prabh-decoders-braillevision/dataset/braille_merged/images/train/yapayzeka_19_3826_jpg.rf.ddc69d9dd1784576fe0ff08c2b960365.jpg,ae4a389d4ec3851a259d16f55ec092cd164355f2e920e48061b24117f641dfce
prabh-decoders-braillevision/dataset/braille_merged/images/train/yapayzeka_1_1085_jpg.rf.dd244932fbf96cd062eebdb77d5ca4bb.jpg,5db0c1e01afeecc3ecd2879da3cc30cd239665e641a72a636561e25075e3d5f8
prabh-decoders-braillevision/dataset/braille_merged/images/train/yapayzeka_201_908_jpg.rf.9f8874935d8311b150483b49b77f98be.jpg,72dd49ec6db15559d3762a13f919ee0397b2d3034e2057aaeac2b22898fbe91b
prabh-decoders-braillevision/dataset/braille_merged/images/train/yapayzeka_202_4576_jpg.rf.ed5a89798bf9c0bcca229c739abe602a.jpg,feced4961b10e3b85a3b983c401ff4ec0e1329baea1890f7907d64b676921045
prabh-decoders-braillevision/dataset/braille_merged/images/train/yapayzeka_203_2742_jpg.rf.a66db55ff4534c1535bea39f8a265318.jpg,defdef34302ac32b2dd09239bfc157c542b529d4ca50e3a96f02d09617463521
prabh-decoders-braillevision/dataset/braille_merged/images/train/yapayzeka_204_3475_jpg.rf.fc14aaa356b4d0c75d43c5a1effcb74b.jpg,75c80c315e1a2398f6240ab81518510593d731bb3b729d159043a73c265f272f
prabh-decoders-braillevision/dataset/braille_merged/images/train/yapayzeka_205_1678_jpg.rf.9312bbe2e44f75bbd34264e8fe610f32.jpg,7c25af22503ba237080d718367b519aab8da91e74982bd8b2079ab78b1a24101
prabh-decoders-braillevision/dataset/braille_merged/images/train/yapayzeka_206_3515_jpg.rf.fff26b779e7bdc39a0e509b7ffa541cd.jpg,a08c9183d12b7668f9fd23e428c7e58fceb2c51dfa5d5e242c864363c2d8e860
prabh-decoders-braillevision/dataset/braille_merged/images/train/yapayzeka_207_braille_png_jpg.rf.047d8573ba6fb8ccee68855bfe88145a.jpg,494f75e1fa158a70ccc0fedfab37d27e8d49e2eb3b9dd3fdf21eee39f7f514ae
prabh-decoders-braillevision/dataset/braille_merged/images/train/yapayzeka_20_2349_jpg.rf.9eb910905cc52dda85cbbdc47817478f.jpg,6211acf405eb957cba169e967cd1727e1ed7a7dbe2f5cac974728b761e21c242
prabh-decoders-braillevision/dataset/braille_merged/images/train/yapayzeka_210_164_jpg.rf.cd1133ea06b923e561ccdb5e031714a7.jpg,98f8f5873082cb1ddf7fbd18529e37a9d49666ab3baf9d6fa2ef8bdbc5fbeb4d
prabh-decoders-braillevision/dataset/braille_merged/images/train/yapayzeka_211_1655_jpg.rf.16f667b8c7b8c7d47fee8a5956b4e31f.jpg,9393b3c6943ce0136eb065c05101dfe84b05ce6b43a6fa1d86a938e39eedfa02
prabh-decoders-braillevision/dataset/braille_merged/images/train/yapayzeka_212_4008_jpg.rf.1eeefbcca330be82ea356113f41b4bde.jpg,0be99affd639209b10de75394edef9e6b62153ce8ba9ecd2af4cf0403eaa800e
prabh-decoders-braillevision/dataset/braille_merged/images/train/yapayzeka_213_904_jpg.rf.5e02ff185010292b8b6365f66802f339.jpg,fb131d983b894d263ad63cb39f760c7687f38fdf13b79103e1e85cee35bbcb74
prabh-decoders-braillevision/dataset/braille_merged/images/train/yapayzeka_214_db3_jpg.rf.b6690e3e32ec09a0ae3d8d1e2afadb7a.jpg,b1ed0ccbbbd2748d2ac613902c7a4ea52caef94e53985c053f86d1fe34e0deff
prabh-decoders-braillevision/dataset/braille_merged/images/train/yapayzeka_215_2890_jpg.rf.7f9565962874794c5d3e7ca777d4b67c.jpg,0af214fee73c2eeb619fb20cc8f7536ecafd205929c851c485f335e1a0fe3ab7
prabh-decoders-braillevision/dataset/braille_merged/images/train/yapayzeka_216_3307_jpg.rf.371ddb0eb28d844414dbcf17ea971013.jpg,33307d2b479a748e7b99da7c921afaa5aa961c4564d6e77a5931613865850c02
prabh-decoders-braillevision/dataset/braille_merged/images/train/yapayzeka_219_2_jpg.rf.368dd2d2ad6af8af02d531c3e9901747.jpg,87deed47e5964ce155b90a86ba80c70ab15647503b9ea40788df2717fc8a287d
prabh-decoders-braillevision/dataset/braille_merged/images/train/yapayzeka_21_a-Sample-cropped-images-from-the-braille-dataset-b-The-37-different-symbols-in-the_Q320_jpeg_jpg.rf.af9427e7b42d21c37e6b25f201e1280a.jpg,3fd60642447e9cb845e69b6a82fdb059516a78afc56b432f8410eb6681f6d5ee
prabh-decoders-braillevision/dataset/braille_merged/images/train/yapayzeka_220_2339_jpg.rf.cbeae4a1ec82a8b1570025f463eea9ea.jpg,9a170002fdd6eb2637ee869f7d271290f992fa0922f2b0dd670a13551cb88aa3
prabh-decoders-braillevision/dataset/braille_merged/images/train/yapayzeka_221_1330_jpg.rf.49a5e59b57d96de63346cbb5b67c00a7.jpg,40ddc332b330057b012fc66a09cbef3edf613fd8b1fdd11925efadf37c221b11
prabh-decoders-braillevision/dataset/braille_merged/images/train/yapayzeka_222_4068_jpg.rf.aa80e27b252aed221749bbb21c1cf970.jpg,af87bdbf127fb9606545e876b9d0ae4a8ce82e5fd5d63f94546e15ebb0556c1c
prabh-decoders-braillevision/dataset/braille_merged/images/train/yapayzeka_223_IMG20230421205244_jpg.rf.54942bed0e9f2c3d50c65a88336ae82f.jpg,0066ee085444d476c18b1b0bb6849ce5c44a003233f2a02c1a14a1febedc02c0
prabh-decoders-braillevision/dataset/braille_merged/images/train/yapayzeka_224_4042_jpg.rf.f764efd34ac467a6ecacb3e54efeb3c0.jpg,9fb009d122d404cf0d9214a8b4de9a586b61542d891542d3f3638245a0398721
prabh-decoders-braillevision/dataset/braille_merged/images/train/yapayzeka_226_4570_jpg.rf.f235acf0505fddf78a717a96961d2da8.jpg,d54caa78142961aac598960d391fd338dfebda2005146542b51e2042a26d8a79
prabh-decoders-braillevision/dataset/braille_merged/images/train/yapayzeka_227_IMG20230421102511_jpg.rf.d2287cc3196688b0431e4a9832df2e62.jpg,9db0ba5c0ab6043b840bd053ed64899d285e4d9e52dfd0a7facfb52b65aa1e9b
prabh-decoders-braillevision/dataset/braille_merged/images/train/yapayzeka_228_IMG20230421114806_jpg.rf.18bd16ea96ea09135f37c95822b78a6b.jpg,7b6d38f2593f84e2be7c873267ef36d8f0d118711d0735fd917614db2478b053
prabh-decoders-braillevision/dataset/braille_merged/images/train/yapayzeka_229_2330_jpg.rf.d115e6bd74900e8dae2923a8d18fa580.jpg,f3d5f2d36fae136bb7216cf1c50cf331803783ce3fb84c5dfdcce3b06ca07488
prabh-decoders-braillevision/dataset/braille_merged/images/train/yapayzeka_22_3853_jpg.rf.6878377c063d7b316aeeda9d6ef24cf3.jpg,377dcb31d35cc86dbc5929542218234399559827ccce725a720b70edc9cc9af8
prabh-decoders-braillevision/dataset/braille_merged/images/train/yapayzeka_230_3842_jpg.rf.ae1cdde3f7aa0c1555cec7a33364466b.jpg,fe96d38417a3a5f8e85a53874167d1673a33cbd23079f163b56399b726a9b665
prabh-decoders-braillevision/dataset/braille_merged/images/train/yapayzeka_231_253_jpg.rf.c1129bd7401ceb831b6a1c88a87e3698.jpg,ba0ccc03f3ff8462ba4ea0cffbd6f46d5c85577fc3a935d03dc628a92fdc6a9f
prabh-decoders-braillevision/dataset/braille_merged/images/train/yapayzeka_232_db16_png_jpg.rf.3d6f16520192e80805f7fbb2a15f749d.jpg,a7a4a61bd3d6092a5bed16e89b7d34af5bcee67d10828a1ebe36d0bec4f266b6
prabh-decoders-braillevision/dataset/braille_merged/images/train/yapayzeka_233_IMG20230422144407_jpg.rf.cbec22881e2ff6d149dee33a261dfb51.jpg,0b2dfcd145207ab58be50a35a1b22d1f8a525e232c8ac0fce8e12580f9b9166d
prabh-decoders-braillevision/dataset/braille_merged/images/train/yapayzeka_238_2888_jpg.rf.344e59774324de00009e02e111bd909d.jpg,449a6fc250968bef859d467b6b6f6e9303196ed2b4490b8dbca9f8872137b580
prabh-decoders-braillevision/dataset/braille_merged/images/train/yapayzeka_239_3465_jpg.rf.f63dcc477ba0fbe73d3e58c60d51cbd6.jpg,d66be94981e301d21d5689b90a8a537e03092d73fdf326b2c83f7d7cf0a24c22
prabh-decoders-braillevision/dataset/braille_merged/images/train/yapayzeka_23_1658_jpg.rf.4b1f340ad65fff1ace23c7d9b7e83475.jpg,7975a87ae5fbcb4eb2f069579ed173839ce7e4197ba651c186671bcbae3c2f3b
prabh-decoders-braillevision/dataset/braille_merged/images/train/yapayzeka_240_844_jpg.rf.e44f7cefa9088f6f7ca1dcf5f9981ded.jpg,7e0400532bfbaf75a0262abd631ff6048a4a1230168fa5c2c9c9691a26bf57b8
prabh-decoders-braillevision/dataset/braille_merged/images/train/yapayzeka_242_1089_jpg.rf.3e0a672669ae7ee3958a3d3932dcf978.jpg,e133f718fcc8228c0383049dd2237aaec856a2d07ec29ba6f4a765038c34ce98
prabh-decoders-braillevision/dataset/braille_merged/images/train/yapayzeka_243_IMG20230421122914_jpg.rf.37f6cd8b291aa3861e0199a2467b6f34.jpg,e3602de230e82a0c74e5ab388c442edb935ad10368d7f659a4f06fe4529201c7
prabh-decoders-braillevision/dataset/braille_merged/images/train/yapayzeka_244_IMG20230421102437_jpg.rf.f27ae13d3a38fed9f503d5c950342811.jpg,3b5adb009ed775d5ef3862d262ffdf9bfc4e5f42520cb037978fa7fb17a5c45c
prabh-decoders-braillevision/dataset/braille_merged/images/train/yapayzeka_246_3021_jpg.rf.b8475fd7c95112d47e99ee1beee07c26.jpg,e9ddba8cbd8218835ffc9fdb25c8edeb321795d1858344c135d4638182bb27d0
prabh-decoders-braillevision/dataset/braille_merged/images/train/yapayzeka_247_3004_jpg.rf.8e705ccebd58e72890d1588134d9604a.jpg,6e91c6d5b1e1c12df86123baeb72b9b1692b53d291da687f5d3f4fb30d50a3a5
prabh-decoders-braillevision/dataset/braille_merged/images/train/yapayzeka_248_278_jpg.rf.a631bd1326b3cc967ef40489baee08f7.jpg,4a38f5da6b78a11ac4893e5cd05c705522808272b2223ebeab536478bb207344
prabh-decoders-braillevision/dataset/braille_merged/images/train/yapayzeka_249_4064_jpg.rf.1e7673c99592cc2ef5c2524dce7b960f.jpg,2d4a3af6065210a32a88229e22dd5580bb21e8f78b19c47f8cdec599faf72b62
prabh-decoders-braillevision/dataset/braille_merged/images/train/yapayzeka_24_178_jpg.rf.ba3d79a5cdd57afff65be202516b1009.jpg,661152755845ebac93f17a517288af1a9d3d4386d6f3565336496f46af81056b
prabh-decoders-braillevision/dataset/braille_merged/images/train/yapayzeka_250_4084_jpg.rf.644ddda0fd914badcf00a61bbd52484f.jpg,94e727f7fe03e8dac82d3d7c6c5193bfe5f07cc89df2d721c2d314579a34ea67
prabh-decoders-braillevision/dataset/braille_merged/images/train/yapayzeka_251_3014_jpg.rf.826c7d1e793e55a43423238be7f40dbc.jpg,fad5ed755f235d337343bec13e30698a03aa4992e8c632182f40fb878ba0c73d
prabh-decoders-braillevision/dataset/braille_merged/images/train/yapayzeka_252_937_jpg.rf.d521a8c0b2d85441ba076ce13aa7341f.jpg,43512bfc9303bbfda91f0d49e846679163de9cebddcdc218f8afd314933b9ca4
prabh-decoders-braillevision/dataset/braille_merged/images/train/yapayzeka_253_2899_jpg.rf.c9154a51fe31609623c8330c55a62d88.jpg,c213ea599c18ad061c4455fba3fe8cf9adfab1ea85c2aa66229ec6e268a184a7
prabh-decoders-braillevision/dataset/braille_merged/images/train/yapayzeka_254_2341_jpg.rf.1672ad5fc43e7a8b34fa3e28e9b16070.jpg,5232f9040130c86b8f8c1a6aaedf71d98b43ec81a4b6380fa30931f1da3a5137
prabh-decoders-braillevision/dataset/braille_merged/images/train/yapayzeka_255_2924_jpg.rf.35f623b76bd4e834da55fcead29c8fc4.jpg,bb8350cd2737ddb837c1900abf5bcbe225b444ad3d59efbe1312ee80060b64df
prabh-decoders-braillevision/dataset/braille_merged/images/train/yapayzeka_256_IMG20230421104523_jpg.rf.f97b88c7193e035d17c577aa75c1d9de.jpg,4f85ac6253896988f82d77895ba239c3825b79f49443c63ad03d3e055012c1fc
prabh-decoders-braillevision/dataset/braille_merged/images/train/yapayzeka_257_1094_jpg.rf.ec206cfcfaf21669256049a4a3df7a4c.jpg,4b2fab48bf3c682bb987b19a5a3bfad4961d3b2b2fadb91d5b3d2aad5c7de086
prabh-decoders-braillevision/dataset/braille_merged/images/train/yapayzeka_259_2997_jpg.rf.4edac85378b82cd085ee8d94cf4c4018.jpg,0f11525691a7f7b128ac90f3788c400779b1d103e6b75b7b4ae1960ee2605c4c
prabh-decoders-braillevision/dataset/braille_merged/images/train/yapayzeka_25_3309_jpg.rf.7dac89668eaaeb920a56745869749077.jpg,0b965ad8cab6fccb38ea76a8c0d5262cd98e38d88d2b0667d8dc2bf748ae5259
prabh-decoders-braillevision/dataset/braille_merged/images/train/yapayzeka_260_IMG20230420225122_jpg.rf.ab649086989535bd43b8e26c3b49bdd6.jpg,a81b3ca82caf2b7a8e82fe37028837961fb99257b88be2f93e0fdf20830363cd
prabh-decoders-braillevision/dataset/braille_merged/images/train/yapayzeka_261_44_jpg.rf.1c8689cf91f06ee0b2a0b8bfa719f68e.jpg,62c88a768bb810015b87daf949479548089e358946de34b8b5c54f49f5c4eca5
prabh-decoders-braillevision/dataset/braille_merged/images/train/yapayzeka_262_3310_jpg.rf.a7ab6428c269235df4e1e8bad17ba2f0.jpg,ba7768e4e571e7cb9034848c73013d05ad66dbe2969c8b97891f64d748b2d4ac
prabh-decoders-braillevision/dataset/braille_merged/images/train/yapayzeka_264_617_jpg.rf.0c0307775f7f9c70254ef395abd7b525.jpg,00a40378359dbe6ba319ded13018880d34b7aecf18dc477a841b32c7aa87accd
prabh-decoders-braillevision/dataset/braille_merged/images/train/yapayzeka_265_2893_jpg.rf.004f39e8d8aac2f131134c026974c78b.jpg,2c540ef1349c7b0919c91440247e0c9722e1d45435489f3c57e182557db72e3c
prabh-decoders-braillevision/dataset/braille_merged/images/train/yapayzeka_266_584_jpg.rf.e30c200f02da7188ea75d05a9218fa08.jpg,f7450360e8112f36e9812fe574dffc18f5616ce2d15848b976f3eb85e90a49a9
prabh-decoders-braillevision/dataset/braille_merged/images/train/yapayzeka_269_2753_jpg.rf.3f9f80fa6942042d118c7ab8bc4422e5.jpg,16b9983e87084d15b37ff45636d3bcaabf56595818e6dcf7315da31b8ca2afe6
prabh-decoders-braillevision/dataset/braille_merged/images/train/yapayzeka_26_4588_jpg.rf.485a8c97f0b59906e57d60c0bc6a6a9a.jpg,856b22b0c828f0773eb9a8c1c30117b66253289a21d67bde5c1c2911a3993fb2
prabh-decoders-braillevision/dataset/braille_merged/images/train/yapayzeka_270_4032_jpg.rf.c21f70f309fc79bf8f3ce4bb288c2352.jpg,ac603ea740e87120fa3a8050e14e959869d80efa91104f6a8a58dad248ead331
prabh-decoders-braillevision/dataset/braille_merged/images/train/yapayzeka_271_2986_jpg.rf.52f300bf3f3bfa98d0000445a8c3ee3a.jpg,2aef51633753bd261a242e1a738084b079f63d9e971de2b3e46f3444e1b765a4
prabh-decoders-braillevision/dataset/braille_merged/images/train/yapayzeka_272_IMG20230421210021_jpg.rf.ac94fddda99b80f771b39cc9e4511a54.jpg,c61db4d1a9afa00fa561a891bddffb9e430385c4d2f029884d795592a2ff31ea
prabh-decoders-braillevision/dataset/braille_merged/images/train/yapayzeka_273_2889_jpg.rf.a7020695d1068b1f1990aec84b88afbb.jpg,c7a6a6432d4db9930b7e1f77ac0c1f1798616e73041171b5a8499d721f6e6eb6
prabh-decoders-braillevision/dataset/braille_merged/images/train/yapayzeka_277_IMG20230420224216_jpg.rf.cf3415826eb86b77bd581d4f03dec50c.jpg,a8530bfb6f7375a6f77635d96e2aa12206403428d38b2805bf2fbf6306fbd6bc
prabh-decoders-braillevision/dataset/braille_merged/images/train/yapayzeka_279_IMG20230420224311_jpg.rf.1136efcb3598c3e82e5c5475db19afe3.jpg,a305c426769d00f2b9a7a544f52dc659ad408206dde4881fffeadb10a7090d6c
prabh-decoders-braillevision/dataset/braille_merged/images/train/yapayzeka_27_IMG20230421104444_jpg.rf.340c5b0c716d17432d5ce4f0f9859a00.jpg,b87a603c21647b80990cb13f807c4424cad3c8ffa99e7ba89fc1908e836e1407
prabh-decoders-braillevision/dataset/braille_merged/images/train/yapayzeka_280_2910_jpg.rf.5e7165098fc35170a31a09e652dab9d2.jpg,69283e6a48b2d6b12cadcb7a964e11d9cf823cab76df122d8437fa532091e28f
prabh-decoders-braillevision/dataset/braille_merged/images/train/yapayzeka_281_3825_jpg.rf.239a73c97f34bc2e5a71c23a321ce818.jpg,0a391e6d24e3041c591e23b8979271af94909e690a3608e0a4acba573da46c42
prabh-decoders-braillevision/dataset/braille_merged/images/train/yapayzeka_282_3509_jpg.rf.01267247f6994648ece33573f64f30ad.jpg,eda613ba64afa6010fc537f15ab0c5e9da184e01c40088b5b44763d1ad200af8
prabh-decoders-braillevision/dataset/braille_merged/images/train/yapayzeka_283_537_jpg.rf.0313ccea8b5c01abbbe8ffe736ffe105.jpg,e71ffc75749d4a2ac2fc62d99a1ec6a765a1b89cdbb035cc2db0ffd39cbf4ae8
prabh-decoders-braillevision/dataset/braille_merged/images/train/yapayzeka_285_893_jpg.rf.20aacbd4b1ad43b478f0ce0d1f6d5e4a.jpg,12ee6c54162fd2450984de674fdc7d27050a341467e71e6eeb18c0ef064f3a58
prabh-decoders-braillevision/dataset/braille_merged/images/train/yapayzeka_286_1523_jpg.rf.bb5ff27d1746ca99b3752df6e710d24f.jpg,eb737e1239d2cb817a841c95a2e7e7d96349a4df27e7e3158c45e0acd6bb7d0b
prabh-decoders-braillevision/dataset/braille_merged/images/train/yapayzeka_287_3505_jpg.rf.e3f5fd7655c5b14031f129544bc1d31b.jpg,aaa6261ecb2473b1876fa774377a4fbe6f9faed7d26b586b378488da9b7de381
prabh-decoders-braillevision/dataset/braille_merged/images/train/yapayzeka_288_3510_jpg.rf.e71ad3a2e9dda7b37a91bb4731ae4441.jpg,54557207421372bae3ed037ec1ea8b88d5d6571d9b7811f8e01431706334f089
prabh-decoders-braillevision/dataset/braille_merged/images/train/yapayzeka_289_929_jpg.rf.d84b99d227dcaf339db31c9764b8f957.jpg,3936076bb824fc0ce1f01c698e104bff9a0d4c0d820310c8eaa8b34fe9338762
prabh-decoders-braillevision/dataset/braille_merged/images/train/yapayzeka_28_1521_jpg.rf.517f4511118eb4209787845fc3df3dcf.jpg,a4a69db6f3e85f88514060cc20fc0bd24da9c5d91f869d3ce1492165dc357b7e
prabh-decoders-braillevision/dataset/braille_merged/images/train/yapayzeka_290_3044_jpg.rf.8b1a604bb62dd1b647640cb753951c91.jpg,bbdc59e7d2b1d2e87f4b75e1afae9d1af61bad6b61d2988861cd73bc3971f13d
prabh-decoders-braillevision/dataset/braille_merged/images/train/yapayzeka_291_2698_jpg.rf.69bf18da8bce071055d0c982ddf1d9f5.jpg,02fbc89b64b5545b48ff2302df01cadaeab7efca39a92b11f9963b7cb0e7b28d
prabh-decoders-braillevision/dataset/braille_merged/images/train/yapayzeka_292_3302_jpg.rf.8c29b21568e9cd71db4e389cbf0120b7.jpg,7948fe9d1e194df192a40dbac6035e3da9f590d3a580c3c1de995d23cbe8960b
prabh-decoders-braillevision/dataset/braille_merged/images/train/yapayzeka_293_IMG20230421123012_jpg.rf.a9c228683463aaf23cb4d20038da8ae4.jpg,1055b883bef872d88f5026000ff0006e38f1fb216a431728ec6f6a3793000899
prabh-decoders-braillevision/dataset/braille_merged/images/train/yapayzeka_294_3458_jpg.rf.4a02bf2af4c25c9613d1558b5893474e.jpg,74965b6cf392861da7613edfbd9860b7a47f61e5f42dde16542c1b29cb9a358d
prabh-decoders-braillevision/dataset/braille_merged/images/train/yapayzeka_295_3471_jpg.rf.084e257f489b81dd3c4bce2766657570.jpg,0c6f765c325d2a81dd55bc405da7bd12648d10ebb58360924d8deb69b0adf8ab
prabh-decoders-braillevision/dataset/braille_merged/images/train/yapayzeka_296_1086_jpg.rf.cd9d3ad3462a7e7b9147a41117d2c8c7.jpg,d5941f822c7aded4712164cd804d19591c45dc34ef26ca1d4b033f5959e042b5
prabh-decoders-braillevision/dataset/braille_merged/images/train/yapayzeka_297_IMG20230422144055_jpg.rf.294fe91ad0999da1817b14db55475326.jpg,7f0d7e56f12a1948595a7f8db97fc6543d1655f3254ad117ed57878885aa6ba8
prabh-decoders-braillevision/dataset/braille_merged/images/train/yapayzeka_298_3482_jpg.rf.30ed4bb7c346ac817fda1f64b9e44651.jpg,c0c57b43d3833bf754171cf522d293d3e0899f83cb2d936bfeb14c900ca935ff
prabh-decoders-braillevision/dataset/braille_merged/images/train/yapayzeka_299_1539_jpg.rf.f7373ecba00f2b5163cbb2ced612e5f3.jpg,52e6e4b80ee24b1461e18d2825c54802ae297633a8d86d28ad1463f340db83f1
prabh-decoders-braillevision/dataset/braille_merged/images/train/yapayzeka_2_1552_jpg.rf.df5f3f3a57a344df4f1e03e9026c86fb.jpg,d01d387208db287e5c2bc0ebbd9628f7614d3f0230b15d2f8ad50ec1d96bb27e
prabh-decoders-braillevision/dataset/braille_merged/images/train/yapayzeka_300_3831_jpg.rf.5450d2f9dac31d6b37333c8ddfb0858d.jpg,b6214b9cc3829525e328d153833d30056c886b27c66b9f979e375118f49ca4b6
prabh-decoders-braillevision/dataset/braille_merged/images/train/yapayzeka_301_163_jpg.rf.57194150b02753f1316fac087c380f78.jpg,10790d5d3a2832346916472710ae6d2931c74c74db926443fa620592021bb1fd
prabh-decoders-braillevision/dataset/braille_merged/images/train/yapayzeka_302_IMG20230421102922_jpg.rf.41284172fe55bc2abfd863e65385bc45.jpg,cabbd5c840e9427a02736836e2358b423ed5a019952a19de06e4d4b3afcbbbb9
prabh-decoders-braillevision/dataset/braille_merged/images/train/yapayzeka_303_IMG20230421205850_jpg.rf.a0ab519e2a08bcad90607aa6d4371392.jpg,bd3be5148e6a835cd676c6277e454c742ae5bdf04f32a336c2ea00a934e808bd
prabh-decoders-braillevision/dataset/braille_merged/images/train/yapayzeka_305_4060_jpg.rf.8912ab8d78e57762e443bac0d8f47591.jpg,93caa54bd120867f3f35bd1a131b06d6c94883172cd91a2d1aecd3a251686ecb
prabh-decoders-braillevision/dataset/braille_merged/images/train/yapayzeka_307_1327_jpg.rf.245592a540f7079fdd9c627ffbee2451.jpg,b015d74a208e3d5e4135e67271d2d0e9532bf73a12a75a65f04b5697d5a64d6b
prabh-decoders-braillevision/dataset/braille_merged/images/train/yapayzeka_308_598_jpg.rf.81324597191011bdf6e1914814e54b5b.jpg,53864be19e4c93c12d4df4099e30749ddea131cd944950622a874755c2922fe4
prabh-decoders-braillevision/dataset/braille_merged/images/train/yapayzeka_309_IMG20230421210049_jpg.rf.fdb4483c63dba47333a16b12ebdcf9a5.jpg,ec900860617a73769a6aa55f90debc898a308d5c4efa15bc3c0dc028d93176c7
prabh-decoders-braillevision/dataset/braille_merged/images/train/yapayzeka_30_3855_jpg.rf.1cb367c0186451ab984cd7626a459cdc.jpg,2e19a760fe928ad92236d924b5398e72cf7a567b78fb0e6fa52132205f0c2188
prabh-decoders-braillevision/dataset/braille_merged/images/train/yapayzeka_310_1644_jpg.rf.51727b58405f4db3546158d654b18eaf.jpg,38d4a3637c8dd4668f6eb73836c134687a5051d059551d8fe0c8e16f68b2381a
prabh-decoders-braillevision/dataset/braille_merged/images/train/yapayzeka_312_906_jpg.rf.3b55afb37c528c1cd2668174dc8312e0.jpg,84abffd79c0d6c78fa6fc434b14d2ee438875a7f8e842d944724c2a32678a041
prabh-decoders-braillevision/dataset/braille_merged/images/train/yapayzeka_313_4044_jpg.rf.b485131fa65a147a95b638fcc48800c3.jpg,bc07de3cd5adbb260007b288fc3f2932ee15f1c2681618f95ac05dfc7bf7ff80
prabh-decoders-braillevision/dataset/braille_merged/images/train/yapayzeka_314_3473_jpg.rf.e60b37f436002282902cd3bcdf057c2b.jpg,366041e532249611fee2946b6b1eaa43c81d38ba6f0b67a21ef070a354d32875
prabh-decoders-braillevision/dataset/braille_merged/images/train/yapayzeka_315_1533_jpg.rf.94cf4b1b2d862640fb661aba16acde47.jpg,b8b088fc1d8892515d84cd2a0aacc2b5f93dcf59fc4ff1bd50c1babe3e4d99c8
prabh-decoders-braillevision/dataset/braille_merged/images/train/yapayzeka_316_2711_jpg.rf.9e4c31dd2fe4ed35620eeb947cc7e98f.jpg,8fcaf8eca7eb414f3624eca2aebe7edeff855b97d22ac7f566601ef0b5faf767
prabh-decoders-braillevision/dataset/braille_merged/images/train/yapayzeka_317_1611_jpg.rf.125b2252455b323b078182795c118378.jpg,6dc1f23b6fabc4299b3dacefba44591f3f11ab7951bc6dd180a498f6e6392fcf
prabh-decoders-braillevision/dataset/braille_merged/images/train/yapayzeka_318_1672_jpg.rf.0362d46208a95710512361d87d30d615.jpg,ba1d556317798f501c0cd4f9222db54af80cda32e2f34a8a2027ed16b73d77da
prabh-decoders-braillevision/dataset/braille_merged/images/train/yapayzeka_319_170_jpg.rf.d69735242589b459164f5e99f400c25a.jpg,a340945b860f8ae001f549cc7815b6a01058a1d7eb5fc2b969987be4f6a8d0e5
prabh-decoders-braillevision/dataset/braille_merged/images/train/yapayzeka_31_braillezs_png_jpg.rf.2fecfec7e006f348ae167ed13b0e2c1c.jpg,bdb009d9d0894c1b2eeac82ea62449e38fd300a4ef80d18953afc7cb2113650f
prabh-decoders-braillevision/dataset/braille_merged/images/train/yapayzeka_320_1353_jpg.rf.48312f07597f736a0c33b120ee04d35f.jpg,e2683c34c7dcfc1299481dd8657557538aaa2328003e25fa7cd26b94c7224b65
prabh-decoders-braillevision/dataset/braille_merged/images/train/yapayzeka_322_179_jpg.rf.0bd0ae506b6a656e96258db1eddcad2d.jpg,96a43bedfbf720d102faaeaee2dac3c9779efa292e1d6a1918b74807e231609e
prabh-decoders-braillevision/dataset/braille_merged/images/train/yapayzeka_323_4562_jpg.rf.f24dc0e8e9b057333440acd6d0f47214.jpg,5a629580354495a4796a29f858c795e0c0800564e475401ef86adbc01740ea55
prabh-decoders-braillevision/dataset/braille_merged/images/train/yapayzeka_324_3849_jpg.rf.35f133cab55c4bc2c518122521818f51.jpg,4e5b4359b7b878703ae9b25e1291734461a51f6952fe6360e8cd41d97a40fc11
prabh-decoders-braillevision/dataset/braille_merged/images/train/yapayzeka_325_1676_jpg.rf.6d2e8df4d8513a081587d9388f366b06.jpg,afb6d76f5824fc72955ec5b809a17b2b6cfa07523dc1fb0a3f5a409442f94e92
prabh-decoders-braillevision/dataset/braille_merged/images/train/yapayzeka_326_591_jpg.rf.90491d354acce1dff39781c1d5de36e3.jpg,0090d20b778045be430fd12ff2a387df94ad8235c2aa95b7272bf00d7a32a84c
prabh-decoders-braillevision/dataset/braille_merged/images/train/yapayzeka_327_3025_jpg.rf.55625647493445fe2cef32c38a9a8626.jpg,f6cd318645eae307017135e86031947ec110410bb1637460e8a75637b7abf70a
prabh-decoders-braillevision/dataset/braille_merged/images/train/yapayzeka_328_1367_jpg.rf.5d46418fbfd219d4908612110c297d7c.jpg,2671ebb75c5636886cfa7bc2fc2d057e9ea8e552ed9e1b617caa7fb3de92b2e7
prabh-decoders-braillevision/dataset/braille_merged/images/train/yapayzeka_329_1316_jpg.rf.b1ebb0876b7d87a21685fde6484937fd.jpg,4552c078b3bea52c58601a02241f6ed1806230056ca87de5d6f41c9732edc99f
prabh-decoders-braillevision/dataset/braille_merged/images/train/yapayzeka_32_2351_jpg.rf.7d3152e319de7568bbcd272792ef0361.jpg,8ab5c34b9f4d69d5bbb9cdedba7c9aa752f1c69eb0dbc068de5e8fc44a525053
prabh-decoders-braillevision/dataset/braille_merged/images/train/yapayzeka_331_3520_jpg.rf.e70194df64513326fc7be20b2549a226.jpg,9669f7d596d55ecc08d12d633faa3f2ef8fe58666ace37b7818846e6dd080f18
prabh-decoders-braillevision/dataset/braille_merged/images/train/yapayzeka_332_3012_jpg.rf.02b49fdd868c45a55515bd8966e93288.jpg,b9d7f156937b3c41a4ee3b4e96a27f4ea3b2ec118b205266660bfcde2b845b72
prabh-decoders-braillevision/dataset/braille_merged/images/train/yapayzeka_334_2756_jpg.rf.62ef232ae8ca1791677cf887f7077c8c.jpg,c5cb31d2d68ae83f89ec7b042e72a6ef4de31903bb71b5f924434b38b3f04efa
prabh-decoders-braillevision/dataset/braille_merged/images/train/yapayzeka_338_IMG20230422143541_jpg.rf.66aeec0ee4c23aaba5d050ab83a6aac4.jpg,dbffd263c14cba5fa7c3969a1cb589186ee41980399041f2684b62c22bf3c7fe
prabh-decoders-braillevision/dataset/braille_merged/images/train/yapayzeka_339_1329_jpg.rf.37933be1c2a73b2e67ddacb488aed790.jpg,ca87e1b7a4549e4e0b62498a5cf2b048f8c7281d37c343a83fa4ce9514b0c3ed
prabh-decoders-braillevision/dataset/braille_merged/images/train/yapayzeka_340_853_jpg.rf.d6285ff72386d8acfdc453437f5c695d.jpg,1d2c379d399303a02a20627794bf9588230bdd767d45abf2f8bb1720e08fa8bc
prabh-decoders-braillevision/dataset/braille_merged/images/train/yapayzeka_341_3513_jpg.rf.166d776bbf3c88c706f9db29722cffe1.jpg,46e952c49a30eb8c0649b66961d0da9c4c6891b66a49d74182dedcfe3e637067
prabh-decoders-braillevision/dataset/braille_merged/images/train/yapayzeka_344_3022_jpg.rf.9d9edf7b2e71ea3f79bc6042b067600e.jpg,790339cbed5cd04e147ae4fb08ab4c052492d5bd43aaf1c0ec0418451da43bb4
prabh-decoders-braillevision/dataset/braille_merged/images/train/yapayzeka_346_3534_jpg.rf.2de578824c84d2bfa0ccdc377a4938e7.jpg,d826af01903686fd6406532638a48a0545ee4fef282ab384c10f56fb51aacfff
prabh-decoders-braillevision/dataset/braille_merged/images/train/yapayzeka_347_1578_jpg.rf.4812cebfaec72045a9103b65157c0c2d.jpg,fe997637fa6a78c962dc7476b5cc763226fd35494d2d0ea002108a15c6c68194
prabh-decoders-braillevision/dataset/braille_merged/images/train/yapayzeka_348_2752_jpg.rf.66dd65330ae628b31965671d4164b422.jpg,53820ea684843b4421dfe4359f7b8d2c5c74faff31c04ff640f9e4ccf5bdd6f7
prabh-decoders-braillevision/dataset/braille_merged/images/train/yapayzeka_349_27_jpg.rf.ea55e5e43ce0587635bf2821635b5f29.jpg,78cce84579e71a6a28c8a376839e66f73fbaa00149f7036b9cc6084425e9bb55
prabh-decoders-braillevision/dataset/braille_merged/images/train/yapayzeka_34_IMG20230421204522_jpg.rf.ac5e5370588495154720ec57bf7646a9.jpg,90f3054fa5f888165df6b7e0dcc8216c39469b8b8f3a1fa8204feb073cdf8c14
prabh-decoders-braillevision/dataset/braille_merged/images/train/yapayzeka_351_3451_jpg.rf.518c52b5d9ec3409dfd408ce591d62fa.jpg,8a68b794524883fc60f54f9d44439a110bf017daa014d27eccc4b32e8b7a4f59
prabh-decoders-braillevision/dataset/braille_merged/images/train/yapayzeka_352_IMG20230421210232_jpg.rf.c8ec01006cf3befccd885b31bd13e5af.jpg,982531e4960d17f12e7fe274d5c5cabf1e977713e263c438a2d58475794c364a
prabh-decoders-braillevision/dataset/braille_merged/images/train/yapayzeka_353_Screen-Shot-2023-04-17-at-10-43-52-AM_png_jpg.rf.a3c672ff9ea6cf7831991c3f9e1baac8.jpg,f485bb20b82a0f61e8c9a90b7692a3cd6043af703303ddd8c7249b0feea23d96
prabh-decoders-braillevision/dataset/braille_merged/images/train/yapayzeka_354_528_jpg.rf.e7c778b801a3cd7a86d19a7c55f66db2.jpg,0f6eb5f21fc5cbec1179b6ebacd013707f9e823044d3396389df6d53ec544623
prabh-decoders-braillevision/dataset/braille_merged/images/train/yapayzeka_355_3481_jpg.rf.22169abce242d467fa472d066b132329.jpg,78b94f0cd97e9b3f5724d45b526c7cbb7dc26a21493829baac894c36831fbad8
prabh-decoders-braillevision/dataset/braille_merged/images/train/yapayzeka_356_1669_jpg.rf.a22e5c453ec8081d927ac04c2a524076.jpg,6b5fe7fdc74044c95e483cacb159d86230b93a28198aa6840f94a5f80fd242af
prabh-decoders-braillevision/dataset/braille_merged/images/train/yapayzeka_357_IMG20230421204829_jpg.rf.493547cd6650c280892f00fd8d46cfa1.jpg,741a9d9fac2db0f816243056f51b31977f97d22b45ac83d720a6a02892636649
prabh-decoders-braillevision/dataset/braille_merged/images/train/yapayzeka_358_3281_jpg.rf.64f65f82e3ec84c9cf1cd226e0a50bf2.jpg,eb983272bca3b05d4d6b70915c32ac0e7a615c82ef5880f177828ce74f875db8
prabh-decoders-braillevision/dataset/braille_merged/images/train/yapayzeka_359_3527_jpg.rf.58924a37d8d55ee8e7fe5dbc767b9b5e.jpg,852eace8183a99456fc2eed019544f2875cfbe56fe75f760b21853cb9de9098f
prabh-decoders-braillevision/dataset/braille_merged/images/train/yapayzeka_35_3020_jpg.rf.afc3e07920a287d65f52fc25e639298a.jpg,3283bf34ad037a2b71f4728a8a5cd73e9570c14ca015ee81f1c2a2023000409b
prabh-decoders-braillevision/dataset/braille_merged/images/train/yapayzeka_360_4082_jpg.rf.d4e18a5cc2b553d9c2f16b651a5604bc.jpg,9a3c87207c3f5700d6f98edcabbac1c64ee23c0912dca65705caafdac6f65b03
prabh-decoders-braillevision/dataset/braille_merged/images/train/yapayzeka_361_1663_jpg.rf.87bf8450a2cbdc02d0461946ccf1d6b8.jpg,b08afaff979dddf1410ac7ac168f7ab2cdbe5ccc77794ca9bb825147f4d34011
prabh-decoders-braillevision/dataset/braille_merged/images/train/yapayzeka_362_IMG20230421123048_jpg.rf.86ec1d42008bfea5c242567ba5fd759f.jpg,bc3877249580948a1fb93bc6d77ff625f27636931fb43780c08744510b79f517
prabh-decoders-braillevision/dataset/braille_merged/images/train/yapayzeka_363_525_jpg.rf.4b52a17870143a607e9f2f940e1cadaa.jpg,6d5dd85ddbe5faa6ed08d96a982886d5f964a0ddebf795ca6422412097044485
prabh-decoders-braillevision/dataset/braille_merged/images/train/yapayzeka_364_1080_jpg.rf.aed0b590f842202fbee631189fad4ea7.jpg,aed834bb448fce4684e09a15a4bb3327883e9f06d829c8b16533e89bfc878e02
prabh-decoders-braillevision/dataset/braille_merged/images/train/yapayzeka_365_1093_jpg.rf.ecc23e1a2712a4592de2110d46d48075.jpg,f0d88da8937a6b85cf4055d72307b5d71822701d0bdcb15df701c1e0173299c2
prabh-decoders-braillevision/dataset/braille_merged/images/train/yapayzeka_36_3522_jpg.rf.2cf0c1c725a40056e6c288371ca503b3.jpg,55293b986a43b8b1cd9a9899ce9e6ddc4e81ac03d772e137c17a76fb6dc79af9
prabh-decoders-braillevision/dataset/braille_merged/images/train/yapayzeka_370_IMG20230421102815_jpg.rf.578679376ea9911b24ae353d1523b849.jpg,b8373ca791748b9c9b699916b28e59ef08dde2ff45a76f8f0d321770cd1bf956
prabh-decoders-braillevision/dataset/braille_merged/images/train/yapayzeka_371_2355_jpg.rf.361e73aacbc89dfbe7564dda0a6bfff5.jpg,23a4fd3495fc2e1ba650b4930249f1d67e9e5a5363a1f91bcfb284a0f24acdaf
prabh-decoders-braillevision/dataset/braille_merged/images/train/yapayzeka_372_921_jpg.rf.b006a9e40c7c8e0363cc1cf49cf539b5.jpg,9d0228b48828a82292f4e6c75e99e9530c7eff3254e748bc5d1fe98b648c4f86
prabh-decoders-braillevision/dataset/braille_merged/images/train/yapayzeka_373_3263_jpg.rf.dc94c88324cea45c50c798158d21b846.jpg,6659e9c9c8ec5f96e1456dfc25f7c497c6698396f00827a6081a5b4277d3c03d
prabh-decoders-braillevision/dataset/braille_merged/images/train/yapayzeka_374_1335_jpg.rf.e281220cbb6b377c1b8f02c4c8472f5c.jpg,7e4bfc38fc555508399f6afbe5eade5b3252943f258ac110c0ecb7b829d157eb
prabh-decoders-braillevision/dataset/braille_merged/images/train/yapayzeka_375_4022_jpg.rf.9995fa4157b3489c32e51e04f613e52a.jpg,a3a5b97b2d3c5c1d57299c19e64d560b1674266103b541120a617a55434c7ca9
prabh-decoders-braillevision/dataset/braille_merged/images/train/yapayzeka_376_1538_jpg.rf.1672954ff94965269f0a9a96ba879bc3.jpg,59bc6a969a8d76990a8bc5c371e2da425087cb12b83d97c957039d28fae1e40e
prabh-decoders-braillevision/dataset/braille_merged/images/train/yapayzeka_377_2328_jpg.rf.7b6afc58183a9f97443bf1806a881db9.jpg,fcd613ef13d5a265686816c6a950b240882b3c04755a36740ba0d4a6b0d6fb4a
prabh-decoders-braillevision/dataset/braille_merged/images/train/yapayzeka_379_IMG20230421204300_jpg.rf.0dd83ed8d11f55132df1c97676e21e48.jpg,eac63beaa1f6ac83c240510ce6cded23fdb518242f7655a517c6f6da10e8631c
prabh-decoders-braillevision/dataset/braille_merged/images/train/yapayzeka_37_1360_jpg.rf.94d6941c03235f087cbc66af8c67dc73.jpg,0b465881056609030009c1c3f9cfed3a5a7968e4bbe10e848182b8ae26f77287
prabh-decoders-braillevision/dataset/braille_merged/images/train/yapayzeka_380_3499_jpg.rf.7d0434caed650ee178168cac431356d4.jpg,66e7f9f3bdef226f1c4f83a49adc124bb2a4e717007b8a761dde73e786ed90c6
prabh-decoders-braillevision/dataset/braille_merged/images/train/yapayzeka_381_268_jpg.rf.42a3d60cb785db183256faa847b26156.jpg,5910f05e2deff866b4bd69a4b6af839d543e5d7f149c14350af0c362cd88bb40
prabh-decoders-braillevision/dataset/braille_merged/images/train/yapayzeka_382_3011_jpg.rf.b1d106d7469ae874af49ce3589d2b89b.jpg,42cd55326b3eb22c2e51f27642671457b61b2df95346df6c6d3da906bdc32fa1
prabh-decoders-braillevision/dataset/braille_merged/images/train/yapayzeka_383_IMG20230421102606_jpg.rf.a4a7dd6ecaa6afcc197bb7536eae345a.jpg,9947a7772c837c28715ca28a2aa234470321cd7373fba55018253abd25558c1a
prabh-decoders-braillevision/dataset/braille_merged/images/train/yapayzeka_384_3454_jpg.rf.e9ef309bccf898d6fc613229ecf16e55.jpg,04bbb1b14a6901abedf5f856243388f32a98841360c16ea8dfa1af3fc43df863
prabh-decoders-braillevision/dataset/braille_merged/images/train/yapayzeka_385_1600_jpg.rf.f78b49e721a46b93ef60984ca80ff8a0.jpg,936810e61bdad313374747fc2ccb8d9ceca312f66a5b40399b9bfbd8f60d782a
prabh-decoders-braillevision/dataset/braille_merged/images/train/yapayzeka_387_4075_jpg.rf.10fb1625ceb665a57315e94ad9f0d3a9.jpg,a86e1173d15adab68f722502ea9cfcfba5fbea142e707a3e44f0d36661011c83
prabh-decoders-braillevision/dataset/braille_merged/images/train/yapayzeka_388_4571_jpg.rf.778db871c0e6fd213e4db3b2e1d46643.jpg,c58505993b91ee4be25871ea91a3451e06754db9c677a8e15e78d83b7e34a08c
prabh-decoders-braillevision/dataset/braille_merged/images/train/yapayzeka_389_4016_jpg.rf.c991b018f8f2838a1518c7a29cbb41d7.jpg,a90d498c42b6a3911a0f66a24e13f2f8787423880bd7f6bb37ed2a35bc02f705
prabh-decoders-braillevision/dataset/braille_merged/images/train/yapayzeka_38_607_jpg.rf.f75d65b21616177ba2703d7d3e48f4d3.jpg,45a82e36b3cd54eed84e2346d7b12d061db169d43361120f11c015dbbad91c07
prabh-decoders-braillevision/dataset/braille_merged/images/train/yapayzeka_390_2735_jpg.rf.819b7adf12fed396cf55f22926fcfdc0.jpg,fdc1082e386cf93ec366376f61231f781b9917918d1732bf17f7f2085bfc5dc2
prabh-decoders-braillevision/dataset/braille_merged/images/train/yapayzeka_391_IMG20230422143630_jpg.rf.de7a7630765613042f4d5a854182aa00.jpg,0942724267e1e4cd8c5f9e0effb4a6753db6788c667db7e4f1e0373d3b035409
prabh-decoders-braillevision/dataset/braille_merged/images/train/yapayzeka_392_4569_jpg.rf.3aaa25008ccd8e453b601853087a0007.jpg,a462afd83334a4c5b49eebecc986f0d3ebf50928159051a2644ec3f88d6bad3c
prabh-decoders-braillevision/dataset/braille_merged/images/train/yapayzeka_393_IMG20230420224001_jpg.rf.ee14d264e7c2de28534b3c0175847463.jpg,54208a254adfdfc659eeb5bd3aae5ae04ba39ddfe07faedd4c45ffca108d288c
prabh-decoders-braillevision/dataset/braille_merged/images/train/yapayzeka_395_258_jpg.rf.6383723d55bed06d3bca952ed4b003ee.jpg,3cdb51e27fb7443ad8c61c9faf79067449f12ccb6f21c113b8a109eb9c4468b4
prabh-decoders-braillevision/dataset/braille_merged/images/train/yapayzeka_396_IMG20230422143856_jpg.rf.b772066f0ce5fd4b8abc37049e2fabf8.jpg,d06516835fcb21c40e542168fb391b7c81b1c2ec0c6c89a40b7683faaea83af4
prabh-decoders-braillevision/dataset/braille_merged/images/train/yapayzeka_397_2326_jpg.rf.49b81ba7f8837fb0bc1dbf64faec20b8.jpg,db5943c872306253923c91c95fc8fcc7ab85406eb77e48cccac3f68c7390ecef
prabh-decoders-braillevision/dataset/braille_merged/images/train/yapayzeka_399_IMG20230421104429_jpg.rf.8fceb2008f7a9466dd79371ca25d83f4.jpg,7c972665b473472f81d11004f9714350ca2d3a3b6fabcacd3effb42ad895de39
prabh-decoders-braillevision/dataset/braille_merged/images/train/yapayzeka_3_1537_jpg.rf.25aaaaa17ae710421eb2a49b628c0994.jpg,a1939edaa36ea13fceff7867415f8d00d03f03a314514c06284fbbaec2caf42a
prabh-decoders-braillevision/dataset/braille_merged/images/train/yapayzeka_400_854_jpg.rf.41e82fdcc06342826237f3618a5785fa.jpg,ef9dea79e5c9da24f83735f293184234af73f38fc18b54ea1307139d8d469b56
prabh-decoders-braillevision/dataset/braille_merged/images/train/yapayzeka_401_1687_jpg.rf.d4eb382e3fa4132f64eea12af5efadc6.jpg,f6a4f68c2fc2570e7362d8cee7fd1d1dbbd4ec3146294dd91d9032de9188b15f
prabh-decoders-braillevision/dataset/braille_merged/images/train/yapayzeka_403_4563_jpg.rf.9b1406bb22fa90d6a5a04d3859cc4c03.jpg,111a647d66f7ade2a7cb126488f44e7d1785d64573ce76201776491f3bf184cc
prabh-decoders-braillevision/dataset/braille_merged/images/train/yapayzeka_405_2338_jpg.rf.e1ec75cbdaa307d1fafdf309ee2d5290.jpg,1ad3b0bac64b2d1c3493913989948ff57f1fa98a8d3d6bfa3897c2a18ee19898
prabh-decoders-braillevision/dataset/braille_merged/images/train/yapayzeka_406_1524_jpg.rf.a7dbcc3df24612d4b4c7cf18e3169122.jpg,66c06b894b350c50245a42b1598091afbe2f9e6f8845ed393c26b31074f3c11a
prabh-decoders-braillevision/dataset/braille_merged/images/train/yapayzeka_408_886_jpg.rf.69306c9b4e29c2af10b3128919dc527b.jpg,6aea56501b758fdd3996b6814273c15fc57eb9996ec55ea556a6d2df7f04f5f2
prabh-decoders-braillevision/dataset/braille_merged/images/train/yapayzeka_409_2712_jpg.rf.87b7a3036ed7fb098fbfcccd9c5dca6b.jpg,f8b5fef3c432339b636d14c79a88805797368a50db66699a123572e606903fd9
prabh-decoders-braillevision/dataset/braille_merged/images/train/yapayzeka_40_4076_jpg.rf.22930de3be5b3102a2ffba4e33e696a4.jpg,3d45d95d11c7a9956b585a345344444ab0aa7083a037996a71d7f57cc39e0712
prabh-decoders-braillevision/dataset/braille_merged/images/train/yapayzeka_410_2336_jpg.rf.9494b03bcecb052f809c539c898d2bdf.jpg,f59d21479716a59eaba74053deaafb7c64c408aa83f8a2705067e6e36a64b87a
prabh-decoders-braillevision/dataset/braille_merged/images/train/yapayzeka_411_1324_jpg.rf.cde9c76a849fa4291de0a8765ccbeaf8.jpg,0ca096ee1813a6ca4f6df440b9e6849e48ef4db9c148047b746b31c5debae432
prabh-decoders-braillevision/dataset/braille_merged/images/train/yapayzeka_412_2715_jpg.rf.46e2571c685288da444a07e8597ac23b.jpg,1418072460156dad3ba28b3683a6c187dbcf488a797b9f40c1083ecff0029a06
prabh-decoders-braillevision/dataset/braille_merged/images/train/yapayzeka_413_IMG20230421210340_jpg.rf.8659ea2e3d6c6c22a63e78c73052940e.jpg,f0764f814426f55850aefb1bf14a132461ef31eb20ae5a9381b59eebb287e113
prabh-decoders-braillevision/dataset/braille_merged/images/train/yapayzeka_414_4015_jpg.rf.686d903030d7776cfaaeafb12f9b51b7.jpg,8f82e6523466cc2eeeab7f34a12bff239b5fee167e38b9db4510835d737abb93
prabh-decoders-braillevision/dataset/braille_merged/images/train/yapayzeka_415_4580_jpg.rf.6e501bb8705ac38dbb83bc97de58db2b.jpg,209a0f02ef6c4ff3822189e9391c56b740beadfda9955c337602b6872421ab60
prabh-decoders-braillevision/dataset/braille_merged/images/train/yapayzeka_416_2980_jpg.rf.cdc0c0f02e1d7eeba96126dae78dd4c1.jpg,a8944631a18aef2108809a196a60f4690f9f21595fb2edb8909e96531b209676
prabh-decoders-braillevision/dataset/braille_merged/images/train/yapayzeka_417_0_jpg.rf.c5253face7ee480e20b93e9d2ad0ba8b.jpg,6385259404583ebb4cf03f005512d34a59c9814acb8adb99bd2220da9cd7dd46
prabh-decoders-braillevision/dataset/braille_merged/images/train/yapayzeka_418_1609_jpg.rf.a56f06da1a0fb84dde2c194d0a9a0cac.jpg,b30112842a6956c36879900ee816d193a8ec0a8ec9d6856eed0efb0e7c794b12
prabh-decoders-braillevision/dataset/braille_merged/images/train/yapayzeka_419_1529_jpg.rf.12b6e2407d46368d46846ade03c8c90f.jpg,97d35d2aa108174e378422fd0fcca53ac4685ec4fb92e72ea03fb8d14df3a77d
prabh-decoders-braillevision/dataset/braille_merged/images/train/yapayzeka_41_1323_jpg.rf.31e043804e54ac03b52782227bd0367f.jpg,22456a5f3b46920dea399453f50f806fb2376e19126bcfb48b7db63af557c0c9
prabh-decoders-braillevision/dataset/braille_merged/images/train/yapayzeka_420_3832_jpg.rf.ce3ac050dfd2f778e4d6680f374efe3a.jpg,6013c258610c350b5ed820b47f9b4493fb4452c554aa498c5552d3267925fbba
prabh-decoders-braillevision/dataset/braille_merged/images/train/yapayzeka_421_1661_jpg.rf.2759c890033336321e79b6e3aee612ce.jpg,1963fe3847bce3a7db4c3b45964184161fb0397bcf71f3cc4841bf6e42b44df3
prabh-decoders-braillevision/dataset/braille_merged/images/train/yapayzeka_422_3478_jpg.rf.f530263f68e642f1a17eb7f90678d600.jpg,f80ed6a19a0e0d1f6b3b32b8c78a4092b936a4d4d59f5f013e8e0a62bb4b4f14
prabh-decoders-braillevision/dataset/braille_merged/images/train/yapayzeka_423_1642_jpg.rf.dce4bcf9d8a655ee7e80e7d7c005736f.jpg,6a6d82565bf3ce4be8af6a9ff7efc3020297cce8ea759ca1feb3fbd5cc5c4b0b
prabh-decoders-braillevision/dataset/braille_merged/images/train/yapayzeka_426_4047_jpg.rf.da699c9f502fa400889249753c3945b8.jpg,d53f8bdc32143cde9cc213dd59ddada72f9c084cbc606133ed236a04c734ef7e
prabh-decoders-braillevision/dataset/braille_merged/images/train/yapayzeka_427_4061_jpg.rf.bcf74082ce3d29cd9f818315d2ba80da.jpg,70fa712565bbf624c828290b3d68e1beb8639cb25eb2712bc51eaf7f76a9cd1d
prabh-decoders-braillevision/dataset/braille_merged/images/train/yapayzeka_428_1097_jpg.rf.0ba85ea645e19202d960f3efaa36734e.jpg,c5ed4828c5d5674f55fe0b8ecb530ced52be54bdc5ad8c232ad10e97b4303ab8
prabh-decoders-braillevision/dataset/braille_merged/images/train/yapayzeka_429_1566_jpg.rf.f933bdd03f0dd69841fe8b959866fb39.jpg,561aeee24f05a33b3f9a487e70480e2303b2998471f0491699cea5cf6cd85af4
prabh-decoders-braillevision/dataset/braille_merged/images/train/yapayzeka_42_1583_jpg.rf.fbeec9ac351d17cab4ba412457de4efb.jpg,a11af734eafbac8dbd3c1420b388a75777f0a0a0e2ed41d5f5de9934aa2374e1
prabh-decoders-braillevision/dataset/braille_merged/images/train/yapayzeka_430_910_jpg.rf.7b5ff122aa0e816728e6dbc96311fe41.jpg,936e76a9703aa2248ff66d060e5db664186922ab37bf4f732752c4b3822db866
prabh-decoders-braillevision/dataset/braille_merged/images/train/yapayzeka_433_3858_jpg.rf.ce94d5d3c013afdf2fc05545b3f25e38.jpg,82d19320e6dd647265612858ca2c9ee88d9be96fdd359e955a5fb6b3531ea3b8
prabh-decoders-braillevision/dataset/braille_merged/images/train/yapayzeka_435_31_jpg.rf.8ffe36fa3a71dc9522db006c7101e911.jpg,686d0c38d173c1d90dc051c56373f4ff672a69e2b4816eecfb197dd8fb926e1f
prabh-decoders-braillevision/dataset/braille_merged/images/train/yapayzeka_436_4005_jpg.rf.c4c1ea32e072eddb29ab17f6f8488052.jpg,59e2bc4aa05fc4ce1ad81d0d79af5ed429ebe01ad6b7464e894fc558af7dfd0f
prabh-decoders-braillevision/dataset/braille_merged/images/train/yapayzeka_437_2722_jpg.rf.d0f19df105c9c930d6c691dcfc15a9af.jpg,2cd43749533584ebf59431d6ab21e0ba91a035480ea32a76ce63a5ef94ff6a97
prabh-decoders-braillevision/dataset/braille_merged/images/train/yapayzeka_438_3282_jpg.rf.b93e2a5c6046b3a728537f82f4a97df0.jpg,8a188ee9329232488566dc044f503a12d2376598d0f35fa289df02805da6eff0
prabh-decoders-braillevision/dataset/braille_merged/images/train/yapayzeka_439_2366_jpg.rf.63945a2b3a8791bf8be62c6586a4e907.jpg,610b3aff41306e7a48ba06d6a1263332d0be8fdb7e0f93e3990a592cd6239923
prabh-decoders-braillevision/dataset/braille_merged/images/train/yapayzeka_43_539_jpg.rf.01fb9561738d678fcafcbb9f5769e32e.jpg,84c429394c17db371d1b9bee39bcec5a52428313809dad81e185f5e37e2cee8c
prabh-decoders-braillevision/dataset/braille_merged/images/train/yapayzeka_440_db19_png_jpg.rf.3c4a42204b4ea0cb618fdb918fb87dec.jpg,dd5ab7a3bec15fcda7c2e97ba8e0c4a1418ea9336b2619f8624fa1678d85665b
prabh-decoders-braillevision/dataset/braille_merged/images/train/yapayzeka_441_3532_jpg.rf.129a5c09d137fa71b28b1d1665465d15.jpg,7373cc9d3d2be9a37ccbec25f6014d53f95c13c0c05a55339614689baebda71c
prabh-decoders-braillevision/dataset/braille_merged/images/train/yapayzeka_442_2327_jpg.rf.2cdf88b86e0903495759a83f7ca0ca51.jpg,ecf470d0eb5212c10d2e43304f046e20621490e9f5e05820f3f8dbc7b642d1bd
prabh-decoders-braillevision/dataset/braille_merged/images/train/yapayzeka_443_3277_jpg.rf.98345c1cbfa4d3c763538d576d63de50.jpg,2ee0bb1cdbde6450950488afc44817448f2b888dcdf71249e22354e11bdb6fd4
prabh-decoders-braillevision/dataset/braille_merged/images/train/yapayzeka_444_IMG20230422144442_jpg.rf.022e96015ba9f0d81940094123ef6a45.jpg,1a4633a614ea3364c7dd906c1617a6bdb62f24b6271ea694e626872ff5719584
prabh-decoders-braillevision/dataset/braille_merged/images/train/yapayzeka_445_IMG20230421104546_jpg.rf.031822c0f164bc8c57c002bf8ea0ce6e.jpg,15cc36ac440886e8246a1f4c4064eb75d3e1f568a1d293d6ed867ce438e9bbe7
prabh-decoders-braillevision/dataset/braille_merged/images/train/yapayzeka_446_3030_jpg.rf.cc432e29c4018dc2b3670a379a729bfc.jpg,7bba70c220453baababb21e114cbad396ad82664ff5b4392eeb203a77832543e
prabh-decoders-braillevision/dataset/braille_merged/images/train/yapayzeka_447_3851_jpg.rf.3e226f63519dd38474968e144c26421b.jpg,4b29635b5e4dd006a3c6dd149b10d55a8bd38a55ba45172b69c2d5f7f42cbcfe
prabh-decoders-braillevision/dataset/braille_merged/images/train/yapayzeka_448_1593_jpg.rf.e78b9439fcb829a711192c67e46cc011.jpg,887c878c7405c1deec9ec6de4c25814fea2fd4de49921820af59f098c6daf417
prabh-decoders-braillevision/dataset/braille_merged/images/train/yapayzeka_449_2353_jpg.rf.80b5a0eaadeaadecc3b44f17cf9fac43.jpg,c88c6c1df126184a6f60911aeea7fe096d7c2656197b8ff6be61057a70a9bdb4
prabh-decoders-braillevision/dataset/braille_merged/images/train/yapayzeka_44_544_jpg.rf.e9a1df3672d2b50514fc65a8a78c8fc3.jpg,436e21740b14d0d31e7201b4936a912a279e6492e5c9844eebb0d1cca6eceeaf
prabh-decoders-braillevision/dataset/braille_merged/images/train/yapayzeka_450_888_jpg.rf.5fd82e48bcd4782a5f4fc8894293eb9a.jpg,8bb67dc6a2f46cb622c20f622eb1935a70c469db37e10eed4b7b2e5b9e3108c1
prabh-decoders-braillevision/dataset/braille_merged/images/train/yapayzeka_451_2730_jpg.rf.97b53d925bb0287a511891a560b94ef5.jpg,eee6ce360ed6417aa4a701b99fc78646304372513f2e972c17e628e5d7dc8a60
prabh-decoders-braillevision/dataset/braille_merged/images/train/yapayzeka_452_3847_jpg.rf.06b60a61ab88e85e6984e080b5c73a87.jpg,5b8595fa72f387d3d5d06cde0b08127d182bc968c910bbf8e7e5d9dce7316542
prabh-decoders-braillevision/dataset/braille_merged/images/train/yapayzeka_453_1633_jpg.rf.f4011dd517e4b0c07c5d8796dd0f3487.jpg,9b945ccb64d2867d7b5231c617fbcc3715f520f14032394fae364a09ae500312
prabh-decoders-braillevision/dataset/braille_merged/images/train/yapayzeka_454_1638_jpg.rf.fe9b4a05641be4ba27008779cd77465f.jpg,6a6890502a464c8f1397a6451fa41dfaae697ebed2c7385078c0224531107157
prabh-decoders-braillevision/dataset/braille_merged/images/train/yapayzeka_457_3995_jpg.rf.5a4791df43df626434be4601915e956d.jpg,ab94cec2d4286160bc9242c5aafd7c3e66da0fe6dc789b04d67c2a5e67397b8b
prabh-decoders-braillevision/dataset/braille_merged/images/train/yapayzeka_458_1528_jpg.rf.1b9ddc2304343039e34495c7a7567cff.jpg,2b2d6bb1696ffbe3d0d0f5b0e061c8bb00ad4962455ecd79c8f2c2aa110cda1d
prabh-decoders-braillevision/dataset/braille_merged/images/train/yapayzeka_459_3488_jpg.rf.4c9c9913992b218db0125f4739348324.jpg,265097dc940931318a19851c670397cc392dfa6928840b4c597143c8e1d37de9
prabh-decoders-braillevision/dataset/braille_merged/images/train/yapayzeka_45_2340_jpg.rf.2350eeb84e4f7762a0be6bbf01c6a537.jpg,f16045ba2c748d88b9cbc9b7aabcb51095bce061b9e5a53536abd8e1817f77c1
prabh-decoders-braillevision/dataset/braille_merged/images/train/yapayzeka_460_3009_jpg.rf.a3c9288f43b93886336495162dc53476.jpg,342ed5cab2cd2a06ecb067996213a8a75a8ad01ff541560c04f11ec06ed89e39
prabh-decoders-braillevision/dataset/braille_merged/images/train/yapayzeka_461_13_jpg.rf.3a64f2593b304c51b2e3ee85d3a1f88d.jpg,fef0d66349fa818f6e7a678ade8cf1f52045b20de03d661482f158408fce6b26
prabh-decoders-braillevision/dataset/braille_merged/images/train/yapayzeka_462_3817_jpg.rf.1e656bfb03c1057ab3d86b0e3766f952.jpg,36913c500746fe7d2a30d8845354ddc8f2c842dfd28e386cc4b8b0c888973942
prabh-decoders-braillevision/dataset/braille_merged/images/train/yapayzeka_464_IMG20230420224654_jpg.rf.53c458d7b69507d94367b5ad7f9012a2.jpg,72e1818a060c8804571c01518c760262860b9d99f2ec8ed674ce898093059d51
prabh-decoders-braillevision/dataset/braille_merged/images/train/yapayzeka_465_1351_jpg.rf.2df7fbb8d3850b19bab0866692f6bc4e.jpg,28ce02aa4945c4a52edd7124c4fe08734dbf92fa0a9b417358ad6c70e406a7db
prabh-decoders-braillevision/dataset/braille_merged/images/train/yapayzeka_466_1671_jpg.rf.16a817c2b78a8df6244fad6a38c313ed.jpg,de0b963495b57e88bab7c6c34af72277e9971135ff818c64e65e5132e2090180
prabh-decoders-braillevision/dataset/braille_merged/images/train/yapayzeka_467_IMG20230422143559_jpg.rf.d4bff8672cd443842bb125e2b690d133.jpg,bf1a1756e7204eac278aaea4f2b065b4a0ca926817ca6631b52b3633c1c7eae1
prabh-decoders-braillevision/dataset/braille_merged/images/train/yapayzeka_46_3_jpg.rf.99f330a3b35213ec85e08f78f58aabc3.jpg,340d9ab439ba7fcd92d1f0c7690d28b910c4de4e76aa239614f9a3babf773aa2
prabh-decoders-braillevision/dataset/braille_merged/images/train/yapayzeka_471_2709_jpg.rf.f6366efea4075e59e1ab8babae70733a.jpg,dc4a23593975bf612d3cba74af1e89342468635dace33ebda1f66f7db415dafe
prabh-decoders-braillevision/dataset/braille_merged/images/train/yapayzeka_472_2927_jpg.rf.07594920abdeefd479902628188a2de9.jpg,a7d5a9b85f5169452238fd4b9f3aade295796821f944ce0f24a151e91ed8e638
prabh-decoders-braillevision/dataset/braille_merged/images/train/yapayzeka_473_IMG20230420224552_jpg.rf.4c5c6ab3e106c159a2a276115ed982b5.jpg,11fba98dc786845cbdaec8a049fca26e1fec63dafbc1cfd4942da14790ff5b0b
prabh-decoders-braillevision/dataset/braille_merged/images/train/yapayzeka_474_1575_jpg.rf.da20a5fd5bec9c1fc4c17dcd7e179b09.jpg,5216e5f0ca979984fc7679d1cf58bf445542d8cc918f7741fac203de74e8d0ec
prabh-decoders-braillevision/dataset/braille_merged/images/train/yapayzeka_475_874_jpg.rf.75eff26ba3e8295f02aeb71dd4ad0b38.jpg,beb9c8493bc6178c99777edb5fee92721b0b1abd49d3dba8e036839da52fe69d
prabh-decoders-braillevision/dataset/braille_merged/images/train/yapayzeka_476_4077_jpg.rf.df20fd4e0326aca5e62e4a9c59050fd5.jpg,281bbe4cb23681fc4a7eba3e6319ddeda10735e8e8ce924aaacf679f39145f16
prabh-decoders-braillevision/dataset/braille_merged/images/train/yapayzeka_477_595_jpg.rf.eefefaa1273c6db5108ba72fc324ebf1.jpg,cc71af9fcd029001ab25436c33229579bdf2008eb7b5737197096ed66ac7b0e6
prabh-decoders-braillevision/dataset/braille_merged/images/train/yapayzeka_478_1607_jpg.rf.03f892ab4b35f89f2e91bc911d834d29.jpg,5aea431e977ee446847cc5fb1525af35c90c98f993c573d6c308e1aeaa912dfe
prabh-decoders-braillevision/dataset/braille_merged/images/train/yapayzeka_479_2716_jpg.rf.f217c26d42832891a41e1527b65b08d5.jpg,e17247f9fdece700864d672f8ac6ae39ccf4173f12f844a063f59719d2c483f3
prabh-decoders-braillevision/dataset/braille_merged/images/train/yapayzeka_47_882_jpg.rf.dd51d061b665f205613f90823d678418.jpg,6f7c1164023ef65d4ba3ba15670331dfcc453f88b82792a00afd5dda726cd293
prabh-decoders-braillevision/dataset/braille_merged/images/train/yapayzeka_480_857_jpg.rf.bdc5e69e48591613f93097ac8d062fe1.jpg,78f2b4d733d843c0fed989576b483e0a19c4946220bd0eb1d7c1be7ac6396446
prabh-decoders-braillevision/dataset/braille_merged/images/train/yapayzeka_481_1355_jpg.rf.88d5f89343c4b150cba90377fe77be33.jpg,7d5aacdf7a5365453611533a6f86bcb3f51c6554c53ef02bab489bad6da9e336
prabh-decoders-braillevision/dataset/braille_merged/images/train/yapayzeka_482_1344_jpg.rf.00a69ae2893de443a634df3ff4863d56.jpg,96069781d482d5e6bbaadbbdca591f72b0b9d5d8a0c335fd272c9ddc165c03b0
prabh-decoders-braillevision/dataset/braille_merged/images/train/yapayzeka_483_2696_jpg.rf.8c6e604b885b0eac3ad94dbe0cb97088.jpg,8112e9447d931ffa90ba670b674e9aa85af3356bee142336e416a92cdc89488d
prabh-decoders-braillevision/dataset/braille_merged/images/train/yapayzeka_485_IMG20230422143144_jpg.rf.e1680528e582889c16bcd9075abea39c.jpg,454b4f0e0544c45c283d3987f6a7e4475755e329da535218f9838235b5d82667
prabh-decoders-braillevision/dataset/braille_merged/images/train/yapayzeka_488_2729_jpg.rf.f6a70848f55583b4ee091073643fe233.jpg,25041f61c74f7800b16f1e5ed5cf6b397d41d8e0282fd36cbadbdb7b8c64b770
prabh-decoders-braillevision/dataset/braille_merged/images/train/yapayzeka_489_1667_jpg.rf.3542b41b17ca3a56eaee0d73280bff2b.jpg,bb6988b43673ebfda77d661d6656766f144a7259ab0a5e466142708806e8b242
prabh-decoders-braillevision/dataset/braille_merged/images/train/yapayzeka_48_1674_jpg.rf.28db058433dbfec5b167fdbe34bc596d.jpg,cd39230c62df3beebe97ff336adfb66fde82d65bd3d11c18044ab681bc8edc39
prabh-decoders-braillevision/dataset/braille_merged/images/train/yapayzeka_490_2908_jpg.rf.21e9e7d71d37eaf00c548f7d524894a8.jpg,2f8b8bc1e00e2dadf405337792132d60db4175e4b220433a964861f679f272f1
prabh-decoders-braillevision/dataset/braille_merged/images/train/yapayzeka_491_2329_jpg.rf.b7844cd7ce455ef3f7adae8f1365f053.jpg,817ba2012f87abb50cf33196b384affc919213b93e555e36d522d65ef82eb34b
prabh-decoders-braillevision/dataset/braille_merged/images/train/yapayzeka_492_925_jpg.rf.5024358baab9881b90f99c975ac7638f.jpg,ee73a65b833146ee969bcc236abba18bf95fd239cd8d0f384f9b9bf4797d9eb0
prabh-decoders-braillevision/dataset/braille_merged/images/train/yapayzeka_494_19_jpg.rf.1cc926a9c54a42d511c3eb100973f6d6.jpg,b6aa05ecc6d1f8335beeeebff5c414ef5c3a1438d1f03ec1fcce1f45ed5e643d
prabh-decoders-braillevision/dataset/braille_merged/images/train/yapayzeka_495_2707_jpg.rf.32cc4496ae254eb62b0f5b5cf94e934a.jpg,6b7e5747a29638d82fed2e907917341cb2507eb055a6dcdcb86465b3557ac8a2
prabh-decoders-braillevision/dataset/braille_merged/images/train/yapayzeka_497_3535_jpg.rf.3055906ab3fb00994cb2aab5a20bc385.jpg,68593072716f74ac75e737a1c0a6509e6670e4ea893c9c825d19b8d37bdf53ca
prabh-decoders-braillevision/dataset/braille_merged/images/train/yapayzeka_498_4006_jpg.rf.b158e2eb4e1207742048979727228400.jpg,fb90e07d21785bdd5ce74062949d333f6f27a72da96cb12ec7d31bc4aade4496
prabh-decoders-braillevision/dataset/braille_merged/images/train/yapayzeka_499_db7_jpg.rf.7b660b8eeef8bab05159538c32f938c8.jpg,b38227d1528ca7da2dbad0fa7387db08266bdd02d810f2c702d047bdf9516c29
prabh-decoders-braillevision/dataset/braille_merged/images/train/yapayzeka_49_900_jpg.rf.6983e035b9d50147296d53f952cc77b9.jpg,b92f690b2e6184fc5c6277e8552a7f767581b10de63703b7c994e524e9096523
prabh-decoders-braillevision/dataset/braille_merged/images/train/yapayzeka_4_3807_jpg.rf.cc67fed682bdc04667c1ec68fcd82647.jpg,0ca0921aa77b9853a58c539bc5d35ce2932955c62da9d859719f59a6a5c6b8d3
prabh-decoders-braillevision/dataset/braille_merged/images/train/yapayzeka_501_928_jpg.rf.9c2e2e1d80ef3a8f668f27845ffd12ff.jpg,ed6c7fb8ba9180cc43681d1dcc92e26776d155bdc8b95abd606038edd15819dc
prabh-decoders-braillevision/dataset/braille_merged/images/train/yapayzeka_502_4079_jpg.rf.7e15785fecf90d011e32f8c422e9b269.jpg,8a53bc58c2ebb6ec872a2005ac93a550bdaf4b739ba735a638a124b04d075e71
prabh-decoders-braillevision/dataset/braille_merged/images/train/yapayzeka_503_1680_jpg.rf.2ecef5d99a5aaf9f81fab4db8b5c99f5.jpg,1a1e220ebcc8354296efb09e4706f560054d73efba399bbb0a894eda7bc174ff
prabh-decoders-braillevision/dataset/braille_merged/images/train/yapayzeka_504_IMG20230421204144_jpg.rf.0fbddb0e3d337ce97559e62deb53cb75.jpg,0357201c1517a9a2e7665ec3f3ae4001233575cce663e9ad8620c978fcd55597
prabh-decoders-braillevision/dataset/braille_merged/images/train/yapayzeka_505_534_jpg.rf.ed2a924319690a2e9a0a8a7b53b247ee.jpg,11c6ccf1caecd8091d2150ccf60c8726a6166087f7bcb2a96180e10284ea2dba
prabh-decoders-braillevision/dataset/braille_merged/images/train/yapayzeka_507_1594_jpg.rf.bd8e5aa82f54969ad030342cfe577bb0.jpg,470a18d6c07393d780828a893cf7113edd4407c9194ea062acade069309238d6
prabh-decoders-braillevision/dataset/braille_merged/images/train/yapayzeka_509_1681_jpg.rf.319b167d32cda34fb3e7157c7b1809cb.jpg,2e75902d1b66b898e27b2baed6d6ad368293434c3781f76a74883e56375656ac
prabh-decoders-braillevision/dataset/braille_merged/images/train/yapayzeka_50_IMG20230421122821_jpg.rf.3199f8ad34019081e07baa5c485836ef.jpg,c5c2d1dd7712343e6dc01b1a63833149b5e434b85ff1683c464c45e664addf6b
prabh-decoders-braillevision/dataset/braille_merged/images/train/yapayzeka_510_606_jpg.rf.1887bf4cbc1b8580d85c41298075f0e5.jpg,ecccab1980fa2181d5de0add85588e2c9c4f2c2a857113a2a94a97c5c2d936f5
prabh-decoders-braillevision/dataset/braille_merged/images/train/yapayzeka_511_IMG20230420225835_jpg.rf.4680750e36074567e794ddc6f862a7f2.jpg,308c047f4417cc4c044fb23df265e8c2ea715dfc0dcab4b61317bc26f670c58c
prabh-decoders-braillevision/dataset/braille_merged/images/train/yapayzeka_512_IMG20230421102521_jpg.rf.ca964c539aa50f976cf75ce52f34669b.jpg,a224ec6eab48a2a410e9c3465bc01c899c96912c4abf3a963941fbb92645b6cf
prabh-decoders-braillevision/dataset/braille_merged/images/train/yapayzeka_515_266_jpg.rf.53e2619d78b2f5ea06e5ed1a222cd068.jpg,69f16e706ecffaa439d512d8302259fcfe3a01e098a2cc2c05eef36beae9847e
prabh-decoders-braillevision/dataset/braille_merged/images/train/yapayzeka_516_32_jpg.rf.123db3d857c02ed4e0ac03d9ea38ba5a.jpg,4429a9e5643298876f98e061529ce680baaac22cbe640ea5f652d4bb312c3645
prabh-decoders-braillevision/dataset/braille_merged/images/train/yapayzeka_517_530_jpg.rf.36ef94c412fbc2cac2d364374540e626.jpg,13f2326e2c9affbb62dc875b1fc2d2f225941dc449b7286524b3936cd4e9b0a5
prabh-decoders-braillevision/dataset/braille_merged/images/train/yapayzeka_518_db15_jpg.rf.3365f9899ebaa57b47d47189b93fdadf.jpg,5a2b38f8d483803183b3b012747acc714df48c66eec5350710577e01e1d87c66
prabh-decoders-braillevision/dataset/braille_merged/images/train/yapayzeka_519_1322_jpg.rf.69d098eade31e1459f24f9522731a4ad.jpg,65ab5523235c3bfc3597fe8949a35ac1e11e6a878b039aa92885c1a9eead0463
prabh-decoders-braillevision/dataset/braille_merged/images/train/yapayzeka_51_865_jpg.rf.c18914628925355a34b6fc5c68cd948f.jpg,55d71b928fee451c3b8ecbc24c0fa150f5f7a338d9a5541e63eaa0d16fe2a1f0
prabh-decoders-braillevision/dataset/braille_merged/images/train/yapayzeka_522_2887_jpg.rf.0260af4ec808c54745fe0718c94e2d80.jpg,833b9ca20ae9c795a83ade02472c30664dc5dde28b6f60386d613b10ab72b570
prabh-decoders-braillevision/dataset/braille_merged/images/train/yapayzeka_523_3804_jpg.rf.5e2d37064c5059000f430a8048348c68.jpg,d47fe4d111658140deaf725d70d392139d0cd452260a7427eae2b03ba7864ce2
prabh-decoders-braillevision/dataset/braille_merged/images/train/yapayzeka_525_1656_jpg.rf.632a87fe6acecf0d09d66e4d59878b82.jpg,3d535b70c884d77f4409f3869ac200fb1bbccb67376a5032586101889eda81a5
prabh-decoders-braillevision/dataset/braille_merged/images/train/yapayzeka_526_155_jpg.rf.ea58091e741250946b287d89a3ffc877.jpg,52ec5a71ced283fe6f3137c4f3931d70602f8ba8d83d7d6d524d42a3c02ae300
prabh-decoders-braillevision/dataset/braille_merged/images/train/yapayzeka_527_3_jpg.rf.01c672c52076cd49978b278e9170fa5d.jpg,9c7ab933b2626bb894ce70e064f147595ad68a739e4ffb18ea013c202d8591ef
prabh-decoders-braillevision/dataset/braille_merged/images/train/yapayzeka_528_4575_jpg.rf.d2672a5d279a2b46e77fffe81eb71446.jpg,2b62dd06dcd68e832aab1bff6281b6812091dec28769ef0fed9966bb8ea93982
prabh-decoders-braillevision/dataset/braille_merged/images/train/yapayzeka_52_601_jpg.rf.7a233d8869653ad0f7e400366fa0a164.jpg,a7cbd5f6defba551d51b9b9509ce63608cf54818edd8af1e6b6879607dda6b70
prabh-decoders-braillevision/dataset/braille_merged/images/train/yapayzeka_530_IMG20230422143832_jpg.rf.a87fd008708179c0bccbebf082d0c456.jpg,ed58dd76872a52f023f596cd8af4bfccb31c8bfc2657b3195ab5afb4060184e0
prabh-decoders-braillevision/dataset/braille_merged/images/train/yapayzeka_531_536_jpg.rf.6b6a651ff2a4f45a6a226e43e795a135.jpg,145794d713f92507a3cd1aacdf1c52502856004e9df41fa2563e4b72a8ead570
prabh-decoders-braillevision/dataset/braille_merged/images/train/yapayzeka_532_276_jpg.rf.576b6e7d936e026cdfa583bde0932216.jpg,d705a95df4cb9645642f5b5d3f1016f7a261f93dedc9d853b102cb7346823acf
prabh-decoders-braillevision/dataset/braille_merged/images/train/yapayzeka_533_2322_jpg.rf.d513843fe57ae88b02fd2c2ba59c79ec.jpg,13367f95984ab7b90a46941aba9b0c1f82db099eb2217f5093035004f26c6182
prabh-decoders-braillevision/dataset/braille_merged/images/train/yapayzeka_534_2701_jpg.rf.33dba1d7436d8a6ef722efe0caa5b8a2.jpg,93e2812fe4fe1e948800f3475996ecc1a1b566d4800d9701d766970be3afb003
prabh-decoders-braillevision/dataset/braille_merged/images/train/yapayzeka_535_1556_jpg.rf.2b9be666607359cec3a13e6377eb0e07.jpg,59a4fb954dd7518d48b0e04344049d1467a4dae490d63a5bbdd1e7a3ef4a10be
prabh-decoders-braillevision/dataset/braille_merged/images/train/yapayzeka_536_1088_jpg.rf.0ce6980d1ad07492e5615810cdedb3ab.jpg,42589cab4992bc161dbc81c5d4cd14b2b7b7ad3cd6a578c6e1ad4a50ee6c9281
prabh-decoders-braillevision/dataset/braille_merged/images/train/yapayzeka_537_3289_jpg.rf.3b2ce79ff23771977c2ceb9f87d1b72a.jpg,d4bf5993eac4d7352fa2fbfbb6d093b6f8d323eff862151727c3cdcc8c221d77
prabh-decoders-braillevision/dataset/braille_merged/images/train/yapayzeka_538_3487_jpg.rf.e25499a0fcb967b8dd89f2f48242a59b.jpg,252b12430da5d0d4ea82b482272918cb859ca0282e1463d154082ebbc13d095f
prabh-decoders-braillevision/dataset/braille_merged/images/train/yapayzeka_539_597_jpg.rf.f7685b20e107d4110837433016e868a5.jpg,2fef9a9e563f460bfd28022e721f81a4e1f637352e643f9af5f8bba1544feade
prabh-decoders-braillevision/dataset/braille_merged/images/train/yapayzeka_53_1074_jpg.rf.a6f3c10295a2cf2488d3d5513c5446a3.jpg,a422e74bae5703a9c67958ef4652fa3290f6c61c65a1485b2b2da9016cca08b9
prabh-decoders-braillevision/dataset/braille_merged/images/train/yapayzeka_540_40_jpg.rf.fd32e468aead9163dfeab2ee4a10780b.jpg,936852e13713b5e2787e54b2cd700827d4abf53ddb29627832276fcad9c95b13
prabh-decoders-braillevision/dataset/braille_merged/images/train/yapayzeka_542_IMG20230420230608_jpg.rf.3a1dfd5e1366dd8cf84d716b9ad0cb5e.jpg,ee7464b556e54c6c2bf5edcdb3f0b748f63c4eed1680c4f91b1d1df554fb8289
prabh-decoders-braillevision/dataset/braille_merged/images/train/yapayzeka_543_2345_jpg.rf.3b1e38d4c93426f0bb2a6e56d2dc12f1.jpg,27e84f9006139774815c0569d3a2bc60758412ea9bad79e0dbee3c5bbda12b80
prabh-decoders-braillevision/dataset/braille_merged/images/train/yapayzeka_545_3837_jpg.rf.4e3a7ef7ce8682950676c0cbdf750b06.jpg,0159ba94b72b2f2ef780aeb36f9c4f4e344b41104af227994e5fbb65209cb0dd
prabh-decoders-braillevision/dataset/braille_merged/images/train/yapayzeka_546_1595_jpg.rf.15d281537984ee378d5be01694655595.jpg,0d132c688aac6da83a1a9846590e31dc2412ea63bc4902455f4cfe7f50f8d36e
prabh-decoders-braillevision/dataset/braille_merged/images/train/yapayzeka_547_3290_jpg.rf.958ad141c92a4784ceb779d0f272d4f8.jpg,94d6eea1cb64b3faf750b7bc772fbbebe8363b8ae063aa3bf403bc09b33019b0
prabh-decoders-braillevision/dataset/braille_merged/images/train/yapayzeka_548_605_jpg.rf.7131f3fd50b6bad69102b1e96a2a42db.jpg,7808d2a38c7287513c189c206d9d888cfadc5f637d1e788be7088a629ff2de3f
prabh-decoders-braillevision/dataset/braille_merged/images/train/yapayzeka_54_922_jpg.rf.26e6efa76e62a604ef571a99875c7d3e.jpg,77a82e78b10c99c7c66002e12c56ce181171daba4b5b295650fc2fa48b342aff
prabh-decoders-braillevision/dataset/braille_merged/images/train/yapayzeka_550_1546_jpg.rf.508417865b9101d19e581a0e5c2155dc.jpg,5c8314d34a64c33a81fd41d4b33f5c2017ab1ff64223700308625c664078c063
prabh-decoders-braillevision/dataset/braille_merged/images/train/yapayzeka_551_167_jpg.rf.6ddbf2a998bfbe904e2cc3588ddbdcb9.jpg,310a100cb6553a9facdb4d8e2fabe410f525f4031bb9c01485746cc5e77d8980
prabh-decoders-braillevision/dataset/braille_merged/images/train/yapayzeka_552_3523_jpg.rf.e5bf0f68c77c23fd2bf24d3197178481.jpg,d20bdf34da8bda3b2942b085f5337766db19812697b9bb149d6a1651e7fa802a
prabh-decoders-braillevision/dataset/braille_merged/images/train/yapayzeka_553_1079_jpg.rf.5defe3b0bcb03f976110b287763ea8dd.jpg,330ca3d790f26ad38ae75015cd0c9f2476d48bda671a15f1ce6241d1c0a522d4
prabh-decoders-braillevision/dataset/braille_merged/images/train/yapayzeka_555_269_jpg.rf.1b923639b696c26b4ee8c2fdc74fa13e.jpg,a5f089dd12222a6e8d8309650a3c123235c9794671aac14c826a05933c6d4c15
prabh-decoders-braillevision/dataset/braille_merged/images/train/yapayzeka_556_585_jpg.rf.7cba43bdc35a68e7a0e562ba028feedd.jpg,f6b02c54d5669a396b1a773764fa9981e6a02091861b62e44ad7e17ac2835fd0
prabh-decoders-braillevision/dataset/braille_merged/images/train/yapayzeka_557_4017_jpg.rf.597064f129d3a9260863c816504392de.jpg,0b0f6093142fa14d6338eb588f2fccd80f0a6b6c5ea8110d4fc28e6779042b72
prabh-decoders-braillevision/dataset/braille_merged/images/train/yapayzeka_558_2703_jpg.rf.1474adce2ae2bf89e8ac58e0b35b0036.jpg,eaa79aaa2d9bf2d91425d59c6cbd529a5237e4efa05a0a3456d208f467e9795d
prabh-decoders-braillevision/dataset/braille_merged/images/train/yapayzeka_559_2881_jpg.rf.fd23ea6d41ffc34186408899c58b52b0.jpg,252f754340104314d1e1934dcfffa2494d1b5a1bddbe8211be9c612e1e9ddea9
prabh-decoders-braillevision/dataset/braille_merged/images/train/yapayzeka_55_2720_jpg.rf.624205049f1edcac79ba44fe7fcaf3ab.jpg,5f15cb2d1865efd2b21063cd96cb3f522c285a4be5cd1e6e16976e4021cbec25
prabh-decoders-braillevision/dataset/braille_merged/images/train/yapayzeka_560_2369_jpg.rf.ae0abcbff534af9da102f0d5d0573995.jpg,8e74bf7cde86ee988a89d0d51d5ed53d902cda357b5a742da1e19b1e75313a3c
prabh-decoders-braillevision/dataset/braille_merged/images/train/yapayzeka_561_2900_jpg.rf.eb1c6eba44ee9d47f03d75899461c16c.jpg,7a67f0222e5e8ea72c638df4d04dab7c53c93f30ed3b38fc9f80f18864241c01
prabh-decoders-braillevision/dataset/braille_merged/images/train/yapayzeka_563_IMG20230422144257_jpg.rf.4ee2cf7bf0456a2f44533f5707d25d5a.jpg,e7f273e32810d334d630190b9f11900faed83dad3dcc28b1fbc0c4718b1f4e3b
prabh-decoders-braillevision/dataset/braille_merged/images/train/yapayzeka_565_518_jpg.rf.71f0f3a837494ff62fd6adb54ddd878c.jpg,3ff1431f2dbfc1652b62de28f18fe567a99a5ca4a81456537429cfd4ef6e45ed
prabh-decoders-braillevision/dataset/braille_merged/images/train/yapayzeka_566_1603_jpg.rf.131431f3fe71128510d69fdfde0ed449.jpg,c399662f3790d0b525e29d500c7f46a5adfc2cec725af0fef8bede62960f987e
prabh-decoders-braillevision/dataset/braille_merged/images/train/yapayzeka_567_IMG20230422143957_jpg.rf.ac7b05cb42ddaa6226b0967a8bcbd76e.jpg,4e16b4f2cfb2576b2b9f3f98afabcf7dfd976c46e19dbfacc10cfceaa01f22ce
prabh-decoders-braillevision/dataset/braille_merged/images/train/yapayzeka_568_262_jpg.rf.71194cdd2715e24ba43bfccc61af5606.jpg,6fb50a3ffdeda924acbdf8eca4fd05a462fc828bd470e6aeac492e2b2370af2a
prabh-decoders-braillevision/dataset/braille_merged/images/train/yapayzeka_569_2724_jpg.rf.68c90f6f71649ae7f6a8cfa5bdca7527.jpg,2137225b077552c472ca22e4ec627a37e527c9b10de333a6bc9d07813fa61dd1
prabh-decoders-braillevision/dataset/braille_merged/images/train/yapayzeka_570_1614_jpg.rf.1953a43e6459b9625b6dfabe45189f94.jpg,0bedea2c46ac3f565c5fac25f24f73e855b26609f7d37b93c6a8e065cd6564a6
prabh-decoders-braillevision/dataset/braille_merged/images/train/yapayzeka_571_4040_jpg.rf.71bec2eb77378d5f6fae05cb3c0cb2f0.jpg,9733efc4e889fb5cea3dbb1cc42f61f223b25051bcb5c4e595fe4dcb5f4d43d4
prabh-decoders-braillevision/dataset/braille_merged/images/train/yapayzeka_572_1565_jpg.rf.addb4caaf1db3109359221b96870b7b8.jpg,6b570a062d244c3fa905682f9859e1f076810c12cb049da4cf7dac3de1aa3258
prabh-decoders-braillevision/dataset/braille_merged/images/train/yapayzeka_573_3315_jpg.rf.167d384dd39d15c5f27a02906b4ff9f1.jpg,caeb2a5de4c3d1ce8277f2c81e3fb5bd5d68edd24c3a6bee6f866d4d8275d98c
prabh-decoders-braillevision/dataset/braille_merged/images/train/yapayzeka_574_860_jpg.rf.47bad5cdbccea78c1dfda6a56a85b7f4.jpg,7e45ac0e63a381d90eb70ca169c748b8a122b293446eef2430ebc2075b74d3b8
prabh-decoders-braillevision/dataset/braille_merged/images/train/yapayzeka_575_2348_jpg.rf.04ddcd8212d2d907e4add63128e7e511.jpg,f5240c66c99c2aab63fcace1a7f93e456d7444db76aff2638668953f18e7b378
prabh-decoders-braillevision/dataset/braille_merged/images/train/yapayzeka_576_3295_jpg.rf.5d61ad3c18a08d84dc749cfdd9614ba1.jpg,57a7b7568ebf3514141c32fa1f467b60413f007dad218856b20b250d429f2771
prabh-decoders-braillevision/dataset/braille_merged/images/train/yapayzeka_579_2350_jpg.rf.4d0cc6620e37c2fe6d41a66b17f98e9f.jpg,84ca2a266ccf10117457fd00cc5adab00e6e0517e3c82a676979700db7771ac5
prabh-decoders-braillevision/dataset/braille_merged/images/train/yapayzeka_57_3507_jpg.rf.48ce33caf62f044d952392244362aee9.jpg,58aa218d0cb26b687dca36bc0ff2fba91d8099323ad4aec5320f3707d1f358d9
prabh-decoders-braillevision/dataset/braille_merged/images/train/yapayzeka_580_IMG20230421104559_jpg.rf.64ff68714fa7ec541493b66dc72c97d0.jpg,d578c6f01eb62529c6c161fc562da46029973556f32bce67d5e3303162bd4623
prabh-decoders-braillevision/dataset/braille_merged/images/train/yapayzeka_581_261_jpg.rf.8d4679972ccb0412ea5c30eb0fe02c4c.jpg,8421878a7e176059090319d53be726348f2be33e234dc7f03c77a07ad8141faf
prabh-decoders-braillevision/dataset/braille_merged/images/train/yapayzeka_582_IMG20230420230656_jpg.rf.bc3750a7d75b17b030378013e5642d64.jpg,76b6b2e2524ad5c880b1e6060415ad1b387b7cf0beddc09c819c1213a6b9c065
prabh-decoders-braillevision/dataset/braille_merged/images/train/yapayzeka_583_616_jpg.rf.d60a5630b6617628285ae728840ebefa.jpg,7d4bc70fae6c09f86eb74319b38b792bfcacada2890bd0f2302caeadc0baa9d6
prabh-decoders-braillevision/dataset/braille_merged/images/train/yapayzeka_584_IMG20230422144033_jpg.rf.9a595ee75115b18f54d7137e928a7b13.jpg,a97a996395e081f279c82494c7ca4f5f12d2198a78da6ceea7503218fb411d74
prabh-decoders-braillevision/dataset/braille_merged/images/train/yapayzeka_585_db2_png_jpg.rf.7e3aba40c236c25f067bd7420a4ecbe9.jpg,52b8c6178fb7c3f613a88224a9674156c73daa60d0bc08dade4dec91a7ae134e
prabh-decoders-braillevision/dataset/braille_merged/images/train/yapayzeka_586_3472_jpg.rf.3a1170ba97016f86979f2551f9b5f9a8.jpg,b13d9c6b48c3045f7c26d02272c975c69ad55821667f04a948bdec57aa4edf30
prabh-decoders-braillevision/dataset/braille_merged/images/train/yapayzeka_587_889_jpg.rf.f230ecf51fcd82dfa337ce0338a0dc50.jpg,f9d9799818e8086b8238af5e19d40657490b73cea489eed8a4a5ceacbd516f9a
prabh-decoders-braillevision/dataset/braille_merged/images/train/yapayzeka_588_Screen-Shot-2023-04-17-at-9-47-41-AM_png_jpg.rf.4905a643b5067db5c93d6282f5cea0bc.jpg,70769c4887f85fe005fd4f11db492117a4503b24afb73e908f37f9401c47c76f
prabh-decoders-braillevision/dataset/braille_merged/images/train/yapayzeka_589_927_jpg.rf.6ca4ec8a2eec5185367ae2aa3b800ef8.jpg,77887427c7df50480e23ea0e6f32c9c71366a8a85150e113f8ca5fb40532b272
prabh-decoders-braillevision/dataset/braille_merged/images/train/yapayzeka_58_2872_jpg.rf.ab52668a9b287f81834dcc77a8f517b8.jpg,cebab7724f89772893a3f1c554137d78307ff415f5eb81bb74ad5039268c4fa7
prabh-decoders-braillevision/dataset/braille_merged/images/train/yapayzeka_590_4049_jpg.rf.473316e64979324e575c4cda5ee609f7.jpg,a99333b5dcd09fff15654f1ce2d6799f6e1554f90db62c2a11406ad1025ad829
prabh-decoders-braillevision/dataset/braille_merged/images/train/yapayzeka_591_265_jpg.rf.5890d592fae882f8fd2586070df5a1a9.jpg,6b397a8f473b3befe8e26aa13e13ccae8372327d24707ad9bc2b15e1a6bb955b
prabh-decoders-braillevision/dataset/braille_merged/images/train/yapayzeka_592_4559_jpg.rf.b4bdf6367b5d062231cf55d292efa479.jpg,fc8efa612af5c4f7ee962faf020e540256af9b9e7a76639969ab6baf5fc7f9dd
prabh-decoders-braillevision/dataset/braille_merged/images/train/yapayzeka_593_3820_jpg.rf.ed199d14e9eaa4c46aa347dd64b721d0.jpg,8f8cd3ba29deae2e4c735892b861f6f70056852e8cf73e1f46eaac600b6a12cd
prabh-decoders-braillevision/dataset/braille_merged/images/train/yapayzeka_594_619_jpg.rf.59b89ad0590c642390efb402d0223bf3.jpg,2eef99fb63b2dc2c91700c17363ae7ada0f6d694a692517aeabd853a816d98fc
prabh-decoders-braillevision/dataset/braille_merged/images/train/yapayzeka_595_1664_jpg.rf.6e8e7ca7b2de95f6446d203899d0a170.jpg,c1c1f07c825ece7d6ad3adc5e34cb317e1e401084784139c13194f8d462901ff
prabh-decoders-braillevision/dataset/braille_merged/images/train/yapayzeka_596_4557_jpg.rf.0eb3fc8c20ea12a17489ec617133bb6b.jpg,892fcbad57587c80bc8f1944a261e5adc8468485517ba49c262011e105fc630c
prabh-decoders-braillevision/dataset/braille_merged/images/train/yapayzeka_597_IMG20230421114848_jpg.rf.43f03947c7f11615aa467068c03bf4eb.jpg,edb3b9e9d73adb62cccdd0fa50c26552e297cc1ea34de9ae00aab3dd80d1f1cb
prabh-decoders-braillevision/dataset/braille_merged/images/train/yapayzeka_598_538_jpg.rf.637c3505fbd367ecd9784790d6f7b555.jpg,677a9bf51cf97c82e2d5982b11ae571a81a2632d7ff11d693f6fcf9fd07a2bde
prabh-decoders-braillevision/dataset/braille_merged/images/train/yapayzeka_599_3305_jpg.rf.7d07bec424ad336af03b01568b4f48f0.jpg,c3728b39ae9b041c1e91f92ef4ff972b4ffeb02d00318aa7ba0e53c022952d1b
prabh-decoders-braillevision/dataset/braille_merged/images/train/yapayzeka_59_IMG20230421205107_jpg.rf.8224de451e41fa020a42fefad727a430.jpg,b5a763190a18b458d17d39fd0b13b35f2017e304a701d3a40417ca0b89a2447a
prabh-decoders-braillevision/dataset/braille_merged/images/train/yapayzeka_5_4051_jpg.rf.937d1347b49f191a4122d27705ccc08c.jpg,2c568c230eb6b2f09999b94e67c25bd722c7b2635a151a116a7e7c6490c60de0
prabh-decoders-braillevision/dataset/braille_merged/images/train/yapayzeka_600_4074_jpg.rf.c8e828f12cbd642a3041a4cd725168ff.jpg,98e50cedf8ce0b6852fe906b812184d038a868178b0a0fa6a5270bb27c533c26
prabh-decoders-braillevision/dataset/braille_merged/images/train/yapayzeka_601_2911_jpg.rf.6c86d211162343af565017ff26fe96d3.jpg,e06c1d0037d2b8a3701202de378f5b81fb202163c7cfa5023301cce889cc9c81
prabh-decoders-braillevision/dataset/braille_merged/images/train/yapayzeka_602_3265_jpg.rf.c1636c567a6ac04d617acfd5149f20e9.jpg,532e789f8041ae70bfc00a3088bdf04993fa085f3536871418cff56f2400242a
prabh-decoders-braillevision/dataset/braille_merged/images/train/yapayzeka_603_1579_jpg.rf.43546e687c503465f59c9f133a2ae4aa.jpg,c2820c89853f6d7b97ee429ce97bf4f8da310aeb91c7caabea746daa275017c2
prabh-decoders-braillevision/dataset/braille_merged/images/train/yapayzeka_604_264_jpg.rf.f3d0ad54397453086cd7675cf600ff9c.jpg,7aedcb76db55733fe6548ccb6bb922493c3a917122c578742adb21fe5197e9f0
prabh-decoders-braillevision/dataset/braille_merged/images/train/yapayzeka_605_IMG20230420223819_jpg.rf.1dddff6ac34dd3e2abf087f79a2a491a.jpg,091fecf8a5f3428fe8de95b99af486323c5d185df44ecaf03db04da8d4ba3435
prabh-decoders-braillevision/dataset/braille_merged/images/train/yapayzeka_606_images_png_jpg.rf.209ed2476db568926e89b8f6330d56ff.jpg,09265c882d37055ef8fc4e30ece6f5c519a99492bf18415783794adbd9703c4f
prabh-decoders-braillevision/dataset/braille_merged/images/train/yapayzeka_607_1082_jpg.rf.cc3a37c82134b64782c46e7933bc1588.jpg,19e8c2a01cb8810d636a58eec2f3a39fb8b1a0be2500d64cfef2850625a65035
prabh-decoders-braillevision/dataset/braille_merged/images/train/yapayzeka_608_2882_jpg.rf.d35d0600a3ecfc7f072e45b4c6fe63c0.jpg,213892b55133742fffbab8efdbfd342a137cf1dabb0c2c888e0467f2735fe014
prabh-decoders-braillevision/dataset/braille_merged/images/train/yapayzeka_60_Screen-Shot-2023-04-17-at-10-43-00-AM_png_jpg.rf.09692e13d75e8a2bb23af6752f0972dd.jpg,165d7a587ff89cb4dae1cadaf0220b7c1195395abac3f9fe190909e386076963
prabh-decoders-braillevision/dataset/braille_merged/images/train/yapayzeka_610_3508_jpg.rf.c990afb7190c7f29dc4b2c54f4955501.jpg,46b7d38512779e33887fc930293caf70869884c37190200a27fc6e79aa69e451
prabh-decoders-braillevision/dataset/braille_merged/images/train/yapayzeka_611_IMG20230421123245_jpg.rf.c5a6e2ddef071bdfcc71bb714e82699a.jpg,ff3607bc0393052433e5a0678c3d81dc39ee9b49c476572e43d73122b18777e8
prabh-decoders-braillevision/dataset/braille_merged/images/train/yapayzeka_612_2922_jpg.rf.473f0ebaaf40a86181695282fd11c144.jpg,2ba0c1035bbce9c5f022eebce36822144529c81a00e21192df7ce605c0a8de3a
prabh-decoders-braillevision/dataset/braille_merged/images/train/yapayzeka_613_4573_jpg.rf.2b9c443fc6aa6c71896da2e457bbe79a.jpg,b7b19fa3b7eeedfec60257bfa203e4bfd49cf71432d7dfc3c8fa540f94e8fd7a
prabh-decoders-braillevision/dataset/braille_merged/images/train/yapayzeka_615_3805_jpg.rf.74264c140dd37231488cf9e29efdd7a5.jpg,f21a2ff3d3859d6209ff96529c22dc3f23105e397807d67b93a3d20f3c4ac05c
prabh-decoders-braillevision/dataset/braille_merged/images/train/yapayzeka_616_2891_jpg.rf.5b9f1c038feb2c1a9e16164052da28da.jpg,0127312c406d239e9f602fc92094141c134ab578793455f40b2a3b98422c1321
prabh-decoders-braillevision/dataset/braille_merged/images/train/yapayzeka_617_1338_jpg.rf.87da88491958444e6865ecf249d6b31a.jpg,d688eb0f3342188a09429f88317f870b0d8206b209059e732c175045c423f770
prabh-decoders-braillevision/dataset/braille_merged/images/train/yapayzeka_618_899_jpg.rf.211b786b06f5a30dc0f836e73c85693c.jpg,f66dc3007350edd4e1b059bc5aee7cd7fc09147ae2fe410f5b1d50ec6033d581
prabh-decoders-braillevision/dataset/braille_merged/images/train/yapayzeka_619_3854_jpg.rf.0ed261ddc737d6b6ec84a9c1907547da.jpg,3f7aa53e8f0447f1d2de62335d144603c7b50db9c5c191c011ed53d7f6b4f3b6
prabh-decoders-braillevision/dataset/braille_merged/images/train/yapayzeka_61_4025_jpg.rf.bdb0db8eaae4ed2836fbf091fbfe896d.jpg,500d1bd0c035d3fb7821f581045326f602ff9a8093787c607f9f53c423a529a5
prabh-decoders-braillevision/dataset/braille_merged/images/train/yapayzeka_620_912_jpg.rf.8e47abc9644af22d37027534aa323f0a.jpg,380d323942fa4a6248793820ef92fbb0fb697d5cab9b7ad44d1aa56f7086c3b5
prabh-decoders-braillevision/dataset/braille_merged/images/train/yapayzeka_621_1596_jpg.rf.1307c9e580f7ef4c026738bffd673e9c.jpg,65aef9661b17009b774ff25886b2ec851f9aceaafdd5314715bad64b159696e3
prabh-decoders-braillevision/dataset/braille_merged/images/train/yapayzeka_622_3269_jpg.rf.2d8d029436c67a28ebc19b88d2c9ad08.jpg,de295e41736ff238ba2295aa1b9285d1a6d60cc17732d493ccfad5f6d6ac931f
prabh-decoders-braillevision/dataset/braille_merged/images/train/yapayzeka_623_2734_jpg.rf.d94d64d8f0ed63d28b40cff580ddd719.jpg,5067f0eff17ecddc84f2dbc20957ccfea3d1cc2e3127c8be59c46b06df9e74e8
prabh-decoders-braillevision/dataset/braille_merged/images/train/yapayzeka_624_527_jpg.rf.2610ec4561b66dd3f586afe2d439d12c.jpg,75fb7f10bf5c3d9eaab702d6705581b1699daaa621d6cf28130e95e46307821e
prabh-decoders-braillevision/dataset/braille_merged/images/train/yapayzeka_625_1525_jpg.rf.955d32507182dfb341ab61bb140e02bd.jpg,b1d40676c8dbcfc844882a24d6d80a417546350db8df457e11a9cb52faa51a30
prabh-decoders-braillevision/dataset/braille_merged/images/train/yapayzeka_626_887_jpg.rf.c50f686166002c427d41706cae84a8dd.jpg,27c5a2b17fe284be7bbbb4ec613abf296f816b5f4467c72b01a68ad12c936541
prabh-decoders-braillevision/dataset/braille_merged/images/train/yapayzeka_627_542_jpg.rf.1d9bf23a20c143acf33f560e7723dc84.jpg,a4c3156d7641532d618bc953b349617675ea62aa7bde404592efff1b7f7fe962
prabh-decoders-braillevision/dataset/braille_merged/images/train/yapayzeka_628_IMG20230421204512_jpg.rf.9356f00d2a05a0351ddcd97ee83f71a9.jpg,c6a233fbf6bc146b9a2204927d06ad93a875ed00631b834e9ab5e90563fac7e7
prabh-decoders-braillevision/dataset/braille_merged/images/train/yapayzeka_629_2750_jpg.rf.ee6aa16ec8d018649ff5a72e9336621f.jpg,f74bebd6e793f2d8acfd747915ea498e2ed8036dfc983a8cbb28063ccd4fe64f
prabh-decoders-braillevision/dataset/braille_merged/images/train/yapayzeka_62_1586_jpg.rf.92a650c96b919e1d9880ec7642494cd5.jpg,b1ef6dcc561fb1d391cf74814c406c9497729310efc89406f4bad2678fa01f6a
prabh-decoders-braillevision/dataset/braille_merged/images/train/yapayzeka_630_3293_jpg.rf.338529ee8d5c730e7d74aaa13fa38bb8.jpg,1562cccb0d33c6314e8045b83406a287e3cf5c8b3796b4b675a4b2c31f000622
prabh-decoders-braillevision/dataset/braille_merged/images/train/yapayzeka_631_IMG20230420224624_jpg.rf.6dd4d7b04c76946d0bfd3668e5b15ad7.jpg,917960bda05a17fa6d9593c27c1f3d3e9bd69af00f48a1bef949b92de43af205
prabh-decoders-braillevision/dataset/braille_merged/images/train/yapayzeka_632_zoCIj_png_jpg.rf.474d513deae6ad53b88a1bf8ad9b697f.jpg,edade643a93d7881885e86c881a11be316ee724c119a1044d2a7ce3e37858210
prabh-decoders-braillevision/dataset/braille_merged/images/train/yapayzeka_633_IMG20230421210314_jpg.rf.bda1cfc37516ccf003c3ca358aa3a4d8.jpg,aebbecc7840aa0281bf88e8d9077475b195ce212aaba15fa66ab6e264072e567
prabh-decoders-braillevision/dataset/braille_merged/images/train/yapayzeka_634_1530_jpg.rf.bfe3a4eefc8d281e086cf15a4445d738.jpg,9b0ea800e23e7df0ab6584918c49c309dc4f4ea4040536e5304dfd55bfc72fb3
prabh-decoders-braillevision/dataset/braille_merged/images/train/yapayzeka_635_1688_jpg.rf.2e859c8028f4ac8cbf2f44f7a455f034.jpg,e90e23b297d3b6821e7b39598e29bdc7b3269c9f7d45ee49b83933f90db5db74
prabh-decoders-braillevision/dataset/braille_merged/images/train/yapayzeka_636_867_jpg.rf.3a797df5e731d1624d9bed02fb54243e.jpg,f8c709a9aeb0582bb4485b438d54550ffa92157da2fc2780aa1877622259ebeb
prabh-decoders-braillevision/dataset/braille_merged/images/train/yapayzeka_637_3005_jpg.rf.e3e6ae94f24083513303f18eb54e6668.jpg,42043c913826b7f44ac53ad3712af69b27afdb465b87d30400368c30bed731c6
prabh-decoders-braillevision/dataset/braille_merged/images/train/yapayzeka_638_2982_jpg.rf.1a4e249e76afe99e36b7093f34d546d1.jpg,40005bcccb31752883d3733edb22aced095d93b5c1e6980310fd0068db76a668
prabh-decoders-braillevision/dataset/braille_merged/images/train/yapayzeka_639_4_jpg.rf.f9b91cc7552b139022b7c77cec469c6f.jpg,960986a8883de6d0d90d907243e9a7c9ae7de4af46bf84cbdf371e0d3ba81f4e
prabh-decoders-braillevision/dataset/braille_merged/images/train/yapayzeka_63_4072_jpg.rf.4b352c9f096129f44c7ebb64bb61212b.jpg,32f434edf6f29930b330fcee4d94937503fd0569dc0482cbe6e30cfc24834ec9
prabh-decoders-braillevision/dataset/braille_merged/images/train/yapayzeka_640_db1_png_jpg.rf.392880d44e2c7e0a12f25d27409bee70.jpg,be67c5d778bf2d4eb979b5db58e45b36445feaa64bd77c3bf76ce340cbf68cc7
prabh-decoders-braillevision/dataset/braille_merged/images/train/yapayzeka_641_2740_jpg.rf.2729dd6ea9bbff96db8108865804207f.jpg,2fde23d88b1bb6e2a6647ac2b51c0eb40e9acd6f335e124961a3ce254aada7eb
prabh-decoders-braillevision/dataset/braille_merged/images/train/yapayzeka_642_11_jpg.rf.65c7662fbf33e7cda12e5dfefa262179.jpg,8a9164f5e5540353404a685f81e06328e534655e082d61d206ba843b27d4a347
prabh-decoders-braillevision/dataset/braille_merged/images/train/yapayzeka_645_IMG20230422144249_jpg.rf.f7a23cf745af288ef0e5183f040eb827.jpg,40a9c7d76ec04bc3fcecb05a22ee2ff10a9be07bf0691a652537a8b5be924929
prabh-decoders-braillevision/dataset/braille_merged/images/train/yapayzeka_646_3271_jpg.rf.aad10868db892e526db889eeca68be2a.jpg,32ad4c20c3c7c6ff5d928c9e5554eb4300bbef5b5fba927829218fdc69572468
prabh-decoders-braillevision/dataset/braille_merged/images/train/yapayzeka_647_FSDGFSDHQA_png_jpg.rf.0a93c8626e1d9cf8a1a15bef1e08a7ad.jpg,ab115f6a573a31d92e35fce4eeb7452ad8710279d59df6e5472a84aa59b35fff
prabh-decoders-braillevision/dataset/braille_merged/images/train/yapayzeka_648_892_jpg.rf.14a5a6b4bd1e987a854ee52e72ad8527.jpg,dca56a4791e3f328d4b03bd3608a264fa039230a0a9bb9785005e806c2f80300
prabh-decoders-braillevision/dataset/braille_merged/images/train/yapayzeka_649_2906_jpg.rf.14ca7dd6da021534d8fab9022aaa3b63.jpg,ad3efb6ba86b463088bb507ee666dc1a61b75a9a7070a391aa3451ffefde24ce
prabh-decoders-braillevision/dataset/braille_merged/images/train/yapayzeka_64_3298_jpg.rf.27215b96f19aacef1130c7a4866ad110.jpg,0c9225dbdb82cdaad0bf3db6b6bd66724704ae21b08488c11f87675a7c7f28bd
prabh-decoders-braillevision/dataset/braille_merged/images/train/yapayzeka_651_Screen-Shot-2023-04-17-at-10-44-13-AM_png_jpg.rf.96c802d83e4ac40c2bd44f68a86b2911.jpg,a953deb3cf55631f11f1479f2864e1674e7bb71d26f1d94a20ae32c197b51c7b
prabh-decoders-braillevision/dataset/braille_merged/images/train/yapayzeka_652_4034_jpg.rf.59602dbfc1d542a6643f2bc8fab43e18.jpg,1416b82d526b95f009ab44541f614b8e470b0f7ac19cc3503bf893cf0769144d
prabh-decoders-braillevision/dataset/braille_merged/images/train/yapayzeka_653_4033_jpg.rf.3ed2c81c7dbce047187011951c455cc7.jpg,34bc8bf797fad4236197ce44c4687c2b1300b0a700ce8fd43e368659b6f033b9
prabh-decoders-braillevision/dataset/braille_merged/images/train/yapayzeka_654_1652_jpg.rf.206c614278bcb95e5d2fa02e44c35284.jpg,7e6e422ac110409e49857bc640e21b54664ce233f2da49054823492aae1721d3
prabh-decoders-braillevision/dataset/braille_merged/images/train/yapayzeka_655_2919_jpg.rf.8d6b5ac83ccb6c5dd2febe1efddf84eb.jpg,6c1fdcb2fa813c6c9277a37a67b032926881e708a8d3ff758640cb270bcf06f4
prabh-decoders-braillevision/dataset/braille_merged/images/train/yapayzeka_656_880_jpg.rf.d8712a263a9cca866ef683a1673b7f12.jpg,e0bc683c96af419aebf4200de8a2c7917797dc14143d1ad15bd690d0ffbe5eeb
prabh-decoders-braillevision/dataset/braille_merged/images/train/yapayzeka_658_3015_jpg.rf.e17e085fb96e6d2aa72cb42426bb748f.jpg,c826a145adb28d70430b57b49b49472ffa7b85e70506f32eeb9777103ddd0b71
prabh-decoders-braillevision/dataset/braille_merged/images/train/yapayzeka_65_2721_jpg.rf.124bf2fcb12c7476a424e2fac7fd960e.jpg,4d1fa4a094a23adeda1bdd9597cf1fb0f079fd8935e747d5c19814ed9c6ceb33
prabh-decoders-braillevision/dataset/braille_merged/images/train/yapayzeka_662_4007_jpg.rf.cf9f4c55139f53c3e6f75971c452630c.jpg,29d9698bd169c7631505bc649d54a1081af63aa05167f6c5d79df896a2a1c202
prabh-decoders-braillevision/dataset/braille_merged/images/train/yapayzeka_663_4584_jpg.rf.f796b1bf39d16c45956384ed60fd7720.jpg,72e86104a914f780ab74dfdf6eb554eb0b2a26b5a995d368383b0ba07f565555
prabh-decoders-braillevision/dataset/braille_merged/images/train/yapayzeka_664_521_jpg.rf.839118d157d986f47b6eac32a67fbbe6.jpg,07881fed9dcee5fd876647679a77a3919494fdcdde9a8c1657b8b95aee33c1f4
prabh-decoders-braillevision/dataset/braille_merged/images/train/yapayzeka_665_1602_jpg.rf.ff75c53f2a76ebb03c7634e656cb6fad.jpg,170dff411b71d975480641dd505df85bd8dfe3b35717d64bd379247c35f01fbd
prabh-decoders-braillevision/dataset/braille_merged/images/train/yapayzeka_666_2343_jpg.rf.69d15bcbca7a25bebcae60b9fabe558b.jpg,1d4ac293c9fde7c8f35e20f82bfc59df7aee729aadb9e975e7bfe0e8d582dff9
prabh-decoders-braillevision/dataset/braille_merged/images/train/yapayzeka_667_1639_jpg.rf.396e35971da1606e8490cb78c8ededaa.jpg,c146a5eb8abba299f5a43fab8c4b6f4310f3613e5c06cfa77d404895ad7c8bc4
prabh-decoders-braillevision/dataset/braille_merged/images/train/yapayzeka_668_4055_jpg.rf.ca5faf4be6fbda765809853c62dba5e5.jpg,58c0348a309a63a5a50dc4a89203dff128849122bb33d989db57f812c87619b3
prabh-decoders-braillevision/dataset/braille_merged/images/train/yapayzeka_669_db5_jpeg_jpg.rf.55d2f56260dd01b5f4e5e84322e21bdc.jpg,c7929bce03fef07578ef7d26d74ea6f33e67d057b50fd29530cf42383a542c90
prabh-decoders-braillevision/dataset/braille_merged/images/train/yapayzeka_66_1359_jpg.rf.1a1668651486cea141ed791ddcec512e.jpg,536fa6af93c845b8538769582e9168ea24c28502d5d6696ef93a69d58ce0ac3a
prabh-decoders-braillevision/dataset/braille_merged/images/train/yapayzeka_671_176_jpg.rf.aced816f811b78f5420cdd2694301507.jpg,352cc664e2ae972a5d312956ff62d164ca7d2df4a66bff8d03267dc943fa0f48
prabh-decoders-braillevision/dataset/braille_merged/images/train/yapayzeka_672_2352_jpg.rf.4f20e67410b1cef78df7ed6c86398446.jpg,5d693ed7c72779328c7f767295e8f696b7e2e1ba65d0a1d5720ae0e09eb533f7
prabh-decoders-braillevision/dataset/braille_merged/images/train/yapayzeka_673_1321_jpg.rf.d68ea781676d3b4edef94904baa9c1ca.jpg,c3998778a5c446d0912899ab3e6926e1be63ba542dd8f1584e2266be65828e9c
prabh-decoders-braillevision/dataset/braille_merged/images/train/yapayzeka_674_864_jpg.rf.e9706ad5f1847085f4d822092f8980f5.jpg,b10003df7e80c7e78d56766c81b54983b878d589e24af9b9872650cf62578d30
prabh-decoders-braillevision/dataset/braille_merged/images/train/yapayzeka_675_1337_jpg.rf.3bbdd971db79c1cda37342a081145bac.jpg,5b10cc533babbfb8e1c9d5aae2aa41f44947d6dbb4aa240f3f7e7fea41cc4f76
prabh-decoders-braillevision/dataset/braille_merged/images/train/yapayzeka_676_4560_jpg.rf.e32a945f2cd673207d093450002ad3f5.jpg,7af7757b3c65c622d8e50dcb8eaaddfeeacbe63a1647ceb7f9d6346ab04475c6
prabh-decoders-braillevision/dataset/braille_merged/images/train/yapayzeka_677_IMG20230420225144_jpg.rf.e33ea906c7abfe8e88bdda066d8f3387.jpg,1588b1073c7781d4fd723eff50f2706c6c91c58984f5edf71f432e2a7e8a034a
prabh-decoders-braillevision/dataset/braille_merged/images/train/yapayzeka_678_1522_jpg.rf.305c961b68095f8d6c894dd444fafca2.jpg,298c551032d044f195d5c7ec7599b791b96732499775cca4bbb4c7d895456772
prabh-decoders-braillevision/dataset/braille_merged/images/train/yapayzeka_679_4558_jpg.rf.a37be98d5d36710ce4e42ed16660749e.jpg,af430748cff65fb71e8fb98d5fa3adcaf649cc5328e476193fb386997803d8fe
prabh-decoders-braillevision/dataset/braille_merged/images/train/yapayzeka_67_3292_jpg.rf.bd1624446678d3a9d81d4af2c2a7e23f.jpg,f7e49ac137cbbd7b805a0862908acb90ef77b681bd1d262ed6d87730dfbea31d
prabh-decoders-braillevision/dataset/braille_merged/images/train/yapayzeka_681_2895_jpg.rf.b6e577f91ef67f8a6529ea479717eb81.jpg,ec3eb52730c22071cf618a145685d61c22ef88b086eb8bb452a84995d7f5440d
prabh-decoders-braillevision/dataset/braille_merged/images/train/yapayzeka_682_1352_jpg.rf.44840a5d2f25ba03e942a88c8f1dfca9.jpg,93691469a80e4c68f9f772bf678091b64f45dbe80f631c3aa4e22036133f751d
prabh-decoders-braillevision/dataset/braille_merged/images/train/yapayzeka_684_858_jpg.rf.ac0ab0e3ec36933e3a6bac0d7e98835f.jpg,889490d03df793fb77e4ea7a2b35f0f1706be148784f9788767ec19f5b26254a
prabh-decoders-braillevision/dataset/braille_merged/images/train/yapayzeka_685_IMG20230420225609_jpg.rf.83d4a17e73a4b91fe76c3b831a14614e.jpg,a003dd1db6be7b58871b0f521b2b88728f588f1e1813c05e0f3a79e0af4e4c6e
prabh-decoders-braillevision/dataset/braille_merged/images/train/yapayzeka_686_2741_jpg.rf.d143e922b1a21c61941d85cb285350bd.jpg,a183086a20d0e035431dafb03a6c09db5491d41e3d767b6061abbb01be97ef62
prabh-decoders-braillevision/dataset/braille_merged/images/train/yapayzeka_687_1540_jpg.rf.6eb25b2f1b968158eec3cd0853815f46.jpg,7e917e73a633d53708980170e7e42a9b0d66843abaade0c7a23e6ffc97c87957
prabh-decoders-braillevision/dataset/braille_merged/images/train/yapayzeka_688_IMG20230420224948_jpg.rf.67cf28df5bde43fc94d112ae8b2d0fa9.jpg,bb359a6da5940f2e38b6f01c204f700bd5a276ddb7adb1af5ec1660724a79b4b
prabh-decoders-braillevision/dataset/braille_merged/images/train/yapayzeka_689_2358_jpg.rf.6e6071f85bce7cf3cbf304abee33389d.jpg,41cf8bd00e25819c2ed9e2ecf57f849e85a53dcfb1fb3e9215f9f69d0c92cc0f
prabh-decoders-braillevision/dataset/braille_merged/images/train/yapayzeka_68_3031_jpg.rf.2602c89684fcc5d5b7343e790158c82d.jpg,cf84616ba385ba53bdf95f61619c886b376a81beb2fcb84c32aeb06e20d36c3f
prabh-decoders-braillevision/dataset/braille_merged/images/train/yapayzeka_690_IMG20230422143817_jpg.rf.679a247030c27e1651e7af9abd284a14.jpg,b399fb608aa50cac11b985a96edf98c30687ab45616da252b3f9be260da52f4b
prabh-decoders-braillevision/dataset/braille_merged/images/train/yapayzeka_691_IMG20230420224745_jpg.rf.723e3a3417e42e23c948ecaea93c6129.jpg,1d90f680ac634bfe805ab9da4a42af48704f766f5f1b517c78e8f12d6fd58157
prabh-decoders-braillevision/dataset/braille_merged/images/train/yapayzeka_692_862_jpg.rf.294a2ece95aa05efac0898e6431fd645.jpg,3318b0d8d16310c5a5e85eb9b312a9f88a6863424c646596652a17703a2670de
prabh-decoders-braillevision/dataset/braille_merged/images/train/yapayzeka_693_2700_jpg.rf.781a64ed4d825b7226eb09ffbc55b355.jpg,bfaecd2413e83c5e49fbe714a8614babbf5805433fd6fdc735c9c57c0cc54e87
prabh-decoders-braillevision/dataset/braille_merged/images/train/yapayzeka_694_IMG20230421205624_jpg.rf.b9cd014e80ac6787cf750ff69febbd15.jpg,bce31eb52a1c3efb75af7bff8ace8b783d1096a9b183580a041ab0f76eda71a9
prabh-decoders-braillevision/dataset/braille_merged/images/train/yapayzeka_695_1585_jpg.rf.885247a40aa105e419b0a4a6992f555f.jpg,28276d188474e04a5222b7ab49930b0727d33823e8c045fde3944fb757b942e2
prabh-decoders-braillevision/dataset/braille_merged/images/train/yapayzeka_696_873_jpg.rf.4f50005bc1737afc966a4921fe6412c8.jpg,93980bab07713e4c34a9433e3bf8032e8cce47e6c704e7e0f9c741814d3d1015
prabh-decoders-braillevision/dataset/braille_merged/images/train/yapayzeka_697_2877_jpg.rf.a4582d0ccd87c046eb6e05c5ca2884c8.jpg,eb7f5c17d3983e5d5195766910e9c85810f3a71294e431361a34d8ab87156434
prabh-decoders-braillevision/dataset/braille_merged/images/train/yapayzeka_699_3300_jpg.rf.842a1ba6c9a3f4c1297affda7580d720.jpg,b6fdf6b40cb3628809865b29c5af694fdc56d85175570a4015ee559fcfe89cc3
prabh-decoders-braillevision/dataset/braille_merged/images/train/yapayzeka_69_IMG20230421112716_jpg.rf.f9b162a7dc6871ea4f9d0c942ae80402.jpg,d39f2ec1e71d76bdbda96f38705782e451f6d02b749d183eb4192b8d39cd5896
prabh-decoders-braillevision/dataset/braille_merged/images/train/yapayzeka_6_267_jpg.rf.51907bb154107656af9d9fddb466162e.jpg,83fc29e424f53d1794a74297b29d762cebd0dbf98efd6f47ec8dab7e372661c8
prabh-decoders-braillevision/dataset/braille_merged/images/train/yapayzeka_700_180_jpg.rf.c332bc81b774c3d921f821538bda3759.jpg,66ab94b9baf2518b6832e9705f9b21b3124a64fc672eca4960fea29c41850d7a
prabh-decoders-braillevision/dataset/braille_merged/images/train/yapayzeka_701_275_jpg.rf.9daa8cc7fd9b311d3d6de1f307e7233d.jpg,64ea39edfb6d8248b8da3207bde428cc277f012e227873dcd8218b98da76011b
prabh-decoders-braillevision/dataset/braille_merged/images/train/yapayzeka_702_593_jpg.rf.02c18a77c13244f18817643a9b9f0491.jpg,8a85b1bf06f7f44eee7f1964f1dc66a41a8aad93021fcfabd7fc36be8dfc26bf
prabh-decoders-braillevision/dataset/braille_merged/images/train/yapayzeka_703_23_jpg.rf.73e949babef18a3c9156a3fbc17ad142.jpg,660bfe7504c0fc1023bff5b0e44dcbe3089a82060bada2d167ae6a6b09483b07
prabh-decoders-braillevision/dataset/braille_merged/images/train/yapayzeka_706_3308_jpg.rf.e93e5d52ef7f65fd806efa91f997fa90.jpg,a299f391c1735f7fdfb74e16e2526adcc3cbc777ec18bab15ed59892edd95350
prabh-decoders-braillevision/dataset/braille_merged/images/train/yapayzeka_707_IMG20230421102947_jpg.rf.57cef03fb01256d5864585250c109ce1.jpg,87400b61a8757beb63970c02862dd1846a7270e49670e6fcad8fbc7799d9264f
prabh-decoders-braillevision/dataset/braille_merged/images/train/yapayzeka_709_1341_jpg.rf.3154fd33b1f8781514c90d2560c56507.jpg,04d86c5a8de410d3af88b68de5558957ea5cfe3b9c75e66d7a2f64f97964a3fc
prabh-decoders-braillevision/dataset/braille_merged/images/train/yapayzeka_70_1340_jpg.rf.ffdb451b00162b80fc7aa6b533f26e50.jpg,6ba51db152016ba47626636adcef7c3776d07c923a2dc5aa62fd232b43fe14f0
prabh-decoders-braillevision/dataset/braille_merged/images/train/yapayzeka_710_4090_jpg.rf.c28a348e805dc8042c7d4e07c2024af8.jpg,7ed9e5af825d89f839be03e617fe27550949a249aa59ba7408d4aa62e01c492c
prabh-decoders-braillevision/dataset/braille_merged/images/train/yapayzeka_711_898_jpg.rf.8e6e2163937e32095c9cf6edfaf290bc.jpg,b07996afb5c83e3d089cafb96957284fe2bafddb94827857a157640ef7304c88
prabh-decoders-braillevision/dataset/braille_merged/images/train/yapayzeka_712_IMG20230422143128_jpg.rf.b8c0c6796b12e990c87a410563b6debf.jpg,7d9e71a2af15ce28492bf6aab432c9a6a96a0495a3269f4ad0c2cf349d9c6aa0
prabh-decoders-braillevision/dataset/braille_merged/images/train/yapayzeka_713_3836_jpg.rf.61f8e722dcfe845f43d4f80154768750.jpg,a23af0fd63b606d83a395c985cf08cc1746a63fd0a58727e1aa60a988daef76e
prabh-decoders-braillevision/dataset/braille_merged/images/train/yapayzeka_715_4010_jpg.rf.d5b99b520b101ec21cde065a80858c02.jpg,864f63d7c7136346e2955d2bedb13cd739bdef292b41e4f50020f5b4551fa813
prabh-decoders-braillevision/dataset/braille_merged/images/train/yapayzeka_716_3314_jpg.rf.571cb4b4d93e0a32f864c379df39e184.jpg,2cefff34e161a8b6317db3aeb07cc70a39b4bd6a03e0ce27d591e603fdd12ecc
prabh-decoders-braillevision/dataset/braille_merged/images/train/yapayzeka_718_12_jpg.rf.76c8ff3afa09f732ab10f55b4faf96c2.jpg,6578fe1c4f3517c7562854a7ca0d0819d915d1f939c1467d49f836a46412a6e4
prabh-decoders-braillevision/dataset/braille_merged/images/train/yapayzeka_719_3462_jpg.rf.644c9efa2bb33a6bf65cbb6b0ddc8fbd.jpg,619fc08e1c155e14e4a928c364b84cfcb292e941571efd2178bf6f583e7a3564
prabh-decoders-braillevision/dataset/braille_merged/images/train/yapayzeka_71_1542_jpg.rf.06fd7a36b8f5409c19116abb5acfc501.jpg,357fbfddffca31ef8101104a67931c2d327cfa9d261dc85e140c3217e11511ec
prabh-decoders-braillevision/dataset/braille_merged/images/train/yapayzeka_720_4057_jpg.rf.393f82332d4b8b43a982c9c0598a25ad.jpg,6038bf15cdb2938e33121480663d76ba2b892896a45d5e9050ee784ffda31ca0
prabh-decoders-braillevision/dataset/braille_merged/images/train/yapayzeka_722_IMG20230421205225_jpg.rf.7673a7271e759336c92c553403619b0c.jpg,0b766b2a4160ca1259db947ba30639227915b4489ad1a644fc4917aaf6217f5f
prabh-decoders-braillevision/dataset/braille_merged/images/train/yapayzeka_723_3453_jpg.rf.470786d061871b4f911ab1e3a4b09177.jpg,1624c9442acca0976ea0d29163984f347e97d9b3304b0cf55cdca9c4d0cee847
prabh-decoders-braillevision/dataset/braille_merged/images/train/yapayzeka_724_IMG20230420225637_jpg.rf.40eabb78b7de549d6523a3907a61c518.jpg,0dd3faf1878e7b96f61d2e506ea0d5de2a65dcc5d708098015ada1ff5f2f5cce
prabh-decoders-braillevision/dataset/braille_merged/images/train/yapayzeka_725_1650_jpg.rf.5b66d613dce6045f89531cc819143440.jpg,52565d70c408f2ab281461f5b27c2ac67995febc5737f286c892fd3afd504533
prabh-decoders-braillevision/dataset/braille_merged/images/train/yapayzeka_727_3013_jpg.rf.315f65361463c0fa048b7d0b59269c7a.jpg,12fa2d3dcd0d2332d5eda9cd7d847ede6b50d91652d6b4844a23d2a5809cf3b6
prabh-decoders-braillevision/dataset/braille_merged/images/train/yapayzeka_729_519_jpg.rf.f6bc9f57ec55b90f71de2e6235b8abe5.jpg,271a60e8090654219bbe1850e4caac2e2ab6b3561bd13f116d75015fcc5018c4
prabh-decoders-braillevision/dataset/braille_merged/images/train/yapayzeka_72_890_jpg.rf.b1b903b11100ac0a372d2a742da8fbdc.jpg,feece7cccad0a59c194570e725ead79c0a6b0dc536bf557341a4e6701c0fc97b
prabh-decoders-braillevision/dataset/braille_merged/images/train/yapayzeka_730_4583_jpg.rf.d0b50b4566d405c33d39111426706def.jpg,7d51760d832bd7a669f98f5ba6f55f9f1d3e1ddaf919a5e02fb3b7513823dd91
prabh-decoders-braillevision/dataset/braille_merged/images/train/yapayzeka_731_2874_jpg.rf.2d375bbbb1f8e12a52b15c33a1acd6fe.jpg,1a8267776f2657cae6257e84469d124250df2c3ff686919dde1f89a265114c59
prabh-decoders-braillevision/dataset/braille_merged/images/train/yapayzeka_732_2367_jpg.rf.07fe5d93197b12bd491bdd9b8a08707c.jpg,307a50fab07bb9f030881e772beae599c45fa5e0f4f442b54fc914a22dd30a9e
prabh-decoders-braillevision/dataset/braille_merged/images/train/yapayzeka_733_1318_jpg.rf.79731a34c30570141cd0dcc051ecfab9.jpg,cb10d4904debc4d4485b157fae517a0a6500a3e7d269ca149cadbd460f3f00bf
prabh-decoders-braillevision/dataset/braille_merged/images/train/yapayzeka_735_3272_jpg.rf.df2137747c4a73385545e6ef597a069a.jpg,45ebd4d697e008f6e0debd2c15045ab5f00a6a25b6fc900c03925cfcd5defe19
prabh-decoders-braillevision/dataset/braille_merged/images/train/yapayzeka_736_2695_jpg.rf.5ac533e5eed78aba90deaaf9268de95b.jpg,eda14ce59e09b7467044deb40ef9fbbb512e538c46a8abb59ba8df4d0942827e
prabh-decoders-braillevision/dataset/braille_merged/images/train/yapayzeka_738_2365_jpg.rf.f77597ffc8933bcb81662c00c04d2247.jpg,02e63aee84f644aa5a4945ca1f7f153e0e559e716bf6fdeeae088f7d9b805b0a
prabh-decoders-braillevision/dataset/braille_merged/images/train/yapayzeka_739_2321_jpg.rf.597a4e4cd1e13c29437a83994ff8a8e3.jpg,2c1628d15c9452b1b39b0b51ff82647437cca4ecff02c37ea1a6fdb462d12266
prabh-decoders-braillevision/dataset/braille_merged/images/train/yapayzeka_73_1319_jpg.rf.97c96fae5d2aaa0e5b56a3e4e1675485.jpg,b39983e0b156e073aefe20dcd6cccde910b399fb6b2588b6b02c3976f3a7ffef
prabh-decoders-braillevision/dataset/braille_merged/images/train/yapayzeka_741_4028_jpg.rf.149f5c0b3eff75a8d0e345634830dbff.jpg,83051189d0a00fa9963e2ed1f658088372e1ab528aff34d73a0b59ef75b00940
prabh-decoders-braillevision/dataset/braille_merged/images/train/yapayzeka_742_916_jpg.rf.4caf7abde8b7d4ba90ba9d5c3cdf7f8a.jpg,4ba77281f006d2c825dcafa62142f369d12f2a6d19c7d70a8a2698eb914faf5d
prabh-decoders-braillevision/dataset/braille_merged/images/train/yapayzeka_743_3824_jpg.rf.45eb29f56b457058238c01358ebc374f.jpg,c067c247312a0339d20adf569abe9e0007a4f2658b6ddca388940146621773f0
prabh-decoders-braillevision/dataset/braille_merged/images/train/yapayzeka_744_620_jpg.rf.0e190a41d4b29562725ee4bad8c3caec.jpg,7692e8d89f534bdee4be634c2f9f95a43c1324e7a406235d9ee735cc53bdc71a
prabh-decoders-braillevision/dataset/braille_merged/images/train/yapayzeka_746_3813_jpg.rf.5be837e3f7db5f54b0bf6193bcbfcb28.jpg,928e880e96e8777da4405302a70f286380e40ad07d64bc40e468a4e1d3398d0e
prabh-decoders-braillevision/dataset/braille_merged/images/train/yapayzeka_748_IMG20230420225108_jpg.rf.09551312d0539807ea81f3dc47c5fd15.jpg,e128f80b81ba3ecdcb47501871e7cd57362392bf60723e1c5b2f9347eb100099
prabh-decoders-braillevision/dataset/braille_merged/images/train/yapayzeka_749_3861_jpg.rf.89997240ffc945d1343981376117fa3c.jpg,067de250a17bae630e37c0bcf7963daa70eb2bacec1458a8979a10db82d212b3
prabh-decoders-braillevision/dataset/braille_merged/images/train/yapayzeka_74_3008_jpg.rf.efb279fc17c70a405b10774626201fa2.jpg,58752a4ef27a74adbade39b252e7325a6338931573a48085b921dfa602d768de
prabh-decoders-braillevision/dataset/braille_merged/images/train/yapayzeka_751_1634_jpg.rf.c4716e7c72f6d246c48ec4eb85450bdc.jpg,d50ee39e9d61e981762bece9a0d3633be33f4875f48b8e487bf318138c85e405
prabh-decoders-braillevision/dataset/braille_merged/images/train/yapayzeka_752_2999_jpg.rf.243ed3cdec9ac954cb661e9fd9cf81a1.jpg,1482ca817635e9887d824896059a39abef4fbc9fa964f9317baa95fe1ddd725d
prabh-decoders-braillevision/dataset/braille_merged/images/train/yapayzeka_753_863_jpg.rf.24dae1db1857c6246f2d909ac32a9887.jpg,c8e2a69889bb5524634272150bdcad2acf9f1c24f21c468a86af74bcdea0adea
prabh-decoders-braillevision/dataset/braille_merged/images/train/yapayzeka_756_IMG20230422143548_jpg.rf.ea8336d9a97a9df58fb4691fb4f1fa44.jpg,de20591daab653e3ab2c8dd9d12acb56c4689aa9e4ac70ae4d48831a291eaec8
prabh-decoders-braillevision/dataset/braille_merged/images/train/yapayzeka_758_2896_jpg.rf.fc04008f450708bb36fc307510282280.jpg,4c70de94339acb3407d64168a3b21018edf5a6d0bc5ccb331a19025f3c23d74b
prabh-decoders-braillevision/dataset/braille_merged/images/train/yapayzeka_75_1670_jpg.rf.fd972cd2b314171604467f38d4562757.jpg,db051043f688fd80ea5a291ac40779dfe1ef19d3d3aedd4235f9698dc4997039
prabh-decoders-braillevision/dataset/braille_merged/images/train/yapayzeka_760_3994_jpg.rf.42f2a81b069b9a18801436c0fb1e734e.jpg,687db4118e552f72b4801e1b2e3ad7942e4005eb3f06ed454d9b47d84cc0c11f
prabh-decoders-braillevision/dataset/braille_merged/images/train/yapayzeka_761_4071_jpg.rf.2986a09e2a986fa131ae99e5e7fa7308.jpg,9a972c8aa6ce3f62946f76b2e3228cc69476cb247128ac1832eb74c87b6edf2c
prabh-decoders-braillevision/dataset/braille_merged/images/train/yapayzeka_762_IMG20230421112822_jpg.rf.d9a65c65d8e69f04389b120b795af0c6.jpg,db86b847a32b423d3d28fdd7bce254a6d07c2219951f4dba666b55d9d4dfdec0
prabh-decoders-braillevision/dataset/braille_merged/images/train/yapayzeka_764_1092_jpg.rf.cbe8199afc39f0b5ea392157c0225594.jpg,dbab892957799490cee7fe0801f6b67d84b11a8e10301770c7ca70c9dde43d35
prabh-decoders-braillevision/dataset/braille_merged/images/train/yapayzeka_765_541_jpg.rf.33529b94db3699f074f1f0d061bb9784.jpg,8121ea1dac7985a3b289d7fdd4f75f33313f23b22059ae82a6d26a18acd72824
prabh-decoders-braillevision/dataset/braille_merged/images/train/yapayzeka_767_4001_jpg.rf.225cd98471c3b45ebad05dbf928c2663.jpg,857de08a561f1a1cf8f683249aeee71024d6f7166b9fcbe25e804b0feba58bca
prabh-decoders-braillevision/dataset/braille_merged/images/train/yapayzeka_768_3491_jpg.rf.0a15ad55ee60030e9980175166deef1d.jpg,6df9defdafde122459fda7fa181b76bd3852f2ec35e26baf2b2763f1a171bf22
prabh-decoders-braillevision/dataset/braille_merged/images/train/yapayzeka_769_IMG20230421204323_jpg.rf.b0b0958d63d4b8288d172a1021767b40.jpg,83ee5c25a321dc2ffe33893ec7bab44cae459378a2e57fc5ae62470ee89b4f1b
prabh-decoders-braillevision/dataset/braille_merged/images/train/yapayzeka_770_252_jpg.rf.f931468651ef88a269725b38ea80cd97.jpg,1c50a31d87d380f7347eb33b25f9a738eb4129c06cf42bb7684abad229b49dad
prabh-decoders-braillevision/dataset/braille_merged/images/train/yapayzeka_771_2920_jpg.rf.8430d876df722435fba1463c3ffab21b.jpg,bbff56112b1d0f0d5576f53e08eee40ae58b7d8d5693009165244b9e660c4114
prabh-decoders-braillevision/dataset/braille_merged/images/train/yapayzeka_772_IMG20230420224828_jpg.rf.9ae4004004b971c9c60d04d9d6b4a765.jpg,acbde90eed20f2c69390ce660655e24005ab246bf25e0335adc115d3341586dd
prabh-decoders-braillevision/dataset/braille_merged/images/train/yapayzeka_773_173_jpg.rf.481e4747a0b7d39d34ffb23f7b61fa93.jpg,44dadb4a88378c2069371e6c24e8e6e5330fcb6f1856003370f28831e01d8ff2
prabh-decoders-braillevision/dataset/braille_merged/images/train/yapayzeka_774_1364_jpg.rf.946a809d8b2d213a0cc171714abf28bb.jpg,50f1f3d602bf3877d485b577327909e923cd5319f66a07ffdcbda46d036bd531
prabh-decoders-braillevision/dataset/braille_merged/images/train/yapayzeka_775_3027_jpg.rf.bfc1b00917bcf1a3bcd16419e34f65ee.jpg,1e938a6d51a2f509beb810099a25108fc12ee4bdb44924111aaac0884e4b0ff8
prabh-decoders-braillevision/dataset/braille_merged/images/train/yapayzeka_776_3452_jpg.rf.d3f9b9e511cc7118424492ef37c7634b.jpg,d7320896419b59fc3de28fd20621345885733c9d8b15a201b3abc44d96130e68
prabh-decoders-braillevision/dataset/braille_merged/images/train/yapayzeka_777_3818_jpg.rf.c662cd90faa35a562211347819181307.jpg,491857b78a4ecc653226a7164de0bac88f9be0ed58978e3c8530423d4e2bb86f
prabh-decoders-braillevision/dataset/braille_merged/images/train/yapayzeka_779_3018_jpg.rf.32c89530c1a45d0d022716c6afd6a153.jpg,47dd73f11ed4f06d55e2ef083e3d6cce761e8625281a612e8e016f2ec9fb7144
prabh-decoders-braillevision/dataset/braille_merged/images/train/yapayzeka_77_2990_jpg.rf.59af917724140f67994beda68e31ce68.jpg,94a0154cfb441bcf3f8537c4982dd3a92fcf91c522ba70777bb549e2ed656011
prabh-decoders-braillevision/dataset/braille_merged/images/train/yapayzeka_780_3026_jpg.rf.6f651b56cb5faf75868e5b9ef120e51d.jpg,18f8ca95677a2d021f63a83f7475118a8865e14f7ef3580eb0b598fc93145377
prabh-decoders-braillevision/dataset/braille_merged/images/train/yapayzeka_783_2731_jpg.rf.bcb6a3f76fe2dcc2cde8406bace244ec.jpg,eaaa9fa64ba7107bb379ef366278c0288d6c0b4443ba6c5fa6f3c77239c35a41
prabh-decoders-braillevision/dataset/braille_merged/images/train/yapayzeka_784_879_jpg.rf.1ec5323fda07b982d02ca371f614daf8.jpg,52da8701604f9c3a66b87f376255e6688524917780aeb1ffe38a4d0b13c31c9d
prabh-decoders-braillevision/dataset/braille_merged/images/train/yapayzeka_785_3312_jpg.rf.d86d2eb87fdf64cb88b4e24cb7f7dbc0.jpg,6421ebf13120e3a501a6f8e5d6a4e513bb8a7406dc9387e07b86e0f13d6a9946
prabh-decoders-braillevision/dataset/braille_merged/images/train/yapayzeka_786_2728_jpg.rf.d52f04f30aa5a69d85c5d5e6a18cb365.jpg,346eed985b76cca3b05f74da4f7b113d7359d28c8c2f17d91280ca251db35b6c
prabh-decoders-braillevision/dataset/braille_merged/images/train/yapayzeka_788_1647_jpg.rf.51705a274ad73d61236b9f34677d1b5f.jpg,81e9b2541e97ed0553fc415c8bc3d60d6de8d92dcab13151b21d855d883ce68d
prabh-decoders-braillevision/dataset/braille_merged/images/train/yapayzeka_789_4078_jpg.rf.524fe3da232bc34df1ede600ee91f26d.jpg,25599737084d84ff482dd16f7d26bc4719ba2b0c2b8c2eedc210ec77b695013f
prabh-decoders-braillevision/dataset/braille_merged/images/train/yapayzeka_78_604_jpg.rf.62f5f8790277fc3795fad86291dda3b4.jpg,ce0dea5c92420840a33982b60ca06c5275924e9e6beacc9d258031ac2d2deb42
prabh-decoders-braillevision/dataset/braille_merged/images/train/yapayzeka_790_4587_jpg.rf.68184e27746ad99818f847f34a75f035.jpg,4aa071cf9d31b5d659e32ac0efc227193abd35e0410773cdae5fecdbe963e474
prabh-decoders-braillevision/dataset/braille_merged/images/train/yapayzeka_791_3819_jpg.rf.fbd518af2597387810b74d451541307d.jpg,e0c7390eda6614d4388c20d3e7a951dc6bd6d2190a69f32b502bdd288879396d
prabh-decoders-braillevision/dataset/braille_merged/images/train/yapayzeka_792_3455_jpg.rf.ef42a4db0653d55d2d39cdbf94dc46bc.jpg,0cb667fd0f3ac79560a1bb7295aecbabced211b1fc015fb938d26788a60268e5
prabh-decoders-braillevision/dataset/braille_merged/images/train/yapayzeka_793_3863_jpg.rf.48d88c4d688a17282e34e8d9cbf87529.jpg,b4f58d7a5e3a571fe63f23e7d07ee92a173a6822b3762abd48834116125aa938
prabh-decoders-braillevision/dataset/braille_merged/images/train/yapayzeka_794_1640_jpg.rf.ae6548a46228150bd601dcc06da5aaa9.jpg,0889e6cc152f0aebf84db51e7ce11152388a258af77e2469953de1ec042cd4ba
prabh-decoders-braillevision/dataset/braille_merged/images/train/yapayzeka_795_IMG20230421112812_jpg.rf.4b4125b4e29993b0c0a0b8082ea73509.jpg,3cce43ac7a4be468ce4f3cf7f75a9820bd0090b45fdef001a27461f4297a2485
prabh-decoders-braillevision/dataset/braille_merged/images/train/yapayzeka_796_3827_jpg.rf.19286668aee3c5d44a73caf1f24d82e5.jpg,cdd71f4cc25d3f8bc564f48d019a337ddf896dfa7f3ed0b92f667932845dac7d
prabh-decoders-braillevision/dataset/braille_merged/images/train/yapayzeka_797_3466_jpg.rf.63069b977e0dd59a5b7c407083875cb0.jpg,5e8da8371c599ae9aa24c823e60b8bca1d5d8c481a0348fbab22aea84156f993
prabh-decoders-braillevision/dataset/braille_merged/images/train/yapayzeka_798_db10_png_jpg.rf.9275841c06b3ef44aaee6cdd7d83b302.jpg,25b2da5b517e0669e7516b4856b0af1666a1918dbd661a9571d70275f0eb06e1
prabh-decoders-braillevision/dataset/braille_merged/images/train/yapayzeka_799_3834_jpg.rf.d42af2b066b756af468d3f6f148a6a70.jpg,352aaff2b36ca08491e5143bd6d461a8f3db79c9c4c4bc80d7173896e880aeb8
prabh-decoders-braillevision/dataset/braille_merged/images/train/yapayzeka_79_3001_jpg.rf.0859aea9421939bb5bac956ee2fa3434.jpg,d8295953bf61a479e400f45f7e641e05089168f02d65a57d4a2548cd8923a8ae
prabh-decoders-braillevision/dataset/braille_merged/images/train/yapayzeka_800_3492_jpg.rf.ddb5b8aa3eea6da95e750a6de258317b.jpg,e83109da0a6bf4edcaf24f89facd0c4516a77f81316642ed79081afa459b4211
prabh-decoders-braillevision/dataset/braille_merged/images/train/yapayzeka_801_3524_jpg.rf.e6fde05ba2b9003d925a58a9ef139b40.jpg,aeec34db07502c2a2f7e29d69967b4d5b623926c5648f7e76ae1fe3078a0ec63
prabh-decoders-braillevision/dataset/braille_merged/images/train/yapayzeka_802_IMG20230421123303_jpg.rf.32e16545d2dc889e10bd0619b96cdb00.jpg,0f0d5b3c58b2d1112d406fc7dbf64217e474ccd6f5b6cff689ee1a27319be719
prabh-decoders-braillevision/dataset/braille_merged/images/train/yapayzeka_803_IMG20230422143915_jpg.rf.54ae65dafae7e5c03a50f21745ef10a6.jpg,22471bfded98752f70f4c23012994989325b86402c07d0cf9811c3fd950f4244
prabh-decoders-braillevision/dataset/braille_merged/images/train/yapayzeka_804_2748_jpg.rf.71102ed25280c5f5434cfc9229798ae8.jpg,e07b5a36b0f99b0a64054c26ef5ca80c9a3be2709f5cf6f4c4aa401d8866a381
prabh-decoders-braillevision/dataset/braille_merged/images/train/yapayzeka_805_IMG20230421122855_jpg.rf.3d7dd47454c0850075d3dccb67418219.jpg,a41fec9085ee1bbbc52d0728b0a2dcf29d97ffc269afdf12bf671762854ae254
prabh-decoders-braillevision/dataset/braille_merged/images/train/yapayzeka_806_IMG20230420230552_jpg.rf.6d673d4bf2faa5e11ae36f4c8483d9f9.jpg,1a37af46c00861957733afed556a46150cfb66655691e9c215b1233fc8da98bd
prabh-decoders-braillevision/dataset/braille_merged/images/train/yapayzeka_807_1547_jpg.rf.35cee73d319ec393b4909ca6fdab3020.jpg,513abdb6ff648747dd1feae3f848abb8608bbc46a5f43e42f0415b4f356e3ed8
prabh-decoders-braillevision/dataset/braille_merged/images/train/yapayzeka_808_IMG20230421113556_jpg.rf.3d4f42edd5bd99ae86e2574c5d701dbc.jpg,c7bc10b7e6c90ff2ce461839d464f3da1ec56fdb644ad5230c9b4d636ce0edf6
prabh-decoders-braillevision/dataset/braille_merged/images/train/yapayzeka_809_4073_jpg.rf.8c14fb419ce684b47ddbd26dcc40eed7.jpg,b133e290d06d9cfe415404ff5a7d737ab664790f007cab32b50edde0e71959dd
prabh-decoders-braillevision/dataset/braille_merged/images/train/yapayzeka_80_4564_jpg.rf.4d70add57122b47d1817059a6dd78e59.jpg,ea80786492cc63d64c7d586bedcc26cd55f33e83785d709cad911b4073776885
prabh-decoders-braillevision/dataset/braille_merged/images/train/yapayzeka_810_21_jpg.rf.a6abd2530b79d1da4991b2b858f83bae.jpg,7cb8db324a1072c6b6de674b4d5bfcc67c437932d042b2f1ffdc86c9ddc95158
prabh-decoders-braillevision/dataset/braille_merged/images/train/yapayzeka_811_259_jpg.rf.19e717e2050555ff9051fc6a6ee19e61.jpg,12d3daf2b75dba82947a9a9f315f56a35b0d0fee189722395d960475cfd64af2
prabh-decoders-braillevision/dataset/braille_merged/images/train/yapayzeka_812_IMG20230421204817_jpg.rf.b403ad3c245da3f500c15d1fd9d4535c.jpg,bb808ce6ccb03f98cd0f479e4876d6ec00407cf9e0dd810534859ccb71ad1440
prabh-decoders-braillevision/dataset/braille_merged/images/train/yapayzeka_813_2347_jpg.rf.dc6b2154a686490f56ee4fad153e0b65.jpg,9fb04479022b6ec5aee642b38ba32b4e998639bc3903d374b6e69d9cc99c49e7
prabh-decoders-braillevision/dataset/braille_merged/images/train/yapayzeka_814_3496_jpg.rf.b10126fce1eb407adf6561db4385c6c7.jpg,d3f377c7d137d10675adefee2c11c1923d3a51e76b628b51953eb2f0993d9793
prabh-decoders-braillevision/dataset/braille_merged/images/train/yapayzeka_815_3999_jpg.rf.6db104ea6a8130dc8781f7517ed522f2.jpg,310f5c86893fda5b69764ba842c8a15a001b4da4601faa93dd4a677ec34cc50b
prabh-decoders-braillevision/dataset/braille_merged/images/train/yapayzeka_816_IMG20230421210111_jpg.rf.509f086bb2dffa6942c0d9e836767de4.jpg,97385ec543788e51a2755fd52ec5535642de90e4e2f276a9291cd192b00175b3
prabh-decoders-braillevision/dataset/braille_merged/images/train/yapayzeka_817_2898_jpg.rf.643991adbb434af35416c70e1cae72cb.jpg,93e0534a9b4d801c8e5a2a7505e90bdb31d7a2d160ef4c0850aca4d07f031ea7
prabh-decoders-braillevision/dataset/braille_merged/images/train/yapayzeka_818_3276_jpg.rf.3cfaf41abfa1a0f773b1a661e3554889.jpg,a9336a651b3f2aa898c33a9381454184d969c240329b252ec8f2d26642589c62
prabh-decoders-braillevision/dataset/braille_merged/images/train/yapayzeka_819_IMG20230420230504_jpg.rf.9d537ede6e836550815864703991c15a.jpg,80532f09cede1cb2811552448759fb0a53f552450eeb5bba4011f20a6dd2b729
prabh-decoders-braillevision/dataset/braille_merged/images/train/yapayzeka_81_IMG20230421103002_jpg.rf.ae580096e8e3655441ad11c6ffd7a08a.jpg,b67006ff249e912f963af1512a725b864ae045393f408de698451b84356ec2e4
prabh-decoders-braillevision/dataset/braille_merged/images/train/yapayzeka_820_182_jpg.rf.2b19063e8144e17705c3267849311018.jpg,3eb25ab13bac6b7ff93236dbdcc06209e521f2cb602123c981efd1caa01141dd
prabh-decoders-braillevision/dataset/braille_merged/images/train/yapayzeka_821_1081_jpg.rf.6291baf2e89ff4c3502223b9199f893a.jpg,e441541ed6b052a4f9ba7b42ef0d9bcb2566f05c516cec954424e7bee5fbf693
prabh-decoders-braillevision/dataset/braille_merged/images/train/yapayzeka_822_2719_jpg.rf.e05fc30427a0bde886f574e4156d53f9.jpg,c62b67aad1ea8c5e39ec21b28cc364ea63f1bda8ef0ad2f3efb975118eb1f16c
prabh-decoders-braillevision/dataset/braille_merged/images/train/yapayzeka_823_3479_jpg.rf.1a5a836d436d8a8adb9df31840cf697b.jpg,25a879235ddd1e7744a5bd55cea5b751753fd971593ab48258b68287dcb2c0b4
prabh-decoders-braillevision/dataset/braille_merged/images/train/yapayzeka_824_3848_jpg.rf.d55f157f8fae9d2d641ec5e8e11aceaa.jpg,2a2c6144cc869701291bca658023559ea6141f7150cc4e355a84c7fc6bc6c2bf
prabh-decoders-braillevision/dataset/braille_merged/images/train/yapayzeka_825_images_jpeg_jpg.rf.89861167121647b5298e40203833352d.jpg,eba682d0f3fd397ad6885d3856e50d153d0d96cdc23898eb760cb6c052a1914a
prabh-decoders-braillevision/dataset/braille_merged/images/train/yapayzeka_826_881_jpg.rf.2465aa3699b5aaad30a241c4f29730f9.jpg,a5ab9a271b3a3dc21244edad301c58c917150c441a142313038321a61069d255
prabh-decoders-braillevision/dataset/braille_merged/images/train/yapayzeka_827_2998_jpg.rf.6df00ab26b26da61d6bafbda0022f60a.jpg,d866db1ef88d922b175d53b80b2af22b86c178f66a50a09f6fed937b39b34553
prabh-decoders-braillevision/dataset/braille_merged/images/train/yapayzeka_828_IMG20230420224504_jpg.rf.bbd8b0768898ed5c4dbbc22683944bd6.jpg,97b62e19a157ca682e670cacac0cbe173b47c4c945c7c9ca50e0f0696cbb6433
prabh-decoders-braillevision/dataset/braille_merged/images/train/yapayzeka_829_IMG20230421204745_jpg.rf.bb41d001bb3ee41cf2491daf0c44e0af.jpg,30ec4316e9ace9688f85b797462cb81340e417dcf9f6874099d1ca5b63e4381f
prabh-decoders-braillevision/dataset/braille_merged/images/train/yapayzeka_82_IMG20230421210032_jpg.rf.ffbca5da7389f30ef7fa3206d52a45be.jpg,a1e37df9b4bc53e377019fc9980fcd37a3e6979adcbb97174513efcd085caf99
prabh-decoders-braillevision/dataset/braille_merged/images/train/yapayzeka_830_1629_jpg.rf.3d58f56b6cb627813da9abea0cee787b.jpg,a1f8c7b23bbc1af9eb11ac399c5af584678994d92bccc01f28c52ba988067f44
prabh-decoders-braillevision/dataset/braille_merged/images/train/yapayzeka_833_1555_jpg.rf.57d85960647d486acb5705eda648862b.jpg,0c912cf4d37396fda1237bb0e5f28877ae1bf5f22ea2b865856e0c00b309d7f4
prabh-decoders-braillevision/dataset/braille_merged/images/train/yapayzeka_834_4579_jpg.rf.33801add79bdf1014c4a0039cf8deb19.jpg,7d840574f0c9e8b361834b660b5896f5c0bfdf5d6e6043e21f73e78738f0bbee
prabh-decoders-braillevision/dataset/braille_merged/images/train/yapayzeka_835_2718_jpg.rf.b48d0ba84923ba44b246c7cac58962ae.jpg,a0ceb1819b977339f51a9603b86a2d2c91a77b779b26c4f1673289e07315d76d
prabh-decoders-braillevision/dataset/braille_merged/images/train/yapayzeka_838_4054_jpg.rf.8086f02aecc8bf99733dd262431787e5.jpg,26a7602aae4b6c81aa834dbeb49c3ac3a66f368b49ce9d567cd53804e0234fa3
prabh-decoders-braillevision/dataset/braille_merged/images/train/yapayzeka_839_3486_jpg.rf.9048f9d5921b7894ea62bffae198b531.jpg,c9603a5c32054fbc950ff34176d7713ae047b3f6f7852c6703912e8bce3c2354
prabh-decoders-braillevision/dataset/braille_merged/images/train/yapayzeka_83_25_jpg.rf.2cbad4d8aa66114c80c6b3865cfa0e61.jpg,5cd58be1fefa587d6968ae6649817639033e601042f92fa3f5cc18264d1c982e
prabh-decoders-braillevision/dataset/braille_merged/images/train/yapayzeka_840_IMG20230422143454_jpg.rf.6c224ed80ccb6f91350ead9665067e41.jpg,eff6702df0a1eb4f1ab79d6dd40ec7e2fd15de060f6772d6fcf853b55bd950fa
prabh-decoders-braillevision/dataset/braille_merged/images/train/yapayzeka_841_4586_jpg.rf.1a798eb135b9252bec6e31028a0870ff.jpg,bcf9e7ceb45467a67a4285d02d0a06cdbfa37a49ab7a2aa040c5dd7a642bb75c
prabh-decoders-braillevision/dataset/braille_merged/images/train/yapayzeka_842_174_jpg.rf.b258ff51cff23d4b98c818da79a22caa.jpg,d80a6b70b643f621d2f845b217ef629770d49a4858ba16d7d114234af18884ff
prabh-decoders-braillevision/dataset/braille_merged/images/train/yapayzeka_843_3856_jpg.rf.18371bd3905208d01148ff8be56b9c19.jpg,7e86645cb6a6260515053d9a1fc410512e761d4769772fa69276c829a26a7e4c
prabh-decoders-braillevision/dataset/braille_merged/images/train/yapayzeka_844_1654_jpg.rf.d85d6537b7a33d68147c057a2de5313c.jpg,bf1ba87f3c640f9b494c872ab8736d5d0b71163de399aa04109c4bd4f6e7bc43
prabh-decoders-braillevision/dataset/braille_merged/images/train/yapayzeka_845_2880_jpg.rf.290b6b247966fb68c0122da3fe562ec4.jpg,53ca406045ef2e2c4f6904f7f64f3e8710e01187452d32c414b579300d9ac44b
prabh-decoders-braillevision/dataset/braille_merged/images/train/yapayzeka_846_IMG20230422143651_jpg.rf.abcfc5d3cbaef558c5f1ef53bf25271e.jpg,71c10f9106d0993c169b6fe62809700679c2313d4f751074d03580f009e3749b
prabh-decoders-braillevision/dataset/braille_merged/images/train/yapayzeka_847_1620_jpg.rf.3ff164a952898757875a43acfbd6c7e7.jpg,80b86edb0aa6b7e5047f780ab1ad944c399eda43f6f0947ea388eb58115d5e4f
prabh-decoders-braillevision/dataset/braille_merged/images/train/yapayzeka_848_IMG20230421113137_jpg.rf.d770588d5ffae511898892464531ef9c.jpg,cb7c23d8fb3936d13fb808ce88d1d25f07133037af53216838bb5504fa83795a
prabh-decoders-braillevision/dataset/braille_merged/images/train/yapayzeka_849_IMG20230421113227_jpg.rf.f6fb961ea069515088b5c6e9b0e01ae9.jpg,41a31adced06e46f93232440813d30365c46ee351961f4730751fb7815c865d3
prabh-decoders-braillevision/dataset/braille_merged/images/train/yapayzeka_84_14_jpg.rf.94de6f06e9ff7d8b8216b329401945dd.jpg,d105d7bf5010f863b6c09a8156cc297133773b59c3042e679c7df849374b02e7
prabh-decoders-braillevision/dataset/braille_merged/images/train/yapayzeka_850_IMG20230421102834_jpg.rf.a76785b65c2bcf6c9352f895b6730162.jpg,f9266bb811513888de61adbf410fad47d6879c38c0f1fa1b924b731aa2752045
prabh-decoders-braillevision/dataset/braille_merged/images/train/yapayzeka_851_IMG20230421210150_jpg.rf.2642ced4ca313ee0eb5cfeea588fb8d6.jpg,ce8492f58b06a9cb83a10f5a716f1edfbbcea04b5d46366f4f5e6af94ee09046
prabh-decoders-braillevision/dataset/braille_merged/images/train/yapayzeka_852_4092_jpg.rf.51b0290f196e50e670435561da85dce7.jpg,662df78bcf4ed26cdad611eea07783d4b5a4e10ddecf19c7ed9209f5f02ad008
prabh-decoders-braillevision/dataset/braille_merged/images/train/yapayzeka_853_918_jpg.rf.22869f9ee2bfc6eb0064e5288031beef.jpg,a01beac0556b43a4162891b0a92ed08a0f3d187832d0feb53dd703b589796e44
prabh-decoders-braillevision/dataset/braille_merged/images/train/yapayzeka_855_38_jpg.rf.028cb09b927535f92aac97e082327333.jpg,504b1d91e62aae422a6c67ef73d9f258459a23731c95d4bd75b85c887eb2810b
prabh-decoders-braillevision/dataset/braille_merged/images/train/yapayzeka_856_4037_jpg.rf.56ab509b4ccd8c444d051dff704f9d63.jpg,81fe9d70706b0bc43de0103bcb8ac8310231cbd9a767dd261691cf263ffd93ea
prabh-decoders-braillevision/dataset/braille_merged/images/train/yapayzeka_857_0000007_jpg.rf.68e230eda55bbf27fb5a0b39f548124c.jpg,05ad24f52b2eb7e5197a3a29c1e5335f369995965b9f3316026c2b021442b048
prabh-decoders-braillevision/dataset/braille_merged/images/train/yapayzeka_858_933_jpg.rf.e57a8a1fd9710059072f836c0b550f13.jpg,9156330742a72881a0bb792f2af599da809f8adbf143f28305e70ea17bf5f7e6
prabh-decoders-braillevision/dataset/braille_merged/images/train/yapayzeka_859_4027_jpg.rf.749acf0e1da80fa65c91e4de0800b94b.jpg,3abf713895bc2213bbe917a64c96d86bf6151a2d19945d693a5382bf165c7d7a
prabh-decoders-braillevision/dataset/braille_merged/images/train/yapayzeka_85_903_jpg.rf.814f725835e880d5e9b6224ba7ff1abe.jpg,d66e8a6d017b47a1b76fe828b7504f53187a0e82e1d777a9edd9407d165d603b
prabh-decoders-braillevision/dataset/braille_merged/images/train/yapayzeka_860_2892_jpg.rf.95d84b9456356e4e224a106a3ba53952.jpg,9497a845f70c6dc0cd7f07f07223730e0e770c7b93b5b3c4a24bd93a1d9c8d36
prabh-decoders-braillevision/dataset/braille_merged/images/train/yapayzeka_862_IMG20230420225733_jpg.rf.eb26837876238c4ef9e893438ac313d2.jpg,f6af0bbb561d548ddc0f7159689e46f2678e278f4ddb65f14b3f10c5075a02cc
prabh-decoders-braillevision/dataset/braille_merged/images/train/yapayzeka_864_2360_jpg.rf.80f668c03a9e506e07d01168fc246584.jpg,6708797da01b8762ecb9e9a6269f89fa438a07b488d1d31ce35cdb79a9eefee6
prabh-decoders-braillevision/dataset/braille_merged/images/train/yapayzeka_865_4009_jpg.rf.24a43672edc9ed4e3282e672e40dda08.jpg,edfcb4201d17db4efd2f06c9bc143d0c5777913dbd27b4ddaf8d864de046bcd4
prabh-decoders-braillevision/dataset/braille_merged/images/train/yapayzeka_867_4561_jpg.rf.840aacb5b57065509cd043a121a68dc0.jpg,b749a601e872e96726a4abcb7484cb6faec9287ae188547b528ec6192881da56
prabh-decoders-braillevision/dataset/braille_merged/images/train/yapayzeka_868_938_jpg.rf.a2e6d55d535d66e67915d916a1c0cf57.jpg,a7f9eef0bb2f0d6e6ad9e0b0ff94ddccec6d7fea1fb27b4acbdf1a5794daf623
prabh-decoders-braillevision/dataset/braille_merged/images/train/yapayzeka_869_4052_jpg.rf.18a6d395aff00c5c47c73fb6c8d78b0d.jpg,c85099a4fa357c879f0c0f82eeabe15e76892cb610331cc8ee1cceb10f7a015f
prabh-decoders-braillevision/dataset/braille_merged/images/train/yapayzeka_86_2713_jpg.rf.ba031d561119e95caa7c270bb48d348f.jpg,21d75cf7c3bf30f50344c03061feb21013736062fc21c257e062e419094dadb0
prabh-decoders-braillevision/dataset/braille_merged/images/train/yapayzeka_870_1589_jpg.rf.a1c274545c3417ee89a7750ddff82d7f.jpg,e86b342199c9bb33dcb615eb3fe366dcdc8bb0d4e781bc98a6efee554f646602
prabh-decoders-braillevision/dataset/braille_merged/images/train/yapayzeka_871_4026_jpg.rf.09624d0fd4ef142c2d61e8f9a9789a18.jpg,c53673c7dba741b4ddfb5aa8fcff64cb4a84bc6ad6768a754ec6cacd2936b46e
prabh-decoders-braillevision/dataset/braille_merged/images/train/yapayzeka_873_3503_jpg.rf.724ce2b1fb210bf7ba5756ddc7ff1708.jpg,07b8f3cce94809a78f44b11d1903f736784c50e4f5a2f5504b9c1d159aad6161
prabh-decoders-braillevision/dataset/braille_merged/images/train/yapayzeka_875_1622_jpg.rf.01287c6d394cde30d18c64e6d4e677c0.jpg,8c118d8149ff4023f2e4af67b44dcb112395b0a5f3e3bc816eb068620f4aed00
prabh-decoders-braillevision/dataset/braille_merged/images/train/yapayzeka_876_IMG20230421102805_jpg.rf.08378b6f0b597f8188ad9609fbe6c778.jpg,96bb198fc00a02c80bea135cd9ab6bd30e710e3c51153ff4c03ad8d3ed0820bd
prabh-decoders-braillevision/dataset/braille_merged/images/train/yapayzeka_877_613_jpg.rf.21acd506740e93065c8c42241a9410d4.jpg,82c9ecda94f094a7cededb4de90364a9166d403d9c5fe49f4a9e42a1ab985210
prabh-decoders-braillevision/dataset/braille_merged/images/train/yapayzeka_878_3002_jpg.rf.be186cd1f86c40beae0176899722d895.jpg,ab506028457101ea23189a466ca78b19d1ad19cb33c89f74fae79a340374724a
prabh-decoders-braillevision/dataset/braille_merged/images/train/yapayzeka_879_3029_jpg.rf.f79f72153210be12d88e5ed572a8e74f.jpg,61bbf85164e416edae7b520ffa311b21f8dd35635c99228c6be470868e83f537
prabh-decoders-braillevision/dataset/braille_merged/images/train/yapayzeka_880_2361_jpg.rf.2957cd1e8c36341ae816084eb6d9dbc3.jpg,fe64f81e8f329e22c439fb82e8395e32917e12e64ce746f89facc0518efa4f86
prabh-decoders-braillevision/dataset/braille_merged/images/train/yapayzeka_881_1068_jpg.rf.8bfeb99e96de0336cb06c7f13b832978.jpg,a62b613d3060394c5a2deed54f53a0a7b3e932133a9acdf166cbe5a6379eea45
prabh-decoders-braillevision/dataset/braille_merged/images/train/yapayzeka_882_932_jpg.rf.95b5896e813399a04563e1fa166e9e39.jpg,2b7b8aba710f88e79d33d9a9fea1796539fda4f0f9f05c031c8b663ec7898ed5
prabh-decoders-braillevision/dataset/braille_merged/images/train/yapayzeka_883_IMG20230421122655_jpg.rf.c4eece86c0b8d141d605bb1a586aa57f.jpg,11644e68d6003117c167f23381c4377cd0b7c7019aefb4d238add2280ad8de42
prabh-decoders-braillevision/dataset/braille_merged/images/train/yapayzeka_884_3512_jpg.rf.9c82130b82e2f9d0bd6f2619955bb683.jpg,9ca18eb3e8b00e4adaa562f52ea3fea14d3c77f350822af69ba87a73ed7f13ca
prabh-decoders-braillevision/dataset/braille_merged/images/train/yapayzeka_888_1627_jpg.rf.797e31769b2bdda3fc4c42042384dfbd.jpg,57260f71887cfad1f87c48d5f0093d49e51fbf65f2dc3591f40a2dbe53404410
prabh-decoders-braillevision/dataset/braille_merged/images/train/yapayzeka_889_IMG20230421104509_jpg.rf.553141c05ca37282d7befe260a382a2f.jpg,ceccd3f0d7320886fa0ed92177241d313e68f099eff9937ee5eed299d762f297
prabh-decoders-braillevision/dataset/braille_merged/images/train/yapayzeka_88_IMG20230420225804_jpg.rf.54055fb2c6b01715d7edb1f50d6f6385.jpg,4dc6474f99dcbeda9b2481e786331e0f7dc4586b516ff3066f32a34b5af2e8fe
prabh-decoders-braillevision/dataset/braille_merged/images/train/yapayzeka_891_535_jpg.rf.6be653e7b54b1e7956a54a243a9abb45.jpg,58f8eccf6b6ca314e1fc7ca10e6155f1ad6cad57a437f812f8da0316909c7f93
prabh-decoders-braillevision/dataset/braille_merged/images/train/yapayzeka_892_IMG20230421104353_jpg.rf.1b51599042da8f9b47753c0a8297d6a5.jpg,f0e506c72908b489aa95637f30864f2369299b3b9c0ef121b23e31211f901048
prabh-decoders-braillevision/dataset/braille_merged/images/train/yapayzeka_893_1_jpg.rf.1a9ff5fe516978e191db2d80fccc054a.jpg,7c02dbf8d961b52d4def5e0ff46e94cfc07c7d589dc945ce67f3a1c0fcf29ec5
prabh-decoders-braillevision/dataset/braille_merged/images/train/yapayzeka_894_1531_jpg.rf.3f1b1ecfefd802be1a44a176f34ab82e.jpg,2447211b5cfcb3b60393a10109bb9b0c1273e1450d44ed716213493472536d91
prabh-decoders-braillevision/dataset/braille_merged/images/train/yapayzeka_895_1631_jpg.rf.de833bb0120f4dcb9252064469694bd6.jpg,6955b600540d0492394c96504e3bc2bbdc6f2b07bde1fdcc9aef18918a8c7fc0
prabh-decoders-braillevision/dataset/braille_merged/images/train/yapayzeka_897_2981_jpg.rf.18da733e7ff17b024b13665c4e9c5602.jpg,19f0a5b95dbd84fbce552e31d2cfb544b27b00b55f5a93d84f5f5f6d59dc86e1
prabh-decoders-braillevision/dataset/braille_merged/images/train/yapayzeka_898_1070_jpg.rf.8bf6043a0c1b22b7e471c41daa5f92a6.jpg,bf72fd3af6a9bf66004d7a640117dc062dfba47bca7f2dab18e50ee97121d285
prabh-decoders-braillevision/dataset/braille_merged/images/train/yapayzeka_899_1357_jpg.rf.75ea0da413a4d654b09d382830d54e7c.jpg,b109f9f0bd626133b2b65c030fab51cbd681c56bff359b110ca57d8dfbe89401
prabh-decoders-braillevision/dataset/braille_merged/images/train/yapayzeka_89_1632_jpg.rf.f5c8cafb1f7304be4afac035bdb66705.jpg,ffd3f1e106884d8f1fd11bb969c8fa262f411224b27569af06f92b50f9efef30
prabh-decoders-braillevision/dataset/braille_merged/images/train/yapayzeka_8_IMG20230420230537_jpg.rf.fdd47d800dc8ad3c2a258754b6391878.jpg,ad5c0346a3817ee6a15829f0ac44f595ea2b4b59bcd6c400f1827900b6a98ca9
prabh-decoders-braillevision/dataset/braille_merged/images/train/yapayzeka_900_4574_jpg.rf.65592760636f81d4fb4f272e10b8e72f.jpg,1463978d8f505dcddb6103c5c5f1eff2540f3e5d4e9ae43eb67466d94064400a
prabh-decoders-braillevision/dataset/braille_merged/images/train/yapayzeka_902_915_jpg.rf.329ce13d4bf07243a504f84845307878.jpg,8fb2841631c1d037c9a8c70b18e27c0e4827edcc8269d32a3cd041f2169259a3
prabh-decoders-braillevision/dataset/braille_merged/images/train/yapayzeka_904_586_jpg.rf.d0b2705c13c60a19d1eb0d96e71f8415.jpg,1528f740aa861181034209f48af0d8222b79f6ef09aaf5a5c3267771ab586a82
prabh-decoders-braillevision/dataset/braille_merged/images/train/yapayzeka_905_3840_jpg.rf.abec13d2e2425daff1ba786b0b39362a.jpg,deae882fad7ebf5cdef912e530ffbe3963bed224ecc155c3af2ee7bcf0e6f5be
prabh-decoders-braillevision/dataset/braille_merged/images/train/yapayzeka_908_4566_jpg.rf.2426fac24d317f92c004d0a5310b8a64.jpg,5f8a14c811531c3f56e79bfd5e1825db91358c241427b0637bdda59e6c6f1ee8
prabh-decoders-braillevision/dataset/braille_merged/images/train/yapayzeka_909_913_jpg.rf.a278046f993c6c15f7b9142a42f9141b.jpg,495d0f3dc3b190c30628dbc29d6c7bc5a1be66426e20fdd07128e589dd1b0894
prabh-decoders-braillevision/dataset/braille_merged/images/train/yapayzeka_90_IMG20230421122646_jpg.rf.6325e0fa01c4acc1b474a412c0ada6d8.jpg,bc7bdbe80f38a18c985bc1a8eafc026ce08477513f38e678d4131ccf0b146115
prabh-decoders-braillevision/dataset/braille_merged/images/train/yapayzeka_910_2995_jpg.rf.d00a39dc10be5eba71ec198af81ac5b8.jpg,c5acd206837b10f4863f618769345b545b22336a056aa88726e006377afa677c
prabh-decoders-braillevision/dataset/braille_merged/images/train/yapayzeka_911_1347_jpg.rf.02010428a772703a6aa846d3201d14be.jpg,c80d0dc986e35d3accc67acd5c0b34da7cbdf90640b48a8581a1dd18d86e9e90
prabh-decoders-braillevision/dataset/braille_merged/images/train/yapayzeka_912_3287_jpg.rf.6247b0467270a8565dcecde20cdb40d0.jpg,62e046d438b0f03ee2ece4114784c33756be01cb56cf1269ac600f51c2b37527
prabh-decoders-braillevision/dataset/braille_merged/images/train/yapayzeka_914_4041_jpg.rf.df85e45d9043d3d003aa39e88109c0ab.jpg,318e243b96db9755d5a08d138953aac82f175627a92debbd1aa52fc09e3c2a79
prabh-decoders-braillevision/dataset/braille_merged/images/train/yapayzeka_915_583_jpg.rf.74fb2f961fe5216cbec57486ea42ec44.jpg,126439e10e20221a643f5d5894853706baaf9a1e2b4afd7ce6357dd1f8b8e622
prabh-decoders-braillevision/dataset/braille_merged/images/train/yapayzeka_916_IMG20230421205235_jpg.rf.15559a909db23ff9c5aab8d5d42b28a0.jpg,a0ad4f98e8b924b7077054c1d39f401a57fec9c860cee3cb9475f3c095e9f746
prabh-decoders-braillevision/dataset/braille_merged/images/train/yapayzeka_917_3007_jpg.rf.202c2cf01070c265f2177a50e11d0518.jpg,9f4713711af3af6896a881123d26f5942290be12dd0bc3936fcbc262e006f2bc
prabh-decoders-braillevision/dataset/braille_merged/images/train/yapayzeka_918_3284_jpg.rf.49f24d905156219c7ed136aad260ef11.jpg,76ac042b23bfcaad347686c4f1f9c1317a389a023fe8e6690da7fc352b404a6e
prabh-decoders-braillevision/dataset/braille_merged/images/train/yapayzeka_919_IMG20230422143512_jpg.rf.d745b0f875bd7e83987094f172ea50ec.jpg,b3ff7f88b2b7ca2c316411db0ed3b7b365f943aa78ab096bbaba802af4b8368b
prabh-decoders-braillevision/dataset/braille_merged/images/train/yapayzeka_920_1532_jpg.rf.5828a176f3bc2f1009800958e7aeea89.jpg,1a13bc998e60ef678aaae8b5a955a81145d8ca41aac1169881bdb05dc8cc3630
prabh-decoders-braillevision/dataset/braille_merged/images/train/yapayzeka_921_877_jpg.rf.d341b029cf7869efe981ecd5d713c96b.jpg,3d2758c9bbd70c42005fc8c7bbb0918aedb1419964e98fc6baa1808d2fd1ef49
prabh-decoders-braillevision/dataset/braille_merged/images/train/yapayzeka_922_1_jpg.rf.170ceb1e632358142e988679de803b6b.jpg,ee0e18c1197935599b3142479cb9058f449dd20f0a3e70877247a16d72b234be
prabh-decoders-braillevision/dataset/braille_merged/images/train/yapayzeka_925_3494_jpg.rf.119fe21c14a69b05370025715be5c4fe.jpg,65e606e4f3c7081997483f418cec5ff564477b55cb01b018b0e46076a97fa5d7
prabh-decoders-braillevision/dataset/braille_merged/images/train/yapayzeka_926_IMG20230420223850_jpg.rf.cae10f4cef78bf45e43eed68d66627ed.jpg,ffa84f9ae202fe8990ca710641b5f2ffbd62dfcd1bb2c125c8aa595357218cdc
prabh-decoders-braillevision/dataset/braille_merged/images/train/yapayzeka_927_4577_jpg.rf.3205e7c2b242b370ec99b113c2900abc.jpg,081f03b4368e76ec577edb15c49dee90e3f413e446b44ad7e4a5084cfda68d19
prabh-decoders-braillevision/dataset/braille_merged/images/train/yapayzeka_928_2905_jpg.rf.6d074df0f2977f9bce5b54a6814b69e3.jpg,e844415d7bcb0cf96482c9611fe8f2f45a9a9bb5f7ebaa27dddd610754741652
prabh-decoders-braillevision/dataset/braille_merged/images/train/yapayzeka_929_1349_jpg.rf.0c2462fd3237467120d4df96deada329.jpg,89ba36836c4f92717fd93438610473d4ff33df7b9ac814920c71eadb3e8cc065
prabh-decoders-braillevision/dataset/braille_merged/images/train/yapayzeka_92_2760_jpg.rf.d050c4d3725d4b91fd9cf456a8689446.jpg,fe84c5ae57fe0cfca10024967971c3e09d627053aa7cee5632fbbda320fa6038
prabh-decoders-braillevision/dataset/braille_merged/images/train/yapayzeka_930_IMG20230420223939_jpg.rf.8528e7678885afabaa7a0dad45d31b32.jpg,f8695d9429091198c1ce27efcf6f9377571263186c331c54966a8b780df583fb
prabh-decoders-braillevision/dataset/braille_merged/images/train/yapayzeka_931_28_jpg.rf.1db9fe3a0e2db4c415fe68d34bfe17db.jpg,1e47a4bd06d7605e49ead7ca752c9c54aba9bab24b6a1e4e6cf1f6cc385473ce
prabh-decoders-braillevision/dataset/braille_merged/images/train/yapayzeka_932_2757_jpg.rf.aa5d9a6e51644e8948fd1598da8e7758.jpg,96d514d01b55464357a5dcb5ac27adee269507a064d59254a201ac669dc50146
prabh-decoders-braillevision/dataset/braille_merged/images/train/yapayzeka_933_IMG20230421210241_jpg.rf.f3e363190e32ae1631b6121b2bb9f08c.jpg,5a53792991a0cb2e15b10105a9ecbf581edd37e0f7e4bef652db909cb56b51ea
prabh-decoders-braillevision/dataset/braille_merged/images/train/yapayzeka_934_2737_jpg.rf.0b1b429e1535765d08c93010b027146f.jpg,68fc1d4eeba5dfd3c4d6091336ca2b29414747f527416194dd501eaf2e0038ae
prabh-decoders-braillevision/dataset/braille_merged/images/train/yapayzeka_936_3850_jpg.rf.a793586864461ac5a978faf94d507503.jpg,c1a57a82a9d2543b51d2e0c78b6b002978e38477092eccc87c76adacfa48cd4b
prabh-decoders-braillevision/dataset/braille_merged/images/train/yapayzeka_937_592_jpg.rf.5526fb8e77eda180a4756ad489b60fcd.jpg,2657003b99c13e3c2d24137fbe1c1b1c6ffd959797d1fefb36454410025a1b96
prabh-decoders-braillevision/dataset/braille_merged/images/train/yapayzeka_938_172_jpg.rf.a7d6700987d5156a04968d8a11ca3eb0.jpg,82d97451047ee43498a546d8ab2f40ca4bd208bdbf8e205f4f854a60a5b6cf2e
prabh-decoders-braillevision/dataset/braille_merged/images/train/yapayzeka_93_1348_jpg.rf.cfcc3f5ee048f3a81f223ee3aec2392b.jpg,85401ab7adce04750199258628bf465670f4adffaa48b5c200ef27b6d7e230bf
prabh-decoders-braillevision/dataset/braille_merged/images/train/yapayzeka_940_3034_jpg.rf.25fa1aed62cc85af9368fbc1aa8f3be1.jpg,2f03da79d2773633ab76b80c76e079b5bd2c76adcc09c1157e2441a4aad4641d
prabh-decoders-braillevision/dataset/braille_merged/images/train/yapayzeka_941_600_jpg.rf.0746098e1524081564e561afdb17348e.jpg,6b73cbcc39b7c6ef20e90367ca9b40a87f3ad74d2d110647e21b825269795c86
prabh-decoders-braillevision/dataset/braille_merged/images/train/yapayzeka_942_3273_jpg.rf.38c8ae3dfad67c1012de601caf5a6f22.jpg,289f9d2061ca70668855876f2230ee2c481bb67d2471cf5e867fb3f68bf1c879
prabh-decoders-braillevision/dataset/braille_merged/images/train/yapayzeka_943_614_jpg.rf.8a118b66bba6f110cacd2b0dec626eda.jpg,1b93ebbc1a4ed3e60cc7d0f732f8c47a0bf4183400c1eec341c9fa41c2fe7e8a
prabh-decoders-braillevision/dataset/braille_merged/images/train/yapayzeka_944_4050_jpg.rf.e7bc41aa421ee49c9003387ad2bad0f0.jpg,4c8d3f3f757c4064aa1ce7815644569b8694a1aa53ec7fdb8402cb1e4dbefb54
prabh-decoders-braillevision/dataset/braille_merged/images/train/yapayzeka_945_1543_jpg.rf.3620315f14dfdad30e071e5753a647bb.jpg,de13ae5bab48f16dbbc1bb4bfc9e7e644d8043b20f6c00b2ac4f282b6d4e8ed8
prabh-decoders-braillevision/dataset/braille_merged/images/train/yapayzeka_946_2362_jpg.rf.7368337789ef3cb9cf28ad5bd9a477c9.jpg,4f46c873f4323fa18307a60600b949175989f41ef16ab9462e9abf6d7d2b50b5
prabh-decoders-braillevision/dataset/braille_merged/images/train/yapayzeka_947_IMG20230421102549_jpg.rf.0ebbd0a71bf6d4a6928acf6cbd915cf4.jpg,5f46f31619d55cdedf370c88f5f15e80f034515e16924ec97e4cab9378ecc1a9
prabh-decoders-braillevision/dataset/braille_merged/images/train/yapayzeka_948_271_jpg.rf.94a23ce7c09cb54cea8462bbb8edc175.jpg,11c33e482828ce5011a36d567979d1cf1f1e8fcde589991d2f49938f703f565d
prabh-decoders-braillevision/dataset/braille_merged/images/train/yapayzeka_949_3501_jpg.rf.eedbcf842240e0a9fbde5cb9ed362c26.jpg,f535fc982829612088bd137ddf9530b90bdb6176b4c3511d6be81a223521799b
prabh-decoders-braillevision/dataset/braille_merged/images/train/yapayzeka_94_2743_jpg.rf.bfb2d5bbef6b5afaf088f569385a36aa.jpg,011344988931795e0bba2b47f3b61af5ceee7bce3c115a95ab49e5a967d57323
prabh-decoders-braillevision/dataset/braille_merged/images/train/yapayzeka_950_1576_jpg.rf.85c0b398dc4d0827c2867f7ff091187e.jpg,0ee78aec229293077d675c007187f37ddc879d7e5b1d58966348c7ddd024cd7a
prabh-decoders-braillevision/dataset/braille_merged/images/train/yapayzeka_951_1526_jpg.rf.00720e0acf0ccaa110f9f36c7f38fa4d.jpg,94ba481f153e862b45a550ba698c3583557b708f4a3dea165c9b885769432a4d
prabh-decoders-braillevision/dataset/braille_merged/images/train/yapayzeka_952_3299_jpg.rf.d22232b7dde87ab5518670984afeb5b1.jpg,68b18295834eab76fc2bac9a0ceec6419f9c3294cefd1fcdccefd63b00c2a196
prabh-decoders-braillevision/dataset/braille_merged/images/train/yapayzeka_953_2723_jpg.rf.e5abf84b920c444b805134db510c9c7c.jpg,ff45f615a1d86592e0f1597164b25d4f424bb39e230c7896ba0d548e8460c0f6
prabh-decoders-braillevision/dataset/braille_merged/images/train/yapayzeka_956_255_jpg.rf.8c42fbd8d663b52c5d0d76a4922d9e6d.jpg,e2d8c1033612b5e53ee03a27ea2eee78c13f61402ab330de5c05a47eca4603a2
prabh-decoders-braillevision/dataset/braille_merged/images/train/yapayzeka_957_3857_jpg.rf.af0fc62f677528544082c4b0733baa4e.jpg,57cf0156078c656b266355e71d66c97c5632009b6f963166e53505537a5a707c
prabh-decoders-braillevision/dataset/braille_merged/images/train/yapayzeka_958_IMG20230420230712_jpg.rf.1bfbc85ca2a00e655e685a460152c71b.jpg,e3c21df2b8b75d0160aa9b64bf4127ca707bb286792a9176a02e7faff3d193fd
prabh-decoders-braillevision/dataset/braille_merged/images/train/yapayzeka_959_3497_jpg.rf.11a2a2344e79ef9e4699d9bb56118dcd.jpg,699ae5db208af7b8f2f83db20fa126df76de230f55af0b264947f1628eb17498
prabh-decoders-braillevision/dataset/braille_merged/images/train/yapayzeka_95_IMG20230420224843_jpg.rf.dc33b70ebd213c02cbc874b82afb1208.jpg,a113c91132c97a567166c1d9f41846bf3bfa09f12fe92c0bd39a260aa50f3e6c
prabh-decoders-braillevision/dataset/braille_merged/images/train/yapayzeka_960_IMG20230421113144_jpg.rf.7e880279d2307fa889b1e33b805689f7.jpg,6659bf965efc17b7262faddfaf68f621472381c099599cd9e8b08d952182b398
prabh-decoders-braillevision/dataset/braille_merged/images/train/yapayzeka_962_3533_jpg.rf.8ede3d562a564b0a128e82e7b8efad6e.jpg,288978bb7b049e3147db9884e46510d24d4d46d461d0142b0235b626e1461c29
prabh-decoders-braillevision/dataset/braille_merged/images/train/yapayzeka_963_250_jpg.rf.b8d219583ea3724c1324b085e5d699e7.jpg,af7d7b59bc150bef2d3d032f2ef3f179afa4228c92f4428c7a6bbc19c80ffe7e
prabh-decoders-braillevision/dataset/braille_merged/images/train/yapayzeka_964_4582_jpg.rf.b140cff33a8d73211a943d9e519c4636.jpg,fb872002412d82d859294c95740b587692489f60c2405fe87bce336e9fbd164b
prabh-decoders-braillevision/dataset/braille_merged/images/train/yapayzeka_965_1076_jpg.rf.34aed811c4114b96e7a2e02fbae80c4d.jpg,3ecba42d792b590692b99de9fa4ff4f7ef165d21f761e408cf51c3b611f94e9d
prabh-decoders-braillevision/dataset/braille_merged/images/train/yapayzeka_966_1551_jpg.rf.875565dea15f9eb509f8fe65c1376312.jpg,9b326d815d5a39c97dcb1fee76ff27d7325a19f517a86e7124827ef7743707ff
prabh-decoders-braillevision/dataset/braille_merged/images/train/yapayzeka_967_3833_jpg.rf.0c6c94e4c476b56e14babd18fa9177c1.jpg,5efb97f5fa1c8ad8769591f8278b6d6126da5751f9cbc4f3b50945f001928584
prabh-decoders-braillevision/dataset/braille_merged/images/train/yapayzeka_96_3023_jpg.rf.110b308a38b9e9624405ee2630532bba.jpg,944a161fd1260a64c54e84c7a3ce8a4df202686af69218d982b7202523226d69
prabh-decoders-braillevision/dataset/braille_merged/images/train/yapayzeka_970_1574_jpg.rf.3a6dd63bfd66007a4c254604d63b4c22.jpg,9dfa5fa3922af2f61f900842a1144285ad62900a2aae95d56118677de2004e2f
prabh-decoders-braillevision/dataset/braille_merged/images/train/yapayzeka_973_1558_jpg.rf.27b8ce3d5d676c5c943968118074733c.jpg,523bb16f11f8acff6085e6a6cf5d1f6c7487c3c80dce1a34bc116996d964dc3a
prabh-decoders-braillevision/dataset/braille_merged/images/train/yapayzeka_974_36_jpg.rf.0720bd6dc10d20c6ecc63b2f5850499f.jpg,a38d0b26c7058fb11d538d78b13de02357e03c10b64f9f97e85b191bf450ffff
prabh-decoders-braillevision/dataset/braille_merged/images/train/yapayzeka_975_3016_jpg.rf.35b381f93586f8b364aed5bb837ba6ef.jpg,006946f9a439fadfd1a9d1ba0aa2dfd90b22e6430616d57ef5f8338ab9a8ef6d
prabh-decoders-braillevision/dataset/braille_merged/images/train/yapayzeka_976_529_jpg.rf.ae4e9705fc8783c034c7c141e9c43f9a.jpg,40585dbabaef5e9e7bda3978febbd4f255876429b53c14d91e9ec4cbeb48ad48
prabh-decoders-braillevision/dataset/braille_merged/images/train/yapayzeka_977_3035_jpg.rf.3cb32eea20a910788d39e926f0aa00d7.jpg,0a50454a0842f515cfd39a1a6b4708010a6fd4a9592858a39f3e9f8b34621925
prabh-decoders-braillevision/dataset/braille_merged/images/train/yapayzeka_978_3852_jpg.rf.4803f3840ba026f8a056b2bf09418a8c.jpg,438b9b9543caa8d4abc9f61701828cee01e0e8bdb2c3eaac029d35927b686ad8
prabh-decoders-braillevision/dataset/braille_merged/images/train/yapayzeka_979_3821_jpg.rf.fe609d877572fccbdb8a3feca8091230.jpg,6d1ab05d914c6d978e5581d79bfb3d4254f94e91180f3c5ab0bbbe3e4fcefd7b
prabh-decoders-braillevision/dataset/braille_merged/images/train/yapayzeka_97_2912_jpg.rf.f47875eaee433a59604048cfa5375877.jpg,7d017cfc8d666ec41c08f05999a15d1c2856f8bdc5aea6b29fd7fe321207f6c9
prabh-decoders-braillevision/dataset/braille_merged/images/train/yapayzeka_982_183_jpg.rf.b181df5e9711d9def7d5ed245fc67efd.jpg,969890dd72636c1d78c6b66e60230950cfc3e485d5aa60e0797c3e4f9d49a9fd
prabh-decoders-braillevision/dataset/braille_merged/images/train/yapayzeka_983_2335_jpg.rf.fdf94c73f9b4d1f351754e867d800f1b.jpg,29b894569df6332f293cc49a2ca059120b5728a60f1d949859cb76c2e34bd12b
prabh-decoders-braillevision/dataset/braille_merged/images/train/yapayzeka_985_263_jpg.rf.82d41aa608a9f73c9c91379713b4b05c.jpg,a05244d1f9e117362df38edae4539bacfb0b1838fad78983503c4b395adfcf71
prabh-decoders-braillevision/dataset/braille_merged/images/train/yapayzeka_986_175_jpg.rf.3eb664265a45a599a42424cbd6ae49f1.jpg,c809c8f72d384cd411c22afb68a461957e614db6b30e22f9312978ce244854fd
prabh-decoders-braillevision/dataset/braille_merged/images/train/yapayzeka_987_4023_jpg.rf.f3a7e563c9f256cf60e9a9df27192032.jpg,5e8b948efd5c1c32884d492d234f621024f70343f7e22fe39edfcdf515b1da31
prabh-decoders-braillevision/dataset/braille_merged/images/train/yapayzeka_988_3526_jpg.rf.2f5fa1e21a91af7c21824dfaa2cf2fa6.jpg,fe882bee5c54bf2e2b0e68e0be86334384f65433fe434c387137e5697271644f
prabh-decoders-braillevision/dataset/braille_merged/images/train/yapayzeka_989_1087_jpg.rf.2f90cbcd3893a672118546e869d02c62.jpg,d70d9061cada51a632e1a322104b9b4f56b382edc2f9de85802bfbc2715701c3
prabh-decoders-braillevision/dataset/braille_merged/images/train/yapayzeka_98_IMG20230422143945_jpg.rf.2db0a6d62af9a016fd03c2306d637982.jpg,892b8386baa6f52da7f6f15b50deff91920bd266240ccd32f6e5cdb8163f3946
prabh-decoders-braillevision/dataset/braille_merged/images/train/yapayzeka_991_4031_jpg.rf.6798a91fd2735d31135fd10f2b0471c3.jpg,1c2bb120ee598ae7f27790fb417293ef6244b0954f0dba9a74b49035be8b8b0d
prabh-decoders-braillevision/dataset/braille_merged/images/train/yapayzeka_992_3285_jpg.rf.9b0fe16f3255d55ac2b940254caf156e.jpg,d6898cd25dbfcced8cfa3fb19a88799d2e91b9c98aa59e7a7fa13455777cf105
prabh-decoders-braillevision/dataset/braille_merged/images/train/yapayzeka_995_3859_jpg.rf.a07952c527bd2394dc747bdce1567003.jpg,cc0ff3561798ba485b6e40269971dfede3699f80d8d21c9ac08dc81cb02b5676
prabh-decoders-braillevision/dataset/braille_merged/images/train/yapayzeka_996_845_jpg.rf.e31d0c5b97256cd5f8e829c5d5c083fb.jpg,8dec6901d25908c3d57e8d1486d4f35e8690b604b5e3a7e09868b672902ed6ba
prabh-decoders-braillevision/dataset/braille_merged/images/train/yapayzeka_997_3483_jpg.rf.47a3b67336dfd9619ef3977749eac345.jpg,6c1ca07eafe59d7a54cf9725e94b389f5616fa9af7e19070b9f23fcaa206e50b
prabh-decoders-braillevision/dataset/braille_merged/images/train/yapayzeka_999_543_jpg.rf.73037ad495a9f4dc4a20ed2e1f586d81.jpg,373da1e846590f99c859ae571fc14c8009b94c049c1b7009332217765c409fbc
prabh-decoders-braillevision/dataset/braille_merged/images/train/yapayzeka_99_1559_jpg.rf.86505424833ea99cf89f67ab777c15e8.jpg,4b5dca67149ce88a55ae4ea8ad3bbb9fd10a3bf7e8c8245e89b8650da8c0fedb
prabh-decoders-braillevision/dataset/braille_merged/images/train/yapayzeka_9_3003_jpg.rf.33e1c213be726c6b127827a578fb0760.jpg,33e91913569725397c2cbede6313c7408402e57afd3301805c6cfacbe2c5792b
prabh-decoders-braillevision/dataset/braille_merged/images/val/angelina_107_angelina_161_01crop.labeled.jpg,eecb77bb033705577bc708fceac70cf87d15c0d79c74cd55738ff243a1e7c041
prabh-decoders-braillevision/dataset/braille_merged/images/val/angelina_109_angelina_59_IMG_20190715_121254.labeled.jpg,6515507a9312d9c4b183815cf313084af6f3b2bcc7c136cd0d5d6123e8dab7da
prabh-decoders-braillevision/dataset/braille_merged/images/val/angelina_112_angelina_210_IMG_20190715_123137.labeled.jpg,6eaa91f6261ff0b8e1629cc531bcd0c56606b45ba49a2e7026054c5325f49567
prabh-decoders-braillevision/dataset/braille_merged/images/val/angelina_116_angelina_88_IMG_20190715_121138.labeled.jpg,5b0e1708525853d66a2dbc59023f82ccbb67856d5d1b91f60bb74e1251afe37c
prabh-decoders-braillevision/dataset/braille_merged/images/val/angelina_119_angelina_126_IMG_20190715_122928.labeled.jpg,728a00a0af62fc4a92d71eb33ef5a6c66cbf716a428cf208267fd6054908fb05
prabh-decoders-braillevision/dataset/braille_merged/images/val/angelina_121_angelina_221_IMG_20190715_123303.labeled.jpg,8844738465da4a69f1f8e5f6e8f7b0a5f2b7319b5bf43b4aef6ad4950510385b
prabh-decoders-braillevision/dataset/braille_merged/images/val/angelina_128_angelina_180_11.labeled.jpg,f03dcca51b2cd4740888eb7f88ec6ab29abbb2bf207e2f9a1c24439e3abc7858
prabh-decoders-braillevision/dataset/braille_merged/images/val/angelina_157_angelina_60_IMG_20190715_121346.labeled.jpg,63793c881e815a64cb6b73bc7f98426151ebe219fcfc5bdc1dc90fd9b60b3a05
prabh-decoders-braillevision/dataset/braille_merged/images/val/angelina_15_angelina_111_IMG_20190715_121101.labeled.jpg,8909605191150d961d6e65d10c07d5946e92cf994406f5853d8d16cee113cee4
prabh-decoders-braillevision/dataset/braille_merged/images/val/angelina_179_angelina_212_IMG_20190715_123542.labeled.jpg,e1c01341c6e64ab71dc7d05c5ca88a92936fd669573fa90e42f04586a51f1515
prabh-decoders-braillevision/dataset/braille_merged/images/val/angelina_17_angelina_261_3b23872d176e473d845af27fe791c886.labeled.jpg,fc357ccc52ae9de7b094fa6762a9232d999dc32ba4fb9067ad1c77a2708d07ba
prabh-decoders-braillevision/dataset/braille_merged/images/val/angelina_180_angelina_263_16149297430347959904043812835237.labeled.jpg,8ed1498498ccd252f867770f2891ddbe1e946f93fdf1d965a86781bcae3bee2d
prabh-decoders-braillevision/dataset/braille_merged/images/val/angelina_187_angelina_68_IMG_20190715_122750.labeled.jpg,2546944493568274a7e2c15793f85f4e057b1f89104d05f171cd297348bf7884
prabh-decoders-braillevision/dataset/braille_merged/images/val/angelina_189_angelina_117_IMG_20190715_121413.labeled.jpg,46268de5320bd7836059760b9a79e1fa9f80cad6e2f5c385e9f5495d3002641a
prabh-decoders-braillevision/dataset/braille_merged/images/val/angelina_190_angelina_160_10.labeled.jpg,c068b1e8b9777ac6865b8c4fefecadbf022e501272425c5f530d1f9fe0a0b2db
prabh-decoders-braillevision/dataset/braille_merged/images/val/angelina_198_angelina_7_0cf2b6ac-036f-429b-8b9d-405415ee5840.labeled.jpg,2cf5929c8403933969ca82380947a504770baa36f16868f0ccd14aa7d62ce376
prabh-decoders-braillevision/dataset/braille_merged/images/val/angelina_201_angelina_151_IMG_20190715_122829.labeled.jpg,7561d2f97b0d5516fa42cdea5691f4f1ecea2d20a94c6f94a249a334285b2f54
prabh-decoders-braillevision/dataset/braille_merged/images/val/angelina_204_angelina_223_IMG_20190715_123324.labeled.jpg,7f845817b1d3031bb6c2d61f2b5a6825565416e6ff0ffaf6e094740910338d4b
prabh-decoders-braillevision/dataset/braille_merged/images/val/angelina_205_angelina_107_IMG_20190715_121351.labeled.jpg,efbb9ef1a26093dee26095db08440ee4523980bd12ff6bb1ad0d14c0f3765e14
prabh-decoders-braillevision/dataset/braille_merged/images/val/angelina_206_angelina_214_IMG_20190715_123145.labeled.jpg,278f66e302007159cc8492775f8d57b0d66e40aefd19788a86e3545ac89879f5
prabh-decoders-braillevision/dataset/braille_merged/images/val/angelina_210_angelina_244_20936b0a999745edb5853b017d9602a7.labeled.jpg,e899c373e2c06dd2e278a9df5778184657fca418420788c04c7274bde03aa79b
prabh-decoders-braillevision/dataset/braille_merged/images/val/angelina_215_angelina_182_07.labeled.jpg,56ae0ccf4c8667b994bc87736438a461c74c984407bc6b514f6da5896132ff1b
prabh-decoders-braillevision/dataset/braille_merged/images/val/angelina_216_angelina_158_IMG_20190715_121400.labeled.jpg,0f5511af378a2aa6083b5530ebc72fe05443b8f2bcfd6f3c7f21bceb22b922e0
prabh-decoders-braillevision/dataset/braille_merged/images/val/angelina_217_angelina_178_08.labeled.jpg,9af9b1dc79822da7227b76bd2b687ced08b3c4e730fade4f769de3a99d3de281
prabh-decoders-braillevision/dataset/braille_merged/images/val/angelina_226_angelina_209_IMG_20190715_123522.labeled.jpg,a9453f2989a233de1f39dbfd54f42367798b4aac268eb429cc04415cd6f10f9e
prabh-decoders-braillevision/dataset/braille_merged/images/val/angelina_227_angelina_274_16176160088617889824558606265568.labeled.jpg,ef53f2800dddf6078116101d1c34331389edbf092aff019ec920001c1e8b8d40
prabh-decoders-braillevision/dataset/braille_merged/images/val/angelina_231_angelina_32_IMG_20190715_122809.labeled.jpg,dd061fedb880b95cf5583af6a5d5682705f706e843a5ef41811b5ea727a738b9
prabh-decoders-braillevision/dataset/braille_merged/images/val/angelina_236_angelina_167_04.labeled.jpg,e991116724f163f39bb4feca827f982c0c1025e313de3172386b58fe5ec717b9
prabh-decoders-braillevision/dataset/braille_merged/images/val/angelina_24_angelina_215_IMG_20190715_123230.labeled.jpg,2e7c7b93c97cae0b60e6416bbfed993d39657cf4d801e81d50f806c5bc6903b0
prabh-decoders-braillevision/dataset/braille_merged/images/val/angelina_60_angelina_113_IMG_20190715_121915.labeled.jpg,247b25eccbe8caa9f7b14b873f8f255e9fe1d142c06c1c36c52e7bf3f8a9dd71
prabh-decoders-braillevision/dataset/braille_merged/images/val/angelina_62_angelina_30_IMG_20190715_121622.labeled.jpg,fee3873bc9ac619bd36c332667c4899c0d85e750cae3a7f10bf6361b14093e8b
prabh-decoders-braillevision/dataset/braille_merged/images/val/angelina_64_angelina_152_IMG_20190715_121719.labeled.jpg,911298d351cfd2949052a4a7dbd6af8f3d0e9ae43ccb1bcf052beadd9beda948
prabh-decoders-braillevision/dataset/braille_merged/images/val/angelina_65_angelina_134_IMG_20190715_121019.labeled.jpg,6584033dcb3f7337b85747ea5df90992355bd2445312a3348610735f9509ef96
prabh-decoders-braillevision/dataset/braille_merged/images/val/angelina_66_angelina_260_0c62b07dc3ff44e4982cbb573f3b6d95.labeled.jpg,266c065553d14d0fe342c502a59c415a8dbc54bc1c256f6b5a5d43166d4d1c7c
prabh-decoders-braillevision/dataset/braille_merged/images/val/angelina_6_angelina_242_image_1104.labeled.jpg,3cc192598f5f8f7713a63962529a7cd574a7a3e588cc85101ae37ac3a60b47a7
prabh-decoders-braillevision/dataset/braille_merged/images/val/angelina_74_angelina_106_IMG_20190715_121416.labeled.jpg,e5ba48d654895bce7ad4aaed68e1f6e9a2cd206950867397012c336f7439ddfb
prabh-decoders-braillevision/dataset/braille_merged/images/val/angelina_87_angelina_39_IMG_20190715_121834.labeled.jpg,ea40fdbb530932b11793e06a7a5d2f1a1308376115ea8fd18756287f9be7e951
prabh-decoders-braillevision/dataset/braille_merged/images/val/angelina_8_angelina_49_IMG_20190715_121215.labeled.jpg,7138d80de7dbffb64dd75de13bfdcdc5dc5ca1ea53c79f71d13fda097de9870e
prabh-decoders-braillevision/dataset/braille_merged/images/val/angelina_90_angelina_188_IMG_20190715_113037.labeled.jpg,6a30fb974abb8e1f719bab5d9e88e1feb7bdb6fcdd039a515a8e1cb7e536da97
prabh-decoders-braillevision/dataset/braille_merged/images/val/yapayzeka_0_3828_jpg.rf.7e4cce12480b012d9c9726d73cf95579.jpg,4859b667ee70ffee96d66e515c5b3a7aac0e1de29ca7f545fc9f5762bf8e69c1
prabh-decoders-braillevision/dataset/braille_merged/images/val/yapayzeka_100_1599_jpg.rf.daf48e0996a9773d5235f54c17069a39.jpg,11432aac8d43fbeb8cad9a8457ddc3be880898941d4551bf28f97bc41a778c0b
prabh-decoders-braillevision/dataset/braille_merged/images/val/yapayzeka_101_IMG20230421122705_jpg.rf.e681ea8380e1c5f937118e15e61197f1.jpg,b53c0c7042f9b031be79e7323edf1c219cdb62a1b810594df13993cdf0d7e68f
prabh-decoders-braillevision/dataset/braille_merged/images/val/yapayzeka_102_IMG20230420224048_jpg.rf.a6ff331c40c9d0b97fb30f6b20772f9a.jpg,270f1b01e8f36674e8c1022111f12793a03f259df213e085ee7c51543e593bc7
prabh-decoders-braillevision/dataset/braille_merged/images/val/yapayzeka_103_3521_jpg.rf.f4b5b04540856926080685902bd83b52.jpg,a857650858eac68c5a07cf66512f1adf1dd02c09c8172322e2f016371217f6fe
prabh-decoders-braillevision/dataset/braille_merged/images/val/yapayzeka_104_IMG20230421115016_jpg.rf.0124e443b5a1308b2834f14098872dc7.jpg,0d1b17f26d91daafbdc3a1330caacbecb563685f6d1336dca934157541753352
prabh-decoders-braillevision/dataset/braille_merged/images/val/yapayzeka_105_3815_jpg.rf.48db430bdb333238e2658bbb40f7a202.jpg,1a08f80793328651bd3b54f9103eff51cb4c49a8314482befebab74b518af4e2
prabh-decoders-braillevision/dataset/braille_merged/images/val/yapayzeka_106_4039_jpg.rf.bffb9549291d94aabed667a427741fd9.jpg,540bdbc4c227fd03be4317ef82cda0bc74ece2cddbe69afed0ae568335c92206
prabh-decoders-braillevision/dataset/braille_merged/images/val/yapayzeka_108_IMG20230422144433_jpg.rf.99147aee06dd8eaec83f64903c460c4e.jpg,7fdc16b74afb0de2728af99f7a2f21997005258239e6ffb179cd0b756b53c2f0
prabh-decoders-braillevision/dataset/braille_merged/images/val/yapayzeka_10_2727_jpg.rf.5074109342b2f58670a2392a86639548.jpg,899b24314e4349ce791e548a7adb878403db4c10dc59c28caa8023a6f2014396
prabh-decoders-braillevision/dataset/braille_merged/images/val/yapayzeka_110_IMG20230420230525_jpg.rf.362038a72f137d89b0303a19456b7f56.jpg,72c39c1626279c739b4c1e524f33482b304a88867464fd7a5286adff5b655b68
prabh-decoders-braillevision/dataset/braille_merged/images/val/yapayzeka_111_924_jpg.rf.6031a4f34f2a9e338dfe765b4d4caa24.jpg,3a3109df485069962e85a7d997b7dfc5e1d5225ec7f3df4555c3c4fbbd3f43d9
prabh-decoders-braillevision/dataset/braille_merged/images/val/yapayzeka_113_2903_jpg.rf.9664a57905d57e089e231cfaaafc6f32.jpg,c162b31d172d494e4638b90cd4bb0894851177804f15e9cc27890dc8f36d0135
prabh-decoders-braillevision/dataset/braille_merged/images/val/yapayzeka_114_39_jpg.rf.2979b4ace2aaf9e66e1a5e105a6c20b5.jpg,449fd9fcd361ba1f1aaa5a30a356b27ae2861d417e7e22c0445bb78910340982
prabh-decoders-braillevision/dataset/braille_merged/images/val/yapayzeka_115_891_jpg.rf.f0b2322e9e19c521def9fd68e71b0a20.jpg,1852e754fbff88f218bc60763b8550d45a2ae2103b2751a6cca25cf6e8d7db27
prabh-decoders-braillevision/dataset/braille_merged/images/val/yapayzeka_117_IMG20230421104614_jpg.rf.76bf315cf26d6bea7675f00c66ec342d.jpg,3a423274ccbdfb2f575aa3d68972ccd8737101e1d15737be041be94a9e16af7d
prabh-decoders-braillevision/dataset/braille_merged/images/val/yapayzeka_118_1077_jpg.rf.847c5e35e63306239531bb1653f4f839.jpg,d6d92e1655b4afef55c718fcd80aebbb6cdeb0e27dfc0db7f766ba6c0292ac4e
prabh-decoders-braillevision/dataset/braille_merged/images/val/yapayzeka_11_db20_png_jpg.rf.d7d16a8e69a7e7ad23f11a390c956f5c.jpg,f8b0fa091f69b163f45dcf0ccf2b515bf929975811c71c5078431cf7e52c5fa0
prabh-decoders-braillevision/dataset/braille_merged/images/val/yapayzeka_120_3528_jpg.rf.4c5c6d62ed8d0e6dd13d388096211b9c.jpg,01dac70afff1d28f8a3b7b9824f0d8d4c24d2d8790bb12554d43be8064b56264
prabh-decoders-braillevision/dataset/braille_merged/images/val/yapayzeka_122_930_jpg.rf.77a6734e273046c8ef2e11d48b7bce24.jpg,6901104f0b62947bcb4efb985510efc9c343223b821a637a2f8f42ccb16ddcfe
prabh-decoders-braillevision/dataset/braille_merged/images/val/yapayzeka_123_909_jpg.rf.28c2487aa9e3bbe2c270e033ccfa3bc9.jpg,e8b0d5ada054eb1f687eec6941343991994d4cdb38cfdb283bdd470511cec878
prabh-decoders-braillevision/dataset/braille_merged/images/val/yapayzeka_124_1346_jpg.rf.b14fac3609669e56f02c0a87343e7c4f.jpg,dc39f3a75b990011c4c162eb948763d7c9aa94b3948f8380abb8d9f293ddc03a
prabh-decoders-braillevision/dataset/braille_merged/images/val/yapayzeka_125_169_jpg.rf.40e0aaf7a46ee4c8beb5967d2de4e131.jpg,1748e60d7d98895346fcb88d3479d248e935021b8d545de94f3c0bd8382258f9
prabh-decoders-braillevision/dataset/braille_merged/images/val/yapayzeka_126_2921_jpg.rf.98c9ab24b031470785d742c0049928cd.jpg,0c084b58a5ce8d41cd54cc4bd4a0498c59cde68d6f730803b0fd6ceb9dad7613
prabh-decoders-braillevision/dataset/braille_merged/images/val/yapayzeka_127_3262_jpg.rf.196fa4cfc2f7c980d56c21b58d889540.jpg,2db34d10084452634e9ba1d6fdab9690c5b3ac91da58deae973fc18915c238eb
prabh-decoders-braillevision/dataset/braille_merged/images/val/yapayzeka_129_3525_jpg.rf.71d3a4d7ba11b319c8ddb3a908e17a43.jpg,6cf931ac883500b13a84ca9f5d4b173cb88dacc3c1770cf057f23b540ac7ea81
prabh-decoders-braillevision/dataset/braille_merged/images/val/yapayzeka_12_2706_jpg.rf.5463610cfd95502db994597a54f837b7.jpg,f70c07cfeef184953ea80ce3b32ad8cbfe777c96e9c40ea920f8c201ecdc1842
prabh-decoders-braillevision/dataset/braille_merged/images/val/yapayzeka_130_1096_jpg.rf.b2ad65e01ed1e96cffd0cce8f646d4b1.jpg,92837013aa9eaebc29f4c46c59a3e23c81a4978348c4e061db4df640c5e4837a
prabh-decoders-braillevision/dataset/braille_merged/images/val/yapayzeka_131_1577_jpg.rf.0f3d47047c7200f5e083d618934a2956.jpg,b492665046395ab630030deb62f21e35c2b58b2721d010450db305d334628fa8
prabh-decoders-braillevision/dataset/braille_merged/images/val/yapayzeka_132_4000_jpg.rf.0e54b2b10c0d57dd858df92d72c3f797.jpg,4ad83f51e17cc0e6c4e808c300e1757f4ca9814c5d99c580c82338e7224341d8
prabh-decoders-braillevision/dataset/braille_merged/images/val/yapayzeka_133_2985_jpg.rf.bb3b19134af138e5fb4756c3c25565de.jpg,99a0808500ef9f86651b2f1dadddbce992a06d61ba6641129545d0b1ba216739
prabh-decoders-braillevision/dataset/braille_merged/images/val/yapayzeka_134_1544_jpg.rf.43d8bcb6279e6398dba8aa803233c035.jpg,21b62a4b9da600b24cc80f575ce40d59d5c6531605c3e9619dad11d48723cc07
prabh-decoders-braillevision/dataset/braille_merged/images/val/yapayzeka_135_IMG20230421205015_jpg.rf.e613b7e51eb16372b3d406e3c337def9.jpg,3e63414684e8111847d3c11751009a485ac6eadddd61998ce0dbcf48ccfdba4a
prabh-decoders-braillevision/dataset/braille_merged/images/val/yapayzeka_136_IMG20230421204123_jpg.rf.b24f4930b3ea7f250d43af49640462b6.jpg,a66146b0b2baba544762c170206dc0af4d11ae67cef9af6aef5e984026e10daa
prabh-decoders-braillevision/dataset/braille_merged/images/val/yapayzeka_137_3286_jpg.rf.4c4ba42f1a286eaff3ccc653d168e1b7.jpg,3092d5a32623bcada8cd1a0f1bfa36e921de92007ff6c1935740f9216333d5e8
prabh-decoders-braillevision/dataset/braille_merged/images/val/yapayzeka_138_IMG20230420230009_jpg.rf.92bce386ecb339f2542e021821d1d532.jpg,5ea1379db291b978a29ac1ef009ead43bb9ab873fa2099e0e8486831f6ef347c
prabh-decoders-braillevision/dataset/braille_merged/images/val/yapayzeka_139_IMG20230421205811_jpg.rf.95b06cace8fdbd414a4ec4e2347d0d86.jpg,398b137aa8f631f3ce908d1a065b1f836c47682ebda25b6245097081aebef977
prabh-decoders-braillevision/dataset/braille_merged/images/val/yapayzeka_13_531_jpg.rf.a741e72f8bd4756c0efdfbd7df0a5735.jpg,132f784e6c83604adfa5603a58b60cd99a42c998eddf7821a985c00693194692
prabh-decoders-braillevision/dataset/braille_merged/images/val/yapayzeka_140_3506_jpg.rf.6415f1a9f73d55ea485c1e626aaacf5e.jpg,d7bbca6686b9953771ca46daef92dfea5c35ff3b0837a327cd6405df8bc50ec8
prabh-decoders-braillevision/dataset/braille_merged/images/val/yapayzeka_141_IMG20230421112740_jpg.rf.75241547d92a7012125986251119e9c6.jpg,8f3e5c43bce4ba5c0bd6675c451c44b532db8a41db3618f76c09fef67811fadc
prabh-decoders-braillevision/dataset/braille_merged/images/val/yapayzeka_142_IMG20230421102908_jpg.rf.85ad4bd8bdd7971d9223a7a50ca54ec7.jpg,921e9e726b11d9fe92e1e506676081db9be593ddeaf4a22a909a6dbda1e0a4bf
prabh-decoders-braillevision/dataset/braille_merged/images/val/yapayzeka_143_849_jpg.rf.2173bfd370d7f35e40622162206e4ae5.jpg,eb26fa78a72e627090ce21b9fd21ea28029d6c1d5bec127f79a0863986c8d859
prabh-decoders-braillevision/dataset/braille_merged/images/val/yapayzeka_144_2991_jpg.rf.84656da9afb7b19eef18e43910b275e7.jpg,f79470c23afb2e169f697646dbaf2b478618468cc9a310b754e964c3c3069b28
prabh-decoders-braillevision/dataset/braille_merged/images/val/yapayzeka_145_IMG20230420224139_jpg.rf.752b164b817aa627cdfa20ef491f25c5.jpg,675aedf24fb32e5c380c6188dc17f35c6c649fe25565b44b0632cff8902ce7bf
prabh-decoders-braillevision/dataset/braille_merged/images/val/yapayzeka_146_2714_jpg.rf.57ebc2f3aa5c8373a36a6fa0a8c173c0.jpg,fb12be72b587b2aa0aa26a622b0b78a6c39ef23e9f4ef9e47f326a94cae0a00e
prabh-decoders-braillevision/dataset/braille_merged/images/val/yapayzeka_147_3500_jpg.rf.e895789d4375ff1d1a26ba521dfe34c5.jpg,921e5d386a552b33e9e1c28460e9299c17728eb01db1f34d1a53f399cd8fb285
prabh-decoders-braillevision/dataset/braille_merged/images/val/yapayzeka_148_936_jpg.rf.c39c52cbd0922756a26ff284b0a24127.jpg,b6e37bbeeb0ff96b56be994832c4de199ab3c6b8a43d6c79c9895e025d59569a
prabh-decoders-braillevision/dataset/braille_merged/images/val/yapayzeka_149_2913_jpg.rf.fb9a4903da451ca583bbf8f59f4c2d0b.jpg,5dea7079344f7c32682c8192788987c09ee09d1847b090fe75b396bf93071490
prabh-decoders-braillevision/dataset/braille_merged/images/val/yapayzeka_14_3283_jpg.rf.bd770b24f5f1174d21baa7edfc61c869.jpg,f78d9ba45631435bb7dcab6ecd3a9eec8384ee6ba6c689eb3beb479308ca703f
prabh-decoders-braillevision/dataset/braille_merged/images/val/yapayzeka_150_260_jpg.rf.8aedf3a66fde6652b5db49525f48848a.jpg,bc97124c8fc72384078a42e5cc074bf5cce4140bd3f80d432efc7d127a613901
prabh-decoders-braillevision/dataset/braille_merged/images/val/yapayzeka_151_168_jpg.rf.47127d8d83802bdd665e275b45a31be6.jpg,f3d74750be3acbd1057c4b6b53bad08a3dbc0364402c253cd2e45c11009fd333
prabh-decoders-braillevision/dataset/braille_merged/images/val/yapayzeka_152_2916_jpg.rf.ec8f56468915f0d49a9f7cd59c5f1979.jpg,83171d9726b6f520f2b6a8bf9f5dd7c50ccbd35011dfe215b7665e440261734e
prabh-decoders-braillevision/dataset/braille_merged/images/val/yapayzeka_153_1666_jpg.rf.914e709075fc1ab85300642124e0cd59.jpg,2682b8d121f2d6a552408e44b35346d493329dba05996f0ff52ea201b7464028
prabh-decoders-braillevision/dataset/braille_merged/images/val/yapayzeka_154_35_jpg.rf.a54f817720635de4a2b2e2ba0f5a7162.jpg,2ac4062f8d8e6ce286d708b1e3b7002c36d0627215ead40a1ec5af9b0c353882
prabh-decoders-braillevision/dataset/braille_merged/images/val/yapayzeka_155_3845_jpg.rf.d03560b3518923c98b64e6d56011f6cf.jpg,64e126c56cfdfa2a522d85413689105fdc973403fcde1a96a46078dbe1c3eb58
prabh-decoders-braillevision/dataset/braille_merged/images/val/yapayzeka_156_4056_jpg.rf.a436642f5ce641a94d1d8e61eb1a4bf8.jpg,26dec0991c74da8052256a508bb0367e91456a045952ecfe4a13dc9253987ba4
prabh-decoders-braillevision/dataset/braille_merged/images/val/yapayzeka_158_4002_jpg.rf.88d4cfffd1b1d25c85cb5d33e2a0deff.jpg,0550ad7edbec1af3b3314486c99024c8943e4089b332cf0bf7c09abcb2bd9c1d
prabh-decoders-braillevision/dataset/braille_merged/images/val/yapayzeka_159_911_jpg.rf.0c6d02b0e56a9a50e714dc95ed24e054.jpg,9e9ce47ee87230aa0d24e5e073d31219dcce5b64614bf79923cfbbc7539332bb
prabh-decoders-braillevision/dataset/braille_merged/images/val/yapayzeka_160_4014_jpg.rf.519070247e452d0819d03f06a0f11ce5.jpg,3c8272244f18a201365d0bde33c5496cf20265e1dca998c400119f687d2a8e52
prabh-decoders-braillevision/dataset/braille_merged/images/val/yapayzeka_161_157_jpg.rf.e7aa52cc158b6cb62d0a74eb7258455b.jpg,348e684631481a865a252030e8fbecdef83acb80696456266942c1dd36cb8e1c
prabh-decoders-braillevision/dataset/braille_merged/images/val/yapayzeka_162_IMG20230420225359_jpg.rf.48b859831d4bf3a37f5d75c61678dbe3.jpg,5de50b83543398a81bb86e83b4fd46a897d0adfc21746bf9ccd33510db4603dc
prabh-decoders-braillevision/dataset/braille_merged/images/val/yapayzeka_163_905_jpg.rf.0bce9e329b61958d450cd0c45bb61ff2.jpg,3848a9798910244a6640ed69c94cea619cedf1f1e364df8fcc42161e70bec22d
prabh-decoders-braillevision/dataset/braille_merged/images/val/yapayzeka_164_3519_jpg.rf.97a8f5b5b0b386a3c316c9d03f601e7c.jpg,d7c945d4ecf2e1826602297b9bd389e528e7b7abbfa1a51c33a45cd5941934cb
prabh-decoders-braillevision/dataset/braille_merged/images/val/yapayzeka_165_2994_jpg.rf.39da5ecf8e23e596912901e37e368731.jpg,df1ed679e592525ef1dac8d8097745a58230c35984a7ab450a1c4f104481a3fe
prabh-decoders-braillevision/dataset/braille_merged/images/val/yapayzeka_166_280_jpg.rf.da2fd1975f77d38619d55a7d35705e51.jpg,d118f8b37e81902e5cc8c7a6ae5cdc30a84c6a587abcb2ef0a65f43413d054bc
prabh-decoders-braillevision/dataset/braille_merged/images/val/yapayzeka_167_3017_jpg.rf.e847fd624d75af0f0c5ce1b57646dfcd.jpg,001c4ee1ed9e24800b1a61f0ec71bf07764788dbeb8fae605940ffa19305523a
prabh-decoders-braillevision/dataset/braille_merged/images/val/yapayzeka_168_3461_jpg.rf.730eccdb43cf365d49034d99af6f9716.jpg,ae36274b4f4c2206839444cd0ad4d4b9b937637e8b5d6bf8fa1ba880966c0fc5
prabh-decoders-braillevision/dataset/braille_merged/images/val/yapayzeka_169_1610_jpg.rf.13e70462e0876d3354de9d7ea3d2ad50.jpg,afc2e549ca1e94223f01af86f738ddfca471c861f8ef92241ee4b4d18bd94aba
prabh-decoders-braillevision/dataset/braille_merged/images/val/yapayzeka_16_1090_jpg.rf.b8c0fa525e2589fb3cf1c08de610965c.jpg,b9953d8032800490b1ae8caae6fdbc59d3af6db41dd3d47d59cf97722f4b3482
prabh-decoders-braillevision/dataset/braille_merged/images/val/yapayzeka_170_526_jpg.rf.58373d2f9b71ea552e35c61ea5c44736.jpg,61f8478d59d2e722bca730eeb8149f23cfe08872bfa9f0cab425b211624e3e87
prabh-decoders-braillevision/dataset/braille_merged/images/val/yapayzeka_171_3998_jpg.rf.0e1f1fc6f519addf178e46944a56754c.jpg,d1aec0f802074a42fc8622cb875f2fc5c2f8ebb444682cf523cf6acae5f05414
prabh-decoders-braillevision/dataset/braille_merged/images/val/yapayzeka_172_3477_jpg.rf.ed18913b6bfb707c8d217b730ae0d8cc.jpg,88c599ba00700bcf6af5422d4b7ef0ae4551025ddc8be980c4406fb3739bb46a
prabh-decoders-braillevision/dataset/braille_merged/images/val/yapayzeka_173_3835_jpg.rf.2ea3a901ba6deaeecb8219587132ac96.jpg,ac0ca62b882eeda26e04478475ecc854c8f5e78d29de5be030e56ad80f1a748d
prabh-decoders-braillevision/dataset/braille_merged/images/val/yapayzeka_174_540_jpg.rf.9b0753647d7d2f07ebee001d3475409b.jpg,b8939a7b8cfa77aea662182cc25c0b16e94d11cb48d137bed452ded115cb86f6
prabh-decoders-braillevision/dataset/braille_merged/images/val/yapayzeka_175_1682_jpg.rf.1c6ca0977653efdb33404d32395294bd.jpg,d921815818c5e4f7b28af2027d01a575db9959867dc482908d94593bdeb9bab4
prabh-decoders-braillevision/dataset/braille_merged/images/val/yapayzeka_176_IMG20230421210217_jpg.rf.6a63c82827173c105c650d56c50e8be5.jpg,6728f21ce570914756b91316988525df9c337288de565c5d0bbc05be72b0e1cd
prabh-decoders-braillevision/dataset/braille_merged/images/val/yapayzeka_177_3279_jpg.rf.4d9d159bccc0ee3ee5b8e9931f7c38b2.jpg,f4e6111345d4f7bf8d19d27cd1a5b7b89d5320ed7e2be1888f0cce51e937b1d1
prabh-decoders-braillevision/dataset/braille_merged/images/val/yapayzeka_178_4086_jpg.rf.fc0ade6057c0e07fdd15ef4ab4da70c5.jpg,f885284140696c282b55afabd0a0e7a261d60bc81ed72e0168668f8c64056902
prabh-decoders-braillevision/dataset/braille_merged/images/val/yapayzeka_181_2901_jpg.rf.5c86cf69abc32e5b46339cb17c143c5c.jpg,10902ba9144ff8e516832d3c6c9449a2ef18b7f7564bf1ca956af3959b3e61a5
prabh-decoders-braillevision/dataset/braille_merged/images/val/yapayzeka_182_2359_jpg.rf.12e2b50aff85893c4e660f5a119220f2.jpg,2b43ad011e3139a6e566d8ab5e02b232f73a26e5e2e131ef7bc95440a28fc11e
prabh-decoders-braillevision/dataset/braille_merged/images/val/yapayzeka_183_3816_jpg.rf.05acbd3d6ac5674e6c7882bcc0b72564.jpg,0d06ed2dcc0403ac2437bf78e1773ed422fd3487ed3783e30926a90d98c1fd0e
prabh-decoders-braillevision/dataset/braille_merged/images/val/yapayzeka_184_48_jpg.rf.d784135e82cabf2ccaf833a466d68edf.jpg,7d2913a0c61b31ebd68a631a7d3724fd8b856f9c10d85ff56092971c6ca982a0
prabh-decoders-braillevision/dataset/braille_merged/images/val/yapayzeka_185_4083_jpg.rf.3663df5bef9c0f29300bd5405ea66779.jpg,51c60cf1185d47720bac621f29a8f3beb6bbe66354b8f2c89b2c1d3794c0e780
prabh-decoders-braillevision/dataset/braille_merged/images/val/yapayzeka_186_IMG20230422144222_jpg.rf.c80a67dccd0da7df7cb8190008329b11.jpg,93e4941cd61347ac8b048777b9f97437af4b8a14e20aea5bdd9fbda68e777ef3
prabh-decoders-braillevision/dataset/braille_merged/images/val/yapayzeka_188_24_jpg.rf.99018a8a77086701db90a0f50869041c.jpg,d91cd6e86864ef3901fa3d766b658291eb2d3ed04ad1fa6485cbf9e43643bbad
prabh-decoders-braillevision/dataset/braille_merged/images/val/yapayzeka_18_2918_jpg.rf.4fe19ceb7f1b778d6cfd0dc12eefdf03.jpg,d74d207223bddeeddf9096cf5eeee11a948fa3dd8f6e911ee1dd9e6b2bdc1c5a
prabh-decoders-braillevision/dataset/braille_merged/images/val/yapayzeka_191_4030_jpg.rf.ed542ecebc60d3ca00a41adec920c20c.jpg,5f25c7c745c084ca8be56f662222688fb10fb5b925976f14be422ca1f235fe56
prabh-decoders-braillevision/dataset/braille_merged/images/val/yapayzeka_192_17_jpg.rf.796afeca4dd4b91d23856463fb2cc02a.jpg,1b113766b70f4b6a01325f93aee90540d171ce02700835979b8d135361aedde9
prabh-decoders-braillevision/dataset/braille_merged/images/val/yapayzeka_193_3460_jpg.rf.c06089ed2bff3a5f07c016ef1356886c.jpg,43cd5b50fcd0517d5defc1687712e2660f0fde67a6411cb246f6a8d50e1913af
prabh-decoders-braillevision/dataset/braille_merged/images/val/yapayzeka_194_IMG20230421114759_jpg.rf.e38b327708440268665e4db66ff5f000.jpg,c48a60c39506edf04b05603b58ba85ad4bb7c024a7da284e30c8143728b6e941
prabh-decoders-braillevision/dataset/braille_merged/images/val/yapayzeka_195_3476_jpg.rf.82d497d40f635f25573dbab7e0681f06.jpg,2e8295ed000c6a8ba5c27fcb810cd1215cfea38fb1a6a7c529e9d35ca8a2c96a
prabh-decoders-braillevision/dataset/braille_merged/images/val/yapayzeka_196_602_jpg.rf.c97ea6d2daed565e2fb05941c823cf62.jpg,c069f8be3ac9892360ba1ce106301f8561faa3cf59737f96f85d84527bb16cc3
prabh-decoders-braillevision/dataset/braille_merged/images/val/yapayzeka_197_db17_png_jpg.rf.e83a209ab28833158f0b3b4574d417d6.jpg,0ac640d7856d90cbfeee3f30e9a7a023e1908bc86b2219f1b59fddced47d6dfb
prabh-decoders-braillevision/dataset/braille_merged/images/val/yapayzeka_199_885_jpg.rf.3ba36eec1adb14f5bd27d0a0dc7bb1ea.jpg,c1384f4df451d4d5e5d6ee5e114ca930613a19037a332f3360580a258a1343cf
prabh-decoders-braillevision/dataset/braille_merged/images/val/yapayzeka_19_3530_jpg.rf.effc2fd06bd531769bc8b4987d269137.jpg,42ebb83e86fd1b8d77879ae7aaa40e0da76ea695f91c64096100b4a025768349
prabh-decoders-braillevision/dataset/braille_merged/images/val/yapayzeka_1_1641_jpg.rf.50a09722d159d211ea04a7b710c1b9f2.jpg,a79dd1fa00f7663904730de399bf37674a5f61ff1beae0597e094cfd7f5ca49e
prabh-decoders-braillevision/dataset/braille_merged/images/val/yapayzeka_200_1342_jpg.rf.6d8034bb4333eab63863ab01d276c930.jpg,f48c07dbf04c4099d17daf6c41f5b108d00570328c6f34f1b12d30dbded388c7
prabh-decoders-braillevision/dataset/braille_merged/images/val/yapayzeka_202_IMG20230421210101_jpg.rf.48ab1aa311c1d8debb65babe21402a94.jpg,7e0a8d76ea6532c1dbb45aab3a7a9b2bb49fc6e9fe73dd5c6af2584a6ed5175d
prabh-decoders-braillevision/dataset/braille_merged/images/val/yapayzeka_203_894_jpg.rf.e0eb12b69af1b6983f1c4585a194538d.jpg,1d47f954615c451e5ce3d587bdfb63d47b121c8934e3bca5d093be03f8b9e386
prabh-decoders-braillevision/dataset/braille_merged/images/val/yapayzeka_207_4036_jpg.rf.a18d1fa3a90891e37d1b01cecbee7eb3.jpg,dc55b2ac429c876cbaa4beb99d414b3e4e76866fc6e9cf92e972656f3a224f0e
prabh-decoders-braillevision/dataset/braille_merged/images/val/yapayzeka_208_IMG20230421112833_jpg.rf.8651ff01488f0e8d4ae05a4ee2625254.jpg,634c33741d1f945799fe246f65117609b46318f5b030d460be66caf62aa75f0a
prabh-decoders-braillevision/dataset/braille_merged/images/val/yapayzeka_209_IMG20230421204634_jpg.rf.26d41383336b62806eceb35625d827b4.jpg,cb1591783ffeeaffad17ae9bc8f61e75a950e0b64580085e6f5c58edef49647a
prabh-decoders-braillevision/dataset/braille_merged/images/val/yapayzeka_20_3297_jpg.rf.1594f3a3b0d3b53d81af87508e10b7fe.jpg,37b4dbd96317ffcd0ea9305eaec527fe62e1eb8edfe424f9b62e0ffe7b153db2
prabh-decoders-braillevision/dataset/braille_merged/images/val/yapayzeka_211_IMG20230420223714_jpg.rf.e57eb7ba9dc3fdbdd09d59b3110c8b36.jpg,e549958896310f2980f4587c5a9a97e2ed1538dace8db128395e9de0a87c10c8
prabh-decoders-braillevision/dataset/braille_merged/images/val/yapayzeka_212_4067_jpg.rf.93fbba1f9aab986037c74d26cfee4d07.jpg,79333e7dc07da9be0ae581777019efa2b76cfc9b3a93921635c49b876c85231e
prabh-decoders-braillevision/dataset/braille_merged/images/val/yapayzeka_213_917_jpg.rf.eca28c126e32e81476f0b440cd5c89de.jpg,70f557e6f297692fb4ea58bd26fcef4ea6304a00457f9e083aa6bd9d21670d1c
prabh-decoders-braillevision/dataset/braille_merged/images/val/yapayzeka_214_2886_jpg.rf.32f69eedf05517f925b0354243c90b86.jpg,61f2088be15cb4f3e7c2803cf80d377b3498ba2f3db93113b81a0d09927b1e2c
prabh-decoders-braillevision/dataset/braille_merged/images/val/yapayzeka_218_IMG20230420230454_jpg.rf.4bf42c2b7784e37e76586d6017c8331a.jpg,22343aaa755f6fe012cfbed4f88777480a9e38c0c31900f78b453353bdd121a3
prabh-decoders-braillevision/dataset/braille_merged/images/val/yapayzeka_219_8_jpg.rf.ee6e0b82ce1f494d6b5859810b5f2681.jpg,49739ac750c823b70d973160860112f157d6cfd2bedf7047371b3e8ed377cf97
prabh-decoders-braillevision/dataset/braille_merged/images/val/yapayzeka_21_db8_jpg.rf.857287b500c94ca7288061a13d326e28.jpg,9a3090691e8ac519f5dd1e880cf8b859828b23a49e3e4a903e61588ccd161dcf
prabh-decoders-braillevision/dataset/braille_merged/images/val/yapayzeka_220_852_jpg.rf.a01b197111f40763125e55185d81c529.jpg,be19883ef7cacb6140e6a1cc855c914fb2835279bbe1aec510beaab2520e788f
prabh-decoders-braillevision/dataset/braille_merged/images/val/yapayzeka_221_1545_jpg.rf.81ccf5c58cc41ab66d00900d31e70aba.jpg,742f394c0b5a805df1f6d4f6b5b3f460832221e09dbc471a49cc32a01d77bf04
prabh-decoders-braillevision/dataset/braille_merged/images/val/yapayzeka_222_1623_jpg.rf.3326fd401390894f85a50b73893fe2cb.jpg,18357603a437edb7ed74e46560f58a679daeb1367cf1db381e4955dbc82abb03
prabh-decoders-braillevision/dataset/braille_merged/images/val/yapayzeka_223_3291_jpg.rf.a09abeeef65541891d51f1c32a2cd5c1.jpg,73f17b023eafb8e2dad181591a57aa84b357c214fee30d762cc4c3423b1a4b14
prabh-decoders-braillevision/dataset/braille_merged/images/val/yapayzeka_224_610_jpg.rf.3bba11cc9b8635fc508cb53fe7002c73.jpg,383ea5f9a4026340a81582c061f5d0921f0400ac82ab0b8dabbfe03117db5116
prabh-decoders-braillevision/dataset/braille_merged/images/val/yapayzeka_225_1363_jpg.rf.3ee26da4c86ce85c14b14dae32010b1c.jpg,66c49d8fbad2b4c8eeab69d383a6cc0a8d525887ee5b9bcf4905ceb5d15b3740
prabh-decoders-braillevision/dataset/braille_merged/images/val/yapayzeka_228_896_jpg.rf.818422f97cab7606b60a8409f7e33251.jpg,00e9d078e6341b9d14befaf096bb73065ca67ed285cd917a051901446449170a
prabh-decoders-braillevision/dataset/braille_merged/images/val/yapayzeka_229_1073_jpg.rf.1b5c9846f5b4dffc793963d0d0f08d61.jpg,2bc3e5c768039da0127a8903957997d436aac99495737df71eb32ce95e6d6482
prabh-decoders-braillevision/dataset/braille_merged/images/val/yapayzeka_22_861_jpg.rf.2ffcc7e154986d70f61bd1fb1efce378.jpg,98a95ccf10d9a44c5e879401d9a16905e8a8ec4ea2fba328592d2646507ecb81
prabh-decoders-braillevision/dataset/braille_merged/images/val/yapayzeka_230_istockphoto-1286898421-612x612_jpg.rf.42306e0716b647fa7b816f3bada57a9f.jpg,b05a4783ee680645a5644aa2ae4cb26f6d3d825a6e949e5c0d4f5d431191a2c1
prabh-decoders-braillevision/dataset/braille_merged/images/val/yapayzeka_232_3993_jpg.rf.5b889dcba1cb0c23d922d19fe6d51560.jpg,a232f3f15d980106c1b4ec351bac7b8c60ef19e26276df8fe39d371895a8e913
prabh-decoders-braillevision/dataset/braille_merged/images/val/yapayzeka_233_931_jpg.rf.3a87179d021302ace332a194b62c9999.jpg,cc97a91271f26eefba186c9eb15fc546ff52faaaaa2765a6d787443e51cc99bd
prabh-decoders-braillevision/dataset/braille_merged/images/val/yapayzeka_234_db6_png_jpg.rf.3025fcbe9ff89855e4f7032822ccd503.jpg,dc338e03730c6d76070ae836f0694a8b45a60d489e2e4f721a9136859e6b6f0d
prabh-decoders-braillevision/dataset/braille_merged/images/val/yapayzeka_235_3260_jpg.rf.dc37db036e77d8719289b01dbb112798.jpg,f1410143b4d075d180382869acd5941d1b49bd37712481e4449786115b308e73
prabh-decoders-braillevision/dataset/braille_merged/images/val/yapayzeka_237_4048_jpg.rf.94636390da32e20f72c50e86534b908b.jpg,8e0607d65ca2036e73242dbc1f16f27c3df25a977eefc07e94fa7726fddc5b8a
prabh-decoders-braillevision/dataset/braille_merged/images/val/yapayzeka_238_2915_jpg.rf.896a87b46d5aad840d005ca945802012.jpg,01dec78f4b8a82a5efcc62589f6b192c8794c70d1073c679964e98b487f786e1
prabh-decoders-braillevision/dataset/braille_merged/images/val/yapayzeka_239_IMG20230421122923_jpg.rf.05383ffbdb1447bae35e4c921e684cfc.jpg,09ce69d4cdb1fda30f304a5d772c14e4d08949f313343e99223786ce705ffdb4
prabh-decoders-braillevision/dataset/braille_merged/images/val/yapayzeka_23_4045_jpg.rf.b00aea4fa5d547ef853d3bfb9c9b0b22.jpg,41dc0784fadf4c9a4a3ff2e5ca3ba1ec922ed23591510b286548b1ebf8344f54
prabh-decoders-braillevision/dataset/braille_merged/images/val/yapayzeka_240_2364_jpg.rf.ba35f2d7c06d3e13418ad189f3dadd9f.jpg,766ff6bc0c37b38309294bfb62f620ec2117413b720f3f2c9b7cde227bae5a5a
prabh-decoders-braillevision/dataset/braille_merged/images/val/yapayzeka_241_851_jpg.rf.8c375138a55428d563efe4a96053ca7f.jpg,4df0e0e19d2843aad38e096c95010a167d6755fb948eafa6b50bba0aefe69ac6
prabh-decoders-braillevision/dataset/braille_merged/images/val/yapayzeka_25_IMG20230422144017_jpg.rf.b89c1838acc7fe20cb06c3d5e7dc8332.jpg,8b9df506cce30a44d49f1c997b3f8fe61f95818c84e826c24a694530a32ee222
prabh-decoders-braillevision/dataset/braille_merged/images/val/yapayzeka_26_1560_jpg.rf.8c76bea4df8a4cfbc5e082fce55c9567.jpg,a4c692274aac009f26e73477d52391a729fb1195fe4e8986f407dd557d4f47e9
prabh-decoders-braillevision/dataset/braille_merged/images/val/yapayzeka_27_1563_jpg.rf.46713f6397c5d09b019e8ce0034bd6a8.jpg,76525f213d94c7bf1bfc8e2a850fb91f07e7d09dc79bc198210dabf4d3a8540f
prabh-decoders-braillevision/dataset/braille_merged/images/val/yapayzeka_28_IMG20230422143435_jpg.rf.15e322b2235a3f0043b18b99d18e5a63.jpg,64008631ab52aec438521a40ac8c11c5aaae3899d95b60fd27531a9ba9190cfc
prabh-decoders-braillevision/dataset/braille_merged/images/val/yapayzeka_29_1668_jpg.rf.5b355f633ef6d97c2834f23910024603.jpg,4c676f872d3225370b8876b129e0b7eec2b276620b942f52692699fbfeadcf22
prabh-decoders-braillevision/dataset/braille_merged/images/val/yapayzeka_2_1653_jpg.rf.989ffb2c8ca2ce3c91e375dac772ad49.jpg,eeb791f41553893ee75f4aa13b9dce2d55623648e49d97c68803e38c7de867cd
prabh-decoders-braillevision/dataset/braille_merged/images/val/yapayzeka_30_1651_jpg.rf.35f29f1a16d145fd6d274ddca836dbb0.jpg,b6556ea2bd49b47739178b10d37ea69436d9f786f8765bfd68225f79dc20c419
prabh-decoders-braillevision/dataset/braille_merged/images/val/yapayzeka_31_4013_jpg.rf.fc03075eee0a3877b7bb81eb372142f7.jpg,254c82c9a54bb58340a83a049c5bbdc1b2a390730ba97892672da4317c24f6d5
prabh-decoders-braillevision/dataset/braille_merged/images/val/yapayzeka_32_2697_jpg.rf.4f2fc0cf9acc6b2bf97c4ccc9059274c.jpg,94b5a8953184fc2335bd888a19674c99dda888177c1ed19782db520eaba4c23c
prabh-decoders-braillevision/dataset/braille_merged/images/val/yapayzeka_33_2725_jpg.rf.b4ffe0135abe3f9b9fc62b9d9f3d4d44.jpg,f10de0a651ac0b7f2eeca8e03f57fa521070c85d8274cf9d87496cf5654e7a9c
prabh-decoders-braillevision/dataset/braille_merged/images/val/yapayzeka_34_1358_jpg.rf.723fc88aed196b0cd83fc3ea5d41891b.jpg,d2c4ba28e000bb0e8a77ae72ea34a42eb5af8978daf8c9020ac7b0edbdbf44d5
prabh-decoders-braillevision/dataset/braille_merged/images/val/yapayzeka_35_2332_jpg.rf.82330ef386895ff6278e240ac7beaa59.jpg,d08f5a2e26805a051eb6f16502072f6e093081b32437970291cbc306935adf56
prabh-decoders-braillevision/dataset/braille_merged/images/val/yapayzeka_36_1520_jpg.rf.ba4ae44c70c94f9d3b0b0646a191e9ec.jpg,d018ca43163d25126a28f3d6ee41e9e555ee1b4fb1f311cd9f78d804f4f87b36
prabh-decoders-braillevision/dataset/braille_merged/images/val/yapayzeka_37_2368_jpg.rf.6d3efa4984fa417a417963e7c4ff96e8.jpg,855ab024712aeda505378724ec3ca02fa3204cedf6b55e60c1c56bab7915f559
prabh-decoders-braillevision/dataset/braille_merged/images/val/yapayzeka_38_1615_jpg.rf.d78a742f8f845b2181346b9efda92408.jpg,a1143a476b18145cc0b729e6821e0e5f075af64d8e7b5337374e604c5754aa82
prabh-decoders-braillevision/dataset/braille_merged/images/val/yapayzeka_39_IMG20230420223638_jpg.rf.14289594c9d612e28d9d5f378fecf8c7.jpg,e8cde4a71c67092e3889e0813096c7099e648f073f768c85ece1088b9836192f
prabh-decoders-braillevision/dataset/braille_merged/images/val/yapayzeka_3_2873_jpg.rf.1896bc96f4eeb782b51934fca466c3a5.jpg,93c9d1b6128b4bd0c5697866c8b3052bdce7b6978e8edb8a70ed58a774c5e9c9
prabh-decoders-braillevision/dataset/braille_merged/images/val/yapayzeka_40_1069_jpg.rf.e4b2dfd0ed04ca100d4ac0c11b33823e.jpg,ca1dca0a60c49d7581365dc0a18307f488c1e0a8895b75157a1d75a23fbb222b
prabh-decoders-braillevision/dataset/braille_merged/images/val/yapayzeka_41_2710_jpg.rf.a08bc5dd5daef0b8af0fda4080a6576e.jpg,36206667bf492c563b2f6ec698997031e2d20058311f81bdb8e6dc64e12ea0f9
prabh-decoders-braillevision/dataset/braille_merged/images/val/yapayzeka_42_1616_jpg.rf.8db45b5e639d9c42e2c266365f584f60.jpg,1d0889e5825523bbe6c6bf129e9e7486872f04f88af32e3feb9fd00683e7d642
prabh-decoders-braillevision/dataset/braille_merged/images/val/yapayzeka_43_4567_jpg.rf.b64bea62debf474585cd368ff222d2bd.jpg,cd68bd8db9063ca810b576bd1a5b8cd9f9bb220037aa7867bf00c7b4d7402b95
prabh-decoders-braillevision/dataset/braille_merged/images/val/yapayzeka_44_15_jpg.rf.7b99360219c754ed80134806b6517003.jpg,9d3f388e2dc4dcf55b5b98df9be7acdd8efa1f00dedfdf5191d5ec66f0115fe6
prabh-decoders-braillevision/dataset/braille_merged/images/val/yapayzeka_45_IMG20230422144455_jpg.rf.d5890e35e4b03019d7b8341bce9ddc4a.jpg,c881fe18b82ac7ef06505ac0bd509be830307a56b61f231355dc02fba32641b4
prabh-decoders-braillevision/dataset/braille_merged/images/val/yapayzeka_46_2987_jpg.rf.89ead9bcc225f9cec3fbf50ad841fa68.jpg,db75c2fa093b8ed322e2f073f298231fcb7b59e1cd176de37b2708697a66b0b2
prabh-decoders-braillevision/dataset/braille_merged/images/val/yapayzeka_47_871_jpg.rf.d94ed8480044011e533f0664cce41784.jpg,bbc24955c3bf78861c1c008b6b8447b645ce4d3eda1834510790369323ce2cb9
prabh-decoders-braillevision/dataset/braille_merged/images/val/yapayzeka_48_3267_jpg.rf.e7c63bfd3baa94d8148711e787f77ce5.jpg,2b2266641bd81482122e15823392ee4ab0a996c51ee483f455dc894c957c35e4
prabh-decoders-braillevision/dataset/braille_merged/images/val/yapayzeka_49_3270_jpg.rf.14f2fa171f31bdcb39877ebcb1b2e913.jpg,2963f05bf09d66c30be504e9e160ee06f0fa806a7837ef11b5622da53af76379
prabh-decoders-braillevision/dataset/braille_merged/images/val/yapayzeka_4_IMG20230420224239_jpg.rf.40eb3e5a7f66a35b6738149d6d6fdcb2.jpg,2c3e31547923597d3c169af97d4d6f932d4f2b8b4e1e00baba0ac5952c944a08
prabh-decoders-braillevision/dataset/braille_merged/images/val/yapayzeka_50_IMG20230421204212_jpg.rf.7ce49a59fff2dc008e1dc1d4862fbce6.jpg,6755f099722636830f6d5e51a010377db449e6a7f5eef65ccf27bf68fe32bd52
prabh-decoders-braillevision/dataset/braille_merged/images/val/yapayzeka_51_3841_jpg.rf.88677ffc081e39c339fe282520230c58.jpg,b54fe9c4a909ea94ad8897abc5c41cbdcd8237f832c2550e21f8b5fe668553d2
prabh-decoders-braillevision/dataset/braille_merged/images/val/yapayzeka_52_2_jpg.rf.80f21cb9c5ce5d4558c8a7dd5eea9b07.jpg,776deab87bb899b3b780f2743dd56559e651a591aefa5ac6bc6ae343649c2222
prabh-decoders-braillevision/dataset/braille_merged/images/val/yapayzeka_53_3529_jpg.rf.73feb3938ab7445aac39d701fe9a0eef.jpg,a0aedef0b3102205a7de029d5c114948fd0ab58a7cbfac68c452a357aff99d9f
prabh-decoders-braillevision/dataset/braille_merged/images/val/yapayzeka_54_1067_jpg.rf.fd1dcce6fbc7542392795486f86dea2e.jpg,fce90929fc87be86ef2318a689a0958cabe5c312d6404b328c410601086d6294
prabh-decoders-braillevision/dataset/braille_merged/images/val/yapayzeka_55_2708_jpg.rf.60f7fb0b25d5774de5164692bd59ee27.jpg,77383570529fdd90428bfec6849d12574566e0c3240c26e514d8abd38a1d4c2f
prabh-decoders-braillevision/dataset/braille_merged/images/val/yapayzeka_56_2914_jpg.rf.2be77200de588a5675be972412ea840f.jpg,9b2c653609f0094ec40001feade1b4e089c695f176c5f8b22a5b5c775b007b32
prabh-decoders-braillevision/dataset/braille_merged/images/val/yapayzeka_57_1636_jpg.rf.def1ff1d6e7dcb790343da724ecb0bbf.jpg,44b5c95e1530709da1442ccb4798b61180346fcab6f8f9a8cb10a114011885c4
prabh-decoders-braillevision/dataset/braille_merged/images/val/yapayzeka_58_588_jpg.rf.80cf6f4cb59d362a4b3150822cd27c95.jpg,b64452bde3f666d4188329b212729f4f58d52f9b08504e83f252a9642073b365
prabh-decoders-braillevision/dataset/braille_merged/images/val/yapayzeka_59_1078_jpg.rf.a85e9ccdf29023a54c6290129d7a4dc4.jpg,abdb013c5308b1b27b43a2bddf29ae337ecc42f5bf4918d661f129ce8e4f8546
prabh-decoders-braillevision/dataset/braille_merged/images/val/yapayzeka_5_3514_jpg.rf.6f416a278b27b449e3092015577b2e57.jpg,ce586cebfd2abb6215885e54e2436f935ba97fc1f8d87161cacb710d39929a9f
prabh-decoders-braillevision/dataset/braille_merged/images/val/yapayzeka_61_2884_jpg.rf.14a93834ce7df3f915d0dca05ea18d6a.jpg,002d748477492b0a6c2c18010ec9c367740741a1bfe01f97a2e2a6ca02df40d7
prabh-decoders-braillevision/dataset/braille_merged/images/val/yapayzeka_63_4043_jpg.rf.196ae4aec39c9fd87a320474164956c2.jpg,869219e5ff6f8a69a607ce2233b281661dbce6addcd23e2884dbceb24404d731
prabh-decoders-braillevision/dataset/braille_merged/images/val/yapayzeka_67_4585_jpg.rf.df4d3348d733a8735e2a551fdf497f09.jpg,b304c03122952ff8b77a5c115c09bad1e3299fbdc8ea79511c71a164ca3d2bdb
prabh-decoders-braillevision/dataset/braille_merged/images/val/yapayzeka_68_IMG20230421204757_jpg.rf.92391bae968cc4e20c4a2f0399c8592a.jpg,9c75681b40d44cd2102ba3b6773529da168abf30e2f86b6e4258e0a8297bb532
prabh-decoders-braillevision/dataset/braille_merged/images/val/yapayzeka_69_1325_jpg.rf.258ed3e78f129f149615375ecf6a1d92.jpg,3da65904005cb6ae0a9ef66d88ab4f5d2a8fa61c1f6ebda6dd9222f680348887
prabh-decoders-braillevision/dataset/braille_merged/images/val/yapayzeka_70_IMG20230422144238_jpg.rf.06b4efb7191503c56efbfeacfe0e7e92.jpg,cc74e333c5fa99c2a247bb9f7f5c55bcab77a67d142273a6a06cd5c635d59469
prabh-decoders-braillevision/dataset/braille_merged/images/val/yapayzeka_71_590_jpg.rf.64ef8a36b79d8a789c2eecf053d62e67.jpg,24607fdd9f6b24c894f07d37171c48604a7365c59d31cc585a0d937edac7a4a2
prabh-decoders-braillevision/dataset/braille_merged/images/val/yapayzeka_72_2371_jpg.rf.59de31584e09365952ef4552f2737063.jpg,85d6119a2027b9ef91583968a7df2a7e4709dbfc8c071eee96dcee8442403087
prabh-decoders-braillevision/dataset/braille_merged/images/val/yapayzeka_73_3457_jpg.rf.8a250c4ca97aba7b42c020d1ad121552.jpg,ba1ec678d868aa6dbd8239ce4689ebf98fe59647186890b7fb911007d68613b5
prabh-decoders-braillevision/dataset/braille_merged/images/val/yapayzeka_75_1665_jpg.rf.ce438889ead7f27060d81d98c6e1ddc0.jpg,4696bf05b84dbf81d97112a19e29e3876aa9399b30f8459c0076f1cc9df8e989
prabh-decoders-braillevision/dataset/braille_merged/images/val/yapayzeka_76_42_jpg.rf.e1643131d9be884f3080df790db49150.jpg,f1ef101184e2b1510806e5e8f29e3da4f8261aa4fb452167a2a198724a9eaccc
prabh-decoders-braillevision/dataset/braille_merged/images/val/yapayzeka_77_IMG20230421205121_jpg.rf.0b48763b84413f724d46d05df9d606d0.jpg,9a9beafc7511ef4ed115b8d605d09cb71664d134781c907c10a11b81060ef220
prabh-decoders-braillevision/dataset/braille_merged/images/val/yapayzeka_78_1657_jpg.rf.28f05e53450e40f489076a1c52bb0dd6.jpg,3569acd7824a6f03fb8caf88eacb5c08a254e6fc1fc61ad7933a2091da8de7e0
prabh-decoders-braillevision/dataset/braille_merged/images/val/yapayzeka_79_160_jpg.rf.aa4b0558db89f82e20e967478114c128.jpg,9005652ab230ddfd1fc34a0056c95ba15bd4945abd17051a364080b368d4ba5c
prabh-decoders-braillevision/dataset/braille_merged/images/val/yapayzeka_7_599_jpg.rf.5c603018041d57f4b7a4975c63344e93.jpg,08b517c711b5fc225614991aad7b3b7cd2560d215a9a1bb8e08db32bc23ea329
prabh-decoders-braillevision/dataset/braille_merged/images/val/yapayzeka_80_IMG20230421112933_jpg.rf.61cd11e6a6f8e1a09b9172e4afdc5b41.jpg,769354129f1ac491b40ec4b52f0571719a2b26122eda1aa090b23418e1cb8fd4
prabh-decoders-braillevision/dataset/braille_merged/images/val/yapayzeka_81_919_jpg.rf.47d8dcd4b54c3d09052039e944086481.jpg,ce4e3a7722fa1a51c7225743e954b8fe0b8ad45d2465df4ec7e73fb74a77fcc8
prabh-decoders-braillevision/dataset/braille_merged/images/val/yapayzeka_82_1684_jpg.rf.6df5b28ded740f932a9425225788cd8b.jpg,e1cf2df66e00cdbf59c2cfc38af55c76bcecb80e90b897a268f378445bd8d622
prabh-decoders-braillevision/dataset/braille_merged/images/val/yapayzeka_83_4053_jpg.rf.67c5ae3799a71efbf195535c2e4d58ad.jpg,86ac7618617372123a51818e2515c5811461a9680694e8bf6d39ba86e547e3cf
prabh-decoders-braillevision/dataset/braille_merged/images/val/yapayzeka_84_2996_jpg.rf.e398dc0c2306c4d26772d854d2b6b25e.jpg,a8485b15859e6bc01beb99703fb38879e1ed2880d54ccbdfa122b00ae91ed48d
prabh-decoders-braillevision/dataset/braille_merged/images/val/yapayzeka_85_4093_jpg.rf.a628266db8150de419f77c7fedfd4121.jpg,1885dc302fed6a680d9e05be38126ef24c3ee0e08c9eabd8e5c8f21512a40858
prabh-decoders-braillevision/dataset/braille_merged/images/val/yapayzeka_86_177_jpg.rf.52f5941473f97896f7bf6879990c5059.jpg,68a7b8cca5881b1fa4b8651495f9ca87433a50b39d21578fb19a41552311d41c
prabh-decoders-braillevision/dataset/braille_merged/images/val/yapayzeka_88_2370_jpg.rf.ab6f8e3fe3b1f4f9edbe88fcd3443edf.jpg,e9204f50b362f4e814f5b1213e220f9e23a0f457d9cafa762f3c6fd9a5431caa
prabh-decoders-braillevision/dataset/braille_merged/images/val/yapayzeka_89_2926_jpg.rf.44ab8dc501bafef96c15432feb1b8a5d.jpg,a13651fc3feb2d5cb8eace9f644a0c94743c9172616dbec6ee8ee9eae1316f8d
prabh-decoders-braillevision/dataset/braille_merged/images/val/yapayzeka_91_876_jpg.rf.10e4ac85451a4e42cb639a10896cac87.jpg,59843e79c802eb2a4eb68a9a1d40de66ed0264e83119f63bbf2e37ec78419171
prabh-decoders-braillevision/dataset/braille_merged/images/val/yapayzeka_92_1328_jpg.rf.698425046e088b455e39753aa02f0df3.jpg,4a9cfed61be777b92fe02b1776a4412f55f5ed644b5408273ab50bb98bf6ac72
prabh-decoders-braillevision/dataset/braille_merged/images/val/yapayzeka_93_3468_jpg.rf.be261c7d822f628e6fa8e116a22c1a41.jpg,44f6c14f89e41975c91a0d66e1b6500b576248855643e353199c6e8e74b23f19
prabh-decoders-braillevision/dataset/braille_merged/images/val/yapayzeka_94_524_jpg.rf.048cda3b4382ee9690b7ed5eb5e9bedb.jpg,ba7e5a8c2133e2318431f5d801daa7b1f22d335d6f4b2d3d7350b4080415a7a9
prabh-decoders-braillevision/dataset/braille_merged/images/val/yapayzeka_95_41_jpg.rf.6cee6bc13afbd9039483943ca0d0c9d3.jpg,99444bf77d846983dedd223abd118ce04ac60c3094dc18f51fea279da5a3b00b
prabh-decoders-braillevision/dataset/braille_merged/images/val/yapayzeka_96_1564_jpg.rf.c33974b5f70f4412879b5bd851e800d1.jpg,eb96825f295d5cfbf9a7b424d8d08c954ecb0724b826ebf38be5c2764f888add
prabh-decoders-braillevision/dataset/braille_merged/images/val/yapayzeka_97_1343_jpg.rf.7906f9fae3505f41a31f75b3a03671a1.jpg,dcb2479b847ebf1046baa238d6c8abc26bc1523892035611968e0356d50c70eb
prabh-decoders-braillevision/dataset/braille_merged/images/val/yapayzeka_98_612_jpg.rf.69e36670d34440a4df38209f585c2bae.jpg,ad1c1b029bf413b2609d281b12157ae98cf0c08f720f677be765e523bf69d19d
prabh-decoders-braillevision/dataset/braille_merged/images/val/yapayzeka_99_IMG20230421102852_jpg.rf.3bdc412755b275d40a96d8c897a298ff.jpg,4fed0d7b329e03f95708993998a1e5a3ddc5040b8dac28a207d0739a4b6aeadf
prabh-decoders-braillevision/dataset/braille_merged/images/val/yapayzeka_9_902_jpg.rf.c5f7c5e88f2c0a9894fce6548f38a3d0.jpg,8ee1c0afdc41d6545b2d24129c1701abef12648e627104ceeb151da09f1cbd8c
